# compute-mfcc-feats --write-utt2dur=ark,t:exp/make_mfcc/train_combined/utt2dur.2 --verbose=2 --config=conf/mfcc.conf scp,p:exp/make_mfcc/train_combined/wav_train_combined.2.scp ark:- | copy-feats --write-num-frames=ark,t:exp/make_mfcc/train_combined/utt2num_frames.2 --compress=true ark:- ark,scp:/home/projects/magistras/kaldi-trunk/egs/lt_magistras/s5/mfcc/raw_mfcc_train_combined.2.ark,/home/projects/magistras/kaldi-trunk/egs/lt_magistras/s5/mfcc/raw_mfcc_train_combined.2.scp 
# Started at Sun May 10 09:11:22 EEST 2026
#
copy-feats --write-num-frames=ark,t:exp/make_mfcc/train_combined/utt2num_frames.2 --compress=true ark:- ark,scp:/home/projects/magistras/kaldi-trunk/egs/lt_magistras/s5/mfcc/raw_mfcc_train_combined.2.ark,/home/projects/magistras/kaldi-trunk/egs/lt_magistras/s5/mfcc/raw_mfcc_train_combined.2.scp 
compute-mfcc-feats --write-utt2dur=ark,t:exp/make_mfcc/train_combined/utt2dur.2 --verbose=2 --config=conf/mfcc.conf scp,p:exp/make_mfcc/train_combined/wav_train_combined.2.scp ark:- 
WARNING (compute-mfcc-feats[5.5.1182~1-e02e3]:Read():wave-reader.cc:304) Expected 190080 bytes of wave data, but read only 188928 bytes. Truncated file?
VLOG[2] (compute-mfcc-feats[5.5.1182~1-e02e3]:main():compute-mfcc-feats.cc:182) Processed features for key common_voice_lt_25151472
WARNING (compute-mfcc-feats[5.5.1182~1-e02e3]:Read():wave-reader.cc:304) Expected 187776 bytes of wave data, but read only 186624 bytes. Truncated file?
VLOG[2] (compute-mfcc-feats[5.5.1182~1-e02e3]:main():compute-mfcc-feats.cc:182) Processed features for key common_voice_lt_25151473
sox WARN rate: rate clipped 1 samples; decrease volume?
sox WARN dither: dither clipped 1 samples; decrease volume?
WARNING (compute-mfcc-feats[5.5.1182~1-e02e3]:Read():wave-reader.cc:304) Expected 155520 bytes of wave data, but read only 154368 bytes. Truncated file?
VLOG[2] (compute-mfcc-feats[5.5.1182~1-e02e3]:main():compute-mfcc-feats.cc:182) Processed features for key common_voice_lt_25151474
WARNING (compute-mfcc-feats[5.5.1182~1-e02e3]:Read():wave-reader.cc:304) Expected 190080 bytes of wave data, but read only 188928 bytes. Truncated file?
VLOG[2] (compute-mfcc-feats[5.5.1182~1-e02e3]:main():compute-mfcc-feats.cc:182) Processed features for key common_voice_lt_25151480
WARNING (compute-mfcc-feats[5.5.1182~1-e02e3]:Read():wave-reader.cc:304) Expected 239616 bytes of wave data, but read only 238464 bytes. Truncated file?
VLOG[2] (compute-mfcc-feats[5.5.1182~1-e02e3]:main():compute-mfcc-feats.cc:182) Processed features for key common_voice_lt_25151481
WARNING (compute-mfcc-feats[5.5.1182~1-e02e3]:Read():wave-reader.cc:304) Expected 164736 bytes of wave data, but read only 163584 bytes. Truncated file?
VLOG[2] (compute-mfcc-feats[5.5.1182~1-e02e3]:main():compute-mfcc-feats.cc:182) Processed features for key common_voice_lt_25151482
WARNING (compute-mfcc-feats[5.5.1182~1-e02e3]:Read():wave-reader.cc:304) Expected 156672 bytes of wave data, but read only 155520 bytes. Truncated file?
VLOG[2] (compute-mfcc-feats[5.5.1182~1-e02e3]:main():compute-mfcc-feats.cc:182) Processed features for key common_voice_lt_25151483
WARNING (compute-mfcc-feats[5.5.1182~1-e02e3]:Read():wave-reader.cc:304) Expected 187776 bytes of wave data, but read only 186624 bytes. Truncated file?
VLOG[2] (compute-mfcc-feats[5.5.1182~1-e02e3]:main():compute-mfcc-feats.cc:182) Processed features for key common_voice_lt_25151484
WARNING (compute-mfcc-feats[5.5.1182~1-e02e3]:Read():wave-reader.cc:304) Expected 254592 bytes of wave data, but read only 253440 bytes. Truncated file?
VLOG[2] (compute-mfcc-feats[5.5.1182~1-e02e3]:main():compute-mfcc-feats.cc:182) Processed features for key common_voice_lt_25151491
WARNING (compute-mfcc-feats[5.5.1182~1-e02e3]:Read():wave-reader.cc:304) Expected 222336 bytes of wave data, but read only 221184 bytes. Truncated file?
LOG (compute-mfcc-feats[5.5.1182~1-e02e3]:main():compute-mfcc-feats.cc:181) Processed 10 utterances
VLOG[2] (compute-mfcc-feats[5.5.1182~1-e02e3]:main():compute-mfcc-feats.cc:182) Processed features for key common_voice_lt_25151492
WARNING (compute-mfcc-feats[5.5.1182~1-e02e3]:Read():wave-reader.cc:304) Expected 173952 bytes of wave data, but read only 172800 bytes. Truncated file?
VLOG[2] (compute-mfcc-feats[5.5.1182~1-e02e3]:main():compute-mfcc-feats.cc:182) Processed features for key common_voice_lt_25151493
WARNING (compute-mfcc-feats[5.5.1182~1-e02e3]:Read():wave-reader.cc:304) Expected 173952 bytes of wave data, but read only 172800 bytes. Truncated file?
VLOG[2] (compute-mfcc-feats[5.5.1182~1-e02e3]:main():compute-mfcc-feats.cc:182) Processed features for key common_voice_lt_25151494
WARNING (compute-mfcc-feats[5.5.1182~1-e02e3]:Read():wave-reader.cc:304) Expected 190080 bytes of wave data, but read only 188928 bytes. Truncated file?
VLOG[2] (compute-mfcc-feats[5.5.1182~1-e02e3]:main():compute-mfcc-feats.cc:182) Processed features for key common_voice_lt_25151495
WARNING (compute-mfcc-feats[5.5.1182~1-e02e3]:Read():wave-reader.cc:304) Expected 176256 bytes of wave data, but read only 175104 bytes. Truncated file?
VLOG[2] (compute-mfcc-feats[5.5.1182~1-e02e3]:main():compute-mfcc-feats.cc:182) Processed features for key common_voice_lt_25151496
WARNING (compute-mfcc-feats[5.5.1182~1-e02e3]:Read():wave-reader.cc:304) Expected 326016 bytes of wave data, but read only 324864 bytes. Truncated file?
VLOG[2] (compute-mfcc-feats[5.5.1182~1-e02e3]:main():compute-mfcc-feats.cc:182) Processed features for key common_voice_lt_25151497
WARNING (compute-mfcc-feats[5.5.1182~1-e02e3]:Read():wave-reader.cc:304) Expected 153216 bytes of wave data, but read only 152064 bytes. Truncated file?
VLOG[2] (compute-mfcc-feats[5.5.1182~1-e02e3]:main():compute-mfcc-feats.cc:182) Processed features for key common_voice_lt_25151498
WARNING (compute-mfcc-feats[5.5.1182~1-e02e3]:Read():wave-reader.cc:304) Expected 155520 bytes of wave data, but read only 154368 bytes. Truncated file?
VLOG[2] (compute-mfcc-feats[5.5.1182~1-e02e3]:main():compute-mfcc-feats.cc:182) Processed features for key common_voice_lt_25151499
WARNING (compute-mfcc-feats[5.5.1182~1-e02e3]:Read():wave-reader.cc:304) Expected 158976 bytes of wave data, but read only 157824 bytes. Truncated file?
VLOG[2] (compute-mfcc-feats[5.5.1182~1-e02e3]:main():compute-mfcc-feats.cc:182) Processed features for key common_voice_lt_25151501
WARNING (compute-mfcc-feats[5.5.1182~1-e02e3]:Read():wave-reader.cc:304) Expected 182016 bytes of wave data, but read only 180864 bytes. Truncated file?
VLOG[2] (compute-mfcc-feats[5.5.1182~1-e02e3]:main():compute-mfcc-feats.cc:182) Processed features for key common_voice_lt_25151510
WARNING (compute-mfcc-feats[5.5.1182~1-e02e3]:Read():wave-reader.cc:304) Expected 150912 bytes of wave data, but read only 149760 bytes. Truncated file?
LOG (compute-mfcc-feats[5.5.1182~1-e02e3]:main():compute-mfcc-feats.cc:181) Processed 20 utterances
VLOG[2] (compute-mfcc-feats[5.5.1182~1-e02e3]:main():compute-mfcc-feats.cc:182) Processed features for key common_voice_lt_25151511
WARNING (compute-mfcc-feats[5.5.1182~1-e02e3]:Read():wave-reader.cc:304) Expected 193536 bytes of wave data, but read only 192384 bytes. Truncated file?
VLOG[2] (compute-mfcc-feats[5.5.1182~1-e02e3]:main():compute-mfcc-feats.cc:182) Processed features for key common_voice_lt_25151512
WARNING (compute-mfcc-feats[5.5.1182~1-e02e3]:Read():wave-reader.cc:304) Expected 178560 bytes of wave data, but read only 177408 bytes. Truncated file?
VLOG[2] (compute-mfcc-feats[5.5.1182~1-e02e3]:main():compute-mfcc-feats.cc:182) Processed features for key common_voice_lt_25151513
WARNING (compute-mfcc-feats[5.5.1182~1-e02e3]:Read():wave-reader.cc:304) Expected 127872 bytes of wave data, but read only 126720 bytes. Truncated file?
VLOG[2] (compute-mfcc-feats[5.5.1182~1-e02e3]:main():compute-mfcc-feats.cc:182) Processed features for key common_voice_lt_25151515
WARNING (compute-mfcc-feats[5.5.1182~1-e02e3]:Read():wave-reader.cc:304) Expected 193536 bytes of wave data, but read only 192384 bytes. Truncated file?
VLOG[2] (compute-mfcc-feats[5.5.1182~1-e02e3]:main():compute-mfcc-feats.cc:182) Processed features for key common_voice_lt_25151518
WARNING (compute-mfcc-feats[5.5.1182~1-e02e3]:Read():wave-reader.cc:304) Expected 141696 bytes of wave data, but read only 140544 bytes. Truncated file?
VLOG[2] (compute-mfcc-feats[5.5.1182~1-e02e3]:main():compute-mfcc-feats.cc:182) Processed features for key common_voice_lt_25151519
WARNING (compute-mfcc-feats[5.5.1182~1-e02e3]:Read():wave-reader.cc:304) Expected 178560 bytes of wave data, but read only 177408 bytes. Truncated file?
VLOG[2] (compute-mfcc-feats[5.5.1182~1-e02e3]:main():compute-mfcc-feats.cc:182) Processed features for key common_voice_lt_25151520
WARNING (compute-mfcc-feats[5.5.1182~1-e02e3]:Read():wave-reader.cc:304) Expected 208512 bytes of wave data, but read only 207360 bytes. Truncated file?
VLOG[2] (compute-mfcc-feats[5.5.1182~1-e02e3]:main():compute-mfcc-feats.cc:182) Processed features for key common_voice_lt_25151521
WARNING (compute-mfcc-feats[5.5.1182~1-e02e3]:Read():wave-reader.cc:304) Expected 220032 bytes of wave data, but read only 218880 bytes. Truncated file?
VLOG[2] (compute-mfcc-feats[5.5.1182~1-e02e3]:main():compute-mfcc-feats.cc:182) Processed features for key common_voice_lt_25151522
WARNING (compute-mfcc-feats[5.5.1182~1-e02e3]:Read():wave-reader.cc:304) Expected 222336 bytes of wave data, but read only 221184 bytes. Truncated file?
VLOG[2] (compute-mfcc-feats[5.5.1182~1-e02e3]:main():compute-mfcc-feats.cc:182) Processed features for key common_voice_lt_25151528
WARNING (compute-mfcc-feats[5.5.1182~1-e02e3]:Read():wave-reader.cc:304) Expected 210816 bytes of wave data, but read only 209664 bytes. Truncated file?
LOG (compute-mfcc-feats[5.5.1182~1-e02e3]:main():compute-mfcc-feats.cc:181) Processed 30 utterances
VLOG[2] (compute-mfcc-feats[5.5.1182~1-e02e3]:main():compute-mfcc-feats.cc:182) Processed features for key common_voice_lt_25151529
WARNING (compute-mfcc-feats[5.5.1182~1-e02e3]:Read():wave-reader.cc:304) Expected 132480 bytes of wave data, but read only 131328 bytes. Truncated file?
VLOG[2] (compute-mfcc-feats[5.5.1182~1-e02e3]:main():compute-mfcc-feats.cc:182) Processed features for key common_voice_lt_25151530
WARNING (compute-mfcc-feats[5.5.1182~1-e02e3]:Read():wave-reader.cc:304) Expected 210816 bytes of wave data, but read only 209664 bytes. Truncated file?
VLOG[2] (compute-mfcc-feats[5.5.1182~1-e02e3]:main():compute-mfcc-feats.cc:182) Processed features for key common_voice_lt_25151531
WARNING (compute-mfcc-feats[5.5.1182~1-e02e3]:Read():wave-reader.cc:304) Expected 145152 bytes of wave data, but read only 144000 bytes. Truncated file?
VLOG[2] (compute-mfcc-feats[5.5.1182~1-e02e3]:main():compute-mfcc-feats.cc:182) Processed features for key common_voice_lt_25151532
WARNING (compute-mfcc-feats[5.5.1182~1-e02e3]:Read():wave-reader.cc:304) Expected 122112 bytes of wave data, but read only 120960 bytes. Truncated file?
VLOG[2] (compute-mfcc-feats[5.5.1182~1-e02e3]:main():compute-mfcc-feats.cc:182) Processed features for key common_voice_lt_25151540
WARNING (compute-mfcc-feats[5.5.1182~1-e02e3]:Read():wave-reader.cc:304) Expected 162432 bytes of wave data, but read only 161280 bytes. Truncated file?
VLOG[2] (compute-mfcc-feats[5.5.1182~1-e02e3]:main():compute-mfcc-feats.cc:182) Processed features for key common_voice_lt_25151541
WARNING (compute-mfcc-feats[5.5.1182~1-e02e3]:Read():wave-reader.cc:304) Expected 213120 bytes of wave data, but read only 211968 bytes. Truncated file?
VLOG[2] (compute-mfcc-feats[5.5.1182~1-e02e3]:main():compute-mfcc-feats.cc:182) Processed features for key common_voice_lt_25151542
WARNING (compute-mfcc-feats[5.5.1182~1-e02e3]:Read():wave-reader.cc:304) Expected 233856 bytes of wave data, but read only 232704 bytes. Truncated file?
VLOG[2] (compute-mfcc-feats[5.5.1182~1-e02e3]:main():compute-mfcc-feats.cc:182) Processed features for key common_voice_lt_25151543
WARNING (compute-mfcc-feats[5.5.1182~1-e02e3]:Read():wave-reader.cc:304) Expected 168192 bytes of wave data, but read only 167040 bytes. Truncated file?
VLOG[2] (compute-mfcc-feats[5.5.1182~1-e02e3]:main():compute-mfcc-feats.cc:182) Processed features for key common_voice_lt_25151544
WARNING (compute-mfcc-feats[5.5.1182~1-e02e3]:Read():wave-reader.cc:304) Expected 201600 bytes of wave data, but read only 200448 bytes. Truncated file?
VLOG[2] (compute-mfcc-feats[5.5.1182~1-e02e3]:main():compute-mfcc-feats.cc:182) Processed features for key common_voice_lt_25151551
WARNING (compute-mfcc-feats[5.5.1182~1-e02e3]:Read():wave-reader.cc:304) Expected 150912 bytes of wave data, but read only 149760 bytes. Truncated file?
LOG (compute-mfcc-feats[5.5.1182~1-e02e3]:main():compute-mfcc-feats.cc:181) Processed 40 utterances
VLOG[2] (compute-mfcc-feats[5.5.1182~1-e02e3]:main():compute-mfcc-feats.cc:182) Processed features for key common_voice_lt_25151552
WARNING (compute-mfcc-feats[5.5.1182~1-e02e3]:Read():wave-reader.cc:304) Expected 202752 bytes of wave data, but read only 201600 bytes. Truncated file?
VLOG[2] (compute-mfcc-feats[5.5.1182~1-e02e3]:main():compute-mfcc-feats.cc:182) Processed features for key common_voice_lt_25151553
WARNING (compute-mfcc-feats[5.5.1182~1-e02e3]:Read():wave-reader.cc:304) Expected 93312 bytes of wave data, but read only 92160 bytes. Truncated file?
VLOG[2] (compute-mfcc-feats[5.5.1182~1-e02e3]:main():compute-mfcc-feats.cc:182) Processed features for key common_voice_lt_25151554
WARNING (compute-mfcc-feats[5.5.1182~1-e02e3]:Read():wave-reader.cc:304) Expected 155520 bytes of wave data, but read only 154368 bytes. Truncated file?
VLOG[2] (compute-mfcc-feats[5.5.1182~1-e02e3]:main():compute-mfcc-feats.cc:182) Processed features for key common_voice_lt_25151555
WARNING (compute-mfcc-feats[5.5.1182~1-e02e3]:Read():wave-reader.cc:304) Expected 253440 bytes of wave data, but read only 252288 bytes. Truncated file?
VLOG[2] (compute-mfcc-feats[5.5.1182~1-e02e3]:main():compute-mfcc-feats.cc:182) Processed features for key common_voice_lt_25151587
WARNING (compute-mfcc-feats[5.5.1182~1-e02e3]:Read():wave-reader.cc:304) Expected 224640 bytes of wave data, but read only 223488 bytes. Truncated file?
VLOG[2] (compute-mfcc-feats[5.5.1182~1-e02e3]:main():compute-mfcc-feats.cc:182) Processed features for key common_voice_lt_25151588
WARNING (compute-mfcc-feats[5.5.1182~1-e02e3]:Read():wave-reader.cc:304) Expected 236160 bytes of wave data, but read only 235008 bytes. Truncated file?
VLOG[2] (compute-mfcc-feats[5.5.1182~1-e02e3]:main():compute-mfcc-feats.cc:182) Processed features for key common_voice_lt_25151589
WARNING (compute-mfcc-feats[5.5.1182~1-e02e3]:Read():wave-reader.cc:304) Expected 213120 bytes of wave data, but read only 211968 bytes. Truncated file?
VLOG[2] (compute-mfcc-feats[5.5.1182~1-e02e3]:main():compute-mfcc-feats.cc:182) Processed features for key common_voice_lt_25151590
WARNING (compute-mfcc-feats[5.5.1182~1-e02e3]:Read():wave-reader.cc:304) Expected 179712 bytes of wave data, but read only 178560 bytes. Truncated file?
VLOG[2] (compute-mfcc-feats[5.5.1182~1-e02e3]:main():compute-mfcc-feats.cc:182) Processed features for key common_voice_lt_25151597
WARNING (compute-mfcc-feats[5.5.1182~1-e02e3]:Read():wave-reader.cc:304) Expected 138240 bytes of wave data, but read only 137088 bytes. Truncated file?
VLOG[2] (compute-mfcc-feats[5.5.1182~1-e02e3]:main():compute-mfcc-feats.cc:182) Processed features for key common_voice_lt_25151598
WARNING (compute-mfcc-feats[5.5.1182~1-e02e3]:Read():wave-reader.cc:304) Expected 158976 bytes of wave data, but read only 157824 bytes. Truncated file?
LOG (compute-mfcc-feats[5.5.1182~1-e02e3]:main():compute-mfcc-feats.cc:181) Processed 50 utterances
VLOG[2] (compute-mfcc-feats[5.5.1182~1-e02e3]:main():compute-mfcc-feats.cc:182) Processed features for key common_voice_lt_25151599
WARNING (compute-mfcc-feats[5.5.1182~1-e02e3]:Read():wave-reader.cc:304) Expected 139392 bytes of wave data, but read only 138240 bytes. Truncated file?
VLOG[2] (compute-mfcc-feats[5.5.1182~1-e02e3]:main():compute-mfcc-feats.cc:182) Processed features for key common_voice_lt_25151600
WARNING (compute-mfcc-feats[5.5.1182~1-e02e3]:Read():wave-reader.cc:304) Expected 170496 bytes of wave data, but read only 169344 bytes. Truncated file?
VLOG[2] (compute-mfcc-feats[5.5.1182~1-e02e3]:main():compute-mfcc-feats.cc:182) Processed features for key common_voice_lt_25151601
WARNING (compute-mfcc-feats[5.5.1182~1-e02e3]:Read():wave-reader.cc:304) Expected 145152 bytes of wave data, but read only 144000 bytes. Truncated file?
VLOG[2] (compute-mfcc-feats[5.5.1182~1-e02e3]:main():compute-mfcc-feats.cc:182) Processed features for key common_voice_lt_25151608
WARNING (compute-mfcc-feats[5.5.1182~1-e02e3]:Read():wave-reader.cc:304) Expected 224640 bytes of wave data, but read only 223488 bytes. Truncated file?
VLOG[2] (compute-mfcc-feats[5.5.1182~1-e02e3]:main():compute-mfcc-feats.cc:182) Processed features for key common_voice_lt_25151609
WARNING (compute-mfcc-feats[5.5.1182~1-e02e3]:Read():wave-reader.cc:304) Expected 156672 bytes of wave data, but read only 155520 bytes. Truncated file?
VLOG[2] (compute-mfcc-feats[5.5.1182~1-e02e3]:main():compute-mfcc-feats.cc:182) Processed features for key common_voice_lt_25151610
WARNING (compute-mfcc-feats[5.5.1182~1-e02e3]:Read():wave-reader.cc:304) Expected 135936 bytes of wave data, but read only 134784 bytes. Truncated file?
VLOG[2] (compute-mfcc-feats[5.5.1182~1-e02e3]:main():compute-mfcc-feats.cc:182) Processed features for key common_voice_lt_25151611
WARNING (compute-mfcc-feats[5.5.1182~1-e02e3]:Read():wave-reader.cc:304) Expected 185472 bytes of wave data, but read only 184320 bytes. Truncated file?
VLOG[2] (compute-mfcc-feats[5.5.1182~1-e02e3]:main():compute-mfcc-feats.cc:182) Processed features for key common_voice_lt_25151612
WARNING (compute-mfcc-feats[5.5.1182~1-e02e3]:Read():wave-reader.cc:304) Expected 172800 bytes of wave data, but read only 171648 bytes. Truncated file?
VLOG[2] (compute-mfcc-feats[5.5.1182~1-e02e3]:main():compute-mfcc-feats.cc:182) Processed features for key common_voice_lt_25151619
WARNING (compute-mfcc-feats[5.5.1182~1-e02e3]:Read():wave-reader.cc:304) Expected 279936 bytes of wave data, but read only 278784 bytes. Truncated file?
VLOG[2] (compute-mfcc-feats[5.5.1182~1-e02e3]:main():compute-mfcc-feats.cc:182) Processed features for key common_voice_lt_25151620
WARNING (compute-mfcc-feats[5.5.1182~1-e02e3]:Read():wave-reader.cc:304) Expected 122112 bytes of wave data, but read only 120960 bytes. Truncated file?
LOG (compute-mfcc-feats[5.5.1182~1-e02e3]:main():compute-mfcc-feats.cc:181) Processed 60 utterances
VLOG[2] (compute-mfcc-feats[5.5.1182~1-e02e3]:main():compute-mfcc-feats.cc:182) Processed features for key common_voice_lt_25151621
WARNING (compute-mfcc-feats[5.5.1182~1-e02e3]:Read():wave-reader.cc:304) Expected 195840 bytes of wave data, but read only 194688 bytes. Truncated file?
VLOG[2] (compute-mfcc-feats[5.5.1182~1-e02e3]:main():compute-mfcc-feats.cc:182) Processed features for key common_voice_lt_25151622
WARNING (compute-mfcc-feats[5.5.1182~1-e02e3]:Read():wave-reader.cc:304) Expected 173952 bytes of wave data, but read only 172800 bytes. Truncated file?
VLOG[2] (compute-mfcc-feats[5.5.1182~1-e02e3]:main():compute-mfcc-feats.cc:182) Processed features for key common_voice_lt_25151634
WARNING (compute-mfcc-feats[5.5.1182~1-e02e3]:Read():wave-reader.cc:304) Expected 210816 bytes of wave data, but read only 209664 bytes. Truncated file?
VLOG[2] (compute-mfcc-feats[5.5.1182~1-e02e3]:main():compute-mfcc-feats.cc:182) Processed features for key common_voice_lt_25151635
WARNING (compute-mfcc-feats[5.5.1182~1-e02e3]:Read():wave-reader.cc:304) Expected 168192 bytes of wave data, but read only 167040 bytes. Truncated file?
VLOG[2] (compute-mfcc-feats[5.5.1182~1-e02e3]:main():compute-mfcc-feats.cc:182) Processed features for key common_voice_lt_25151636
WARNING (compute-mfcc-feats[5.5.1182~1-e02e3]:Read():wave-reader.cc:304) Expected 173952 bytes of wave data, but read only 172800 bytes. Truncated file?
VLOG[2] (compute-mfcc-feats[5.5.1182~1-e02e3]:main():compute-mfcc-feats.cc:182) Processed features for key common_voice_lt_25151637
WARNING (compute-mfcc-feats[5.5.1182~1-e02e3]:Read():wave-reader.cc:304) Expected 124416 bytes of wave data, but read only 123264 bytes. Truncated file?
VLOG[2] (compute-mfcc-feats[5.5.1182~1-e02e3]:main():compute-mfcc-feats.cc:182) Processed features for key common_voice_lt_25151638
WARNING (compute-mfcc-feats[5.5.1182~1-e02e3]:Read():wave-reader.cc:304) Expected 153216 bytes of wave data, but read only 152064 bytes. Truncated file?
VLOG[2] (compute-mfcc-feats[5.5.1182~1-e02e3]:main():compute-mfcc-feats.cc:182) Processed features for key common_voice_lt_25151639
WARNING (compute-mfcc-feats[5.5.1182~1-e02e3]:Read():wave-reader.cc:304) Expected 153216 bytes of wave data, but read only 152064 bytes. Truncated file?
VLOG[2] (compute-mfcc-feats[5.5.1182~1-e02e3]:main():compute-mfcc-feats.cc:182) Processed features for key common_voice_lt_25151640
WARNING (compute-mfcc-feats[5.5.1182~1-e02e3]:Read():wave-reader.cc:304) Expected 115200 bytes of wave data, but read only 114048 bytes. Truncated file?
VLOG[2] (compute-mfcc-feats[5.5.1182~1-e02e3]:main():compute-mfcc-feats.cc:182) Processed features for key common_voice_lt_25151641
WARNING (compute-mfcc-feats[5.5.1182~1-e02e3]:Read():wave-reader.cc:304) Expected 196992 bytes of wave data, but read only 195840 bytes. Truncated file?
LOG (compute-mfcc-feats[5.5.1182~1-e02e3]:main():compute-mfcc-feats.cc:181) Processed 70 utterances
VLOG[2] (compute-mfcc-feats[5.5.1182~1-e02e3]:main():compute-mfcc-feats.cc:182) Processed features for key common_voice_lt_25151642
WARNING (compute-mfcc-feats[5.5.1182~1-e02e3]:Read():wave-reader.cc:304) Expected 288000 bytes of wave data, but read only 286848 bytes. Truncated file?
VLOG[2] (compute-mfcc-feats[5.5.1182~1-e02e3]:main():compute-mfcc-feats.cc:182) Processed features for key common_voice_lt_25151643
WARNING (compute-mfcc-feats[5.5.1182~1-e02e3]:Read():wave-reader.cc:304) Expected 214272 bytes of wave data, but read only 213120 bytes. Truncated file?
VLOG[2] (compute-mfcc-feats[5.5.1182~1-e02e3]:main():compute-mfcc-feats.cc:182) Processed features for key common_voice_lt_25151649
WARNING (compute-mfcc-feats[5.5.1182~1-e02e3]:Read():wave-reader.cc:304) Expected 124416 bytes of wave data, but read only 123264 bytes. Truncated file?
VLOG[2] (compute-mfcc-feats[5.5.1182~1-e02e3]:main():compute-mfcc-feats.cc:182) Processed features for key common_voice_lt_25151650
WARNING (compute-mfcc-feats[5.5.1182~1-e02e3]:Read():wave-reader.cc:304) Expected 126720 bytes of wave data, but read only 125568 bytes. Truncated file?
VLOG[2] (compute-mfcc-feats[5.5.1182~1-e02e3]:main():compute-mfcc-feats.cc:182) Processed features for key common_voice_lt_25151651
WARNING (compute-mfcc-feats[5.5.1182~1-e02e3]:Read():wave-reader.cc:304) Expected 178560 bytes of wave data, but read only 177408 bytes. Truncated file?
VLOG[2] (compute-mfcc-feats[5.5.1182~1-e02e3]:main():compute-mfcc-feats.cc:182) Processed features for key common_voice_lt_25151652
WARNING (compute-mfcc-feats[5.5.1182~1-e02e3]:Read():wave-reader.cc:304) Expected 179712 bytes of wave data, but read only 178560 bytes. Truncated file?
VLOG[2] (compute-mfcc-feats[5.5.1182~1-e02e3]:main():compute-mfcc-feats.cc:182) Processed features for key common_voice_lt_25151653
WARNING (compute-mfcc-feats[5.5.1182~1-e02e3]:Read():wave-reader.cc:304) Expected 150912 bytes of wave data, but read only 149760 bytes. Truncated file?
VLOG[2] (compute-mfcc-feats[5.5.1182~1-e02e3]:main():compute-mfcc-feats.cc:182) Processed features for key common_voice_lt_25151660
WARNING (compute-mfcc-feats[5.5.1182~1-e02e3]:Read():wave-reader.cc:304) Expected 132480 bytes of wave data, but read only 131328 bytes. Truncated file?
VLOG[2] (compute-mfcc-feats[5.5.1182~1-e02e3]:main():compute-mfcc-feats.cc:182) Processed features for key common_voice_lt_25151661
WARNING (compute-mfcc-feats[5.5.1182~1-e02e3]:Read():wave-reader.cc:304) Expected 190080 bytes of wave data, but read only 188928 bytes. Truncated file?
VLOG[2] (compute-mfcc-feats[5.5.1182~1-e02e3]:main():compute-mfcc-feats.cc:182) Processed features for key common_voice_lt_25151662
WARNING (compute-mfcc-feats[5.5.1182~1-e02e3]:Read():wave-reader.cc:304) Expected 170496 bytes of wave data, but read only 169344 bytes. Truncated file?
LOG (compute-mfcc-feats[5.5.1182~1-e02e3]:main():compute-mfcc-feats.cc:181) Processed 80 utterances
VLOG[2] (compute-mfcc-feats[5.5.1182~1-e02e3]:main():compute-mfcc-feats.cc:182) Processed features for key common_voice_lt_25151663
WARNING (compute-mfcc-feats[5.5.1182~1-e02e3]:Read():wave-reader.cc:304) Expected 127872 bytes of wave data, but read only 126720 bytes. Truncated file?
VLOG[2] (compute-mfcc-feats[5.5.1182~1-e02e3]:main():compute-mfcc-feats.cc:182) Processed features for key common_voice_lt_25151664
WARNING (compute-mfcc-feats[5.5.1182~1-e02e3]:Read():wave-reader.cc:304) Expected 133632 bytes of wave data, but read only 132480 bytes. Truncated file?
VLOG[2] (compute-mfcc-feats[5.5.1182~1-e02e3]:main():compute-mfcc-feats.cc:182) Processed features for key common_voice_lt_25151670
WARNING (compute-mfcc-feats[5.5.1182~1-e02e3]:Read():wave-reader.cc:304) Expected 149760 bytes of wave data, but read only 148608 bytes. Truncated file?
VLOG[2] (compute-mfcc-feats[5.5.1182~1-e02e3]:main():compute-mfcc-feats.cc:182) Processed features for key common_voice_lt_25151671
WARNING (compute-mfcc-feats[5.5.1182~1-e02e3]:Read():wave-reader.cc:304) Expected 124416 bytes of wave data, but read only 123264 bytes. Truncated file?
VLOG[2] (compute-mfcc-feats[5.5.1182~1-e02e3]:main():compute-mfcc-feats.cc:182) Processed features for key common_voice_lt_25151674
WARNING (compute-mfcc-feats[5.5.1182~1-e02e3]:Read():wave-reader.cc:304) Expected 161280 bytes of wave data, but read only 160128 bytes. Truncated file?
VLOG[2] (compute-mfcc-feats[5.5.1182~1-e02e3]:main():compute-mfcc-feats.cc:182) Processed features for key common_voice_lt_25151676
WARNING (compute-mfcc-feats[5.5.1182~1-e02e3]:Read():wave-reader.cc:304) Expected 133632 bytes of wave data, but read only 132480 bytes. Truncated file?
VLOG[2] (compute-mfcc-feats[5.5.1182~1-e02e3]:main():compute-mfcc-feats.cc:182) Processed features for key common_voice_lt_25151677
WARNING (compute-mfcc-feats[5.5.1182~1-e02e3]:Read():wave-reader.cc:304) Expected 132480 bytes of wave data, but read only 131328 bytes. Truncated file?
VLOG[2] (compute-mfcc-feats[5.5.1182~1-e02e3]:main():compute-mfcc-feats.cc:182) Processed features for key common_voice_lt_25151680
WARNING (compute-mfcc-feats[5.5.1182~1-e02e3]:Read():wave-reader.cc:304) Expected 139392 bytes of wave data, but read only 138240 bytes. Truncated file?
VLOG[2] (compute-mfcc-feats[5.5.1182~1-e02e3]:main():compute-mfcc-feats.cc:182) Processed features for key common_voice_lt_25151681
WARNING (compute-mfcc-feats[5.5.1182~1-e02e3]:Read():wave-reader.cc:304) Expected 130176 bytes of wave data, but read only 129024 bytes. Truncated file?
VLOG[2] (compute-mfcc-feats[5.5.1182~1-e02e3]:main():compute-mfcc-feats.cc:182) Processed features for key common_voice_lt_25151683
WARNING (compute-mfcc-feats[5.5.1182~1-e02e3]:Read():wave-reader.cc:304) Expected 130176 bytes of wave data, but read only 129024 bytes. Truncated file?
LOG (compute-mfcc-feats[5.5.1182~1-e02e3]:main():compute-mfcc-feats.cc:181) Processed 90 utterances
VLOG[2] (compute-mfcc-feats[5.5.1182~1-e02e3]:main():compute-mfcc-feats.cc:182) Processed features for key common_voice_lt_25151684
WARNING (compute-mfcc-feats[5.5.1182~1-e02e3]:Read():wave-reader.cc:304) Expected 218880 bytes of wave data, but read only 217728 bytes. Truncated file?
VLOG[2] (compute-mfcc-feats[5.5.1182~1-e02e3]:main():compute-mfcc-feats.cc:182) Processed features for key common_voice_lt_25151691
WARNING (compute-mfcc-feats[5.5.1182~1-e02e3]:Read():wave-reader.cc:304) Expected 161280 bytes of wave data, but read only 160128 bytes. Truncated file?
VLOG[2] (compute-mfcc-feats[5.5.1182~1-e02e3]:main():compute-mfcc-feats.cc:182) Processed features for key common_voice_lt_25151692
WARNING (compute-mfcc-feats[5.5.1182~1-e02e3]:Read():wave-reader.cc:304) Expected 207360 bytes of wave data, but read only 206208 bytes. Truncated file?
VLOG[2] (compute-mfcc-feats[5.5.1182~1-e02e3]:main():compute-mfcc-feats.cc:182) Processed features for key common_voice_lt_25151693
WARNING (compute-mfcc-feats[5.5.1182~1-e02e3]:Read():wave-reader.cc:304) Expected 216576 bytes of wave data, but read only 215424 bytes. Truncated file?
VLOG[2] (compute-mfcc-feats[5.5.1182~1-e02e3]:main():compute-mfcc-feats.cc:182) Processed features for key common_voice_lt_25151694
WARNING (compute-mfcc-feats[5.5.1182~1-e02e3]:Read():wave-reader.cc:304) Expected 130176 bytes of wave data, but read only 129024 bytes. Truncated file?
VLOG[2] (compute-mfcc-feats[5.5.1182~1-e02e3]:main():compute-mfcc-feats.cc:182) Processed features for key common_voice_lt_25151695
WARNING (compute-mfcc-feats[5.5.1182~1-e02e3]:Read():wave-reader.cc:304) Expected 127872 bytes of wave data, but read only 126720 bytes. Truncated file?
VLOG[2] (compute-mfcc-feats[5.5.1182~1-e02e3]:main():compute-mfcc-feats.cc:182) Processed features for key common_voice_lt_25151697
WARNING (compute-mfcc-feats[5.5.1182~1-e02e3]:Read():wave-reader.cc:304) Expected 138240 bytes of wave data, but read only 137088 bytes. Truncated file?
VLOG[2] (compute-mfcc-feats[5.5.1182~1-e02e3]:main():compute-mfcc-feats.cc:182) Processed features for key common_voice_lt_25151698
WARNING (compute-mfcc-feats[5.5.1182~1-e02e3]:Read():wave-reader.cc:304) Expected 184320 bytes of wave data, but read only 183168 bytes. Truncated file?
VLOG[2] (compute-mfcc-feats[5.5.1182~1-e02e3]:main():compute-mfcc-feats.cc:182) Processed features for key common_voice_lt_25151699
WARNING (compute-mfcc-feats[5.5.1182~1-e02e3]:Read():wave-reader.cc:304) Expected 118656 bytes of wave data, but read only 117504 bytes. Truncated file?
VLOG[2] (compute-mfcc-feats[5.5.1182~1-e02e3]:main():compute-mfcc-feats.cc:182) Processed features for key common_voice_lt_25151700
WARNING (compute-mfcc-feats[5.5.1182~1-e02e3]:Read():wave-reader.cc:304) Expected 239616 bytes of wave data, but read only 238464 bytes. Truncated file?
LOG (compute-mfcc-feats[5.5.1182~1-e02e3]:main():compute-mfcc-feats.cc:181) Processed 100 utterances
VLOG[2] (compute-mfcc-feats[5.5.1182~1-e02e3]:main():compute-mfcc-feats.cc:182) Processed features for key common_voice_lt_25151701
WARNING (compute-mfcc-feats[5.5.1182~1-e02e3]:Read():wave-reader.cc:304) Expected 153216 bytes of wave data, but read only 152064 bytes. Truncated file?
VLOG[2] (compute-mfcc-feats[5.5.1182~1-e02e3]:main():compute-mfcc-feats.cc:182) Processed features for key common_voice_lt_25151710
WARNING (compute-mfcc-feats[5.5.1182~1-e02e3]:Read():wave-reader.cc:304) Expected 147456 bytes of wave data, but read only 146304 bytes. Truncated file?
VLOG[2] (compute-mfcc-feats[5.5.1182~1-e02e3]:main():compute-mfcc-feats.cc:182) Processed features for key common_voice_lt_25151711
WARNING (compute-mfcc-feats[5.5.1182~1-e02e3]:Read():wave-reader.cc:304) Expected 289152 bytes of wave data, but read only 288000 bytes. Truncated file?
VLOG[2] (compute-mfcc-feats[5.5.1182~1-e02e3]:main():compute-mfcc-feats.cc:182) Processed features for key common_voice_lt_25151712
WARNING (compute-mfcc-feats[5.5.1182~1-e02e3]:Read():wave-reader.cc:304) Expected 104832 bytes of wave data, but read only 103680 bytes. Truncated file?
VLOG[2] (compute-mfcc-feats[5.5.1182~1-e02e3]:main():compute-mfcc-feats.cc:182) Processed features for key common_voice_lt_25151713
WARNING (compute-mfcc-feats[5.5.1182~1-e02e3]:Read():wave-reader.cc:304) Expected 109440 bytes of wave data, but read only 108288 bytes. Truncated file?
VLOG[2] (compute-mfcc-feats[5.5.1182~1-e02e3]:main():compute-mfcc-feats.cc:182) Processed features for key common_voice_lt_25151714
WARNING (compute-mfcc-feats[5.5.1182~1-e02e3]:Read():wave-reader.cc:304) Expected 164736 bytes of wave data, but read only 163584 bytes. Truncated file?
VLOG[2] (compute-mfcc-feats[5.5.1182~1-e02e3]:main():compute-mfcc-feats.cc:182) Processed features for key common_voice_lt_25151716
WARNING (compute-mfcc-feats[5.5.1182~1-e02e3]:Read():wave-reader.cc:304) Expected 231552 bytes of wave data, but read only 230400 bytes. Truncated file?
VLOG[2] (compute-mfcc-feats[5.5.1182~1-e02e3]:main():compute-mfcc-feats.cc:182) Processed features for key common_voice_lt_25151717
WARNING (compute-mfcc-feats[5.5.1182~1-e02e3]:Read():wave-reader.cc:304) Expected 230400 bytes of wave data, but read only 229248 bytes. Truncated file?
VLOG[2] (compute-mfcc-feats[5.5.1182~1-e02e3]:main():compute-mfcc-feats.cc:182) Processed features for key common_voice_lt_25151718
WARNING (compute-mfcc-feats[5.5.1182~1-e02e3]:Read():wave-reader.cc:304) Expected 112896 bytes of wave data, but read only 111744 bytes. Truncated file?
VLOG[2] (compute-mfcc-feats[5.5.1182~1-e02e3]:main():compute-mfcc-feats.cc:182) Processed features for key common_voice_lt_25151720
WARNING (compute-mfcc-feats[5.5.1182~1-e02e3]:Read():wave-reader.cc:304) Expected 155520 bytes of wave data, but read only 154368 bytes. Truncated file?
LOG (compute-mfcc-feats[5.5.1182~1-e02e3]:main():compute-mfcc-feats.cc:181) Processed 110 utterances
VLOG[2] (compute-mfcc-feats[5.5.1182~1-e02e3]:main():compute-mfcc-feats.cc:182) Processed features for key common_voice_lt_25151721
WARNING (compute-mfcc-feats[5.5.1182~1-e02e3]:Read():wave-reader.cc:304) Expected 116352 bytes of wave data, but read only 115200 bytes. Truncated file?
VLOG[2] (compute-mfcc-feats[5.5.1182~1-e02e3]:main():compute-mfcc-feats.cc:182) Processed features for key common_voice_lt_25151722
WARNING (compute-mfcc-feats[5.5.1182~1-e02e3]:Read():wave-reader.cc:304) Expected 147456 bytes of wave data, but read only 146304 bytes. Truncated file?
VLOG[2] (compute-mfcc-feats[5.5.1182~1-e02e3]:main():compute-mfcc-feats.cc:182) Processed features for key common_voice_lt_25151723
WARNING (compute-mfcc-feats[5.5.1182~1-e02e3]:Read():wave-reader.cc:304) Expected 199296 bytes of wave data, but read only 198144 bytes. Truncated file?
VLOG[2] (compute-mfcc-feats[5.5.1182~1-e02e3]:main():compute-mfcc-feats.cc:182) Processed features for key common_voice_lt_25151725
WARNING (compute-mfcc-feats[5.5.1182~1-e02e3]:Read():wave-reader.cc:304) Expected 259200 bytes of wave data, but read only 258048 bytes. Truncated file?
VLOG[2] (compute-mfcc-feats[5.5.1182~1-e02e3]:main():compute-mfcc-feats.cc:182) Processed features for key common_voice_lt_25151727
WARNING (compute-mfcc-feats[5.5.1182~1-e02e3]:Read():wave-reader.cc:304) Expected 222336 bytes of wave data, but read only 221184 bytes. Truncated file?
VLOG[2] (compute-mfcc-feats[5.5.1182~1-e02e3]:main():compute-mfcc-feats.cc:182) Processed features for key common_voice_lt_25151728
WARNING (compute-mfcc-feats[5.5.1182~1-e02e3]:Read():wave-reader.cc:304) Expected 138240 bytes of wave data, but read only 137088 bytes. Truncated file?
VLOG[2] (compute-mfcc-feats[5.5.1182~1-e02e3]:main():compute-mfcc-feats.cc:182) Processed features for key common_voice_lt_25151729
WARNING (compute-mfcc-feats[5.5.1182~1-e02e3]:Read():wave-reader.cc:304) Expected 306432 bytes of wave data, but read only 305280 bytes. Truncated file?
VLOG[2] (compute-mfcc-feats[5.5.1182~1-e02e3]:main():compute-mfcc-feats.cc:182) Processed features for key common_voice_lt_25151730
WARNING (compute-mfcc-feats[5.5.1182~1-e02e3]:Read():wave-reader.cc:304) Expected 126720 bytes of wave data, but read only 125568 bytes. Truncated file?
VLOG[2] (compute-mfcc-feats[5.5.1182~1-e02e3]:main():compute-mfcc-feats.cc:182) Processed features for key common_voice_lt_25151731
WARNING (compute-mfcc-feats[5.5.1182~1-e02e3]:Read():wave-reader.cc:304) Expected 205056 bytes of wave data, but read only 203904 bytes. Truncated file?
VLOG[2] (compute-mfcc-feats[5.5.1182~1-e02e3]:main():compute-mfcc-feats.cc:182) Processed features for key common_voice_lt_25151733
WARNING (compute-mfcc-feats[5.5.1182~1-e02e3]:Read():wave-reader.cc:304) Expected 162432 bytes of wave data, but read only 161280 bytes. Truncated file?
LOG (compute-mfcc-feats[5.5.1182~1-e02e3]:main():compute-mfcc-feats.cc:181) Processed 120 utterances
VLOG[2] (compute-mfcc-feats[5.5.1182~1-e02e3]:main():compute-mfcc-feats.cc:182) Processed features for key common_voice_lt_25151734
WARNING (compute-mfcc-feats[5.5.1182~1-e02e3]:Read():wave-reader.cc:304) Expected 299520 bytes of wave data, but read only 298368 bytes. Truncated file?
VLOG[2] (compute-mfcc-feats[5.5.1182~1-e02e3]:main():compute-mfcc-feats.cc:182) Processed features for key common_voice_lt_25151736
WARNING (compute-mfcc-feats[5.5.1182~1-e02e3]:Read():wave-reader.cc:304) Expected 185472 bytes of wave data, but read only 184320 bytes. Truncated file?
VLOG[2] (compute-mfcc-feats[5.5.1182~1-e02e3]:main():compute-mfcc-feats.cc:182) Processed features for key common_voice_lt_25151737
WARNING (compute-mfcc-feats[5.5.1182~1-e02e3]:Read():wave-reader.cc:304) Expected 124416 bytes of wave data, but read only 123264 bytes. Truncated file?
VLOG[2] (compute-mfcc-feats[5.5.1182~1-e02e3]:main():compute-mfcc-feats.cc:182) Processed features for key common_voice_lt_25151739
WARNING (compute-mfcc-feats[5.5.1182~1-e02e3]:Read():wave-reader.cc:304) Expected 155520 bytes of wave data, but read only 154368 bytes. Truncated file?
VLOG[2] (compute-mfcc-feats[5.5.1182~1-e02e3]:main():compute-mfcc-feats.cc:182) Processed features for key common_voice_lt_25151740
WARNING (compute-mfcc-feats[5.5.1182~1-e02e3]:Read():wave-reader.cc:304) Expected 190080 bytes of wave data, but read only 188928 bytes. Truncated file?
VLOG[2] (compute-mfcc-feats[5.5.1182~1-e02e3]:main():compute-mfcc-feats.cc:182) Processed features for key common_voice_lt_25151741
WARNING (compute-mfcc-feats[5.5.1182~1-e02e3]:Read():wave-reader.cc:304) Expected 182016 bytes of wave data, but read only 180864 bytes. Truncated file?
VLOG[2] (compute-mfcc-feats[5.5.1182~1-e02e3]:main():compute-mfcc-feats.cc:182) Processed features for key common_voice_lt_25151742
WARNING (compute-mfcc-feats[5.5.1182~1-e02e3]:Read():wave-reader.cc:304) Expected 124416 bytes of wave data, but read only 123264 bytes. Truncated file?
VLOG[2] (compute-mfcc-feats[5.5.1182~1-e02e3]:main():compute-mfcc-feats.cc:182) Processed features for key common_voice_lt_25151743
WARNING (compute-mfcc-feats[5.5.1182~1-e02e3]:Read():wave-reader.cc:304) Expected 153216 bytes of wave data, but read only 152064 bytes. Truncated file?
VLOG[2] (compute-mfcc-feats[5.5.1182~1-e02e3]:main():compute-mfcc-feats.cc:182) Processed features for key common_voice_lt_25151744
WARNING (compute-mfcc-feats[5.5.1182~1-e02e3]:Read():wave-reader.cc:304) Expected 230400 bytes of wave data, but read only 229248 bytes. Truncated file?
VLOG[2] (compute-mfcc-feats[5.5.1182~1-e02e3]:main():compute-mfcc-feats.cc:182) Processed features for key common_voice_lt_25151745
WARNING (compute-mfcc-feats[5.5.1182~1-e02e3]:Read():wave-reader.cc:304) Expected 247680 bytes of wave data, but read only 246528 bytes. Truncated file?
LOG (compute-mfcc-feats[5.5.1182~1-e02e3]:main():compute-mfcc-feats.cc:181) Processed 130 utterances
VLOG[2] (compute-mfcc-feats[5.5.1182~1-e02e3]:main():compute-mfcc-feats.cc:182) Processed features for key common_voice_lt_25151747
WARNING (compute-mfcc-feats[5.5.1182~1-e02e3]:Read():wave-reader.cc:304) Expected 115200 bytes of wave data, but read only 114048 bytes. Truncated file?
VLOG[2] (compute-mfcc-feats[5.5.1182~1-e02e3]:main():compute-mfcc-feats.cc:182) Processed features for key common_voice_lt_25151748
WARNING (compute-mfcc-feats[5.5.1182~1-e02e3]:Read():wave-reader.cc:304) Expected 149760 bytes of wave data, but read only 148608 bytes. Truncated file?
VLOG[2] (compute-mfcc-feats[5.5.1182~1-e02e3]:main():compute-mfcc-feats.cc:182) Processed features for key common_voice_lt_25151749
WARNING (compute-mfcc-feats[5.5.1182~1-e02e3]:Read():wave-reader.cc:304) Expected 156672 bytes of wave data, but read only 155520 bytes. Truncated file?
VLOG[2] (compute-mfcc-feats[5.5.1182~1-e02e3]:main():compute-mfcc-feats.cc:182) Processed features for key common_voice_lt_25151750
WARNING (compute-mfcc-feats[5.5.1182~1-e02e3]:Read():wave-reader.cc:304) Expected 126720 bytes of wave data, but read only 125568 bytes. Truncated file?
VLOG[2] (compute-mfcc-feats[5.5.1182~1-e02e3]:main():compute-mfcc-feats.cc:182) Processed features for key common_voice_lt_25151751
WARNING (compute-mfcc-feats[5.5.1182~1-e02e3]:Read():wave-reader.cc:304) Expected 138240 bytes of wave data, but read only 137088 bytes. Truncated file?
VLOG[2] (compute-mfcc-feats[5.5.1182~1-e02e3]:main():compute-mfcc-feats.cc:182) Processed features for key common_voice_lt_25151752
WARNING (compute-mfcc-feats[5.5.1182~1-e02e3]:Read():wave-reader.cc:304) Expected 144000 bytes of wave data, but read only 142848 bytes. Truncated file?
VLOG[2] (compute-mfcc-feats[5.5.1182~1-e02e3]:main():compute-mfcc-feats.cc:182) Processed features for key common_voice_lt_25151753
WARNING (compute-mfcc-feats[5.5.1182~1-e02e3]:Read():wave-reader.cc:304) Expected 228096 bytes of wave data, but read only 226944 bytes. Truncated file?
VLOG[2] (compute-mfcc-feats[5.5.1182~1-e02e3]:main():compute-mfcc-feats.cc:182) Processed features for key common_voice_lt_25151754
WARNING (compute-mfcc-feats[5.5.1182~1-e02e3]:Read():wave-reader.cc:304) Expected 133632 bytes of wave data, but read only 132480 bytes. Truncated file?
VLOG[2] (compute-mfcc-feats[5.5.1182~1-e02e3]:main():compute-mfcc-feats.cc:182) Processed features for key common_voice_lt_25151756
WARNING (compute-mfcc-feats[5.5.1182~1-e02e3]:Read():wave-reader.cc:304) Expected 179712 bytes of wave data, but read only 178560 bytes. Truncated file?
VLOG[2] (compute-mfcc-feats[5.5.1182~1-e02e3]:main():compute-mfcc-feats.cc:182) Processed features for key common_voice_lt_25151757
WARNING (compute-mfcc-feats[5.5.1182~1-e02e3]:Read():wave-reader.cc:304) Expected 153216 bytes of wave data, but read only 152064 bytes. Truncated file?
LOG (compute-mfcc-feats[5.5.1182~1-e02e3]:main():compute-mfcc-feats.cc:181) Processed 140 utterances
VLOG[2] (compute-mfcc-feats[5.5.1182~1-e02e3]:main():compute-mfcc-feats.cc:182) Processed features for key common_voice_lt_25151758
WARNING (compute-mfcc-feats[5.5.1182~1-e02e3]:Read():wave-reader.cc:304) Expected 178560 bytes of wave data, but read only 177408 bytes. Truncated file?
VLOG[2] (compute-mfcc-feats[5.5.1182~1-e02e3]:main():compute-mfcc-feats.cc:182) Processed features for key common_voice_lt_25151759
WARNING (compute-mfcc-feats[5.5.1182~1-e02e3]:Read():wave-reader.cc:304) Expected 116352 bytes of wave data, but read only 115200 bytes. Truncated file?
VLOG[2] (compute-mfcc-feats[5.5.1182~1-e02e3]:main():compute-mfcc-feats.cc:182) Processed features for key common_voice_lt_25151760
WARNING (compute-mfcc-feats[5.5.1182~1-e02e3]:Read():wave-reader.cc:304) Expected 182016 bytes of wave data, but read only 180864 bytes. Truncated file?
VLOG[2] (compute-mfcc-feats[5.5.1182~1-e02e3]:main():compute-mfcc-feats.cc:182) Processed features for key common_voice_lt_25151766
WARNING (compute-mfcc-feats[5.5.1182~1-e02e3]:Read():wave-reader.cc:304) Expected 164736 bytes of wave data, but read only 163584 bytes. Truncated file?
VLOG[2] (compute-mfcc-feats[5.5.1182~1-e02e3]:main():compute-mfcc-feats.cc:182) Processed features for key common_voice_lt_25151767
WARNING (compute-mfcc-feats[5.5.1182~1-e02e3]:Read():wave-reader.cc:304) Expected 291456 bytes of wave data, but read only 290304 bytes. Truncated file?
VLOG[2] (compute-mfcc-feats[5.5.1182~1-e02e3]:main():compute-mfcc-feats.cc:182) Processed features for key common_voice_lt_25151768
WARNING (compute-mfcc-feats[5.5.1182~1-e02e3]:Read():wave-reader.cc:304) Expected 291456 bytes of wave data, but read only 290304 bytes. Truncated file?
VLOG[2] (compute-mfcc-feats[5.5.1182~1-e02e3]:main():compute-mfcc-feats.cc:182) Processed features for key common_voice_lt_25151769
WARNING (compute-mfcc-feats[5.5.1182~1-e02e3]:Read():wave-reader.cc:304) Expected 133632 bytes of wave data, but read only 132480 bytes. Truncated file?
VLOG[2] (compute-mfcc-feats[5.5.1182~1-e02e3]:main():compute-mfcc-feats.cc:182) Processed features for key common_voice_lt_25151770
WARNING (compute-mfcc-feats[5.5.1182~1-e02e3]:Read():wave-reader.cc:304) Expected 138240 bytes of wave data, but read only 137088 bytes. Truncated file?
VLOG[2] (compute-mfcc-feats[5.5.1182~1-e02e3]:main():compute-mfcc-feats.cc:182) Processed features for key common_voice_lt_25151772
WARNING (compute-mfcc-feats[5.5.1182~1-e02e3]:Read():wave-reader.cc:304) Expected 162432 bytes of wave data, but read only 161280 bytes. Truncated file?
VLOG[2] (compute-mfcc-feats[5.5.1182~1-e02e3]:main():compute-mfcc-feats.cc:182) Processed features for key common_voice_lt_25151773
WARNING (compute-mfcc-feats[5.5.1182~1-e02e3]:Read():wave-reader.cc:304) Expected 216576 bytes of wave data, but read only 215424 bytes. Truncated file?
LOG (compute-mfcc-feats[5.5.1182~1-e02e3]:main():compute-mfcc-feats.cc:181) Processed 150 utterances
VLOG[2] (compute-mfcc-feats[5.5.1182~1-e02e3]:main():compute-mfcc-feats.cc:182) Processed features for key common_voice_lt_25151774
WARNING (compute-mfcc-feats[5.5.1182~1-e02e3]:Read():wave-reader.cc:304) Expected 138240 bytes of wave data, but read only 137088 bytes. Truncated file?
VLOG[2] (compute-mfcc-feats[5.5.1182~1-e02e3]:main():compute-mfcc-feats.cc:182) Processed features for key common_voice_lt_25151775
WARNING (compute-mfcc-feats[5.5.1182~1-e02e3]:Read():wave-reader.cc:304) Expected 224640 bytes of wave data, but read only 223488 bytes. Truncated file?
VLOG[2] (compute-mfcc-feats[5.5.1182~1-e02e3]:main():compute-mfcc-feats.cc:182) Processed features for key common_voice_lt_25151776
WARNING (compute-mfcc-feats[5.5.1182~1-e02e3]:Read():wave-reader.cc:304) Expected 147456 bytes of wave data, but read only 146304 bytes. Truncated file?
VLOG[2] (compute-mfcc-feats[5.5.1182~1-e02e3]:main():compute-mfcc-feats.cc:182) Processed features for key common_voice_lt_25151777
WARNING (compute-mfcc-feats[5.5.1182~1-e02e3]:Read():wave-reader.cc:304) Expected 231552 bytes of wave data, but read only 230400 bytes. Truncated file?
VLOG[2] (compute-mfcc-feats[5.5.1182~1-e02e3]:main():compute-mfcc-feats.cc:182) Processed features for key common_voice_lt_25151778
WARNING (compute-mfcc-feats[5.5.1182~1-e02e3]:Read():wave-reader.cc:304) Expected 168192 bytes of wave data, but read only 167040 bytes. Truncated file?
VLOG[2] (compute-mfcc-feats[5.5.1182~1-e02e3]:main():compute-mfcc-feats.cc:182) Processed features for key common_voice_lt_25151779
WARNING (compute-mfcc-feats[5.5.1182~1-e02e3]:Read():wave-reader.cc:304) Expected 155520 bytes of wave data, but read only 154368 bytes. Truncated file?
VLOG[2] (compute-mfcc-feats[5.5.1182~1-e02e3]:main():compute-mfcc-feats.cc:182) Processed features for key common_voice_lt_25151780
WARNING (compute-mfcc-feats[5.5.1182~1-e02e3]:Read():wave-reader.cc:304) Expected 184320 bytes of wave data, but read only 183168 bytes. Truncated file?
VLOG[2] (compute-mfcc-feats[5.5.1182~1-e02e3]:main():compute-mfcc-feats.cc:182) Processed features for key common_voice_lt_25151781
WARNING (compute-mfcc-feats[5.5.1182~1-e02e3]:Read():wave-reader.cc:304) Expected 155520 bytes of wave data, but read only 154368 bytes. Truncated file?
VLOG[2] (compute-mfcc-feats[5.5.1182~1-e02e3]:main():compute-mfcc-feats.cc:182) Processed features for key common_voice_lt_25155308
WARNING (compute-mfcc-feats[5.5.1182~1-e02e3]:Read():wave-reader.cc:304) Expected 213120 bytes of wave data, but read only 211968 bytes. Truncated file?
VLOG[2] (compute-mfcc-feats[5.5.1182~1-e02e3]:main():compute-mfcc-feats.cc:182) Processed features for key common_voice_lt_25155309
WARNING (compute-mfcc-feats[5.5.1182~1-e02e3]:Read():wave-reader.cc:304) Expected 202752 bytes of wave data, but read only 201600 bytes. Truncated file?
LOG (compute-mfcc-feats[5.5.1182~1-e02e3]:main():compute-mfcc-feats.cc:181) Processed 160 utterances
VLOG[2] (compute-mfcc-feats[5.5.1182~1-e02e3]:main():compute-mfcc-feats.cc:182) Processed features for key common_voice_lt_25155310
WARNING (compute-mfcc-feats[5.5.1182~1-e02e3]:Read():wave-reader.cc:304) Expected 279936 bytes of wave data, but read only 278784 bytes. Truncated file?
VLOG[2] (compute-mfcc-feats[5.5.1182~1-e02e3]:main():compute-mfcc-feats.cc:182) Processed features for key common_voice_lt_25155311
WARNING (compute-mfcc-feats[5.5.1182~1-e02e3]:Read():wave-reader.cc:304) Expected 199296 bytes of wave data, but read only 198144 bytes. Truncated file?
VLOG[2] (compute-mfcc-feats[5.5.1182~1-e02e3]:main():compute-mfcc-feats.cc:182) Processed features for key common_voice_lt_25155312
WARNING (compute-mfcc-feats[5.5.1182~1-e02e3]:Read():wave-reader.cc:304) Expected 237312 bytes of wave data, but read only 236160 bytes. Truncated file?
VLOG[2] (compute-mfcc-feats[5.5.1182~1-e02e3]:main():compute-mfcc-feats.cc:182) Processed features for key common_voice_lt_25155318
WARNING (compute-mfcc-feats[5.5.1182~1-e02e3]:Read():wave-reader.cc:304) Expected 149760 bytes of wave data, but read only 148608 bytes. Truncated file?
VLOG[2] (compute-mfcc-feats[5.5.1182~1-e02e3]:main():compute-mfcc-feats.cc:182) Processed features for key common_voice_lt_25155319
WARNING (compute-mfcc-feats[5.5.1182~1-e02e3]:Read():wave-reader.cc:304) Expected 182016 bytes of wave data, but read only 180864 bytes. Truncated file?
VLOG[2] (compute-mfcc-feats[5.5.1182~1-e02e3]:main():compute-mfcc-feats.cc:182) Processed features for key common_voice_lt_25155320
WARNING (compute-mfcc-feats[5.5.1182~1-e02e3]:Read():wave-reader.cc:304) Expected 170496 bytes of wave data, but read only 169344 bytes. Truncated file?
VLOG[2] (compute-mfcc-feats[5.5.1182~1-e02e3]:main():compute-mfcc-feats.cc:182) Processed features for key common_voice_lt_25155321
WARNING (compute-mfcc-feats[5.5.1182~1-e02e3]:Read():wave-reader.cc:304) Expected 162432 bytes of wave data, but read only 161280 bytes. Truncated file?
VLOG[2] (compute-mfcc-feats[5.5.1182~1-e02e3]:main():compute-mfcc-feats.cc:182) Processed features for key common_voice_lt_25155322
WARNING (compute-mfcc-feats[5.5.1182~1-e02e3]:Read():wave-reader.cc:304) Expected 251136 bytes of wave data, but read only 249984 bytes. Truncated file?
VLOG[2] (compute-mfcc-feats[5.5.1182~1-e02e3]:main():compute-mfcc-feats.cc:182) Processed features for key common_voice_lt_25155338
WARNING (compute-mfcc-feats[5.5.1182~1-e02e3]:Read():wave-reader.cc:304) Expected 322560 bytes of wave data, but read only 321408 bytes. Truncated file?
VLOG[2] (compute-mfcc-feats[5.5.1182~1-e02e3]:main():compute-mfcc-feats.cc:182) Processed features for key common_voice_lt_25155339
WARNING (compute-mfcc-feats[5.5.1182~1-e02e3]:Read():wave-reader.cc:304) Expected 161280 bytes of wave data, but read only 160128 bytes. Truncated file?
LOG (compute-mfcc-feats[5.5.1182~1-e02e3]:main():compute-mfcc-feats.cc:181) Processed 170 utterances
VLOG[2] (compute-mfcc-feats[5.5.1182~1-e02e3]:main():compute-mfcc-feats.cc:182) Processed features for key common_voice_lt_25155340
WARNING (compute-mfcc-feats[5.5.1182~1-e02e3]:Read():wave-reader.cc:304) Expected 167040 bytes of wave data, but read only 165888 bytes. Truncated file?
VLOG[2] (compute-mfcc-feats[5.5.1182~1-e02e3]:main():compute-mfcc-feats.cc:182) Processed features for key common_voice_lt_25155341
WARNING (compute-mfcc-feats[5.5.1182~1-e02e3]:Read():wave-reader.cc:304) Expected 260352 bytes of wave data, but read only 259200 bytes. Truncated file?
VLOG[2] (compute-mfcc-feats[5.5.1182~1-e02e3]:main():compute-mfcc-feats.cc:182) Processed features for key common_voice_lt_25155342
WARNING (compute-mfcc-feats[5.5.1182~1-e02e3]:Read():wave-reader.cc:304) Expected 190080 bytes of wave data, but read only 188928 bytes. Truncated file?
VLOG[2] (compute-mfcc-feats[5.5.1182~1-e02e3]:main():compute-mfcc-feats.cc:182) Processed features for key common_voice_lt_25155358
WARNING (compute-mfcc-feats[5.5.1182~1-e02e3]:Read():wave-reader.cc:304) Expected 150912 bytes of wave data, but read only 149760 bytes. Truncated file?
VLOG[2] (compute-mfcc-feats[5.5.1182~1-e02e3]:main():compute-mfcc-feats.cc:182) Processed features for key common_voice_lt_25155359
WARNING (compute-mfcc-feats[5.5.1182~1-e02e3]:Read():wave-reader.cc:304) Expected 173952 bytes of wave data, but read only 172800 bytes. Truncated file?
VLOG[2] (compute-mfcc-feats[5.5.1182~1-e02e3]:main():compute-mfcc-feats.cc:182) Processed features for key common_voice_lt_25155360
WARNING (compute-mfcc-feats[5.5.1182~1-e02e3]:Read():wave-reader.cc:304) Expected 216576 bytes of wave data, but read only 215424 bytes. Truncated file?
VLOG[2] (compute-mfcc-feats[5.5.1182~1-e02e3]:main():compute-mfcc-feats.cc:182) Processed features for key common_voice_lt_25155361
WARNING (compute-mfcc-feats[5.5.1182~1-e02e3]:Read():wave-reader.cc:304) Expected 196992 bytes of wave data, but read only 195840 bytes. Truncated file?
VLOG[2] (compute-mfcc-feats[5.5.1182~1-e02e3]:main():compute-mfcc-feats.cc:182) Processed features for key common_voice_lt_25155362
WARNING (compute-mfcc-feats[5.5.1182~1-e02e3]:Read():wave-reader.cc:304) Expected 139392 bytes of wave data, but read only 138240 bytes. Truncated file?
VLOG[2] (compute-mfcc-feats[5.5.1182~1-e02e3]:main():compute-mfcc-feats.cc:182) Processed features for key common_voice_lt_25155368
WARNING (compute-mfcc-feats[5.5.1182~1-e02e3]:Read():wave-reader.cc:304) Expected 214272 bytes of wave data, but read only 213120 bytes. Truncated file?
VLOG[2] (compute-mfcc-feats[5.5.1182~1-e02e3]:main():compute-mfcc-feats.cc:182) Processed features for key common_voice_lt_25155369
WARNING (compute-mfcc-feats[5.5.1182~1-e02e3]:Read():wave-reader.cc:304) Expected 172800 bytes of wave data, but read only 171648 bytes. Truncated file?
LOG (compute-mfcc-feats[5.5.1182~1-e02e3]:main():compute-mfcc-feats.cc:181) Processed 180 utterances
VLOG[2] (compute-mfcc-feats[5.5.1182~1-e02e3]:main():compute-mfcc-feats.cc:182) Processed features for key common_voice_lt_25155370
WARNING (compute-mfcc-feats[5.5.1182~1-e02e3]:Read():wave-reader.cc:304) Expected 213120 bytes of wave data, but read only 211968 bytes. Truncated file?
VLOG[2] (compute-mfcc-feats[5.5.1182~1-e02e3]:main():compute-mfcc-feats.cc:182) Processed features for key common_voice_lt_25155371
WARNING (compute-mfcc-feats[5.5.1182~1-e02e3]:Read():wave-reader.cc:304) Expected 196992 bytes of wave data, but read only 195840 bytes. Truncated file?
VLOG[2] (compute-mfcc-feats[5.5.1182~1-e02e3]:main():compute-mfcc-feats.cc:182) Processed features for key common_voice_lt_25155372
WARNING (compute-mfcc-feats[5.5.1182~1-e02e3]:Read():wave-reader.cc:304) Expected 141696 bytes of wave data, but read only 140544 bytes. Truncated file?
VLOG[2] (compute-mfcc-feats[5.5.1182~1-e02e3]:main():compute-mfcc-feats.cc:182) Processed features for key common_voice_lt_25155386
WARNING (compute-mfcc-feats[5.5.1182~1-e02e3]:Read():wave-reader.cc:304) Expected 149760 bytes of wave data, but read only 148608 bytes. Truncated file?
VLOG[2] (compute-mfcc-feats[5.5.1182~1-e02e3]:main():compute-mfcc-feats.cc:182) Processed features for key common_voice_lt_25155388
WARNING (compute-mfcc-feats[5.5.1182~1-e02e3]:Read():wave-reader.cc:304) Expected 182016 bytes of wave data, but read only 180864 bytes. Truncated file?
VLOG[2] (compute-mfcc-feats[5.5.1182~1-e02e3]:main():compute-mfcc-feats.cc:182) Processed features for key common_voice_lt_25155390
WARNING (compute-mfcc-feats[5.5.1182~1-e02e3]:Read():wave-reader.cc:304) Expected 147456 bytes of wave data, but read only 146304 bytes. Truncated file?
VLOG[2] (compute-mfcc-feats[5.5.1182~1-e02e3]:main():compute-mfcc-feats.cc:182) Processed features for key common_voice_lt_25155391
WARNING (compute-mfcc-feats[5.5.1182~1-e02e3]:Read():wave-reader.cc:304) Expected 178560 bytes of wave data, but read only 177408 bytes. Truncated file?
VLOG[2] (compute-mfcc-feats[5.5.1182~1-e02e3]:main():compute-mfcc-feats.cc:182) Processed features for key common_voice_lt_25155392
WARNING (compute-mfcc-feats[5.5.1182~1-e02e3]:Read():wave-reader.cc:304) Expected 178560 bytes of wave data, but read only 177408 bytes. Truncated file?
VLOG[2] (compute-mfcc-feats[5.5.1182~1-e02e3]:main():compute-mfcc-feats.cc:182) Processed features for key common_voice_lt_25155408
WARNING (compute-mfcc-feats[5.5.1182~1-e02e3]:Read():wave-reader.cc:304) Expected 147456 bytes of wave data, but read only 146304 bytes. Truncated file?
VLOG[2] (compute-mfcc-feats[5.5.1182~1-e02e3]:main():compute-mfcc-feats.cc:182) Processed features for key common_voice_lt_25155409
WARNING (compute-mfcc-feats[5.5.1182~1-e02e3]:Read():wave-reader.cc:304) Expected 176256 bytes of wave data, but read only 175104 bytes. Truncated file?
LOG (compute-mfcc-feats[5.5.1182~1-e02e3]:main():compute-mfcc-feats.cc:181) Processed 190 utterances
VLOG[2] (compute-mfcc-feats[5.5.1182~1-e02e3]:main():compute-mfcc-feats.cc:182) Processed features for key common_voice_lt_25155410
WARNING (compute-mfcc-feats[5.5.1182~1-e02e3]:Read():wave-reader.cc:304) Expected 193536 bytes of wave data, but read only 192384 bytes. Truncated file?
VLOG[2] (compute-mfcc-feats[5.5.1182~1-e02e3]:main():compute-mfcc-feats.cc:182) Processed features for key common_voice_lt_25155411
WARNING (compute-mfcc-feats[5.5.1182~1-e02e3]:Read():wave-reader.cc:304) Expected 205056 bytes of wave data, but read only 203904 bytes. Truncated file?
VLOG[2] (compute-mfcc-feats[5.5.1182~1-e02e3]:main():compute-mfcc-feats.cc:182) Processed features for key common_voice_lt_25155412
WARNING (compute-mfcc-feats[5.5.1182~1-e02e3]:Read():wave-reader.cc:304) Expected 150912 bytes of wave data, but read only 149760 bytes. Truncated file?
VLOG[2] (compute-mfcc-feats[5.5.1182~1-e02e3]:main():compute-mfcc-feats.cc:182) Processed features for key common_voice_lt_25155438
WARNING (compute-mfcc-feats[5.5.1182~1-e02e3]:Read():wave-reader.cc:304) Expected 145152 bytes of wave data, but read only 144000 bytes. Truncated file?
VLOG[2] (compute-mfcc-feats[5.5.1182~1-e02e3]:main():compute-mfcc-feats.cc:182) Processed features for key common_voice_lt_25155439
WARNING (compute-mfcc-feats[5.5.1182~1-e02e3]:Read():wave-reader.cc:304) Expected 187776 bytes of wave data, but read only 186624 bytes. Truncated file?
VLOG[2] (compute-mfcc-feats[5.5.1182~1-e02e3]:main():compute-mfcc-feats.cc:182) Processed features for key common_voice_lt_25155440
WARNING (compute-mfcc-feats[5.5.1182~1-e02e3]:Read():wave-reader.cc:304) Expected 132480 bytes of wave data, but read only 131328 bytes. Truncated file?
VLOG[2] (compute-mfcc-feats[5.5.1182~1-e02e3]:main():compute-mfcc-feats.cc:182) Processed features for key common_voice_lt_25155441
WARNING (compute-mfcc-feats[5.5.1182~1-e02e3]:Read():wave-reader.cc:304) Expected 115200 bytes of wave data, but read only 114048 bytes. Truncated file?
VLOG[2] (compute-mfcc-feats[5.5.1182~1-e02e3]:main():compute-mfcc-feats.cc:182) Processed features for key common_voice_lt_25155442
WARNING (compute-mfcc-feats[5.5.1182~1-e02e3]:Read():wave-reader.cc:304) Expected 214272 bytes of wave data, but read only 213120 bytes. Truncated file?
VLOG[2] (compute-mfcc-feats[5.5.1182~1-e02e3]:main():compute-mfcc-feats.cc:182) Processed features for key common_voice_lt_25155453
WARNING (compute-mfcc-feats[5.5.1182~1-e02e3]:Read():wave-reader.cc:304) Expected 170496 bytes of wave data, but read only 169344 bytes. Truncated file?
VLOG[2] (compute-mfcc-feats[5.5.1182~1-e02e3]:main():compute-mfcc-feats.cc:182) Processed features for key common_voice_lt_25155454
WARNING (compute-mfcc-feats[5.5.1182~1-e02e3]:Read():wave-reader.cc:304) Expected 141696 bytes of wave data, but read only 140544 bytes. Truncated file?
LOG (compute-mfcc-feats[5.5.1182~1-e02e3]:main():compute-mfcc-feats.cc:181) Processed 200 utterances
VLOG[2] (compute-mfcc-feats[5.5.1182~1-e02e3]:main():compute-mfcc-feats.cc:182) Processed features for key common_voice_lt_25155455
WARNING (compute-mfcc-feats[5.5.1182~1-e02e3]:Read():wave-reader.cc:304) Expected 214272 bytes of wave data, but read only 213120 bytes. Truncated file?
VLOG[2] (compute-mfcc-feats[5.5.1182~1-e02e3]:main():compute-mfcc-feats.cc:182) Processed features for key common_voice_lt_25155456
WARNING (compute-mfcc-feats[5.5.1182~1-e02e3]:Read():wave-reader.cc:304) Expected 213120 bytes of wave data, but read only 211968 bytes. Truncated file?
VLOG[2] (compute-mfcc-feats[5.5.1182~1-e02e3]:main():compute-mfcc-feats.cc:182) Processed features for key common_voice_lt_25155457
WARNING (compute-mfcc-feats[5.5.1182~1-e02e3]:Read():wave-reader.cc:304) Expected 270720 bytes of wave data, but read only 269568 bytes. Truncated file?
VLOG[2] (compute-mfcc-feats[5.5.1182~1-e02e3]:main():compute-mfcc-feats.cc:182) Processed features for key common_voice_lt_25155478
WARNING (compute-mfcc-feats[5.5.1182~1-e02e3]:Read():wave-reader.cc:304) Expected 167040 bytes of wave data, but read only 165888 bytes. Truncated file?
VLOG[2] (compute-mfcc-feats[5.5.1182~1-e02e3]:main():compute-mfcc-feats.cc:182) Processed features for key common_voice_lt_25155479
WARNING (compute-mfcc-feats[5.5.1182~1-e02e3]:Read():wave-reader.cc:304) Expected 243072 bytes of wave data, but read only 241920 bytes. Truncated file?
VLOG[2] (compute-mfcc-feats[5.5.1182~1-e02e3]:main():compute-mfcc-feats.cc:182) Processed features for key common_voice_lt_25155480
WARNING (compute-mfcc-feats[5.5.1182~1-e02e3]:Read():wave-reader.cc:304) Expected 320256 bytes of wave data, but read only 319104 bytes. Truncated file?
VLOG[2] (compute-mfcc-feats[5.5.1182~1-e02e3]:main():compute-mfcc-feats.cc:182) Processed features for key common_voice_lt_25155481
WARNING (compute-mfcc-feats[5.5.1182~1-e02e3]:Read():wave-reader.cc:304) Expected 213120 bytes of wave data, but read only 211968 bytes. Truncated file?
VLOG[2] (compute-mfcc-feats[5.5.1182~1-e02e3]:main():compute-mfcc-feats.cc:182) Processed features for key common_voice_lt_25155482
WARNING (compute-mfcc-feats[5.5.1182~1-e02e3]:Read():wave-reader.cc:304) Expected 155520 bytes of wave data, but read only 154368 bytes. Truncated file?
VLOG[2] (compute-mfcc-feats[5.5.1182~1-e02e3]:main():compute-mfcc-feats.cc:182) Processed features for key common_voice_lt_25155503
WARNING (compute-mfcc-feats[5.5.1182~1-e02e3]:Read():wave-reader.cc:304) Expected 158976 bytes of wave data, but read only 157824 bytes. Truncated file?
VLOG[2] (compute-mfcc-feats[5.5.1182~1-e02e3]:main():compute-mfcc-feats.cc:182) Processed features for key common_voice_lt_25155504
WARNING (compute-mfcc-feats[5.5.1182~1-e02e3]:Read():wave-reader.cc:304) Expected 243072 bytes of wave data, but read only 241920 bytes. Truncated file?
LOG (compute-mfcc-feats[5.5.1182~1-e02e3]:main():compute-mfcc-feats.cc:181) Processed 210 utterances
VLOG[2] (compute-mfcc-feats[5.5.1182~1-e02e3]:main():compute-mfcc-feats.cc:182) Processed features for key common_voice_lt_25155505
WARNING (compute-mfcc-feats[5.5.1182~1-e02e3]:Read():wave-reader.cc:304) Expected 193536 bytes of wave data, but read only 192384 bytes. Truncated file?
VLOG[2] (compute-mfcc-feats[5.5.1182~1-e02e3]:main():compute-mfcc-feats.cc:182) Processed features for key common_voice_lt_25155506
WARNING (compute-mfcc-feats[5.5.1182~1-e02e3]:Read():wave-reader.cc:304) Expected 251136 bytes of wave data, but read only 249984 bytes. Truncated file?
VLOG[2] (compute-mfcc-feats[5.5.1182~1-e02e3]:main():compute-mfcc-feats.cc:182) Processed features for key common_voice_lt_25155507
WARNING (compute-mfcc-feats[5.5.1182~1-e02e3]:Read():wave-reader.cc:304) Expected 156672 bytes of wave data, but read only 155520 bytes. Truncated file?
VLOG[2] (compute-mfcc-feats[5.5.1182~1-e02e3]:main():compute-mfcc-feats.cc:182) Processed features for key common_voice_lt_25155518
WARNING (compute-mfcc-feats[5.5.1182~1-e02e3]:Read():wave-reader.cc:304) Expected 207360 bytes of wave data, but read only 206208 bytes. Truncated file?
VLOG[2] (compute-mfcc-feats[5.5.1182~1-e02e3]:main():compute-mfcc-feats.cc:182) Processed features for key common_voice_lt_25155519
WARNING (compute-mfcc-feats[5.5.1182~1-e02e3]:Read():wave-reader.cc:304) Expected 193536 bytes of wave data, but read only 192384 bytes. Truncated file?
VLOG[2] (compute-mfcc-feats[5.5.1182~1-e02e3]:main():compute-mfcc-feats.cc:182) Processed features for key common_voice_lt_25155520
WARNING (compute-mfcc-feats[5.5.1182~1-e02e3]:Read():wave-reader.cc:304) Expected 167040 bytes of wave data, but read only 165888 bytes. Truncated file?
VLOG[2] (compute-mfcc-feats[5.5.1182~1-e02e3]:main():compute-mfcc-feats.cc:182) Processed features for key common_voice_lt_25155521
WARNING (compute-mfcc-feats[5.5.1182~1-e02e3]:Read():wave-reader.cc:304) Expected 182016 bytes of wave data, but read only 180864 bytes. Truncated file?
VLOG[2] (compute-mfcc-feats[5.5.1182~1-e02e3]:main():compute-mfcc-feats.cc:182) Processed features for key common_voice_lt_25155522
WARNING (compute-mfcc-feats[5.5.1182~1-e02e3]:Read():wave-reader.cc:304) Expected 145152 bytes of wave data, but read only 144000 bytes. Truncated file?
VLOG[2] (compute-mfcc-feats[5.5.1182~1-e02e3]:main():compute-mfcc-feats.cc:182) Processed features for key common_voice_lt_25158885
WARNING (compute-mfcc-feats[5.5.1182~1-e02e3]:Read():wave-reader.cc:304) Expected 173952 bytes of wave data, but read only 172800 bytes. Truncated file?
VLOG[2] (compute-mfcc-feats[5.5.1182~1-e02e3]:main():compute-mfcc-feats.cc:182) Processed features for key common_voice_lt_25158886
WARNING (compute-mfcc-feats[5.5.1182~1-e02e3]:Read():wave-reader.cc:304) Expected 155520 bytes of wave data, but read only 154368 bytes. Truncated file?
LOG (compute-mfcc-feats[5.5.1182~1-e02e3]:main():compute-mfcc-feats.cc:181) Processed 220 utterances
VLOG[2] (compute-mfcc-feats[5.5.1182~1-e02e3]:main():compute-mfcc-feats.cc:182) Processed features for key common_voice_lt_25158887
WARNING (compute-mfcc-feats[5.5.1182~1-e02e3]:Read():wave-reader.cc:304) Expected 222336 bytes of wave data, but read only 221184 bytes. Truncated file?
VLOG[2] (compute-mfcc-feats[5.5.1182~1-e02e3]:main():compute-mfcc-feats.cc:182) Processed features for key common_voice_lt_25158888
WARNING (compute-mfcc-feats[5.5.1182~1-e02e3]:Read():wave-reader.cc:304) Expected 144000 bytes of wave data, but read only 142848 bytes. Truncated file?
VLOG[2] (compute-mfcc-feats[5.5.1182~1-e02e3]:main():compute-mfcc-feats.cc:182) Processed features for key common_voice_lt_25158889
WARNING (compute-mfcc-feats[5.5.1182~1-e02e3]:Read():wave-reader.cc:304) Expected 190080 bytes of wave data, but read only 188928 bytes. Truncated file?
VLOG[2] (compute-mfcc-feats[5.5.1182~1-e02e3]:main():compute-mfcc-feats.cc:182) Processed features for key common_voice_lt_25158890
WARNING (compute-mfcc-feats[5.5.1182~1-e02e3]:Read():wave-reader.cc:304) Expected 182016 bytes of wave data, but read only 180864 bytes. Truncated file?
VLOG[2] (compute-mfcc-feats[5.5.1182~1-e02e3]:main():compute-mfcc-feats.cc:182) Processed features for key common_voice_lt_25158891
WARNING (compute-mfcc-feats[5.5.1182~1-e02e3]:Read():wave-reader.cc:304) Expected 191232 bytes of wave data, but read only 190080 bytes. Truncated file?
VLOG[2] (compute-mfcc-feats[5.5.1182~1-e02e3]:main():compute-mfcc-feats.cc:182) Processed features for key common_voice_lt_25158892
WARNING (compute-mfcc-feats[5.5.1182~1-e02e3]:Read():wave-reader.cc:304) Expected 195840 bytes of wave data, but read only 194688 bytes. Truncated file?
VLOG[2] (compute-mfcc-feats[5.5.1182~1-e02e3]:main():compute-mfcc-feats.cc:182) Processed features for key common_voice_lt_25158893
WARNING (compute-mfcc-feats[5.5.1182~1-e02e3]:Read():wave-reader.cc:304) Expected 145152 bytes of wave data, but read only 144000 bytes. Truncated file?
VLOG[2] (compute-mfcc-feats[5.5.1182~1-e02e3]:main():compute-mfcc-feats.cc:182) Processed features for key common_voice_lt_25158894
WARNING (compute-mfcc-feats[5.5.1182~1-e02e3]:Read():wave-reader.cc:304) Expected 172800 bytes of wave data, but read only 171648 bytes. Truncated file?
VLOG[2] (compute-mfcc-feats[5.5.1182~1-e02e3]:main():compute-mfcc-feats.cc:182) Processed features for key common_voice_lt_25158895
WARNING (compute-mfcc-feats[5.5.1182~1-e02e3]:Read():wave-reader.cc:304) Expected 139392 bytes of wave data, but read only 138240 bytes. Truncated file?
VLOG[2] (compute-mfcc-feats[5.5.1182~1-e02e3]:main():compute-mfcc-feats.cc:182) Processed features for key common_voice_lt_25158896
WARNING (compute-mfcc-feats[5.5.1182~1-e02e3]:Read():wave-reader.cc:304) Expected 138240 bytes of wave data, but read only 137088 bytes. Truncated file?
LOG (compute-mfcc-feats[5.5.1182~1-e02e3]:main():compute-mfcc-feats.cc:181) Processed 230 utterances
VLOG[2] (compute-mfcc-feats[5.5.1182~1-e02e3]:main():compute-mfcc-feats.cc:182) Processed features for key common_voice_lt_25158897
WARNING (compute-mfcc-feats[5.5.1182~1-e02e3]:Read():wave-reader.cc:304) Expected 214272 bytes of wave data, but read only 213120 bytes. Truncated file?
VLOG[2] (compute-mfcc-feats[5.5.1182~1-e02e3]:main():compute-mfcc-feats.cc:182) Processed features for key common_voice_lt_25158900
WARNING (compute-mfcc-feats[5.5.1182~1-e02e3]:Read():wave-reader.cc:304) Expected 185472 bytes of wave data, but read only 184320 bytes. Truncated file?
VLOG[2] (compute-mfcc-feats[5.5.1182~1-e02e3]:main():compute-mfcc-feats.cc:182) Processed features for key common_voice_lt_25158909
WARNING (compute-mfcc-feats[5.5.1182~1-e02e3]:Read():wave-reader.cc:304) Expected 147456 bytes of wave data, but read only 146304 bytes. Truncated file?
VLOG[2] (compute-mfcc-feats[5.5.1182~1-e02e3]:main():compute-mfcc-feats.cc:182) Processed features for key common_voice_lt_25158910
WARNING (compute-mfcc-feats[5.5.1182~1-e02e3]:Read():wave-reader.cc:304) Expected 233856 bytes of wave data, but read only 232704 bytes. Truncated file?
VLOG[2] (compute-mfcc-feats[5.5.1182~1-e02e3]:main():compute-mfcc-feats.cc:182) Processed features for key common_voice_lt_25158911
WARNING (compute-mfcc-feats[5.5.1182~1-e02e3]:Read():wave-reader.cc:304) Expected 208512 bytes of wave data, but read only 207360 bytes. Truncated file?
VLOG[2] (compute-mfcc-feats[5.5.1182~1-e02e3]:main():compute-mfcc-feats.cc:182) Processed features for key common_voice_lt_25158912
WARNING (compute-mfcc-feats[5.5.1182~1-e02e3]:Read():wave-reader.cc:304) Expected 149760 bytes of wave data, but read only 148608 bytes. Truncated file?
VLOG[2] (compute-mfcc-feats[5.5.1182~1-e02e3]:main():compute-mfcc-feats.cc:182) Processed features for key common_voice_lt_25158913
WARNING (compute-mfcc-feats[5.5.1182~1-e02e3]:Read():wave-reader.cc:304) Expected 147456 bytes of wave data, but read only 146304 bytes. Truncated file?
VLOG[2] (compute-mfcc-feats[5.5.1182~1-e02e3]:main():compute-mfcc-feats.cc:182) Processed features for key common_voice_lt_25158914
WARNING (compute-mfcc-feats[5.5.1182~1-e02e3]:Read():wave-reader.cc:304) Expected 115200 bytes of wave data, but read only 114048 bytes. Truncated file?
VLOG[2] (compute-mfcc-feats[5.5.1182~1-e02e3]:main():compute-mfcc-feats.cc:182) Processed features for key common_voice_lt_25158915
WARNING (compute-mfcc-feats[5.5.1182~1-e02e3]:Read():wave-reader.cc:304) Expected 153216 bytes of wave data, but read only 152064 bytes. Truncated file?
VLOG[2] (compute-mfcc-feats[5.5.1182~1-e02e3]:main():compute-mfcc-feats.cc:182) Processed features for key common_voice_lt_25158917
WARNING (compute-mfcc-feats[5.5.1182~1-e02e3]:Read():wave-reader.cc:304) Expected 130176 bytes of wave data, but read only 129024 bytes. Truncated file?
LOG (compute-mfcc-feats[5.5.1182~1-e02e3]:main():compute-mfcc-feats.cc:181) Processed 240 utterances
VLOG[2] (compute-mfcc-feats[5.5.1182~1-e02e3]:main():compute-mfcc-feats.cc:182) Processed features for key common_voice_lt_25158918
WARNING (compute-mfcc-feats[5.5.1182~1-e02e3]:Read():wave-reader.cc:304) Expected 187776 bytes of wave data, but read only 186624 bytes. Truncated file?
VLOG[2] (compute-mfcc-feats[5.5.1182~1-e02e3]:main():compute-mfcc-feats.cc:182) Processed features for key common_voice_lt_25158925
WARNING (compute-mfcc-feats[5.5.1182~1-e02e3]:Read():wave-reader.cc:304) Expected 133632 bytes of wave data, but read only 132480 bytes. Truncated file?
VLOG[2] (compute-mfcc-feats[5.5.1182~1-e02e3]:main():compute-mfcc-feats.cc:182) Processed features for key common_voice_lt_25158926
WARNING (compute-mfcc-feats[5.5.1182~1-e02e3]:Read():wave-reader.cc:304) Expected 179712 bytes of wave data, but read only 178560 bytes. Truncated file?
VLOG[2] (compute-mfcc-feats[5.5.1182~1-e02e3]:main():compute-mfcc-feats.cc:182) Processed features for key common_voice_lt_25158927
WARNING (compute-mfcc-feats[5.5.1182~1-e02e3]:Read():wave-reader.cc:304) Expected 147456 bytes of wave data, but read only 146304 bytes. Truncated file?
VLOG[2] (compute-mfcc-feats[5.5.1182~1-e02e3]:main():compute-mfcc-feats.cc:182) Processed features for key common_voice_lt_25158928
WARNING (compute-mfcc-feats[5.5.1182~1-e02e3]:Read():wave-reader.cc:304) Expected 176256 bytes of wave data, but read only 175104 bytes. Truncated file?
VLOG[2] (compute-mfcc-feats[5.5.1182~1-e02e3]:main():compute-mfcc-feats.cc:182) Processed features for key common_voice_lt_25158939
WARNING (compute-mfcc-feats[5.5.1182~1-e02e3]:Read():wave-reader.cc:304) Expected 172800 bytes of wave data, but read only 171648 bytes. Truncated file?
VLOG[2] (compute-mfcc-feats[5.5.1182~1-e02e3]:main():compute-mfcc-feats.cc:182) Processed features for key common_voice_lt_25158940
WARNING (compute-mfcc-feats[5.5.1182~1-e02e3]:Read():wave-reader.cc:304) Expected 245376 bytes of wave data, but read only 244224 bytes. Truncated file?
VLOG[2] (compute-mfcc-feats[5.5.1182~1-e02e3]:main():compute-mfcc-feats.cc:182) Processed features for key common_voice_lt_25158941
WARNING (compute-mfcc-feats[5.5.1182~1-e02e3]:Read():wave-reader.cc:304) Expected 299520 bytes of wave data, but read only 298368 bytes. Truncated file?
VLOG[2] (compute-mfcc-feats[5.5.1182~1-e02e3]:main():compute-mfcc-feats.cc:182) Processed features for key common_voice_lt_25158943
WARNING (compute-mfcc-feats[5.5.1182~1-e02e3]:Read():wave-reader.cc:304) Expected 147456 bytes of wave data, but read only 146304 bytes. Truncated file?
VLOG[2] (compute-mfcc-feats[5.5.1182~1-e02e3]:main():compute-mfcc-feats.cc:182) Processed features for key common_voice_lt_25158944
WARNING (compute-mfcc-feats[5.5.1182~1-e02e3]:Read():wave-reader.cc:304) Expected 268416 bytes of wave data, but read only 267264 bytes. Truncated file?
LOG (compute-mfcc-feats[5.5.1182~1-e02e3]:main():compute-mfcc-feats.cc:181) Processed 250 utterances
VLOG[2] (compute-mfcc-feats[5.5.1182~1-e02e3]:main():compute-mfcc-feats.cc:182) Processed features for key common_voice_lt_25158945
WARNING (compute-mfcc-feats[5.5.1182~1-e02e3]:Read():wave-reader.cc:304) Expected 191232 bytes of wave data, but read only 190080 bytes. Truncated file?
VLOG[2] (compute-mfcc-feats[5.5.1182~1-e02e3]:main():compute-mfcc-feats.cc:182) Processed features for key common_voice_lt_25158946
WARNING (compute-mfcc-feats[5.5.1182~1-e02e3]:Read():wave-reader.cc:304) Expected 141696 bytes of wave data, but read only 140544 bytes. Truncated file?
VLOG[2] (compute-mfcc-feats[5.5.1182~1-e02e3]:main():compute-mfcc-feats.cc:182) Processed features for key common_voice_lt_25158947
WARNING (compute-mfcc-feats[5.5.1182~1-e02e3]:Read():wave-reader.cc:304) Expected 135936 bytes of wave data, but read only 134784 bytes. Truncated file?
VLOG[2] (compute-mfcc-feats[5.5.1182~1-e02e3]:main():compute-mfcc-feats.cc:182) Processed features for key common_voice_lt_25158948
WARNING (compute-mfcc-feats[5.5.1182~1-e02e3]:Read():wave-reader.cc:304) Expected 153216 bytes of wave data, but read only 152064 bytes. Truncated file?
VLOG[2] (compute-mfcc-feats[5.5.1182~1-e02e3]:main():compute-mfcc-feats.cc:182) Processed features for key common_voice_lt_25158950
WARNING (compute-mfcc-feats[5.5.1182~1-e02e3]:Read():wave-reader.cc:304) Expected 104832 bytes of wave data, but read only 103680 bytes. Truncated file?
VLOG[2] (compute-mfcc-feats[5.5.1182~1-e02e3]:main():compute-mfcc-feats.cc:182) Processed features for key common_voice_lt_25158951
WARNING (compute-mfcc-feats[5.5.1182~1-e02e3]:Read():wave-reader.cc:304) Expected 107136 bytes of wave data, but read only 105984 bytes. Truncated file?
VLOG[2] (compute-mfcc-feats[5.5.1182~1-e02e3]:main():compute-mfcc-feats.cc:182) Processed features for key common_voice_lt_25158952
WARNING (compute-mfcc-feats[5.5.1182~1-e02e3]:Read():wave-reader.cc:304) Expected 112896 bytes of wave data, but read only 111744 bytes. Truncated file?
VLOG[2] (compute-mfcc-feats[5.5.1182~1-e02e3]:main():compute-mfcc-feats.cc:182) Processed features for key common_voice_lt_25158953
WARNING (compute-mfcc-feats[5.5.1182~1-e02e3]:Read():wave-reader.cc:304) Expected 195840 bytes of wave data, but read only 194688 bytes. Truncated file?
VLOG[2] (compute-mfcc-feats[5.5.1182~1-e02e3]:main():compute-mfcc-feats.cc:182) Processed features for key common_voice_lt_25158954
WARNING (compute-mfcc-feats[5.5.1182~1-e02e3]:Read():wave-reader.cc:304) Expected 207360 bytes of wave data, but read only 206208 bytes. Truncated file?
VLOG[2] (compute-mfcc-feats[5.5.1182~1-e02e3]:main():compute-mfcc-feats.cc:182) Processed features for key common_voice_lt_25158955
WARNING (compute-mfcc-feats[5.5.1182~1-e02e3]:Read():wave-reader.cc:304) Expected 205056 bytes of wave data, but read only 203904 bytes. Truncated file?
LOG (compute-mfcc-feats[5.5.1182~1-e02e3]:main():compute-mfcc-feats.cc:181) Processed 260 utterances
VLOG[2] (compute-mfcc-feats[5.5.1182~1-e02e3]:main():compute-mfcc-feats.cc:182) Processed features for key common_voice_lt_25158956
WARNING (compute-mfcc-feats[5.5.1182~1-e02e3]:Read():wave-reader.cc:304) Expected 208512 bytes of wave data, but read only 207360 bytes. Truncated file?
VLOG[2] (compute-mfcc-feats[5.5.1182~1-e02e3]:main():compute-mfcc-feats.cc:182) Processed features for key common_voice_lt_25158957
WARNING (compute-mfcc-feats[5.5.1182~1-e02e3]:Read():wave-reader.cc:304) Expected 170496 bytes of wave data, but read only 169344 bytes. Truncated file?
VLOG[2] (compute-mfcc-feats[5.5.1182~1-e02e3]:main():compute-mfcc-feats.cc:182) Processed features for key common_voice_lt_25158958
WARNING (compute-mfcc-feats[5.5.1182~1-e02e3]:Read():wave-reader.cc:304) Expected 133632 bytes of wave data, but read only 132480 bytes. Truncated file?
VLOG[2] (compute-mfcc-feats[5.5.1182~1-e02e3]:main():compute-mfcc-feats.cc:182) Processed features for key common_voice_lt_25158965
WARNING (compute-mfcc-feats[5.5.1182~1-e02e3]:Read():wave-reader.cc:304) Expected 147456 bytes of wave data, but read only 146304 bytes. Truncated file?
VLOG[2] (compute-mfcc-feats[5.5.1182~1-e02e3]:main():compute-mfcc-feats.cc:182) Processed features for key common_voice_lt_25158966
WARNING (compute-mfcc-feats[5.5.1182~1-e02e3]:Read():wave-reader.cc:304) Expected 149760 bytes of wave data, but read only 148608 bytes. Truncated file?
VLOG[2] (compute-mfcc-feats[5.5.1182~1-e02e3]:main():compute-mfcc-feats.cc:182) Processed features for key common_voice_lt_25158967
WARNING (compute-mfcc-feats[5.5.1182~1-e02e3]:Read():wave-reader.cc:304) Expected 112896 bytes of wave data, but read only 111744 bytes. Truncated file?
VLOG[2] (compute-mfcc-feats[5.5.1182~1-e02e3]:main():compute-mfcc-feats.cc:182) Processed features for key common_voice_lt_25158968
WARNING (compute-mfcc-feats[5.5.1182~1-e02e3]:Read():wave-reader.cc:304) Expected 135936 bytes of wave data, but read only 134784 bytes. Truncated file?
VLOG[2] (compute-mfcc-feats[5.5.1182~1-e02e3]:main():compute-mfcc-feats.cc:182) Processed features for key common_voice_lt_25158969
WARNING (compute-mfcc-feats[5.5.1182~1-e02e3]:Read():wave-reader.cc:304) Expected 210816 bytes of wave data, but read only 209664 bytes. Truncated file?
VLOG[2] (compute-mfcc-feats[5.5.1182~1-e02e3]:main():compute-mfcc-feats.cc:182) Processed features for key common_voice_lt_25158970
WARNING (compute-mfcc-feats[5.5.1182~1-e02e3]:Read():wave-reader.cc:304) Expected 164736 bytes of wave data, but read only 163584 bytes. Truncated file?
VLOG[2] (compute-mfcc-feats[5.5.1182~1-e02e3]:main():compute-mfcc-feats.cc:182) Processed features for key common_voice_lt_25158971
WARNING (compute-mfcc-feats[5.5.1182~1-e02e3]:Read():wave-reader.cc:304) Expected 170496 bytes of wave data, but read only 169344 bytes. Truncated file?
LOG (compute-mfcc-feats[5.5.1182~1-e02e3]:main():compute-mfcc-feats.cc:181) Processed 270 utterances
VLOG[2] (compute-mfcc-feats[5.5.1182~1-e02e3]:main():compute-mfcc-feats.cc:182) Processed features for key common_voice_lt_25158972
WARNING (compute-mfcc-feats[5.5.1182~1-e02e3]:Read():wave-reader.cc:304) Expected 243072 bytes of wave data, but read only 241920 bytes. Truncated file?
VLOG[2] (compute-mfcc-feats[5.5.1182~1-e02e3]:main():compute-mfcc-feats.cc:182) Processed features for key common_voice_lt_25158975
WARNING (compute-mfcc-feats[5.5.1182~1-e02e3]:Read():wave-reader.cc:304) Expected 115200 bytes of wave data, but read only 114048 bytes. Truncated file?
VLOG[2] (compute-mfcc-feats[5.5.1182~1-e02e3]:main():compute-mfcc-feats.cc:182) Processed features for key common_voice_lt_25158976
WARNING (compute-mfcc-feats[5.5.1182~1-e02e3]:Read():wave-reader.cc:304) Expected 172800 bytes of wave data, but read only 171648 bytes. Truncated file?
VLOG[2] (compute-mfcc-feats[5.5.1182~1-e02e3]:main():compute-mfcc-feats.cc:182) Processed features for key common_voice_lt_25158977
WARNING (compute-mfcc-feats[5.5.1182~1-e02e3]:Read():wave-reader.cc:304) Expected 243072 bytes of wave data, but read only 241920 bytes. Truncated file?
VLOG[2] (compute-mfcc-feats[5.5.1182~1-e02e3]:main():compute-mfcc-feats.cc:182) Processed features for key common_voice_lt_25158978
WARNING (compute-mfcc-feats[5.5.1182~1-e02e3]:Read():wave-reader.cc:304) Expected 158976 bytes of wave data, but read only 157824 bytes. Truncated file?
VLOG[2] (compute-mfcc-feats[5.5.1182~1-e02e3]:main():compute-mfcc-feats.cc:182) Processed features for key common_voice_lt_25158979
WARNING (compute-mfcc-feats[5.5.1182~1-e02e3]:Read():wave-reader.cc:304) Expected 187776 bytes of wave data, but read only 186624 bytes. Truncated file?
VLOG[2] (compute-mfcc-feats[5.5.1182~1-e02e3]:main():compute-mfcc-feats.cc:182) Processed features for key common_voice_lt_25158980
WARNING (compute-mfcc-feats[5.5.1182~1-e02e3]:Read():wave-reader.cc:304) Expected 230400 bytes of wave data, but read only 229248 bytes. Truncated file?
VLOG[2] (compute-mfcc-feats[5.5.1182~1-e02e3]:main():compute-mfcc-feats.cc:182) Processed features for key common_voice_lt_25158981
WARNING (compute-mfcc-feats[5.5.1182~1-e02e3]:Read():wave-reader.cc:304) Expected 138240 bytes of wave data, but read only 137088 bytes. Truncated file?
VLOG[2] (compute-mfcc-feats[5.5.1182~1-e02e3]:main():compute-mfcc-feats.cc:182) Processed features for key common_voice_lt_25158982
WARNING (compute-mfcc-feats[5.5.1182~1-e02e3]:Read():wave-reader.cc:304) Expected 230400 bytes of wave data, but read only 229248 bytes. Truncated file?
VLOG[2] (compute-mfcc-feats[5.5.1182~1-e02e3]:main():compute-mfcc-feats.cc:182) Processed features for key common_voice_lt_25158983
WARNING (compute-mfcc-feats[5.5.1182~1-e02e3]:Read():wave-reader.cc:304) Expected 118656 bytes of wave data, but read only 117504 bytes. Truncated file?
LOG (compute-mfcc-feats[5.5.1182~1-e02e3]:main():compute-mfcc-feats.cc:181) Processed 280 utterances
VLOG[2] (compute-mfcc-feats[5.5.1182~1-e02e3]:main():compute-mfcc-feats.cc:182) Processed features for key common_voice_lt_25158984
WARNING (compute-mfcc-feats[5.5.1182~1-e02e3]:Read():wave-reader.cc:304) Expected 130176 bytes of wave data, but read only 129024 bytes. Truncated file?
VLOG[2] (compute-mfcc-feats[5.5.1182~1-e02e3]:main():compute-mfcc-feats.cc:182) Processed features for key common_voice_lt_25158987
WARNING (compute-mfcc-feats[5.5.1182~1-e02e3]:Read():wave-reader.cc:304) Expected 187776 bytes of wave data, but read only 186624 bytes. Truncated file?
VLOG[2] (compute-mfcc-feats[5.5.1182~1-e02e3]:main():compute-mfcc-feats.cc:182) Processed features for key common_voice_lt_25158990
WARNING (compute-mfcc-feats[5.5.1182~1-e02e3]:Read():wave-reader.cc:304) Expected 147456 bytes of wave data, but read only 146304 bytes. Truncated file?
VLOG[2] (compute-mfcc-feats[5.5.1182~1-e02e3]:main():compute-mfcc-feats.cc:182) Processed features for key common_voice_lt_25158992
WARNING (compute-mfcc-feats[5.5.1182~1-e02e3]:Read():wave-reader.cc:304) Expected 139392 bytes of wave data, but read only 138240 bytes. Truncated file?
VLOG[2] (compute-mfcc-feats[5.5.1182~1-e02e3]:main():compute-mfcc-feats.cc:182) Processed features for key common_voice_lt_25158993
WARNING (compute-mfcc-feats[5.5.1182~1-e02e3]:Read():wave-reader.cc:304) Expected 222336 bytes of wave data, but read only 221184 bytes. Truncated file?
VLOG[2] (compute-mfcc-feats[5.5.1182~1-e02e3]:main():compute-mfcc-feats.cc:182) Processed features for key common_voice_lt_25158994
WARNING (compute-mfcc-feats[5.5.1182~1-e02e3]:Read():wave-reader.cc:304) Expected 182016 bytes of wave data, but read only 180864 bytes. Truncated file?
VLOG[2] (compute-mfcc-feats[5.5.1182~1-e02e3]:main():compute-mfcc-feats.cc:182) Processed features for key common_voice_lt_25158995
WARNING (compute-mfcc-feats[5.5.1182~1-e02e3]:Read():wave-reader.cc:304) Expected 195840 bytes of wave data, but read only 194688 bytes. Truncated file?
VLOG[2] (compute-mfcc-feats[5.5.1182~1-e02e3]:main():compute-mfcc-feats.cc:182) Processed features for key common_voice_lt_25158996
WARNING (compute-mfcc-feats[5.5.1182~1-e02e3]:Read():wave-reader.cc:304) Expected 167040 bytes of wave data, but read only 165888 bytes. Truncated file?
VLOG[2] (compute-mfcc-feats[5.5.1182~1-e02e3]:main():compute-mfcc-feats.cc:182) Processed features for key common_voice_lt_25158997
WARNING (compute-mfcc-feats[5.5.1182~1-e02e3]:Read():wave-reader.cc:304) Expected 168192 bytes of wave data, but read only 167040 bytes. Truncated file?
VLOG[2] (compute-mfcc-feats[5.5.1182~1-e02e3]:main():compute-mfcc-feats.cc:182) Processed features for key common_voice_lt_25158998
WARNING (compute-mfcc-feats[5.5.1182~1-e02e3]:Read():wave-reader.cc:304) Expected 187776 bytes of wave data, but read only 186624 bytes. Truncated file?
LOG (compute-mfcc-feats[5.5.1182~1-e02e3]:main():compute-mfcc-feats.cc:181) Processed 290 utterances
VLOG[2] (compute-mfcc-feats[5.5.1182~1-e02e3]:main():compute-mfcc-feats.cc:182) Processed features for key common_voice_lt_25158999
WARNING (compute-mfcc-feats[5.5.1182~1-e02e3]:Read():wave-reader.cc:304) Expected 164736 bytes of wave data, but read only 163584 bytes. Truncated file?
VLOG[2] (compute-mfcc-feats[5.5.1182~1-e02e3]:main():compute-mfcc-feats.cc:182) Processed features for key common_voice_lt_25159000
WARNING (compute-mfcc-feats[5.5.1182~1-e02e3]:Read():wave-reader.cc:304) Expected 118656 bytes of wave data, but read only 117504 bytes. Truncated file?
VLOG[2] (compute-mfcc-feats[5.5.1182~1-e02e3]:main():compute-mfcc-feats.cc:182) Processed features for key common_voice_lt_25159001
WARNING (compute-mfcc-feats[5.5.1182~1-e02e3]:Read():wave-reader.cc:304) Expected 130176 bytes of wave data, but read only 129024 bytes. Truncated file?
VLOG[2] (compute-mfcc-feats[5.5.1182~1-e02e3]:main():compute-mfcc-feats.cc:182) Processed features for key common_voice_lt_25159002
WARNING (compute-mfcc-feats[5.5.1182~1-e02e3]:Read():wave-reader.cc:304) Expected 216576 bytes of wave data, but read only 215424 bytes. Truncated file?
VLOG[2] (compute-mfcc-feats[5.5.1182~1-e02e3]:main():compute-mfcc-feats.cc:182) Processed features for key common_voice_lt_25159003
WARNING (compute-mfcc-feats[5.5.1182~1-e02e3]:Read():wave-reader.cc:304) Expected 176256 bytes of wave data, but read only 175104 bytes. Truncated file?
VLOG[2] (compute-mfcc-feats[5.5.1182~1-e02e3]:main():compute-mfcc-feats.cc:182) Processed features for key common_voice_lt_25159004
WARNING (compute-mfcc-feats[5.5.1182~1-e02e3]:Read():wave-reader.cc:304) Expected 184320 bytes of wave data, but read only 183168 bytes. Truncated file?
VLOG[2] (compute-mfcc-feats[5.5.1182~1-e02e3]:main():compute-mfcc-feats.cc:182) Processed features for key common_voice_lt_25159005
WARNING (compute-mfcc-feats[5.5.1182~1-e02e3]:Read():wave-reader.cc:304) Expected 147456 bytes of wave data, but read only 146304 bytes. Truncated file?
VLOG[2] (compute-mfcc-feats[5.5.1182~1-e02e3]:main():compute-mfcc-feats.cc:182) Processed features for key common_voice_lt_25159006
WARNING (compute-mfcc-feats[5.5.1182~1-e02e3]:Read():wave-reader.cc:304) Expected 141696 bytes of wave data, but read only 140544 bytes. Truncated file?
VLOG[2] (compute-mfcc-feats[5.5.1182~1-e02e3]:main():compute-mfcc-feats.cc:182) Processed features for key common_voice_lt_25159007
WARNING (compute-mfcc-feats[5.5.1182~1-e02e3]:Read():wave-reader.cc:304) Expected 231552 bytes of wave data, but read only 230400 bytes. Truncated file?
VLOG[2] (compute-mfcc-feats[5.5.1182~1-e02e3]:main():compute-mfcc-feats.cc:182) Processed features for key common_voice_lt_25159008
WARNING (compute-mfcc-feats[5.5.1182~1-e02e3]:Read():wave-reader.cc:304) Expected 170496 bytes of wave data, but read only 169344 bytes. Truncated file?
LOG (compute-mfcc-feats[5.5.1182~1-e02e3]:main():compute-mfcc-feats.cc:181) Processed 300 utterances
VLOG[2] (compute-mfcc-feats[5.5.1182~1-e02e3]:main():compute-mfcc-feats.cc:182) Processed features for key common_voice_lt_25159009
WARNING (compute-mfcc-feats[5.5.1182~1-e02e3]:Read():wave-reader.cc:304) Expected 127872 bytes of wave data, but read only 126720 bytes. Truncated file?
VLOG[2] (compute-mfcc-feats[5.5.1182~1-e02e3]:main():compute-mfcc-feats.cc:182) Processed features for key common_voice_lt_25159010
WARNING (compute-mfcc-feats[5.5.1182~1-e02e3]:Read():wave-reader.cc:304) Expected 110592 bytes of wave data, but read only 109440 bytes. Truncated file?
VLOG[2] (compute-mfcc-feats[5.5.1182~1-e02e3]:main():compute-mfcc-feats.cc:182) Processed features for key common_voice_lt_25159011
WARNING (compute-mfcc-feats[5.5.1182~1-e02e3]:Read():wave-reader.cc:304) Expected 185472 bytes of wave data, but read only 184320 bytes. Truncated file?
VLOG[2] (compute-mfcc-feats[5.5.1182~1-e02e3]:main():compute-mfcc-feats.cc:182) Processed features for key common_voice_lt_25159012
WARNING (compute-mfcc-feats[5.5.1182~1-e02e3]:Read():wave-reader.cc:304) Expected 161280 bytes of wave data, but read only 160128 bytes. Truncated file?
VLOG[2] (compute-mfcc-feats[5.5.1182~1-e02e3]:main():compute-mfcc-feats.cc:182) Processed features for key common_voice_lt_25159013
WARNING (compute-mfcc-feats[5.5.1182~1-e02e3]:Read():wave-reader.cc:304) Expected 116352 bytes of wave data, but read only 115200 bytes. Truncated file?
VLOG[2] (compute-mfcc-feats[5.5.1182~1-e02e3]:main():compute-mfcc-feats.cc:182) Processed features for key common_voice_lt_25159014
WARNING (compute-mfcc-feats[5.5.1182~1-e02e3]:Read():wave-reader.cc:304) Expected 156672 bytes of wave data, but read only 155520 bytes. Truncated file?
VLOG[2] (compute-mfcc-feats[5.5.1182~1-e02e3]:main():compute-mfcc-feats.cc:182) Processed features for key common_voice_lt_25159015
WARNING (compute-mfcc-feats[5.5.1182~1-e02e3]:Read():wave-reader.cc:304) Expected 176256 bytes of wave data, but read only 175104 bytes. Truncated file?
VLOG[2] (compute-mfcc-feats[5.5.1182~1-e02e3]:main():compute-mfcc-feats.cc:182) Processed features for key common_voice_lt_25159016
WARNING (compute-mfcc-feats[5.5.1182~1-e02e3]:Read():wave-reader.cc:304) Expected 138240 bytes of wave data, but read only 137088 bytes. Truncated file?
VLOG[2] (compute-mfcc-feats[5.5.1182~1-e02e3]:main():compute-mfcc-feats.cc:182) Processed features for key common_voice_lt_25159017
WARNING (compute-mfcc-feats[5.5.1182~1-e02e3]:Read():wave-reader.cc:304) Expected 224640 bytes of wave data, but read only 223488 bytes. Truncated file?
VLOG[2] (compute-mfcc-feats[5.5.1182~1-e02e3]:main():compute-mfcc-feats.cc:182) Processed features for key common_voice_lt_25159018
WARNING (compute-mfcc-feats[5.5.1182~1-e02e3]:Read():wave-reader.cc:304) Expected 144000 bytes of wave data, but read only 142848 bytes. Truncated file?
LOG (compute-mfcc-feats[5.5.1182~1-e02e3]:main():compute-mfcc-feats.cc:181) Processed 310 utterances
VLOG[2] (compute-mfcc-feats[5.5.1182~1-e02e3]:main():compute-mfcc-feats.cc:182) Processed features for key common_voice_lt_25159019
WARNING (compute-mfcc-feats[5.5.1182~1-e02e3]:Read():wave-reader.cc:304) Expected 147456 bytes of wave data, but read only 146304 bytes. Truncated file?
VLOG[2] (compute-mfcc-feats[5.5.1182~1-e02e3]:main():compute-mfcc-feats.cc:182) Processed features for key common_voice_lt_25159021
WARNING (compute-mfcc-feats[5.5.1182~1-e02e3]:Read():wave-reader.cc:304) Expected 139392 bytes of wave data, but read only 138240 bytes. Truncated file?
VLOG[2] (compute-mfcc-feats[5.5.1182~1-e02e3]:main():compute-mfcc-feats.cc:182) Processed features for key common_voice_lt_25159022
WARNING (compute-mfcc-feats[5.5.1182~1-e02e3]:Read():wave-reader.cc:304) Expected 116352 bytes of wave data, but read only 115200 bytes. Truncated file?
VLOG[2] (compute-mfcc-feats[5.5.1182~1-e02e3]:main():compute-mfcc-feats.cc:182) Processed features for key common_voice_lt_25159023
WARNING (compute-mfcc-feats[5.5.1182~1-e02e3]:Read():wave-reader.cc:304) Expected 158976 bytes of wave data, but read only 157824 bytes. Truncated file?
VLOG[2] (compute-mfcc-feats[5.5.1182~1-e02e3]:main():compute-mfcc-feats.cc:182) Processed features for key common_voice_lt_25159030
WARNING (compute-mfcc-feats[5.5.1182~1-e02e3]:Read():wave-reader.cc:304) Expected 176256 bytes of wave data, but read only 175104 bytes. Truncated file?
VLOG[2] (compute-mfcc-feats[5.5.1182~1-e02e3]:main():compute-mfcc-feats.cc:182) Processed features for key common_voice_lt_25159031
WARNING (compute-mfcc-feats[5.5.1182~1-e02e3]:Read():wave-reader.cc:304) Expected 126720 bytes of wave data, but read only 125568 bytes. Truncated file?
VLOG[2] (compute-mfcc-feats[5.5.1182~1-e02e3]:main():compute-mfcc-feats.cc:182) Processed features for key common_voice_lt_25159032
WARNING (compute-mfcc-feats[5.5.1182~1-e02e3]:Read():wave-reader.cc:304) Expected 199296 bytes of wave data, but read only 198144 bytes. Truncated file?
VLOG[2] (compute-mfcc-feats[5.5.1182~1-e02e3]:main():compute-mfcc-feats.cc:182) Processed features for key common_voice_lt_25159033
WARNING (compute-mfcc-feats[5.5.1182~1-e02e3]:Read():wave-reader.cc:304) Expected 150912 bytes of wave data, but read only 149760 bytes. Truncated file?
VLOG[2] (compute-mfcc-feats[5.5.1182~1-e02e3]:main():compute-mfcc-feats.cc:182) Processed features for key common_voice_lt_25159034
WARNING (compute-mfcc-feats[5.5.1182~1-e02e3]:Read():wave-reader.cc:304) Expected 150912 bytes of wave data, but read only 149760 bytes. Truncated file?
VLOG[2] (compute-mfcc-feats[5.5.1182~1-e02e3]:main():compute-mfcc-feats.cc:182) Processed features for key common_voice_lt_25159036
WARNING (compute-mfcc-feats[5.5.1182~1-e02e3]:Read():wave-reader.cc:304) Expected 208512 bytes of wave data, but read only 207360 bytes. Truncated file?
LOG (compute-mfcc-feats[5.5.1182~1-e02e3]:main():compute-mfcc-feats.cc:181) Processed 320 utterances
VLOG[2] (compute-mfcc-feats[5.5.1182~1-e02e3]:main():compute-mfcc-feats.cc:182) Processed features for key common_voice_lt_25159037
WARNING (compute-mfcc-feats[5.5.1182~1-e02e3]:Read():wave-reader.cc:304) Expected 162432 bytes of wave data, but read only 161280 bytes. Truncated file?
VLOG[2] (compute-mfcc-feats[5.5.1182~1-e02e3]:main():compute-mfcc-feats.cc:182) Processed features for key common_voice_lt_25159038
WARNING (compute-mfcc-feats[5.5.1182~1-e02e3]:Read():wave-reader.cc:304) Expected 156672 bytes of wave data, but read only 155520 bytes. Truncated file?
VLOG[2] (compute-mfcc-feats[5.5.1182~1-e02e3]:main():compute-mfcc-feats.cc:182) Processed features for key common_voice_lt_25159039
WARNING (compute-mfcc-feats[5.5.1182~1-e02e3]:Read():wave-reader.cc:304) Expected 156672 bytes of wave data, but read only 155520 bytes. Truncated file?
VLOG[2] (compute-mfcc-feats[5.5.1182~1-e02e3]:main():compute-mfcc-feats.cc:182) Processed features for key common_voice_lt_25159040
WARNING (compute-mfcc-feats[5.5.1182~1-e02e3]:Read():wave-reader.cc:304) Expected 168192 bytes of wave data, but read only 167040 bytes. Truncated file?
VLOG[2] (compute-mfcc-feats[5.5.1182~1-e02e3]:main():compute-mfcc-feats.cc:182) Processed features for key common_voice_lt_25159077
WARNING (compute-mfcc-feats[5.5.1182~1-e02e3]:Read():wave-reader.cc:304) Expected 133632 bytes of wave data, but read only 132480 bytes. Truncated file?
VLOG[2] (compute-mfcc-feats[5.5.1182~1-e02e3]:main():compute-mfcc-feats.cc:182) Processed features for key common_voice_lt_25159078
WARNING (compute-mfcc-feats[5.5.1182~1-e02e3]:Read():wave-reader.cc:304) Expected 138240 bytes of wave data, but read only 137088 bytes. Truncated file?
VLOG[2] (compute-mfcc-feats[5.5.1182~1-e02e3]:main():compute-mfcc-feats.cc:182) Processed features for key common_voice_lt_25159079
WARNING (compute-mfcc-feats[5.5.1182~1-e02e3]:Read():wave-reader.cc:304) Expected 95616 bytes of wave data, but read only 94464 bytes. Truncated file?
VLOG[2] (compute-mfcc-feats[5.5.1182~1-e02e3]:main():compute-mfcc-feats.cc:182) Processed features for key common_voice_lt_25159080
WARNING (compute-mfcc-feats[5.5.1182~1-e02e3]:Read():wave-reader.cc:304) Expected 185472 bytes of wave data, but read only 184320 bytes. Truncated file?
VLOG[2] (compute-mfcc-feats[5.5.1182~1-e02e3]:main():compute-mfcc-feats.cc:182) Processed features for key common_voice_lt_25159081
WARNING (compute-mfcc-feats[5.5.1182~1-e02e3]:Read():wave-reader.cc:304) Expected 115200 bytes of wave data, but read only 114048 bytes. Truncated file?
VLOG[2] (compute-mfcc-feats[5.5.1182~1-e02e3]:main():compute-mfcc-feats.cc:182) Processed features for key common_voice_lt_25159132
WARNING (compute-mfcc-feats[5.5.1182~1-e02e3]:Read():wave-reader.cc:304) Expected 162432 bytes of wave data, but read only 161280 bytes. Truncated file?
LOG (compute-mfcc-feats[5.5.1182~1-e02e3]:main():compute-mfcc-feats.cc:181) Processed 330 utterances
VLOG[2] (compute-mfcc-feats[5.5.1182~1-e02e3]:main():compute-mfcc-feats.cc:182) Processed features for key common_voice_lt_25159133
WARNING (compute-mfcc-feats[5.5.1182~1-e02e3]:Read():wave-reader.cc:304) Expected 133632 bytes of wave data, but read only 132480 bytes. Truncated file?
VLOG[2] (compute-mfcc-feats[5.5.1182~1-e02e3]:main():compute-mfcc-feats.cc:182) Processed features for key common_voice_lt_25159134
WARNING (compute-mfcc-feats[5.5.1182~1-e02e3]:Read():wave-reader.cc:304) Expected 176256 bytes of wave data, but read only 175104 bytes. Truncated file?
VLOG[2] (compute-mfcc-feats[5.5.1182~1-e02e3]:main():compute-mfcc-feats.cc:182) Processed features for key common_voice_lt_25159135
WARNING (compute-mfcc-feats[5.5.1182~1-e02e3]:Read():wave-reader.cc:304) Expected 216576 bytes of wave data, but read only 215424 bytes. Truncated file?
VLOG[2] (compute-mfcc-feats[5.5.1182~1-e02e3]:main():compute-mfcc-feats.cc:182) Processed features for key common_voice_lt_25159136
WARNING (compute-mfcc-feats[5.5.1182~1-e02e3]:Read():wave-reader.cc:304) Expected 179712 bytes of wave data, but read only 178560 bytes. Truncated file?
VLOG[2] (compute-mfcc-feats[5.5.1182~1-e02e3]:main():compute-mfcc-feats.cc:182) Processed features for key common_voice_lt_25159142
WARNING (compute-mfcc-feats[5.5.1182~1-e02e3]:Read():wave-reader.cc:304) Expected 193536 bytes of wave data, but read only 192384 bytes. Truncated file?
VLOG[2] (compute-mfcc-feats[5.5.1182~1-e02e3]:main():compute-mfcc-feats.cc:182) Processed features for key common_voice_lt_25159143
WARNING (compute-mfcc-feats[5.5.1182~1-e02e3]:Read():wave-reader.cc:304) Expected 178560 bytes of wave data, but read only 177408 bytes. Truncated file?
VLOG[2] (compute-mfcc-feats[5.5.1182~1-e02e3]:main():compute-mfcc-feats.cc:182) Processed features for key common_voice_lt_25159144
WARNING (compute-mfcc-feats[5.5.1182~1-e02e3]:Read():wave-reader.cc:304) Expected 173952 bytes of wave data, but read only 172800 bytes. Truncated file?
VLOG[2] (compute-mfcc-feats[5.5.1182~1-e02e3]:main():compute-mfcc-feats.cc:182) Processed features for key common_voice_lt_25159145
WARNING (compute-mfcc-feats[5.5.1182~1-e02e3]:Read():wave-reader.cc:304) Expected 253440 bytes of wave data, but read only 252288 bytes. Truncated file?
VLOG[2] (compute-mfcc-feats[5.5.1182~1-e02e3]:main():compute-mfcc-feats.cc:182) Processed features for key common_voice_lt_25159146
WARNING (compute-mfcc-feats[5.5.1182~1-e02e3]:Read():wave-reader.cc:304) Expected 155520 bytes of wave data, but read only 154368 bytes. Truncated file?
VLOG[2] (compute-mfcc-feats[5.5.1182~1-e02e3]:main():compute-mfcc-feats.cc:182) Processed features for key common_voice_lt_25159162
WARNING (compute-mfcc-feats[5.5.1182~1-e02e3]:Read():wave-reader.cc:304) Expected 141696 bytes of wave data, but read only 140544 bytes. Truncated file?
LOG (compute-mfcc-feats[5.5.1182~1-e02e3]:main():compute-mfcc-feats.cc:181) Processed 340 utterances
VLOG[2] (compute-mfcc-feats[5.5.1182~1-e02e3]:main():compute-mfcc-feats.cc:182) Processed features for key common_voice_lt_25159163
WARNING (compute-mfcc-feats[5.5.1182~1-e02e3]:Read():wave-reader.cc:304) Expected 110592 bytes of wave data, but read only 109440 bytes. Truncated file?
VLOG[2] (compute-mfcc-feats[5.5.1182~1-e02e3]:main():compute-mfcc-feats.cc:182) Processed features for key common_voice_lt_25159164
WARNING (compute-mfcc-feats[5.5.1182~1-e02e3]:Read():wave-reader.cc:304) Expected 225792 bytes of wave data, but read only 224640 bytes. Truncated file?
VLOG[2] (compute-mfcc-feats[5.5.1182~1-e02e3]:main():compute-mfcc-feats.cc:182) Processed features for key common_voice_lt_25159165
WARNING (compute-mfcc-feats[5.5.1182~1-e02e3]:Read():wave-reader.cc:304) Expected 220032 bytes of wave data, but read only 218880 bytes. Truncated file?
VLOG[2] (compute-mfcc-feats[5.5.1182~1-e02e3]:main():compute-mfcc-feats.cc:182) Processed features for key common_voice_lt_25159166
WARNING (compute-mfcc-feats[5.5.1182~1-e02e3]:Read():wave-reader.cc:304) Expected 107136 bytes of wave data, but read only 105984 bytes. Truncated file?
VLOG[2] (compute-mfcc-feats[5.5.1182~1-e02e3]:main():compute-mfcc-feats.cc:182) Processed features for key common_voice_lt_25159172
WARNING (compute-mfcc-feats[5.5.1182~1-e02e3]:Read():wave-reader.cc:304) Expected 110592 bytes of wave data, but read only 109440 bytes. Truncated file?
VLOG[2] (compute-mfcc-feats[5.5.1182~1-e02e3]:main():compute-mfcc-feats.cc:182) Processed features for key common_voice_lt_25159174
WARNING (compute-mfcc-feats[5.5.1182~1-e02e3]:Read():wave-reader.cc:304) Expected 170496 bytes of wave data, but read only 169344 bytes. Truncated file?
VLOG[2] (compute-mfcc-feats[5.5.1182~1-e02e3]:main():compute-mfcc-feats.cc:182) Processed features for key common_voice_lt_25159176
WARNING (compute-mfcc-feats[5.5.1182~1-e02e3]:Read():wave-reader.cc:304) Expected 220032 bytes of wave data, but read only 218880 bytes. Truncated file?
VLOG[2] (compute-mfcc-feats[5.5.1182~1-e02e3]:main():compute-mfcc-feats.cc:182) Processed features for key common_voice_lt_25159178
WARNING (compute-mfcc-feats[5.5.1182~1-e02e3]:Read():wave-reader.cc:304) Expected 130176 bytes of wave data, but read only 129024 bytes. Truncated file?
VLOG[2] (compute-mfcc-feats[5.5.1182~1-e02e3]:main():compute-mfcc-feats.cc:182) Processed features for key common_voice_lt_25159179
WARNING (compute-mfcc-feats[5.5.1182~1-e02e3]:Read():wave-reader.cc:304) Expected 184320 bytes of wave data, but read only 183168 bytes. Truncated file?
VLOG[2] (compute-mfcc-feats[5.5.1182~1-e02e3]:main():compute-mfcc-feats.cc:182) Processed features for key common_voice_lt_25159192
WARNING (compute-mfcc-feats[5.5.1182~1-e02e3]:Read():wave-reader.cc:304) Expected 107136 bytes of wave data, but read only 105984 bytes. Truncated file?
LOG (compute-mfcc-feats[5.5.1182~1-e02e3]:main():compute-mfcc-feats.cc:181) Processed 350 utterances
VLOG[2] (compute-mfcc-feats[5.5.1182~1-e02e3]:main():compute-mfcc-feats.cc:182) Processed features for key common_voice_lt_25159193
WARNING (compute-mfcc-feats[5.5.1182~1-e02e3]:Read():wave-reader.cc:304) Expected 156672 bytes of wave data, but read only 155520 bytes. Truncated file?
VLOG[2] (compute-mfcc-feats[5.5.1182~1-e02e3]:main():compute-mfcc-feats.cc:182) Processed features for key common_voice_lt_25159194
WARNING (compute-mfcc-feats[5.5.1182~1-e02e3]:Read():wave-reader.cc:304) Expected 162432 bytes of wave data, but read only 161280 bytes. Truncated file?
VLOG[2] (compute-mfcc-feats[5.5.1182~1-e02e3]:main():compute-mfcc-feats.cc:182) Processed features for key common_voice_lt_25159195
WARNING (compute-mfcc-feats[5.5.1182~1-e02e3]:Read():wave-reader.cc:304) Expected 147456 bytes of wave data, but read only 146304 bytes. Truncated file?
VLOG[2] (compute-mfcc-feats[5.5.1182~1-e02e3]:main():compute-mfcc-feats.cc:182) Processed features for key common_voice_lt_25159196
WARNING (compute-mfcc-feats[5.5.1182~1-e02e3]:Read():wave-reader.cc:304) Expected 214272 bytes of wave data, but read only 213120 bytes. Truncated file?
VLOG[2] (compute-mfcc-feats[5.5.1182~1-e02e3]:main():compute-mfcc-feats.cc:182) Processed features for key common_voice_lt_25159202
WARNING (compute-mfcc-feats[5.5.1182~1-e02e3]:Read():wave-reader.cc:304) Expected 110592 bytes of wave data, but read only 109440 bytes. Truncated file?
VLOG[2] (compute-mfcc-feats[5.5.1182~1-e02e3]:main():compute-mfcc-feats.cc:182) Processed features for key common_voice_lt_25159203
WARNING (compute-mfcc-feats[5.5.1182~1-e02e3]:Read():wave-reader.cc:304) Expected 199296 bytes of wave data, but read only 198144 bytes. Truncated file?
VLOG[2] (compute-mfcc-feats[5.5.1182~1-e02e3]:main():compute-mfcc-feats.cc:182) Processed features for key common_voice_lt_25159204
WARNING (compute-mfcc-feats[5.5.1182~1-e02e3]:Read():wave-reader.cc:304) Expected 124416 bytes of wave data, but read only 123264 bytes. Truncated file?
VLOG[2] (compute-mfcc-feats[5.5.1182~1-e02e3]:main():compute-mfcc-feats.cc:182) Processed features for key common_voice_lt_25159205
WARNING (compute-mfcc-feats[5.5.1182~1-e02e3]:Read():wave-reader.cc:304) Expected 120960 bytes of wave data, but read only 119808 bytes. Truncated file?
VLOG[2] (compute-mfcc-feats[5.5.1182~1-e02e3]:main():compute-mfcc-feats.cc:182) Processed features for key common_voice_lt_25159212
WARNING (compute-mfcc-feats[5.5.1182~1-e02e3]:Read():wave-reader.cc:304) Expected 116352 bytes of wave data, but read only 115200 bytes. Truncated file?
VLOG[2] (compute-mfcc-feats[5.5.1182~1-e02e3]:main():compute-mfcc-feats.cc:182) Processed features for key common_voice_lt_25159213
WARNING (compute-mfcc-feats[5.5.1182~1-e02e3]:Read():wave-reader.cc:304) Expected 149760 bytes of wave data, but read only 148608 bytes. Truncated file?
LOG (compute-mfcc-feats[5.5.1182~1-e02e3]:main():compute-mfcc-feats.cc:181) Processed 360 utterances
VLOG[2] (compute-mfcc-feats[5.5.1182~1-e02e3]:main():compute-mfcc-feats.cc:182) Processed features for key common_voice_lt_25159214
WARNING (compute-mfcc-feats[5.5.1182~1-e02e3]:Read():wave-reader.cc:304) Expected 99072 bytes of wave data, but read only 97920 bytes. Truncated file?
VLOG[2] (compute-mfcc-feats[5.5.1182~1-e02e3]:main():compute-mfcc-feats.cc:182) Processed features for key common_voice_lt_25159215
WARNING (compute-mfcc-feats[5.5.1182~1-e02e3]:Read():wave-reader.cc:304) Expected 135936 bytes of wave data, but read only 134784 bytes. Truncated file?
VLOG[2] (compute-mfcc-feats[5.5.1182~1-e02e3]:main():compute-mfcc-feats.cc:182) Processed features for key common_voice_lt_25159216
WARNING (compute-mfcc-feats[5.5.1182~1-e02e3]:Read():wave-reader.cc:304) Expected 155520 bytes of wave data, but read only 154368 bytes. Truncated file?
VLOG[2] (compute-mfcc-feats[5.5.1182~1-e02e3]:main():compute-mfcc-feats.cc:182) Processed features for key common_voice_lt_25159220
WARNING (compute-mfcc-feats[5.5.1182~1-e02e3]:Read():wave-reader.cc:304) Expected 208512 bytes of wave data, but read only 207360 bytes. Truncated file?
VLOG[2] (compute-mfcc-feats[5.5.1182~1-e02e3]:main():compute-mfcc-feats.cc:182) Processed features for key common_voice_lt_25159222
WARNING (compute-mfcc-feats[5.5.1182~1-e02e3]:Read():wave-reader.cc:304) Expected 216576 bytes of wave data, but read only 215424 bytes. Truncated file?
VLOG[2] (compute-mfcc-feats[5.5.1182~1-e02e3]:main():compute-mfcc-feats.cc:182) Processed features for key common_voice_lt_25159223
WARNING (compute-mfcc-feats[5.5.1182~1-e02e3]:Read():wave-reader.cc:304) Expected 112896 bytes of wave data, but read only 111744 bytes. Truncated file?
VLOG[2] (compute-mfcc-feats[5.5.1182~1-e02e3]:main():compute-mfcc-feats.cc:182) Processed features for key common_voice_lt_25159224
WARNING (compute-mfcc-feats[5.5.1182~1-e02e3]:Read():wave-reader.cc:304) Expected 130176 bytes of wave data, but read only 129024 bytes. Truncated file?
VLOG[2] (compute-mfcc-feats[5.5.1182~1-e02e3]:main():compute-mfcc-feats.cc:182) Processed features for key common_voice_lt_25159225
WARNING (compute-mfcc-feats[5.5.1182~1-e02e3]:Read():wave-reader.cc:304) Expected 193536 bytes of wave data, but read only 192384 bytes. Truncated file?
VLOG[2] (compute-mfcc-feats[5.5.1182~1-e02e3]:main():compute-mfcc-feats.cc:182) Processed features for key common_voice_lt_25159233
WARNING (compute-mfcc-feats[5.5.1182~1-e02e3]:Read():wave-reader.cc:304) Expected 178560 bytes of wave data, but read only 177408 bytes. Truncated file?
VLOG[2] (compute-mfcc-feats[5.5.1182~1-e02e3]:main():compute-mfcc-feats.cc:182) Processed features for key common_voice_lt_25159234
WARNING (compute-mfcc-feats[5.5.1182~1-e02e3]:Read():wave-reader.cc:304) Expected 196992 bytes of wave data, but read only 195840 bytes. Truncated file?
LOG (compute-mfcc-feats[5.5.1182~1-e02e3]:main():compute-mfcc-feats.cc:181) Processed 370 utterances
VLOG[2] (compute-mfcc-feats[5.5.1182~1-e02e3]:main():compute-mfcc-feats.cc:182) Processed features for key common_voice_lt_25159235
WARNING (compute-mfcc-feats[5.5.1182~1-e02e3]:Read():wave-reader.cc:304) Expected 133632 bytes of wave data, but read only 132480 bytes. Truncated file?
VLOG[2] (compute-mfcc-feats[5.5.1182~1-e02e3]:main():compute-mfcc-feats.cc:182) Processed features for key common_voice_lt_25159236
WARNING (compute-mfcc-feats[5.5.1182~1-e02e3]:Read():wave-reader.cc:304) Expected 135936 bytes of wave data, but read only 134784 bytes. Truncated file?
VLOG[2] (compute-mfcc-feats[5.5.1182~1-e02e3]:main():compute-mfcc-feats.cc:182) Processed features for key common_voice_lt_25159237
WARNING (compute-mfcc-feats[5.5.1182~1-e02e3]:Read():wave-reader.cc:304) Expected 144000 bytes of wave data, but read only 142848 bytes. Truncated file?
VLOG[2] (compute-mfcc-feats[5.5.1182~1-e02e3]:main():compute-mfcc-feats.cc:182) Processed features for key common_voice_lt_25159238
WARNING (compute-mfcc-feats[5.5.1182~1-e02e3]:Read():wave-reader.cc:304) Expected 207360 bytes of wave data, but read only 206208 bytes. Truncated file?
VLOG[2] (compute-mfcc-feats[5.5.1182~1-e02e3]:main():compute-mfcc-feats.cc:182) Processed features for key common_voice_lt_25159239
WARNING (compute-mfcc-feats[5.5.1182~1-e02e3]:Read():wave-reader.cc:304) Expected 153216 bytes of wave data, but read only 152064 bytes. Truncated file?
VLOG[2] (compute-mfcc-feats[5.5.1182~1-e02e3]:main():compute-mfcc-feats.cc:182) Processed features for key common_voice_lt_25159240
WARNING (compute-mfcc-feats[5.5.1182~1-e02e3]:Read():wave-reader.cc:304) Expected 167040 bytes of wave data, but read only 165888 bytes. Truncated file?
VLOG[2] (compute-mfcc-feats[5.5.1182~1-e02e3]:main():compute-mfcc-feats.cc:182) Processed features for key common_voice_lt_25159241
WARNING (compute-mfcc-feats[5.5.1182~1-e02e3]:Read():wave-reader.cc:304) Expected 115200 bytes of wave data, but read only 114048 bytes. Truncated file?
VLOG[2] (compute-mfcc-feats[5.5.1182~1-e02e3]:main():compute-mfcc-feats.cc:182) Processed features for key common_voice_lt_25159242
WARNING (compute-mfcc-feats[5.5.1182~1-e02e3]:Read():wave-reader.cc:304) Expected 118656 bytes of wave data, but read only 117504 bytes. Truncated file?
VLOG[2] (compute-mfcc-feats[5.5.1182~1-e02e3]:main():compute-mfcc-feats.cc:182) Processed features for key common_voice_lt_25159243
WARNING (compute-mfcc-feats[5.5.1182~1-e02e3]:Read():wave-reader.cc:304) Expected 185472 bytes of wave data, but read only 184320 bytes. Truncated file?
VLOG[2] (compute-mfcc-feats[5.5.1182~1-e02e3]:main():compute-mfcc-feats.cc:182) Processed features for key common_voice_lt_25159244
WARNING (compute-mfcc-feats[5.5.1182~1-e02e3]:Read():wave-reader.cc:304) Expected 245376 bytes of wave data, but read only 244224 bytes. Truncated file?
LOG (compute-mfcc-feats[5.5.1182~1-e02e3]:main():compute-mfcc-feats.cc:181) Processed 380 utterances
VLOG[2] (compute-mfcc-feats[5.5.1182~1-e02e3]:main():compute-mfcc-feats.cc:182) Processed features for key common_voice_lt_25159245
WARNING (compute-mfcc-feats[5.5.1182~1-e02e3]:Read():wave-reader.cc:304) Expected 195840 bytes of wave data, but read only 194688 bytes. Truncated file?
VLOG[2] (compute-mfcc-feats[5.5.1182~1-e02e3]:main():compute-mfcc-feats.cc:182) Processed features for key common_voice_lt_25159246
WARNING (compute-mfcc-feats[5.5.1182~1-e02e3]:Read():wave-reader.cc:304) Expected 170496 bytes of wave data, but read only 169344 bytes. Truncated file?
VLOG[2] (compute-mfcc-feats[5.5.1182~1-e02e3]:main():compute-mfcc-feats.cc:182) Processed features for key common_voice_lt_25159294
WARNING (compute-mfcc-feats[5.5.1182~1-e02e3]:Read():wave-reader.cc:304) Expected 135936 bytes of wave data, but read only 134784 bytes. Truncated file?
VLOG[2] (compute-mfcc-feats[5.5.1182~1-e02e3]:main():compute-mfcc-feats.cc:182) Processed features for key common_voice_lt_25159295
WARNING (compute-mfcc-feats[5.5.1182~1-e02e3]:Read():wave-reader.cc:304) Expected 120960 bytes of wave data, but read only 119808 bytes. Truncated file?
VLOG[2] (compute-mfcc-feats[5.5.1182~1-e02e3]:main():compute-mfcc-feats.cc:182) Processed features for key common_voice_lt_25159296
WARNING (compute-mfcc-feats[5.5.1182~1-e02e3]:Read():wave-reader.cc:304) Expected 138240 bytes of wave data, but read only 137088 bytes. Truncated file?
VLOG[2] (compute-mfcc-feats[5.5.1182~1-e02e3]:main():compute-mfcc-feats.cc:182) Processed features for key common_voice_lt_25159297
WARNING (compute-mfcc-feats[5.5.1182~1-e02e3]:Read():wave-reader.cc:304) Expected 122112 bytes of wave data, but read only 120960 bytes. Truncated file?
VLOG[2] (compute-mfcc-feats[5.5.1182~1-e02e3]:main():compute-mfcc-feats.cc:182) Processed features for key common_voice_lt_25159298
WARNING (compute-mfcc-feats[5.5.1182~1-e02e3]:Read():wave-reader.cc:304) Expected 135936 bytes of wave data, but read only 134784 bytes. Truncated file?
VLOG[2] (compute-mfcc-feats[5.5.1182~1-e02e3]:main():compute-mfcc-feats.cc:182) Processed features for key common_voice_lt_25159300
WARNING (compute-mfcc-feats[5.5.1182~1-e02e3]:Read():wave-reader.cc:304) Expected 193536 bytes of wave data, but read only 192384 bytes. Truncated file?
VLOG[2] (compute-mfcc-feats[5.5.1182~1-e02e3]:main():compute-mfcc-feats.cc:182) Processed features for key common_voice_lt_25159302
WARNING (compute-mfcc-feats[5.5.1182~1-e02e3]:Read():wave-reader.cc:304) Expected 112896 bytes of wave data, but read only 111744 bytes. Truncated file?
VLOG[2] (compute-mfcc-feats[5.5.1182~1-e02e3]:main():compute-mfcc-feats.cc:182) Processed features for key common_voice_lt_25159304
WARNING (compute-mfcc-feats[5.5.1182~1-e02e3]:Read():wave-reader.cc:304) Expected 268416 bytes of wave data, but read only 267264 bytes. Truncated file?
LOG (compute-mfcc-feats[5.5.1182~1-e02e3]:main():compute-mfcc-feats.cc:181) Processed 390 utterances
VLOG[2] (compute-mfcc-feats[5.5.1182~1-e02e3]:main():compute-mfcc-feats.cc:182) Processed features for key common_voice_lt_25159306
WARNING (compute-mfcc-feats[5.5.1182~1-e02e3]:Read():wave-reader.cc:304) Expected 132480 bytes of wave data, but read only 131328 bytes. Truncated file?
VLOG[2] (compute-mfcc-feats[5.5.1182~1-e02e3]:main():compute-mfcc-feats.cc:182) Processed features for key common_voice_lt_25159307
WARNING (compute-mfcc-feats[5.5.1182~1-e02e3]:Read():wave-reader.cc:304) Expected 133632 bytes of wave data, but read only 132480 bytes. Truncated file?
VLOG[2] (compute-mfcc-feats[5.5.1182~1-e02e3]:main():compute-mfcc-feats.cc:182) Processed features for key common_voice_lt_25159312
WARNING (compute-mfcc-feats[5.5.1182~1-e02e3]:Read():wave-reader.cc:304) Expected 104832 bytes of wave data, but read only 103680 bytes. Truncated file?
VLOG[2] (compute-mfcc-feats[5.5.1182~1-e02e3]:main():compute-mfcc-feats.cc:182) Processed features for key common_voice_lt_25159313
WARNING (compute-mfcc-feats[5.5.1182~1-e02e3]:Read():wave-reader.cc:304) Expected 161280 bytes of wave data, but read only 160128 bytes. Truncated file?
VLOG[2] (compute-mfcc-feats[5.5.1182~1-e02e3]:main():compute-mfcc-feats.cc:182) Processed features for key common_voice_lt_25159314
WARNING (compute-mfcc-feats[5.5.1182~1-e02e3]:Read():wave-reader.cc:304) Expected 147456 bytes of wave data, but read only 146304 bytes. Truncated file?
VLOG[2] (compute-mfcc-feats[5.5.1182~1-e02e3]:main():compute-mfcc-feats.cc:182) Processed features for key common_voice_lt_25159315
WARNING (compute-mfcc-feats[5.5.1182~1-e02e3]:Read():wave-reader.cc:304) Expected 133632 bytes of wave data, but read only 132480 bytes. Truncated file?
VLOG[2] (compute-mfcc-feats[5.5.1182~1-e02e3]:main():compute-mfcc-feats.cc:182) Processed features for key common_voice_lt_25159316
WARNING (compute-mfcc-feats[5.5.1182~1-e02e3]:Read():wave-reader.cc:304) Expected 132480 bytes of wave data, but read only 131328 bytes. Truncated file?
VLOG[2] (compute-mfcc-feats[5.5.1182~1-e02e3]:main():compute-mfcc-feats.cc:182) Processed features for key common_voice_lt_25159326
WARNING (compute-mfcc-feats[5.5.1182~1-e02e3]:Read():wave-reader.cc:304) Expected 187776 bytes of wave data, but read only 186624 bytes. Truncated file?
VLOG[2] (compute-mfcc-feats[5.5.1182~1-e02e3]:main():compute-mfcc-feats.cc:182) Processed features for key common_voice_lt_25159327
WARNING (compute-mfcc-feats[5.5.1182~1-e02e3]:Read():wave-reader.cc:304) Expected 126720 bytes of wave data, but read only 125568 bytes. Truncated file?
VLOG[2] (compute-mfcc-feats[5.5.1182~1-e02e3]:main():compute-mfcc-feats.cc:182) Processed features for key common_voice_lt_25159328
WARNING (compute-mfcc-feats[5.5.1182~1-e02e3]:Read():wave-reader.cc:304) Expected 130176 bytes of wave data, but read only 129024 bytes. Truncated file?
LOG (compute-mfcc-feats[5.5.1182~1-e02e3]:main():compute-mfcc-feats.cc:181) Processed 400 utterances
VLOG[2] (compute-mfcc-feats[5.5.1182~1-e02e3]:main():compute-mfcc-feats.cc:182) Processed features for key common_voice_lt_25159329
WARNING (compute-mfcc-feats[5.5.1182~1-e02e3]:Read():wave-reader.cc:304) Expected 138240 bytes of wave data, but read only 137088 bytes. Truncated file?
VLOG[2] (compute-mfcc-feats[5.5.1182~1-e02e3]:main():compute-mfcc-feats.cc:182) Processed features for key common_voice_lt_25159330
WARNING (compute-mfcc-feats[5.5.1182~1-e02e3]:Read():wave-reader.cc:304) Expected 207360 bytes of wave data, but read only 206208 bytes. Truncated file?
VLOG[2] (compute-mfcc-feats[5.5.1182~1-e02e3]:main():compute-mfcc-feats.cc:182) Processed features for key common_voice_lt_25159332
WARNING (compute-mfcc-feats[5.5.1182~1-e02e3]:Read():wave-reader.cc:304) Expected 132480 bytes of wave data, but read only 131328 bytes. Truncated file?
VLOG[2] (compute-mfcc-feats[5.5.1182~1-e02e3]:main():compute-mfcc-feats.cc:182) Processed features for key common_voice_lt_25159333
WARNING (compute-mfcc-feats[5.5.1182~1-e02e3]:Read():wave-reader.cc:304) Expected 147456 bytes of wave data, but read only 146304 bytes. Truncated file?
VLOG[2] (compute-mfcc-feats[5.5.1182~1-e02e3]:main():compute-mfcc-feats.cc:182) Processed features for key common_voice_lt_25159334
WARNING (compute-mfcc-feats[5.5.1182~1-e02e3]:Read():wave-reader.cc:304) Expected 195840 bytes of wave data, but read only 194688 bytes. Truncated file?
VLOG[2] (compute-mfcc-feats[5.5.1182~1-e02e3]:main():compute-mfcc-feats.cc:182) Processed features for key common_voice_lt_25159335
WARNING (compute-mfcc-feats[5.5.1182~1-e02e3]:Read():wave-reader.cc:304) Expected 150912 bytes of wave data, but read only 149760 bytes. Truncated file?
VLOG[2] (compute-mfcc-feats[5.5.1182~1-e02e3]:main():compute-mfcc-feats.cc:182) Processed features for key common_voice_lt_25159338
WARNING (compute-mfcc-feats[5.5.1182~1-e02e3]:Read():wave-reader.cc:304) Expected 130176 bytes of wave data, but read only 129024 bytes. Truncated file?
VLOG[2] (compute-mfcc-feats[5.5.1182~1-e02e3]:main():compute-mfcc-feats.cc:182) Processed features for key common_voice_lt_25159339
WARNING (compute-mfcc-feats[5.5.1182~1-e02e3]:Read():wave-reader.cc:304) Expected 103680 bytes of wave data, but read only 102528 bytes. Truncated file?
VLOG[2] (compute-mfcc-feats[5.5.1182~1-e02e3]:main():compute-mfcc-feats.cc:182) Processed features for key common_voice_lt_25159340
WARNING (compute-mfcc-feats[5.5.1182~1-e02e3]:Read():wave-reader.cc:304) Expected 149760 bytes of wave data, but read only 148608 bytes. Truncated file?
VLOG[2] (compute-mfcc-feats[5.5.1182~1-e02e3]:main():compute-mfcc-feats.cc:182) Processed features for key common_voice_lt_25159342
WARNING (compute-mfcc-feats[5.5.1182~1-e02e3]:Read():wave-reader.cc:304) Expected 149760 bytes of wave data, but read only 148608 bytes. Truncated file?
LOG (compute-mfcc-feats[5.5.1182~1-e02e3]:main():compute-mfcc-feats.cc:181) Processed 410 utterances
VLOG[2] (compute-mfcc-feats[5.5.1182~1-e02e3]:main():compute-mfcc-feats.cc:182) Processed features for key common_voice_lt_25159343
WARNING (compute-mfcc-feats[5.5.1182~1-e02e3]:Read():wave-reader.cc:304) Expected 118656 bytes of wave data, but read only 117504 bytes. Truncated file?
VLOG[2] (compute-mfcc-feats[5.5.1182~1-e02e3]:main():compute-mfcc-feats.cc:182) Processed features for key common_voice_lt_25159345
WARNING (compute-mfcc-feats[5.5.1182~1-e02e3]:Read():wave-reader.cc:304) Expected 150912 bytes of wave data, but read only 149760 bytes. Truncated file?
VLOG[2] (compute-mfcc-feats[5.5.1182~1-e02e3]:main():compute-mfcc-feats.cc:182) Processed features for key common_voice_lt_25159346
WARNING (compute-mfcc-feats[5.5.1182~1-e02e3]:Read():wave-reader.cc:304) Expected 161280 bytes of wave data, but read only 160128 bytes. Truncated file?
VLOG[2] (compute-mfcc-feats[5.5.1182~1-e02e3]:main():compute-mfcc-feats.cc:182) Processed features for key common_voice_lt_25159347
WARNING (compute-mfcc-feats[5.5.1182~1-e02e3]:Read():wave-reader.cc:304) Expected 120960 bytes of wave data, but read only 119808 bytes. Truncated file?
VLOG[2] (compute-mfcc-feats[5.5.1182~1-e02e3]:main():compute-mfcc-feats.cc:182) Processed features for key common_voice_lt_25159348
WARNING (compute-mfcc-feats[5.5.1182~1-e02e3]:Read():wave-reader.cc:304) Expected 115200 bytes of wave data, but read only 114048 bytes. Truncated file?
VLOG[2] (compute-mfcc-feats[5.5.1182~1-e02e3]:main():compute-mfcc-feats.cc:182) Processed features for key common_voice_lt_25159349
WARNING (compute-mfcc-feats[5.5.1182~1-e02e3]:Read():wave-reader.cc:304) Expected 178560 bytes of wave data, but read only 177408 bytes. Truncated file?
VLOG[2] (compute-mfcc-feats[5.5.1182~1-e02e3]:main():compute-mfcc-feats.cc:182) Processed features for key common_voice_lt_25159351
WARNING (compute-mfcc-feats[5.5.1182~1-e02e3]:Read():wave-reader.cc:304) Expected 144000 bytes of wave data, but read only 142848 bytes. Truncated file?
VLOG[2] (compute-mfcc-feats[5.5.1182~1-e02e3]:main():compute-mfcc-feats.cc:182) Processed features for key common_voice_lt_25159352
WARNING (compute-mfcc-feats[5.5.1182~1-e02e3]:Read():wave-reader.cc:304) Expected 193536 bytes of wave data, but read only 192384 bytes. Truncated file?
VLOG[2] (compute-mfcc-feats[5.5.1182~1-e02e3]:main():compute-mfcc-feats.cc:182) Processed features for key common_voice_lt_25159353
WARNING (compute-mfcc-feats[5.5.1182~1-e02e3]:Read():wave-reader.cc:304) Expected 139392 bytes of wave data, but read only 138240 bytes. Truncated file?
VLOG[2] (compute-mfcc-feats[5.5.1182~1-e02e3]:main():compute-mfcc-feats.cc:182) Processed features for key common_voice_lt_25159354
WARNING (compute-mfcc-feats[5.5.1182~1-e02e3]:Read():wave-reader.cc:304) Expected 122112 bytes of wave data, but read only 120960 bytes. Truncated file?
LOG (compute-mfcc-feats[5.5.1182~1-e02e3]:main():compute-mfcc-feats.cc:181) Processed 420 utterances
VLOG[2] (compute-mfcc-feats[5.5.1182~1-e02e3]:main():compute-mfcc-feats.cc:182) Processed features for key common_voice_lt_25159355
WARNING (compute-mfcc-feats[5.5.1182~1-e02e3]:Read():wave-reader.cc:304) Expected 112896 bytes of wave data, but read only 111744 bytes. Truncated file?
VLOG[2] (compute-mfcc-feats[5.5.1182~1-e02e3]:main():compute-mfcc-feats.cc:182) Processed features for key common_voice_lt_25159357
WARNING (compute-mfcc-feats[5.5.1182~1-e02e3]:Read():wave-reader.cc:304) Expected 158976 bytes of wave data, but read only 157824 bytes. Truncated file?
VLOG[2] (compute-mfcc-feats[5.5.1182~1-e02e3]:main():compute-mfcc-feats.cc:182) Processed features for key common_voice_lt_25159358
WARNING (compute-mfcc-feats[5.5.1182~1-e02e3]:Read():wave-reader.cc:304) Expected 195840 bytes of wave data, but read only 194688 bytes. Truncated file?
VLOG[2] (compute-mfcc-feats[5.5.1182~1-e02e3]:main():compute-mfcc-feats.cc:182) Processed features for key common_voice_lt_25159359
WARNING (compute-mfcc-feats[5.5.1182~1-e02e3]:Read():wave-reader.cc:304) Expected 120960 bytes of wave data, but read only 119808 bytes. Truncated file?
VLOG[2] (compute-mfcc-feats[5.5.1182~1-e02e3]:main():compute-mfcc-feats.cc:182) Processed features for key common_voice_lt_25159361
WARNING (compute-mfcc-feats[5.5.1182~1-e02e3]:Read():wave-reader.cc:304) Expected 178560 bytes of wave data, but read only 177408 bytes. Truncated file?
VLOG[2] (compute-mfcc-feats[5.5.1182~1-e02e3]:main():compute-mfcc-feats.cc:182) Processed features for key common_voice_lt_25159362
WARNING (compute-mfcc-feats[5.5.1182~1-e02e3]:Read():wave-reader.cc:304) Expected 268416 bytes of wave data, but read only 267264 bytes. Truncated file?
VLOG[2] (compute-mfcc-feats[5.5.1182~1-e02e3]:main():compute-mfcc-feats.cc:182) Processed features for key common_voice_lt_25159369
WARNING (compute-mfcc-feats[5.5.1182~1-e02e3]:Read():wave-reader.cc:304) Expected 139392 bytes of wave data, but read only 138240 bytes. Truncated file?
VLOG[2] (compute-mfcc-feats[5.5.1182~1-e02e3]:main():compute-mfcc-feats.cc:182) Processed features for key common_voice_lt_25159370
WARNING (compute-mfcc-feats[5.5.1182~1-e02e3]:Read():wave-reader.cc:304) Expected 130176 bytes of wave data, but read only 129024 bytes. Truncated file?
VLOG[2] (compute-mfcc-feats[5.5.1182~1-e02e3]:main():compute-mfcc-feats.cc:182) Processed features for key common_voice_lt_25159371
WARNING (compute-mfcc-feats[5.5.1182~1-e02e3]:Read():wave-reader.cc:304) Expected 170496 bytes of wave data, but read only 169344 bytes. Truncated file?
VLOG[2] (compute-mfcc-feats[5.5.1182~1-e02e3]:main():compute-mfcc-feats.cc:182) Processed features for key common_voice_lt_25159372
WARNING (compute-mfcc-feats[5.5.1182~1-e02e3]:Read():wave-reader.cc:304) Expected 138240 bytes of wave data, but read only 137088 bytes. Truncated file?
LOG (compute-mfcc-feats[5.5.1182~1-e02e3]:main():compute-mfcc-feats.cc:181) Processed 430 utterances
VLOG[2] (compute-mfcc-feats[5.5.1182~1-e02e3]:main():compute-mfcc-feats.cc:182) Processed features for key common_voice_lt_25159375
WARNING (compute-mfcc-feats[5.5.1182~1-e02e3]:Read():wave-reader.cc:304) Expected 158976 bytes of wave data, but read only 157824 bytes. Truncated file?
VLOG[2] (compute-mfcc-feats[5.5.1182~1-e02e3]:main():compute-mfcc-feats.cc:182) Processed features for key common_voice_lt_25159376
WARNING (compute-mfcc-feats[5.5.1182~1-e02e3]:Read():wave-reader.cc:304) Expected 124416 bytes of wave data, but read only 123264 bytes. Truncated file?
VLOG[2] (compute-mfcc-feats[5.5.1182~1-e02e3]:main():compute-mfcc-feats.cc:182) Processed features for key common_voice_lt_25159378
WARNING (compute-mfcc-feats[5.5.1182~1-e02e3]:Read():wave-reader.cc:304) Expected 139392 bytes of wave data, but read only 138240 bytes. Truncated file?
VLOG[2] (compute-mfcc-feats[5.5.1182~1-e02e3]:main():compute-mfcc-feats.cc:182) Processed features for key common_voice_lt_25159379
WARNING (compute-mfcc-feats[5.5.1182~1-e02e3]:Read():wave-reader.cc:304) Expected 145152 bytes of wave data, but read only 144000 bytes. Truncated file?
VLOG[2] (compute-mfcc-feats[5.5.1182~1-e02e3]:main():compute-mfcc-feats.cc:182) Processed features for key common_voice_lt_25159385
WARNING (compute-mfcc-feats[5.5.1182~1-e02e3]:Read():wave-reader.cc:304) Expected 97920 bytes of wave data, but read only 96768 bytes. Truncated file?
VLOG[2] (compute-mfcc-feats[5.5.1182~1-e02e3]:main():compute-mfcc-feats.cc:182) Processed features for key common_voice_lt_25159386
WARNING (compute-mfcc-feats[5.5.1182~1-e02e3]:Read():wave-reader.cc:304) Expected 233856 bytes of wave data, but read only 232704 bytes. Truncated file?
VLOG[2] (compute-mfcc-feats[5.5.1182~1-e02e3]:main():compute-mfcc-feats.cc:182) Processed features for key common_voice_lt_25159387
WARNING (compute-mfcc-feats[5.5.1182~1-e02e3]:Read():wave-reader.cc:304) Expected 149760 bytes of wave data, but read only 148608 bytes. Truncated file?
VLOG[2] (compute-mfcc-feats[5.5.1182~1-e02e3]:main():compute-mfcc-feats.cc:182) Processed features for key common_voice_lt_25159388
WARNING (compute-mfcc-feats[5.5.1182~1-e02e3]:Read():wave-reader.cc:304) Expected 149760 bytes of wave data, but read only 148608 bytes. Truncated file?
VLOG[2] (compute-mfcc-feats[5.5.1182~1-e02e3]:main():compute-mfcc-feats.cc:182) Processed features for key common_voice_lt_25159389
WARNING (compute-mfcc-feats[5.5.1182~1-e02e3]:Read():wave-reader.cc:304) Expected 118656 bytes of wave data, but read only 117504 bytes. Truncated file?
VLOG[2] (compute-mfcc-feats[5.5.1182~1-e02e3]:main():compute-mfcc-feats.cc:182) Processed features for key common_voice_lt_25159451
WARNING (compute-mfcc-feats[5.5.1182~1-e02e3]:Read():wave-reader.cc:304) Expected 115200 bytes of wave data, but read only 114048 bytes. Truncated file?
LOG (compute-mfcc-feats[5.5.1182~1-e02e3]:main():compute-mfcc-feats.cc:181) Processed 440 utterances
VLOG[2] (compute-mfcc-feats[5.5.1182~1-e02e3]:main():compute-mfcc-feats.cc:182) Processed features for key common_voice_lt_25159452
WARNING (compute-mfcc-feats[5.5.1182~1-e02e3]:Read():wave-reader.cc:304) Expected 222336 bytes of wave data, but read only 221184 bytes. Truncated file?
VLOG[2] (compute-mfcc-feats[5.5.1182~1-e02e3]:main():compute-mfcc-feats.cc:182) Processed features for key common_voice_lt_25159453
WARNING (compute-mfcc-feats[5.5.1182~1-e02e3]:Read():wave-reader.cc:304) Expected 178560 bytes of wave data, but read only 177408 bytes. Truncated file?
VLOG[2] (compute-mfcc-feats[5.5.1182~1-e02e3]:main():compute-mfcc-feats.cc:182) Processed features for key common_voice_lt_25159454
WARNING (compute-mfcc-feats[5.5.1182~1-e02e3]:Read():wave-reader.cc:304) Expected 126720 bytes of wave data, but read only 125568 bytes. Truncated file?
VLOG[2] (compute-mfcc-feats[5.5.1182~1-e02e3]:main():compute-mfcc-feats.cc:182) Processed features for key common_voice_lt_25159455
WARNING (compute-mfcc-feats[5.5.1182~1-e02e3]:Read():wave-reader.cc:304) Expected 207360 bytes of wave data, but read only 206208 bytes. Truncated file?
VLOG[2] (compute-mfcc-feats[5.5.1182~1-e02e3]:main():compute-mfcc-feats.cc:182) Processed features for key common_voice_lt_25159456
WARNING (compute-mfcc-feats[5.5.1182~1-e02e3]:Read():wave-reader.cc:304) Expected 141696 bytes of wave data, but read only 140544 bytes. Truncated file?
VLOG[2] (compute-mfcc-feats[5.5.1182~1-e02e3]:main():compute-mfcc-feats.cc:182) Processed features for key common_voice_lt_25159457
WARNING (compute-mfcc-feats[5.5.1182~1-e02e3]:Read():wave-reader.cc:304) Expected 138240 bytes of wave data, but read only 137088 bytes. Truncated file?
VLOG[2] (compute-mfcc-feats[5.5.1182~1-e02e3]:main():compute-mfcc-feats.cc:182) Processed features for key common_voice_lt_25159458
WARNING (compute-mfcc-feats[5.5.1182~1-e02e3]:Read():wave-reader.cc:304) Expected 110592 bytes of wave data, but read only 109440 bytes. Truncated file?
VLOG[2] (compute-mfcc-feats[5.5.1182~1-e02e3]:main():compute-mfcc-feats.cc:182) Processed features for key common_voice_lt_25159459
WARNING (compute-mfcc-feats[5.5.1182~1-e02e3]:Read():wave-reader.cc:304) Expected 210816 bytes of wave data, but read only 209664 bytes. Truncated file?
VLOG[2] (compute-mfcc-feats[5.5.1182~1-e02e3]:main():compute-mfcc-feats.cc:182) Processed features for key common_voice_lt_25159460
WARNING (compute-mfcc-feats[5.5.1182~1-e02e3]:Read():wave-reader.cc:304) Expected 155520 bytes of wave data, but read only 154368 bytes. Truncated file?
VLOG[2] (compute-mfcc-feats[5.5.1182~1-e02e3]:main():compute-mfcc-feats.cc:182) Processed features for key common_voice_lt_25159461
WARNING (compute-mfcc-feats[5.5.1182~1-e02e3]:Read():wave-reader.cc:304) Expected 208512 bytes of wave data, but read only 207360 bytes. Truncated file?
LOG (compute-mfcc-feats[5.5.1182~1-e02e3]:main():compute-mfcc-feats.cc:181) Processed 450 utterances
VLOG[2] (compute-mfcc-feats[5.5.1182~1-e02e3]:main():compute-mfcc-feats.cc:182) Processed features for key common_voice_lt_25159462
WARNING (compute-mfcc-feats[5.5.1182~1-e02e3]:Read():wave-reader.cc:304) Expected 99072 bytes of wave data, but read only 97920 bytes. Truncated file?
VLOG[2] (compute-mfcc-feats[5.5.1182~1-e02e3]:main():compute-mfcc-feats.cc:182) Processed features for key common_voice_lt_25159463
WARNING (compute-mfcc-feats[5.5.1182~1-e02e3]:Read():wave-reader.cc:304) Expected 170496 bytes of wave data, but read only 169344 bytes. Truncated file?
VLOG[2] (compute-mfcc-feats[5.5.1182~1-e02e3]:main():compute-mfcc-feats.cc:182) Processed features for key common_voice_lt_25159464
WARNING (compute-mfcc-feats[5.5.1182~1-e02e3]:Read():wave-reader.cc:304) Expected 132480 bytes of wave data, but read only 131328 bytes. Truncated file?
VLOG[2] (compute-mfcc-feats[5.5.1182~1-e02e3]:main():compute-mfcc-feats.cc:182) Processed features for key common_voice_lt_25159465
WARNING (compute-mfcc-feats[5.5.1182~1-e02e3]:Read():wave-reader.cc:304) Expected 149760 bytes of wave data, but read only 148608 bytes. Truncated file?
VLOG[2] (compute-mfcc-feats[5.5.1182~1-e02e3]:main():compute-mfcc-feats.cc:182) Processed features for key common_voice_lt_25159469
WARNING (compute-mfcc-feats[5.5.1182~1-e02e3]:Read():wave-reader.cc:304) Expected 115200 bytes of wave data, but read only 114048 bytes. Truncated file?
VLOG[2] (compute-mfcc-feats[5.5.1182~1-e02e3]:main():compute-mfcc-feats.cc:182) Processed features for key common_voice_lt_25159471
WARNING (compute-mfcc-feats[5.5.1182~1-e02e3]:Read():wave-reader.cc:304) Expected 155520 bytes of wave data, but read only 154368 bytes. Truncated file?
VLOG[2] (compute-mfcc-feats[5.5.1182~1-e02e3]:main():compute-mfcc-feats.cc:182) Processed features for key common_voice_lt_25159472
WARNING (compute-mfcc-feats[5.5.1182~1-e02e3]:Read():wave-reader.cc:304) Expected 149760 bytes of wave data, but read only 148608 bytes. Truncated file?
VLOG[2] (compute-mfcc-feats[5.5.1182~1-e02e3]:main():compute-mfcc-feats.cc:182) Processed features for key common_voice_lt_25159474
WARNING (compute-mfcc-feats[5.5.1182~1-e02e3]:Read():wave-reader.cc:304) Expected 144000 bytes of wave data, but read only 142848 bytes. Truncated file?
VLOG[2] (compute-mfcc-feats[5.5.1182~1-e02e3]:main():compute-mfcc-feats.cc:182) Processed features for key common_voice_lt_25159475
WARNING (compute-mfcc-feats[5.5.1182~1-e02e3]:Read():wave-reader.cc:304) Expected 78336 bytes of wave data, but read only 77184 bytes. Truncated file?
VLOG[2] (compute-mfcc-feats[5.5.1182~1-e02e3]:main():compute-mfcc-feats.cc:182) Processed features for key common_voice_lt_25159476
WARNING (compute-mfcc-feats[5.5.1182~1-e02e3]:Read():wave-reader.cc:304) Expected 133632 bytes of wave data, but read only 132480 bytes. Truncated file?
LOG (compute-mfcc-feats[5.5.1182~1-e02e3]:main():compute-mfcc-feats.cc:181) Processed 460 utterances
VLOG[2] (compute-mfcc-feats[5.5.1182~1-e02e3]:main():compute-mfcc-feats.cc:182) Processed features for key common_voice_lt_25159477
WARNING (compute-mfcc-feats[5.5.1182~1-e02e3]:Read():wave-reader.cc:304) Expected 107136 bytes of wave data, but read only 105984 bytes. Truncated file?
VLOG[2] (compute-mfcc-feats[5.5.1182~1-e02e3]:main():compute-mfcc-feats.cc:182) Processed features for key common_voice_lt_25159478
WARNING (compute-mfcc-feats[5.5.1182~1-e02e3]:Read():wave-reader.cc:304) Expected 147456 bytes of wave data, but read only 146304 bytes. Truncated file?
VLOG[2] (compute-mfcc-feats[5.5.1182~1-e02e3]:main():compute-mfcc-feats.cc:182) Processed features for key common_voice_lt_25159479
WARNING (compute-mfcc-feats[5.5.1182~1-e02e3]:Read():wave-reader.cc:304) Expected 162432 bytes of wave data, but read only 161280 bytes. Truncated file?
VLOG[2] (compute-mfcc-feats[5.5.1182~1-e02e3]:main():compute-mfcc-feats.cc:182) Processed features for key common_voice_lt_25159480
WARNING (compute-mfcc-feats[5.5.1182~1-e02e3]:Read():wave-reader.cc:304) Expected 153216 bytes of wave data, but read only 152064 bytes. Truncated file?
VLOG[2] (compute-mfcc-feats[5.5.1182~1-e02e3]:main():compute-mfcc-feats.cc:182) Processed features for key common_voice_lt_25159486
WARNING (compute-mfcc-feats[5.5.1182~1-e02e3]:Read():wave-reader.cc:304) Expected 104832 bytes of wave data, but read only 103680 bytes. Truncated file?
VLOG[2] (compute-mfcc-feats[5.5.1182~1-e02e3]:main():compute-mfcc-feats.cc:182) Processed features for key common_voice_lt_25159487
WARNING (compute-mfcc-feats[5.5.1182~1-e02e3]:Read():wave-reader.cc:304) Expected 127872 bytes of wave data, but read only 126720 bytes. Truncated file?
VLOG[2] (compute-mfcc-feats[5.5.1182~1-e02e3]:main():compute-mfcc-feats.cc:182) Processed features for key common_voice_lt_25159488
WARNING (compute-mfcc-feats[5.5.1182~1-e02e3]:Read():wave-reader.cc:304) Expected 133632 bytes of wave data, but read only 132480 bytes. Truncated file?
VLOG[2] (compute-mfcc-feats[5.5.1182~1-e02e3]:main():compute-mfcc-feats.cc:182) Processed features for key common_voice_lt_25159489
WARNING (compute-mfcc-feats[5.5.1182~1-e02e3]:Read():wave-reader.cc:304) Expected 153216 bytes of wave data, but read only 152064 bytes. Truncated file?
VLOG[2] (compute-mfcc-feats[5.5.1182~1-e02e3]:main():compute-mfcc-feats.cc:182) Processed features for key common_voice_lt_25159490
WARNING (compute-mfcc-feats[5.5.1182~1-e02e3]:Read():wave-reader.cc:304) Expected 97920 bytes of wave data, but read only 96768 bytes. Truncated file?
VLOG[2] (compute-mfcc-feats[5.5.1182~1-e02e3]:main():compute-mfcc-feats.cc:182) Processed features for key common_voice_lt_25159496
WARNING (compute-mfcc-feats[5.5.1182~1-e02e3]:Read():wave-reader.cc:304) Expected 178560 bytes of wave data, but read only 177408 bytes. Truncated file?
LOG (compute-mfcc-feats[5.5.1182~1-e02e3]:main():compute-mfcc-feats.cc:181) Processed 470 utterances
VLOG[2] (compute-mfcc-feats[5.5.1182~1-e02e3]:main():compute-mfcc-feats.cc:182) Processed features for key common_voice_lt_25159497
WARNING (compute-mfcc-feats[5.5.1182~1-e02e3]:Read():wave-reader.cc:304) Expected 195840 bytes of wave data, but read only 194688 bytes. Truncated file?
VLOG[2] (compute-mfcc-feats[5.5.1182~1-e02e3]:main():compute-mfcc-feats.cc:182) Processed features for key common_voice_lt_25159498
WARNING (compute-mfcc-feats[5.5.1182~1-e02e3]:Read():wave-reader.cc:304) Expected 118656 bytes of wave data, but read only 117504 bytes. Truncated file?
VLOG[2] (compute-mfcc-feats[5.5.1182~1-e02e3]:main():compute-mfcc-feats.cc:182) Processed features for key common_voice_lt_25159499
WARNING (compute-mfcc-feats[5.5.1182~1-e02e3]:Read():wave-reader.cc:304) Expected 153216 bytes of wave data, but read only 152064 bytes. Truncated file?
VLOG[2] (compute-mfcc-feats[5.5.1182~1-e02e3]:main():compute-mfcc-feats.cc:182) Processed features for key common_voice_lt_25159500
WARNING (compute-mfcc-feats[5.5.1182~1-e02e3]:Read():wave-reader.cc:304) Expected 104832 bytes of wave data, but read only 103680 bytes. Truncated file?
VLOG[2] (compute-mfcc-feats[5.5.1182~1-e02e3]:main():compute-mfcc-feats.cc:182) Processed features for key common_voice_lt_25159501
WARNING (compute-mfcc-feats[5.5.1182~1-e02e3]:Read():wave-reader.cc:304) Expected 130176 bytes of wave data, but read only 129024 bytes. Truncated file?
VLOG[2] (compute-mfcc-feats[5.5.1182~1-e02e3]:main():compute-mfcc-feats.cc:182) Processed features for key common_voice_lt_25159502
WARNING (compute-mfcc-feats[5.5.1182~1-e02e3]:Read():wave-reader.cc:304) Expected 191232 bytes of wave data, but read only 190080 bytes. Truncated file?
VLOG[2] (compute-mfcc-feats[5.5.1182~1-e02e3]:main():compute-mfcc-feats.cc:182) Processed features for key common_voice_lt_25159503
WARNING (compute-mfcc-feats[5.5.1182~1-e02e3]:Read():wave-reader.cc:304) Expected 202752 bytes of wave data, but read only 201600 bytes. Truncated file?
VLOG[2] (compute-mfcc-feats[5.5.1182~1-e02e3]:main():compute-mfcc-feats.cc:182) Processed features for key common_voice_lt_25159504
WARNING (compute-mfcc-feats[5.5.1182~1-e02e3]:Read():wave-reader.cc:304) Expected 126720 bytes of wave data, but read only 125568 bytes. Truncated file?
VLOG[2] (compute-mfcc-feats[5.5.1182~1-e02e3]:main():compute-mfcc-feats.cc:182) Processed features for key common_voice_lt_25159505
WARNING (compute-mfcc-feats[5.5.1182~1-e02e3]:Read():wave-reader.cc:304) Expected 237312 bytes of wave data, but read only 236160 bytes. Truncated file?
VLOG[2] (compute-mfcc-feats[5.5.1182~1-e02e3]:main():compute-mfcc-feats.cc:182) Processed features for key common_voice_lt_25159506
WARNING (compute-mfcc-feats[5.5.1182~1-e02e3]:Read():wave-reader.cc:304) Expected 144000 bytes of wave data, but read only 142848 bytes. Truncated file?
LOG (compute-mfcc-feats[5.5.1182~1-e02e3]:main():compute-mfcc-feats.cc:181) Processed 480 utterances
VLOG[2] (compute-mfcc-feats[5.5.1182~1-e02e3]:main():compute-mfcc-feats.cc:182) Processed features for key common_voice_lt_25159507
WARNING (compute-mfcc-feats[5.5.1182~1-e02e3]:Read():wave-reader.cc:304) Expected 110592 bytes of wave data, but read only 109440 bytes. Truncated file?
VLOG[2] (compute-mfcc-feats[5.5.1182~1-e02e3]:main():compute-mfcc-feats.cc:182) Processed features for key common_voice_lt_25159508
WARNING (compute-mfcc-feats[5.5.1182~1-e02e3]:Read():wave-reader.cc:304) Expected 187776 bytes of wave data, but read only 186624 bytes. Truncated file?
VLOG[2] (compute-mfcc-feats[5.5.1182~1-e02e3]:main():compute-mfcc-feats.cc:182) Processed features for key common_voice_lt_25159509
WARNING (compute-mfcc-feats[5.5.1182~1-e02e3]:Read():wave-reader.cc:304) Expected 195840 bytes of wave data, but read only 194688 bytes. Truncated file?
VLOG[2] (compute-mfcc-feats[5.5.1182~1-e02e3]:main():compute-mfcc-feats.cc:182) Processed features for key common_voice_lt_25159510
WARNING (compute-mfcc-feats[5.5.1182~1-e02e3]:Read():wave-reader.cc:304) Expected 314496 bytes of wave data, but read only 313344 bytes. Truncated file?
VLOG[2] (compute-mfcc-feats[5.5.1182~1-e02e3]:main():compute-mfcc-feats.cc:182) Processed features for key common_voice_lt_25159511
WARNING (compute-mfcc-feats[5.5.1182~1-e02e3]:Read():wave-reader.cc:304) Expected 141696 bytes of wave data, but read only 140544 bytes. Truncated file?
VLOG[2] (compute-mfcc-feats[5.5.1182~1-e02e3]:main():compute-mfcc-feats.cc:182) Processed features for key common_voice_lt_25159512
WARNING (compute-mfcc-feats[5.5.1182~1-e02e3]:Read():wave-reader.cc:304) Expected 110592 bytes of wave data, but read only 109440 bytes. Truncated file?
VLOG[2] (compute-mfcc-feats[5.5.1182~1-e02e3]:main():compute-mfcc-feats.cc:182) Processed features for key common_voice_lt_25159513
WARNING (compute-mfcc-feats[5.5.1182~1-e02e3]:Read():wave-reader.cc:304) Expected 274176 bytes of wave data, but read only 273024 bytes. Truncated file?
VLOG[2] (compute-mfcc-feats[5.5.1182~1-e02e3]:main():compute-mfcc-feats.cc:182) Processed features for key common_voice_lt_25159514
WARNING (compute-mfcc-feats[5.5.1182~1-e02e3]:Read():wave-reader.cc:304) Expected 92160 bytes of wave data, but read only 91008 bytes. Truncated file?
VLOG[2] (compute-mfcc-feats[5.5.1182~1-e02e3]:main():compute-mfcc-feats.cc:182) Processed features for key common_voice_lt_25159515
WARNING (compute-mfcc-feats[5.5.1182~1-e02e3]:Read():wave-reader.cc:304) Expected 145152 bytes of wave data, but read only 144000 bytes. Truncated file?
VLOG[2] (compute-mfcc-feats[5.5.1182~1-e02e3]:main():compute-mfcc-feats.cc:182) Processed features for key common_voice_lt_25159516
WARNING (compute-mfcc-feats[5.5.1182~1-e02e3]:Read():wave-reader.cc:304) Expected 87552 bytes of wave data, but read only 86400 bytes. Truncated file?
LOG (compute-mfcc-feats[5.5.1182~1-e02e3]:main():compute-mfcc-feats.cc:181) Processed 490 utterances
VLOG[2] (compute-mfcc-feats[5.5.1182~1-e02e3]:main():compute-mfcc-feats.cc:182) Processed features for key common_voice_lt_25159517
WARNING (compute-mfcc-feats[5.5.1182~1-e02e3]:Read():wave-reader.cc:304) Expected 190080 bytes of wave data, but read only 188928 bytes. Truncated file?
VLOG[2] (compute-mfcc-feats[5.5.1182~1-e02e3]:main():compute-mfcc-feats.cc:182) Processed features for key common_voice_lt_25159518
WARNING (compute-mfcc-feats[5.5.1182~1-e02e3]:Read():wave-reader.cc:304) Expected 161280 bytes of wave data, but read only 160128 bytes. Truncated file?
VLOG[2] (compute-mfcc-feats[5.5.1182~1-e02e3]:main():compute-mfcc-feats.cc:182) Processed features for key common_voice_lt_25159519
WARNING (compute-mfcc-feats[5.5.1182~1-e02e3]:Read():wave-reader.cc:304) Expected 208512 bytes of wave data, but read only 207360 bytes. Truncated file?
VLOG[2] (compute-mfcc-feats[5.5.1182~1-e02e3]:main():compute-mfcc-feats.cc:182) Processed features for key common_voice_lt_25159520
WARNING (compute-mfcc-feats[5.5.1182~1-e02e3]:Read():wave-reader.cc:304) Expected 172800 bytes of wave data, but read only 171648 bytes. Truncated file?
VLOG[2] (compute-mfcc-feats[5.5.1182~1-e02e3]:main():compute-mfcc-feats.cc:182) Processed features for key common_voice_lt_25159521
WARNING (compute-mfcc-feats[5.5.1182~1-e02e3]:Read():wave-reader.cc:304) Expected 276480 bytes of wave data, but read only 275328 bytes. Truncated file?
VLOG[2] (compute-mfcc-feats[5.5.1182~1-e02e3]:main():compute-mfcc-feats.cc:182) Processed features for key common_voice_lt_25159523
WARNING (compute-mfcc-feats[5.5.1182~1-e02e3]:Read():wave-reader.cc:304) Expected 225792 bytes of wave data, but read only 224640 bytes. Truncated file?
VLOG[2] (compute-mfcc-feats[5.5.1182~1-e02e3]:main():compute-mfcc-feats.cc:182) Processed features for key common_voice_lt_25159524
WARNING (compute-mfcc-feats[5.5.1182~1-e02e3]:Read():wave-reader.cc:304) Expected 132480 bytes of wave data, but read only 131328 bytes. Truncated file?
VLOG[2] (compute-mfcc-feats[5.5.1182~1-e02e3]:main():compute-mfcc-feats.cc:182) Processed features for key common_voice_lt_25159525
WARNING (compute-mfcc-feats[5.5.1182~1-e02e3]:Read():wave-reader.cc:304) Expected 176256 bytes of wave data, but read only 175104 bytes. Truncated file?
VLOG[2] (compute-mfcc-feats[5.5.1182~1-e02e3]:main():compute-mfcc-feats.cc:182) Processed features for key common_voice_lt_25159752
WARNING (compute-mfcc-feats[5.5.1182~1-e02e3]:Read():wave-reader.cc:304) Expected 156672 bytes of wave data, but read only 155520 bytes. Truncated file?
VLOG[2] (compute-mfcc-feats[5.5.1182~1-e02e3]:main():compute-mfcc-feats.cc:182) Processed features for key common_voice_lt_25159753
WARNING (compute-mfcc-feats[5.5.1182~1-e02e3]:Read():wave-reader.cc:304) Expected 158976 bytes of wave data, but read only 157824 bytes. Truncated file?
LOG (compute-mfcc-feats[5.5.1182~1-e02e3]:main():compute-mfcc-feats.cc:181) Processed 500 utterances
VLOG[2] (compute-mfcc-feats[5.5.1182~1-e02e3]:main():compute-mfcc-feats.cc:182) Processed features for key common_voice_lt_25159754
WARNING (compute-mfcc-feats[5.5.1182~1-e02e3]:Read():wave-reader.cc:304) Expected 184320 bytes of wave data, but read only 183168 bytes. Truncated file?
VLOG[2] (compute-mfcc-feats[5.5.1182~1-e02e3]:main():compute-mfcc-feats.cc:182) Processed features for key common_voice_lt_25159755
WARNING (compute-mfcc-feats[5.5.1182~1-e02e3]:Read():wave-reader.cc:304) Expected 288000 bytes of wave data, but read only 286848 bytes. Truncated file?
VLOG[2] (compute-mfcc-feats[5.5.1182~1-e02e3]:main():compute-mfcc-feats.cc:182) Processed features for key common_voice_lt_25159756
WARNING (compute-mfcc-feats[5.5.1182~1-e02e3]:Read():wave-reader.cc:304) Expected 173952 bytes of wave data, but read only 172800 bytes. Truncated file?
VLOG[2] (compute-mfcc-feats[5.5.1182~1-e02e3]:main():compute-mfcc-feats.cc:182) Processed features for key common_voice_lt_25159762
WARNING (compute-mfcc-feats[5.5.1182~1-e02e3]:Read():wave-reader.cc:304) Expected 190080 bytes of wave data, but read only 188928 bytes. Truncated file?
VLOG[2] (compute-mfcc-feats[5.5.1182~1-e02e3]:main():compute-mfcc-feats.cc:182) Processed features for key common_voice_lt_25159763
WARNING (compute-mfcc-feats[5.5.1182~1-e02e3]:Read():wave-reader.cc:304) Expected 101376 bytes of wave data, but read only 100224 bytes. Truncated file?
VLOG[2] (compute-mfcc-feats[5.5.1182~1-e02e3]:main():compute-mfcc-feats.cc:182) Processed features for key common_voice_lt_25159764
WARNING (compute-mfcc-feats[5.5.1182~1-e02e3]:Read():wave-reader.cc:304) Expected 274176 bytes of wave data, but read only 273024 bytes. Truncated file?
VLOG[2] (compute-mfcc-feats[5.5.1182~1-e02e3]:main():compute-mfcc-feats.cc:182) Processed features for key common_voice_lt_25159765
WARNING (compute-mfcc-feats[5.5.1182~1-e02e3]:Read():wave-reader.cc:304) Expected 109440 bytes of wave data, but read only 108288 bytes. Truncated file?
VLOG[2] (compute-mfcc-feats[5.5.1182~1-e02e3]:main():compute-mfcc-feats.cc:182) Processed features for key common_voice_lt_25159767
WARNING (compute-mfcc-feats[5.5.1182~1-e02e3]:Read():wave-reader.cc:304) Expected 205056 bytes of wave data, but read only 203904 bytes. Truncated file?
VLOG[2] (compute-mfcc-feats[5.5.1182~1-e02e3]:main():compute-mfcc-feats.cc:182) Processed features for key common_voice_lt_25159768
WARNING (compute-mfcc-feats[5.5.1182~1-e02e3]:Read():wave-reader.cc:304) Expected 205056 bytes of wave data, but read only 203904 bytes. Truncated file?
VLOG[2] (compute-mfcc-feats[5.5.1182~1-e02e3]:main():compute-mfcc-feats.cc:182) Processed features for key common_voice_lt_25159769
WARNING (compute-mfcc-feats[5.5.1182~1-e02e3]:Read():wave-reader.cc:304) Expected 138240 bytes of wave data, but read only 137088 bytes. Truncated file?
LOG (compute-mfcc-feats[5.5.1182~1-e02e3]:main():compute-mfcc-feats.cc:181) Processed 510 utterances
VLOG[2] (compute-mfcc-feats[5.5.1182~1-e02e3]:main():compute-mfcc-feats.cc:182) Processed features for key common_voice_lt_25159770
WARNING (compute-mfcc-feats[5.5.1182~1-e02e3]:Read():wave-reader.cc:304) Expected 176256 bytes of wave data, but read only 175104 bytes. Truncated file?
VLOG[2] (compute-mfcc-feats[5.5.1182~1-e02e3]:main():compute-mfcc-feats.cc:182) Processed features for key common_voice_lt_25159771
WARNING (compute-mfcc-feats[5.5.1182~1-e02e3]:Read():wave-reader.cc:304) Expected 109440 bytes of wave data, but read only 108288 bytes. Truncated file?
VLOG[2] (compute-mfcc-feats[5.5.1182~1-e02e3]:main():compute-mfcc-feats.cc:182) Processed features for key common_voice_lt_25159772
WARNING (compute-mfcc-feats[5.5.1182~1-e02e3]:Read():wave-reader.cc:304) Expected 191232 bytes of wave data, but read only 190080 bytes. Truncated file?
VLOG[2] (compute-mfcc-feats[5.5.1182~1-e02e3]:main():compute-mfcc-feats.cc:182) Processed features for key common_voice_lt_25159773
WARNING (compute-mfcc-feats[5.5.1182~1-e02e3]:Read():wave-reader.cc:304) Expected 196992 bytes of wave data, but read only 195840 bytes. Truncated file?
VLOG[2] (compute-mfcc-feats[5.5.1182~1-e02e3]:main():compute-mfcc-feats.cc:182) Processed features for key common_voice_lt_25159774
WARNING (compute-mfcc-feats[5.5.1182~1-e02e3]:Read():wave-reader.cc:304) Expected 133632 bytes of wave data, but read only 132480 bytes. Truncated file?
VLOG[2] (compute-mfcc-feats[5.5.1182~1-e02e3]:main():compute-mfcc-feats.cc:182) Processed features for key common_voice_lt_25159775
WARNING (compute-mfcc-feats[5.5.1182~1-e02e3]:Read():wave-reader.cc:304) Expected 190080 bytes of wave data, but read only 188928 bytes. Truncated file?
VLOG[2] (compute-mfcc-feats[5.5.1182~1-e02e3]:main():compute-mfcc-feats.cc:182) Processed features for key common_voice_lt_25159776
WARNING (compute-mfcc-feats[5.5.1182~1-e02e3]:Read():wave-reader.cc:304) Expected 156672 bytes of wave data, but read only 155520 bytes. Truncated file?
VLOG[2] (compute-mfcc-feats[5.5.1182~1-e02e3]:main():compute-mfcc-feats.cc:182) Processed features for key common_voice_lt_25159782
WARNING (compute-mfcc-feats[5.5.1182~1-e02e3]:Read():wave-reader.cc:304) Expected 116352 bytes of wave data, but read only 115200 bytes. Truncated file?
VLOG[2] (compute-mfcc-feats[5.5.1182~1-e02e3]:main():compute-mfcc-feats.cc:182) Processed features for key common_voice_lt_25159783
WARNING (compute-mfcc-feats[5.5.1182~1-e02e3]:Read():wave-reader.cc:304) Expected 147456 bytes of wave data, but read only 146304 bytes. Truncated file?
VLOG[2] (compute-mfcc-feats[5.5.1182~1-e02e3]:main():compute-mfcc-feats.cc:182) Processed features for key common_voice_lt_25159784
WARNING (compute-mfcc-feats[5.5.1182~1-e02e3]:Read():wave-reader.cc:304) Expected 147456 bytes of wave data, but read only 146304 bytes. Truncated file?
LOG (compute-mfcc-feats[5.5.1182~1-e02e3]:main():compute-mfcc-feats.cc:181) Processed 520 utterances
VLOG[2] (compute-mfcc-feats[5.5.1182~1-e02e3]:main():compute-mfcc-feats.cc:182) Processed features for key common_voice_lt_25159785
WARNING (compute-mfcc-feats[5.5.1182~1-e02e3]:Read():wave-reader.cc:304) Expected 139392 bytes of wave data, but read only 138240 bytes. Truncated file?
VLOG[2] (compute-mfcc-feats[5.5.1182~1-e02e3]:main():compute-mfcc-feats.cc:182) Processed features for key common_voice_lt_25159786
WARNING (compute-mfcc-feats[5.5.1182~1-e02e3]:Read():wave-reader.cc:304) Expected 127872 bytes of wave data, but read only 126720 bytes. Truncated file?
VLOG[2] (compute-mfcc-feats[5.5.1182~1-e02e3]:main():compute-mfcc-feats.cc:182) Processed features for key common_voice_lt_25159792
WARNING (compute-mfcc-feats[5.5.1182~1-e02e3]:Read():wave-reader.cc:304) Expected 179712 bytes of wave data, but read only 178560 bytes. Truncated file?
VLOG[2] (compute-mfcc-feats[5.5.1182~1-e02e3]:main():compute-mfcc-feats.cc:182) Processed features for key common_voice_lt_25159793
WARNING (compute-mfcc-feats[5.5.1182~1-e02e3]:Read():wave-reader.cc:304) Expected 139392 bytes of wave data, but read only 138240 bytes. Truncated file?
VLOG[2] (compute-mfcc-feats[5.5.1182~1-e02e3]:main():compute-mfcc-feats.cc:182) Processed features for key common_voice_lt_25159794
WARNING (compute-mfcc-feats[5.5.1182~1-e02e3]:Read():wave-reader.cc:304) Expected 185472 bytes of wave data, but read only 184320 bytes. Truncated file?
VLOG[2] (compute-mfcc-feats[5.5.1182~1-e02e3]:main():compute-mfcc-feats.cc:182) Processed features for key common_voice_lt_25159795
WARNING (compute-mfcc-feats[5.5.1182~1-e02e3]:Read():wave-reader.cc:304) Expected 168192 bytes of wave data, but read only 167040 bytes. Truncated file?
VLOG[2] (compute-mfcc-feats[5.5.1182~1-e02e3]:main():compute-mfcc-feats.cc:182) Processed features for key common_voice_lt_25159796
WARNING (compute-mfcc-feats[5.5.1182~1-e02e3]:Read():wave-reader.cc:304) Expected 93312 bytes of wave data, but read only 92160 bytes. Truncated file?
VLOG[2] (compute-mfcc-feats[5.5.1182~1-e02e3]:main():compute-mfcc-feats.cc:182) Processed features for key common_voice_lt_25159802
WARNING (compute-mfcc-feats[5.5.1182~1-e02e3]:Read():wave-reader.cc:304) Expected 225792 bytes of wave data, but read only 224640 bytes. Truncated file?
VLOG[2] (compute-mfcc-feats[5.5.1182~1-e02e3]:main():compute-mfcc-feats.cc:182) Processed features for key common_voice_lt_25159803
WARNING (compute-mfcc-feats[5.5.1182~1-e02e3]:Read():wave-reader.cc:304) Expected 155520 bytes of wave data, but read only 154368 bytes. Truncated file?
VLOG[2] (compute-mfcc-feats[5.5.1182~1-e02e3]:main():compute-mfcc-feats.cc:182) Processed features for key common_voice_lt_25159804
WARNING (compute-mfcc-feats[5.5.1182~1-e02e3]:Read():wave-reader.cc:304) Expected 132480 bytes of wave data, but read only 131328 bytes. Truncated file?
LOG (compute-mfcc-feats[5.5.1182~1-e02e3]:main():compute-mfcc-feats.cc:181) Processed 530 utterances
VLOG[2] (compute-mfcc-feats[5.5.1182~1-e02e3]:main():compute-mfcc-feats.cc:182) Processed features for key common_voice_lt_25159805
WARNING (compute-mfcc-feats[5.5.1182~1-e02e3]:Read():wave-reader.cc:304) Expected 122112 bytes of wave data, but read only 120960 bytes. Truncated file?
VLOG[2] (compute-mfcc-feats[5.5.1182~1-e02e3]:main():compute-mfcc-feats.cc:182) Processed features for key common_voice_lt_25159806
WARNING (compute-mfcc-feats[5.5.1182~1-e02e3]:Read():wave-reader.cc:304) Expected 149760 bytes of wave data, but read only 148608 bytes. Truncated file?
VLOG[2] (compute-mfcc-feats[5.5.1182~1-e02e3]:main():compute-mfcc-feats.cc:182) Processed features for key common_voice_lt_25159807
WARNING (compute-mfcc-feats[5.5.1182~1-e02e3]:Read():wave-reader.cc:304) Expected 149760 bytes of wave data, but read only 148608 bytes. Truncated file?
VLOG[2] (compute-mfcc-feats[5.5.1182~1-e02e3]:main():compute-mfcc-feats.cc:182) Processed features for key common_voice_lt_25159808
WARNING (compute-mfcc-feats[5.5.1182~1-e02e3]:Read():wave-reader.cc:304) Expected 109440 bytes of wave data, but read only 108288 bytes. Truncated file?
VLOG[2] (compute-mfcc-feats[5.5.1182~1-e02e3]:main():compute-mfcc-feats.cc:182) Processed features for key common_voice_lt_25159809
WARNING (compute-mfcc-feats[5.5.1182~1-e02e3]:Read():wave-reader.cc:304) Expected 185472 bytes of wave data, but read only 184320 bytes. Truncated file?
VLOG[2] (compute-mfcc-feats[5.5.1182~1-e02e3]:main():compute-mfcc-feats.cc:182) Processed features for key common_voice_lt_25159810
WARNING (compute-mfcc-feats[5.5.1182~1-e02e3]:Read():wave-reader.cc:304) Expected 115200 bytes of wave data, but read only 114048 bytes. Truncated file?
VLOG[2] (compute-mfcc-feats[5.5.1182~1-e02e3]:main():compute-mfcc-feats.cc:182) Processed features for key common_voice_lt_25159811
WARNING (compute-mfcc-feats[5.5.1182~1-e02e3]:Read():wave-reader.cc:304) Expected 149760 bytes of wave data, but read only 148608 bytes. Truncated file?
VLOG[2] (compute-mfcc-feats[5.5.1182~1-e02e3]:main():compute-mfcc-feats.cc:182) Processed features for key common_voice_lt_25159817
WARNING (compute-mfcc-feats[5.5.1182~1-e02e3]:Read():wave-reader.cc:304) Expected 185472 bytes of wave data, but read only 184320 bytes. Truncated file?
VLOG[2] (compute-mfcc-feats[5.5.1182~1-e02e3]:main():compute-mfcc-feats.cc:182) Processed features for key common_voice_lt_25159818
WARNING (compute-mfcc-feats[5.5.1182~1-e02e3]:Read():wave-reader.cc:304) Expected 104832 bytes of wave data, but read only 103680 bytes. Truncated file?
VLOG[2] (compute-mfcc-feats[5.5.1182~1-e02e3]:main():compute-mfcc-feats.cc:182) Processed features for key common_voice_lt_25159819
WARNING (compute-mfcc-feats[5.5.1182~1-e02e3]:Read():wave-reader.cc:304) Expected 122112 bytes of wave data, but read only 120960 bytes. Truncated file?
LOG (compute-mfcc-feats[5.5.1182~1-e02e3]:main():compute-mfcc-feats.cc:181) Processed 540 utterances
VLOG[2] (compute-mfcc-feats[5.5.1182~1-e02e3]:main():compute-mfcc-feats.cc:182) Processed features for key common_voice_lt_25159821
WARNING (compute-mfcc-feats[5.5.1182~1-e02e3]:Read():wave-reader.cc:304) Expected 195840 bytes of wave data, but read only 194688 bytes. Truncated file?
VLOG[2] (compute-mfcc-feats[5.5.1182~1-e02e3]:main():compute-mfcc-feats.cc:182) Processed features for key common_voice_lt_25159832
WARNING (compute-mfcc-feats[5.5.1182~1-e02e3]:Read():wave-reader.cc:304) Expected 158976 bytes of wave data, but read only 157824 bytes. Truncated file?
VLOG[2] (compute-mfcc-feats[5.5.1182~1-e02e3]:main():compute-mfcc-feats.cc:182) Processed features for key common_voice_lt_25159833
WARNING (compute-mfcc-feats[5.5.1182~1-e02e3]:Read():wave-reader.cc:304) Expected 260352 bytes of wave data, but read only 259200 bytes. Truncated file?
VLOG[2] (compute-mfcc-feats[5.5.1182~1-e02e3]:main():compute-mfcc-feats.cc:182) Processed features for key common_voice_lt_25159834
WARNING (compute-mfcc-feats[5.5.1182~1-e02e3]:Read():wave-reader.cc:304) Expected 256896 bytes of wave data, but read only 255744 bytes. Truncated file?
VLOG[2] (compute-mfcc-feats[5.5.1182~1-e02e3]:main():compute-mfcc-feats.cc:182) Processed features for key common_voice_lt_25159835
WARNING (compute-mfcc-feats[5.5.1182~1-e02e3]:Read():wave-reader.cc:304) Expected 126720 bytes of wave data, but read only 125568 bytes. Truncated file?
VLOG[2] (compute-mfcc-feats[5.5.1182~1-e02e3]:main():compute-mfcc-feats.cc:182) Processed features for key common_voice_lt_25159836
WARNING (compute-mfcc-feats[5.5.1182~1-e02e3]:Read():wave-reader.cc:304) Expected 138240 bytes of wave data, but read only 137088 bytes. Truncated file?
VLOG[2] (compute-mfcc-feats[5.5.1182~1-e02e3]:main():compute-mfcc-feats.cc:182) Processed features for key common_voice_lt_25159839
WARNING (compute-mfcc-feats[5.5.1182~1-e02e3]:Read():wave-reader.cc:304) Expected 120960 bytes of wave data, but read only 119808 bytes. Truncated file?
VLOG[2] (compute-mfcc-feats[5.5.1182~1-e02e3]:main():compute-mfcc-feats.cc:182) Processed features for key common_voice_lt_25159840
WARNING (compute-mfcc-feats[5.5.1182~1-e02e3]:Read():wave-reader.cc:304) Expected 158976 bytes of wave data, but read only 157824 bytes. Truncated file?
VLOG[2] (compute-mfcc-feats[5.5.1182~1-e02e3]:main():compute-mfcc-feats.cc:182) Processed features for key common_voice_lt_25159841
WARNING (compute-mfcc-feats[5.5.1182~1-e02e3]:Read():wave-reader.cc:304) Expected 116352 bytes of wave data, but read only 115200 bytes. Truncated file?
VLOG[2] (compute-mfcc-feats[5.5.1182~1-e02e3]:main():compute-mfcc-feats.cc:182) Processed features for key common_voice_lt_25159842
WARNING (compute-mfcc-feats[5.5.1182~1-e02e3]:Read():wave-reader.cc:304) Expected 167040 bytes of wave data, but read only 165888 bytes. Truncated file?
LOG (compute-mfcc-feats[5.5.1182~1-e02e3]:main():compute-mfcc-feats.cc:181) Processed 550 utterances
VLOG[2] (compute-mfcc-feats[5.5.1182~1-e02e3]:main():compute-mfcc-feats.cc:182) Processed features for key common_voice_lt_25159843
WARNING (compute-mfcc-feats[5.5.1182~1-e02e3]:Read():wave-reader.cc:304) Expected 109440 bytes of wave data, but read only 108288 bytes. Truncated file?
VLOG[2] (compute-mfcc-feats[5.5.1182~1-e02e3]:main():compute-mfcc-feats.cc:182) Processed features for key common_voice_lt_25159844
WARNING (compute-mfcc-feats[5.5.1182~1-e02e3]:Read():wave-reader.cc:304) Expected 207360 bytes of wave data, but read only 206208 bytes. Truncated file?
VLOG[2] (compute-mfcc-feats[5.5.1182~1-e02e3]:main():compute-mfcc-feats.cc:182) Processed features for key common_voice_lt_25159845
WARNING (compute-mfcc-feats[5.5.1182~1-e02e3]:Read():wave-reader.cc:304) Expected 182016 bytes of wave data, but read only 180864 bytes. Truncated file?
VLOG[2] (compute-mfcc-feats[5.5.1182~1-e02e3]:main():compute-mfcc-feats.cc:182) Processed features for key common_voice_lt_25159846
WARNING (compute-mfcc-feats[5.5.1182~1-e02e3]:Read():wave-reader.cc:304) Expected 208512 bytes of wave data, but read only 207360 bytes. Truncated file?
VLOG[2] (compute-mfcc-feats[5.5.1182~1-e02e3]:main():compute-mfcc-feats.cc:182) Processed features for key common_voice_lt_25159847
WARNING (compute-mfcc-feats[5.5.1182~1-e02e3]:Read():wave-reader.cc:304) Expected 170496 bytes of wave data, but read only 169344 bytes. Truncated file?
VLOG[2] (compute-mfcc-feats[5.5.1182~1-e02e3]:main():compute-mfcc-feats.cc:182) Processed features for key common_voice_lt_25159848
WARNING (compute-mfcc-feats[5.5.1182~1-e02e3]:Read():wave-reader.cc:304) Expected 92160 bytes of wave data, but read only 91008 bytes. Truncated file?
VLOG[2] (compute-mfcc-feats[5.5.1182~1-e02e3]:main():compute-mfcc-feats.cc:182) Processed features for key common_voice_lt_25159924
WARNING (compute-mfcc-feats[5.5.1182~1-e02e3]:Read():wave-reader.cc:304) Expected 153216 bytes of wave data, but read only 152064 bytes. Truncated file?
VLOG[2] (compute-mfcc-feats[5.5.1182~1-e02e3]:main():compute-mfcc-feats.cc:182) Processed features for key common_voice_lt_25159925
WARNING (compute-mfcc-feats[5.5.1182~1-e02e3]:Read():wave-reader.cc:304) Expected 127872 bytes of wave data, but read only 126720 bytes. Truncated file?
VLOG[2] (compute-mfcc-feats[5.5.1182~1-e02e3]:main():compute-mfcc-feats.cc:182) Processed features for key common_voice_lt_25159926
WARNING (compute-mfcc-feats[5.5.1182~1-e02e3]:Read():wave-reader.cc:304) Expected 190080 bytes of wave data, but read only 188928 bytes. Truncated file?
VLOG[2] (compute-mfcc-feats[5.5.1182~1-e02e3]:main():compute-mfcc-feats.cc:182) Processed features for key common_voice_lt_25159927
WARNING (compute-mfcc-feats[5.5.1182~1-e02e3]:Read():wave-reader.cc:304) Expected 104832 bytes of wave data, but read only 103680 bytes. Truncated file?
LOG (compute-mfcc-feats[5.5.1182~1-e02e3]:main():compute-mfcc-feats.cc:181) Processed 560 utterances
VLOG[2] (compute-mfcc-feats[5.5.1182~1-e02e3]:main():compute-mfcc-feats.cc:182) Processed features for key common_voice_lt_25159928
WARNING (compute-mfcc-feats[5.5.1182~1-e02e3]:Read():wave-reader.cc:304) Expected 133632 bytes of wave data, but read only 132480 bytes. Truncated file?
VLOG[2] (compute-mfcc-feats[5.5.1182~1-e02e3]:main():compute-mfcc-feats.cc:182) Processed features for key common_voice_lt_25159944
WARNING (compute-mfcc-feats[5.5.1182~1-e02e3]:Read():wave-reader.cc:304) Expected 176256 bytes of wave data, but read only 175104 bytes. Truncated file?
VLOG[2] (compute-mfcc-feats[5.5.1182~1-e02e3]:main():compute-mfcc-feats.cc:182) Processed features for key common_voice_lt_25159945
WARNING (compute-mfcc-feats[5.5.1182~1-e02e3]:Read():wave-reader.cc:304) Expected 133632 bytes of wave data, but read only 132480 bytes. Truncated file?
VLOG[2] (compute-mfcc-feats[5.5.1182~1-e02e3]:main():compute-mfcc-feats.cc:182) Processed features for key common_voice_lt_25159946
WARNING (compute-mfcc-feats[5.5.1182~1-e02e3]:Read():wave-reader.cc:304) Expected 149760 bytes of wave data, but read only 148608 bytes. Truncated file?
VLOG[2] (compute-mfcc-feats[5.5.1182~1-e02e3]:main():compute-mfcc-feats.cc:182) Processed features for key common_voice_lt_25159947
WARNING (compute-mfcc-feats[5.5.1182~1-e02e3]:Read():wave-reader.cc:304) Expected 127872 bytes of wave data, but read only 126720 bytes. Truncated file?
VLOG[2] (compute-mfcc-feats[5.5.1182~1-e02e3]:main():compute-mfcc-feats.cc:182) Processed features for key common_voice_lt_25159948
WARNING (compute-mfcc-feats[5.5.1182~1-e02e3]:Read():wave-reader.cc:304) Expected 214272 bytes of wave data, but read only 213120 bytes. Truncated file?
VLOG[2] (compute-mfcc-feats[5.5.1182~1-e02e3]:main():compute-mfcc-feats.cc:182) Processed features for key common_voice_lt_25159949
WARNING (compute-mfcc-feats[5.5.1182~1-e02e3]:Read():wave-reader.cc:304) Expected 191232 bytes of wave data, but read only 190080 bytes. Truncated file?
VLOG[2] (compute-mfcc-feats[5.5.1182~1-e02e3]:main():compute-mfcc-feats.cc:182) Processed features for key common_voice_lt_25159950
WARNING (compute-mfcc-feats[5.5.1182~1-e02e3]:Read():wave-reader.cc:304) Expected 93312 bytes of wave data, but read only 92160 bytes. Truncated file?
VLOG[2] (compute-mfcc-feats[5.5.1182~1-e02e3]:main():compute-mfcc-feats.cc:182) Processed features for key common_voice_lt_25159951
WARNING (compute-mfcc-feats[5.5.1182~1-e02e3]:Read():wave-reader.cc:304) Expected 253440 bytes of wave data, but read only 252288 bytes. Truncated file?
VLOG[2] (compute-mfcc-feats[5.5.1182~1-e02e3]:main():compute-mfcc-feats.cc:182) Processed features for key common_voice_lt_25159952
WARNING (compute-mfcc-feats[5.5.1182~1-e02e3]:Read():wave-reader.cc:304) Expected 132480 bytes of wave data, but read only 131328 bytes. Truncated file?
LOG (compute-mfcc-feats[5.5.1182~1-e02e3]:main():compute-mfcc-feats.cc:181) Processed 570 utterances
VLOG[2] (compute-mfcc-feats[5.5.1182~1-e02e3]:main():compute-mfcc-feats.cc:182) Processed features for key common_voice_lt_25159953
WARNING (compute-mfcc-feats[5.5.1182~1-e02e3]:Read():wave-reader.cc:304) Expected 164736 bytes of wave data, but read only 163584 bytes. Truncated file?
VLOG[2] (compute-mfcc-feats[5.5.1182~1-e02e3]:main():compute-mfcc-feats.cc:182) Processed features for key common_voice_lt_25159956
WARNING (compute-mfcc-feats[5.5.1182~1-e02e3]:Read():wave-reader.cc:304) Expected 138240 bytes of wave data, but read only 137088 bytes. Truncated file?
VLOG[2] (compute-mfcc-feats[5.5.1182~1-e02e3]:main():compute-mfcc-feats.cc:182) Processed features for key common_voice_lt_25159958
WARNING (compute-mfcc-feats[5.5.1182~1-e02e3]:Read():wave-reader.cc:304) Expected 164736 bytes of wave data, but read only 163584 bytes. Truncated file?
VLOG[2] (compute-mfcc-feats[5.5.1182~1-e02e3]:main():compute-mfcc-feats.cc:182) Processed features for key common_voice_lt_25159961
WARNING (compute-mfcc-feats[5.5.1182~1-e02e3]:Read():wave-reader.cc:304) Expected 193536 bytes of wave data, but read only 192384 bytes. Truncated file?
VLOG[2] (compute-mfcc-feats[5.5.1182~1-e02e3]:main():compute-mfcc-feats.cc:182) Processed features for key common_voice_lt_25159962
WARNING (compute-mfcc-feats[5.5.1182~1-e02e3]:Read():wave-reader.cc:304) Expected 124416 bytes of wave data, but read only 123264 bytes. Truncated file?
VLOG[2] (compute-mfcc-feats[5.5.1182~1-e02e3]:main():compute-mfcc-feats.cc:182) Processed features for key common_voice_lt_25159963
WARNING (compute-mfcc-feats[5.5.1182~1-e02e3]:Read():wave-reader.cc:304) Expected 107136 bytes of wave data, but read only 105984 bytes. Truncated file?
VLOG[2] (compute-mfcc-feats[5.5.1182~1-e02e3]:main():compute-mfcc-feats.cc:182) Processed features for key common_voice_lt_25159964
WARNING (compute-mfcc-feats[5.5.1182~1-e02e3]:Read():wave-reader.cc:304) Expected 158976 bytes of wave data, but read only 157824 bytes. Truncated file?
VLOG[2] (compute-mfcc-feats[5.5.1182~1-e02e3]:main():compute-mfcc-feats.cc:182) Processed features for key common_voice_lt_25159965
WARNING (compute-mfcc-feats[5.5.1182~1-e02e3]:Read():wave-reader.cc:304) Expected 162432 bytes of wave data, but read only 161280 bytes. Truncated file?
VLOG[2] (compute-mfcc-feats[5.5.1182~1-e02e3]:main():compute-mfcc-feats.cc:182) Processed features for key common_voice_lt_25159966
WARNING (compute-mfcc-feats[5.5.1182~1-e02e3]:Read():wave-reader.cc:304) Expected 127872 bytes of wave data, but read only 126720 bytes. Truncated file?
VLOG[2] (compute-mfcc-feats[5.5.1182~1-e02e3]:main():compute-mfcc-feats.cc:182) Processed features for key common_voice_lt_25159967
WARNING (compute-mfcc-feats[5.5.1182~1-e02e3]:Read():wave-reader.cc:304) Expected 147456 bytes of wave data, but read only 146304 bytes. Truncated file?
LOG (compute-mfcc-feats[5.5.1182~1-e02e3]:main():compute-mfcc-feats.cc:181) Processed 580 utterances
VLOG[2] (compute-mfcc-feats[5.5.1182~1-e02e3]:main():compute-mfcc-feats.cc:182) Processed features for key common_voice_lt_25159968
WARNING (compute-mfcc-feats[5.5.1182~1-e02e3]:Read():wave-reader.cc:304) Expected 147456 bytes of wave data, but read only 146304 bytes. Truncated file?
VLOG[2] (compute-mfcc-feats[5.5.1182~1-e02e3]:main():compute-mfcc-feats.cc:182) Processed features for key common_voice_lt_25159974
WARNING (compute-mfcc-feats[5.5.1182~1-e02e3]:Read():wave-reader.cc:304) Expected 191232 bytes of wave data, but read only 190080 bytes. Truncated file?
VLOG[2] (compute-mfcc-feats[5.5.1182~1-e02e3]:main():compute-mfcc-feats.cc:182) Processed features for key common_voice_lt_25159975
WARNING (compute-mfcc-feats[5.5.1182~1-e02e3]:Read():wave-reader.cc:304) Expected 178560 bytes of wave data, but read only 177408 bytes. Truncated file?
VLOG[2] (compute-mfcc-feats[5.5.1182~1-e02e3]:main():compute-mfcc-feats.cc:182) Processed features for key common_voice_lt_25159976
WARNING (compute-mfcc-feats[5.5.1182~1-e02e3]:Read():wave-reader.cc:304) Expected 216576 bytes of wave data, but read only 215424 bytes. Truncated file?
VLOG[2] (compute-mfcc-feats[5.5.1182~1-e02e3]:main():compute-mfcc-feats.cc:182) Processed features for key common_voice_lt_25159977
WARNING (compute-mfcc-feats[5.5.1182~1-e02e3]:Read():wave-reader.cc:304) Expected 167040 bytes of wave data, but read only 165888 bytes. Truncated file?
VLOG[2] (compute-mfcc-feats[5.5.1182~1-e02e3]:main():compute-mfcc-feats.cc:182) Processed features for key common_voice_lt_25159978
WARNING (compute-mfcc-feats[5.5.1182~1-e02e3]:Read():wave-reader.cc:304) Expected 141696 bytes of wave data, but read only 140544 bytes. Truncated file?
VLOG[2] (compute-mfcc-feats[5.5.1182~1-e02e3]:main():compute-mfcc-feats.cc:182) Processed features for key common_voice_lt_25159979
WARNING (compute-mfcc-feats[5.5.1182~1-e02e3]:Read():wave-reader.cc:304) Expected 237312 bytes of wave data, but read only 236160 bytes. Truncated file?
VLOG[2] (compute-mfcc-feats[5.5.1182~1-e02e3]:main():compute-mfcc-feats.cc:182) Processed features for key common_voice_lt_25159980
WARNING (compute-mfcc-feats[5.5.1182~1-e02e3]:Read():wave-reader.cc:304) Expected 138240 bytes of wave data, but read only 137088 bytes. Truncated file?
VLOG[2] (compute-mfcc-feats[5.5.1182~1-e02e3]:main():compute-mfcc-feats.cc:182) Processed features for key common_voice_lt_25159981
WARNING (compute-mfcc-feats[5.5.1182~1-e02e3]:Read():wave-reader.cc:304) Expected 162432 bytes of wave data, but read only 161280 bytes. Truncated file?
VLOG[2] (compute-mfcc-feats[5.5.1182~1-e02e3]:main():compute-mfcc-feats.cc:182) Processed features for key common_voice_lt_25159982
WARNING (compute-mfcc-feats[5.5.1182~1-e02e3]:Read():wave-reader.cc:304) Expected 161280 bytes of wave data, but read only 160128 bytes. Truncated file?
LOG (compute-mfcc-feats[5.5.1182~1-e02e3]:main():compute-mfcc-feats.cc:181) Processed 590 utterances
VLOG[2] (compute-mfcc-feats[5.5.1182~1-e02e3]:main():compute-mfcc-feats.cc:182) Processed features for key common_voice_lt_25159983
WARNING (compute-mfcc-feats[5.5.1182~1-e02e3]:Read():wave-reader.cc:304) Expected 149760 bytes of wave data, but read only 148608 bytes. Truncated file?
VLOG[2] (compute-mfcc-feats[5.5.1182~1-e02e3]:main():compute-mfcc-feats.cc:182) Processed features for key common_voice_lt_25159984
WARNING (compute-mfcc-feats[5.5.1182~1-e02e3]:Read():wave-reader.cc:304) Expected 135936 bytes of wave data, but read only 134784 bytes. Truncated file?
VLOG[2] (compute-mfcc-feats[5.5.1182~1-e02e3]:main():compute-mfcc-feats.cc:182) Processed features for key common_voice_lt_25159985
WARNING (compute-mfcc-feats[5.5.1182~1-e02e3]:Read():wave-reader.cc:304) Expected 138240 bytes of wave data, but read only 137088 bytes. Truncated file?
VLOG[2] (compute-mfcc-feats[5.5.1182~1-e02e3]:main():compute-mfcc-feats.cc:182) Processed features for key common_voice_lt_25159986
WARNING (compute-mfcc-feats[5.5.1182~1-e02e3]:Read():wave-reader.cc:304) Expected 172800 bytes of wave data, but read only 171648 bytes. Truncated file?
VLOG[2] (compute-mfcc-feats[5.5.1182~1-e02e3]:main():compute-mfcc-feats.cc:182) Processed features for key common_voice_lt_25159987
WARNING (compute-mfcc-feats[5.5.1182~1-e02e3]:Read():wave-reader.cc:304) Expected 92160 bytes of wave data, but read only 91008 bytes. Truncated file?
VLOG[2] (compute-mfcc-feats[5.5.1182~1-e02e3]:main():compute-mfcc-feats.cc:182) Processed features for key common_voice_lt_25159988
WARNING (compute-mfcc-feats[5.5.1182~1-e02e3]:Read():wave-reader.cc:304) Expected 109440 bytes of wave data, but read only 108288 bytes. Truncated file?
VLOG[2] (compute-mfcc-feats[5.5.1182~1-e02e3]:main():compute-mfcc-feats.cc:182) Processed features for key common_voice_lt_25159994
WARNING (compute-mfcc-feats[5.5.1182~1-e02e3]:Read():wave-reader.cc:304) Expected 179712 bytes of wave data, but read only 178560 bytes. Truncated file?
VLOG[2] (compute-mfcc-feats[5.5.1182~1-e02e3]:main():compute-mfcc-feats.cc:182) Processed features for key common_voice_lt_25159995
WARNING (compute-mfcc-feats[5.5.1182~1-e02e3]:Read():wave-reader.cc:304) Expected 107136 bytes of wave data, but read only 105984 bytes. Truncated file?
VLOG[2] (compute-mfcc-feats[5.5.1182~1-e02e3]:main():compute-mfcc-feats.cc:182) Processed features for key common_voice_lt_25159996
WARNING (compute-mfcc-feats[5.5.1182~1-e02e3]:Read():wave-reader.cc:304) Expected 107136 bytes of wave data, but read only 105984 bytes. Truncated file?
VLOG[2] (compute-mfcc-feats[5.5.1182~1-e02e3]:main():compute-mfcc-feats.cc:182) Processed features for key common_voice_lt_25159997
WARNING (compute-mfcc-feats[5.5.1182~1-e02e3]:Read():wave-reader.cc:304) Expected 172800 bytes of wave data, but read only 171648 bytes. Truncated file?
LOG (compute-mfcc-feats[5.5.1182~1-e02e3]:main():compute-mfcc-feats.cc:181) Processed 600 utterances
VLOG[2] (compute-mfcc-feats[5.5.1182~1-e02e3]:main():compute-mfcc-feats.cc:182) Processed features for key common_voice_lt_25159998
WARNING (compute-mfcc-feats[5.5.1182~1-e02e3]:Read():wave-reader.cc:304) Expected 216576 bytes of wave data, but read only 215424 bytes. Truncated file?
VLOG[2] (compute-mfcc-feats[5.5.1182~1-e02e3]:main():compute-mfcc-feats.cc:182) Processed features for key common_voice_lt_25159999
WARNING (compute-mfcc-feats[5.5.1182~1-e02e3]:Read():wave-reader.cc:304) Expected 185472 bytes of wave data, but read only 184320 bytes. Truncated file?
VLOG[2] (compute-mfcc-feats[5.5.1182~1-e02e3]:main():compute-mfcc-feats.cc:182) Processed features for key common_voice_lt_25160000
WARNING (compute-mfcc-feats[5.5.1182~1-e02e3]:Read():wave-reader.cc:304) Expected 161280 bytes of wave data, but read only 160128 bytes. Truncated file?
VLOG[2] (compute-mfcc-feats[5.5.1182~1-e02e3]:main():compute-mfcc-feats.cc:182) Processed features for key common_voice_lt_25160001
WARNING (compute-mfcc-feats[5.5.1182~1-e02e3]:Read():wave-reader.cc:304) Expected 164736 bytes of wave data, but read only 163584 bytes. Truncated file?
VLOG[2] (compute-mfcc-feats[5.5.1182~1-e02e3]:main():compute-mfcc-feats.cc:182) Processed features for key common_voice_lt_25160002
WARNING (compute-mfcc-feats[5.5.1182~1-e02e3]:Read():wave-reader.cc:304) Expected 196992 bytes of wave data, but read only 195840 bytes. Truncated file?
VLOG[2] (compute-mfcc-feats[5.5.1182~1-e02e3]:main():compute-mfcc-feats.cc:182) Processed features for key common_voice_lt_25160003
WARNING (compute-mfcc-feats[5.5.1182~1-e02e3]:Read():wave-reader.cc:304) Expected 141696 bytes of wave data, but read only 140544 bytes. Truncated file?
VLOG[2] (compute-mfcc-feats[5.5.1182~1-e02e3]:main():compute-mfcc-feats.cc:182) Processed features for key common_voice_lt_25160004
WARNING (compute-mfcc-feats[5.5.1182~1-e02e3]:Read():wave-reader.cc:304) Expected 120960 bytes of wave data, but read only 119808 bytes. Truncated file?
VLOG[2] (compute-mfcc-feats[5.5.1182~1-e02e3]:main():compute-mfcc-feats.cc:182) Processed features for key common_voice_lt_25160005
WARNING (compute-mfcc-feats[5.5.1182~1-e02e3]:Read():wave-reader.cc:304) Expected 122112 bytes of wave data, but read only 120960 bytes. Truncated file?
VLOG[2] (compute-mfcc-feats[5.5.1182~1-e02e3]:main():compute-mfcc-feats.cc:182) Processed features for key common_voice_lt_25160006
WARNING (compute-mfcc-feats[5.5.1182~1-e02e3]:Read():wave-reader.cc:304) Expected 222336 bytes of wave data, but read only 221184 bytes. Truncated file?
VLOG[2] (compute-mfcc-feats[5.5.1182~1-e02e3]:main():compute-mfcc-feats.cc:182) Processed features for key common_voice_lt_25160007
WARNING (compute-mfcc-feats[5.5.1182~1-e02e3]:Read():wave-reader.cc:304) Expected 149760 bytes of wave data, but read only 148608 bytes. Truncated file?
LOG (compute-mfcc-feats[5.5.1182~1-e02e3]:main():compute-mfcc-feats.cc:181) Processed 610 utterances
VLOG[2] (compute-mfcc-feats[5.5.1182~1-e02e3]:main():compute-mfcc-feats.cc:182) Processed features for key common_voice_lt_25160009
WARNING (compute-mfcc-feats[5.5.1182~1-e02e3]:Read():wave-reader.cc:304) Expected 104832 bytes of wave data, but read only 103680 bytes. Truncated file?
VLOG[2] (compute-mfcc-feats[5.5.1182~1-e02e3]:main():compute-mfcc-feats.cc:182) Processed features for key common_voice_lt_25160010
WARNING (compute-mfcc-feats[5.5.1182~1-e02e3]:Read():wave-reader.cc:304) Expected 199296 bytes of wave data, but read only 198144 bytes. Truncated file?
VLOG[2] (compute-mfcc-feats[5.5.1182~1-e02e3]:main():compute-mfcc-feats.cc:182) Processed features for key common_voice_lt_25160011
WARNING (compute-mfcc-feats[5.5.1182~1-e02e3]:Read():wave-reader.cc:304) Expected 205056 bytes of wave data, but read only 203904 bytes. Truncated file?
VLOG[2] (compute-mfcc-feats[5.5.1182~1-e02e3]:main():compute-mfcc-feats.cc:182) Processed features for key common_voice_lt_25160012
WARNING (compute-mfcc-feats[5.5.1182~1-e02e3]:Read():wave-reader.cc:304) Expected 135936 bytes of wave data, but read only 134784 bytes. Truncated file?
VLOG[2] (compute-mfcc-feats[5.5.1182~1-e02e3]:main():compute-mfcc-feats.cc:182) Processed features for key common_voice_lt_25160013
WARNING (compute-mfcc-feats[5.5.1182~1-e02e3]:Read():wave-reader.cc:304) Expected 124416 bytes of wave data, but read only 123264 bytes. Truncated file?
VLOG[2] (compute-mfcc-feats[5.5.1182~1-e02e3]:main():compute-mfcc-feats.cc:182) Processed features for key common_voice_lt_25160014
WARNING (compute-mfcc-feats[5.5.1182~1-e02e3]:Read():wave-reader.cc:304) Expected 164736 bytes of wave data, but read only 163584 bytes. Truncated file?
VLOG[2] (compute-mfcc-feats[5.5.1182~1-e02e3]:main():compute-mfcc-feats.cc:182) Processed features for key common_voice_lt_25160015
WARNING (compute-mfcc-feats[5.5.1182~1-e02e3]:Read():wave-reader.cc:304) Expected 115200 bytes of wave data, but read only 114048 bytes. Truncated file?
VLOG[2] (compute-mfcc-feats[5.5.1182~1-e02e3]:main():compute-mfcc-feats.cc:182) Processed features for key common_voice_lt_25160016
WARNING (compute-mfcc-feats[5.5.1182~1-e02e3]:Read():wave-reader.cc:304) Expected 141696 bytes of wave data, but read only 140544 bytes. Truncated file?
VLOG[2] (compute-mfcc-feats[5.5.1182~1-e02e3]:main():compute-mfcc-feats.cc:182) Processed features for key common_voice_lt_25160017
WARNING (compute-mfcc-feats[5.5.1182~1-e02e3]:Read():wave-reader.cc:304) Expected 167040 bytes of wave data, but read only 165888 bytes. Truncated file?
VLOG[2] (compute-mfcc-feats[5.5.1182~1-e02e3]:main():compute-mfcc-feats.cc:182) Processed features for key common_voice_lt_25160018
WARNING (compute-mfcc-feats[5.5.1182~1-e02e3]:Read():wave-reader.cc:304) Expected 141696 bytes of wave data, but read only 140544 bytes. Truncated file?
LOG (compute-mfcc-feats[5.5.1182~1-e02e3]:main():compute-mfcc-feats.cc:181) Processed 620 utterances
VLOG[2] (compute-mfcc-feats[5.5.1182~1-e02e3]:main():compute-mfcc-feats.cc:182) Processed features for key common_voice_lt_25160054
WARNING (compute-mfcc-feats[5.5.1182~1-e02e3]:Read():wave-reader.cc:304) Expected 130176 bytes of wave data, but read only 129024 bytes. Truncated file?
VLOG[2] (compute-mfcc-feats[5.5.1182~1-e02e3]:main():compute-mfcc-feats.cc:182) Processed features for key common_voice_lt_25160056
WARNING (compute-mfcc-feats[5.5.1182~1-e02e3]:Read():wave-reader.cc:304) Expected 104832 bytes of wave data, but read only 103680 bytes. Truncated file?
VLOG[2] (compute-mfcc-feats[5.5.1182~1-e02e3]:main():compute-mfcc-feats.cc:182) Processed features for key common_voice_lt_25160057
WARNING (compute-mfcc-feats[5.5.1182~1-e02e3]:Read():wave-reader.cc:304) Expected 187776 bytes of wave data, but read only 186624 bytes. Truncated file?
VLOG[2] (compute-mfcc-feats[5.5.1182~1-e02e3]:main():compute-mfcc-feats.cc:182) Processed features for key common_voice_lt_25160058
WARNING (compute-mfcc-feats[5.5.1182~1-e02e3]:Read():wave-reader.cc:304) Expected 138240 bytes of wave data, but read only 137088 bytes. Truncated file?
VLOG[2] (compute-mfcc-feats[5.5.1182~1-e02e3]:main():compute-mfcc-feats.cc:182) Processed features for key common_voice_lt_25160059
WARNING (compute-mfcc-feats[5.5.1182~1-e02e3]:Read():wave-reader.cc:304) Expected 133632 bytes of wave data, but read only 132480 bytes. Truncated file?
VLOG[2] (compute-mfcc-feats[5.5.1182~1-e02e3]:main():compute-mfcc-feats.cc:182) Processed features for key common_voice_lt_25160060
WARNING (compute-mfcc-feats[5.5.1182~1-e02e3]:Read():wave-reader.cc:304) Expected 104832 bytes of wave data, but read only 103680 bytes. Truncated file?
VLOG[2] (compute-mfcc-feats[5.5.1182~1-e02e3]:main():compute-mfcc-feats.cc:182) Processed features for key common_voice_lt_25160061
WARNING (compute-mfcc-feats[5.5.1182~1-e02e3]:Read():wave-reader.cc:304) Expected 107136 bytes of wave data, but read only 105984 bytes. Truncated file?
VLOG[2] (compute-mfcc-feats[5.5.1182~1-e02e3]:main():compute-mfcc-feats.cc:182) Processed features for key common_voice_lt_25160062
WARNING (compute-mfcc-feats[5.5.1182~1-e02e3]:Read():wave-reader.cc:304) Expected 109440 bytes of wave data, but read only 108288 bytes. Truncated file?
VLOG[2] (compute-mfcc-feats[5.5.1182~1-e02e3]:main():compute-mfcc-feats.cc:182) Processed features for key common_voice_lt_25160063
WARNING (compute-mfcc-feats[5.5.1182~1-e02e3]:Read():wave-reader.cc:304) Expected 133632 bytes of wave data, but read only 132480 bytes. Truncated file?
VLOG[2] (compute-mfcc-feats[5.5.1182~1-e02e3]:main():compute-mfcc-feats.cc:182) Processed features for key common_voice_lt_25160064
WARNING (compute-mfcc-feats[5.5.1182~1-e02e3]:Read():wave-reader.cc:304) Expected 126720 bytes of wave data, but read only 125568 bytes. Truncated file?
LOG (compute-mfcc-feats[5.5.1182~1-e02e3]:main():compute-mfcc-feats.cc:181) Processed 630 utterances
VLOG[2] (compute-mfcc-feats[5.5.1182~1-e02e3]:main():compute-mfcc-feats.cc:182) Processed features for key common_voice_lt_25160065
WARNING (compute-mfcc-feats[5.5.1182~1-e02e3]:Read():wave-reader.cc:304) Expected 182016 bytes of wave data, but read only 180864 bytes. Truncated file?
VLOG[2] (compute-mfcc-feats[5.5.1182~1-e02e3]:main():compute-mfcc-feats.cc:182) Processed features for key common_voice_lt_25160066
WARNING (compute-mfcc-feats[5.5.1182~1-e02e3]:Read():wave-reader.cc:304) Expected 141696 bytes of wave data, but read only 140544 bytes. Truncated file?
VLOG[2] (compute-mfcc-feats[5.5.1182~1-e02e3]:main():compute-mfcc-feats.cc:182) Processed features for key common_voice_lt_25160067
WARNING (compute-mfcc-feats[5.5.1182~1-e02e3]:Read():wave-reader.cc:304) Expected 149760 bytes of wave data, but read only 148608 bytes. Truncated file?
VLOG[2] (compute-mfcc-feats[5.5.1182~1-e02e3]:main():compute-mfcc-feats.cc:182) Processed features for key common_voice_lt_25160068
WARNING (compute-mfcc-feats[5.5.1182~1-e02e3]:Read():wave-reader.cc:304) Expected 126720 bytes of wave data, but read only 125568 bytes. Truncated file?
VLOG[2] (compute-mfcc-feats[5.5.1182~1-e02e3]:main():compute-mfcc-feats.cc:182) Processed features for key common_voice_lt_25160069
WARNING (compute-mfcc-feats[5.5.1182~1-e02e3]:Read():wave-reader.cc:304) Expected 167040 bytes of wave data, but read only 165888 bytes. Truncated file?
VLOG[2] (compute-mfcc-feats[5.5.1182~1-e02e3]:main():compute-mfcc-feats.cc:182) Processed features for key common_voice_lt_25160070
WARNING (compute-mfcc-feats[5.5.1182~1-e02e3]:Read():wave-reader.cc:304) Expected 103680 bytes of wave data, but read only 102528 bytes. Truncated file?
VLOG[2] (compute-mfcc-feats[5.5.1182~1-e02e3]:main():compute-mfcc-feats.cc:182) Processed features for key common_voice_lt_25160071
WARNING (compute-mfcc-feats[5.5.1182~1-e02e3]:Read():wave-reader.cc:304) Expected 144000 bytes of wave data, but read only 142848 bytes. Truncated file?
VLOG[2] (compute-mfcc-feats[5.5.1182~1-e02e3]:main():compute-mfcc-feats.cc:182) Processed features for key common_voice_lt_25160072
WARNING (compute-mfcc-feats[5.5.1182~1-e02e3]:Read():wave-reader.cc:304) Expected 161280 bytes of wave data, but read only 160128 bytes. Truncated file?
VLOG[2] (compute-mfcc-feats[5.5.1182~1-e02e3]:main():compute-mfcc-feats.cc:182) Processed features for key common_voice_lt_25160073
WARNING (compute-mfcc-feats[5.5.1182~1-e02e3]:Read():wave-reader.cc:304) Expected 150912 bytes of wave data, but read only 149760 bytes. Truncated file?
VLOG[2] (compute-mfcc-feats[5.5.1182~1-e02e3]:main():compute-mfcc-feats.cc:182) Processed features for key common_voice_lt_25160074
WARNING (compute-mfcc-feats[5.5.1182~1-e02e3]:Read():wave-reader.cc:304) Expected 107136 bytes of wave data, but read only 105984 bytes. Truncated file?
LOG (compute-mfcc-feats[5.5.1182~1-e02e3]:main():compute-mfcc-feats.cc:181) Processed 640 utterances
VLOG[2] (compute-mfcc-feats[5.5.1182~1-e02e3]:main():compute-mfcc-feats.cc:182) Processed features for key common_voice_lt_25160075
WARNING (compute-mfcc-feats[5.5.1182~1-e02e3]:Read():wave-reader.cc:304) Expected 179712 bytes of wave data, but read only 178560 bytes. Truncated file?
VLOG[2] (compute-mfcc-feats[5.5.1182~1-e02e3]:main():compute-mfcc-feats.cc:182) Processed features for key common_voice_lt_25160076
WARNING (compute-mfcc-feats[5.5.1182~1-e02e3]:Read():wave-reader.cc:304) Expected 139392 bytes of wave data, but read only 138240 bytes. Truncated file?
VLOG[2] (compute-mfcc-feats[5.5.1182~1-e02e3]:main():compute-mfcc-feats.cc:182) Processed features for key common_voice_lt_25160077
WARNING (compute-mfcc-feats[5.5.1182~1-e02e3]:Read():wave-reader.cc:304) Expected 164736 bytes of wave data, but read only 163584 bytes. Truncated file?
VLOG[2] (compute-mfcc-feats[5.5.1182~1-e02e3]:main():compute-mfcc-feats.cc:182) Processed features for key common_voice_lt_25160078
WARNING (compute-mfcc-feats[5.5.1182~1-e02e3]:Read():wave-reader.cc:304) Expected 158976 bytes of wave data, but read only 157824 bytes. Truncated file?
VLOG[2] (compute-mfcc-feats[5.5.1182~1-e02e3]:main():compute-mfcc-feats.cc:182) Processed features for key common_voice_lt_25160079
WARNING (compute-mfcc-feats[5.5.1182~1-e02e3]:Read():wave-reader.cc:304) Expected 162432 bytes of wave data, but read only 161280 bytes. Truncated file?
VLOG[2] (compute-mfcc-feats[5.5.1182~1-e02e3]:main():compute-mfcc-feats.cc:182) Processed features for key common_voice_lt_25160080
WARNING (compute-mfcc-feats[5.5.1182~1-e02e3]:Read():wave-reader.cc:304) Expected 173952 bytes of wave data, but read only 172800 bytes. Truncated file?
VLOG[2] (compute-mfcc-feats[5.5.1182~1-e02e3]:main():compute-mfcc-feats.cc:182) Processed features for key common_voice_lt_25160081
WARNING (compute-mfcc-feats[5.5.1182~1-e02e3]:Read():wave-reader.cc:304) Expected 158976 bytes of wave data, but read only 157824 bytes. Truncated file?
VLOG[2] (compute-mfcc-feats[5.5.1182~1-e02e3]:main():compute-mfcc-feats.cc:182) Processed features for key common_voice_lt_25160082
WARNING (compute-mfcc-feats[5.5.1182~1-e02e3]:Read():wave-reader.cc:304) Expected 187776 bytes of wave data, but read only 186624 bytes. Truncated file?
VLOG[2] (compute-mfcc-feats[5.5.1182~1-e02e3]:main():compute-mfcc-feats.cc:182) Processed features for key common_voice_lt_25160083
WARNING (compute-mfcc-feats[5.5.1182~1-e02e3]:Read():wave-reader.cc:304) Expected 196992 bytes of wave data, but read only 195840 bytes. Truncated file?
VLOG[2] (compute-mfcc-feats[5.5.1182~1-e02e3]:main():compute-mfcc-feats.cc:182) Processed features for key common_voice_lt_25160084
WARNING (compute-mfcc-feats[5.5.1182~1-e02e3]:Read():wave-reader.cc:304) Expected 127872 bytes of wave data, but read only 126720 bytes. Truncated file?
LOG (compute-mfcc-feats[5.5.1182~1-e02e3]:main():compute-mfcc-feats.cc:181) Processed 650 utterances
VLOG[2] (compute-mfcc-feats[5.5.1182~1-e02e3]:main():compute-mfcc-feats.cc:182) Processed features for key common_voice_lt_25160085
WARNING (compute-mfcc-feats[5.5.1182~1-e02e3]:Read():wave-reader.cc:304) Expected 191232 bytes of wave data, but read only 190080 bytes. Truncated file?
VLOG[2] (compute-mfcc-feats[5.5.1182~1-e02e3]:main():compute-mfcc-feats.cc:182) Processed features for key common_voice_lt_25160086
WARNING (compute-mfcc-feats[5.5.1182~1-e02e3]:Read():wave-reader.cc:304) Expected 144000 bytes of wave data, but read only 142848 bytes. Truncated file?
VLOG[2] (compute-mfcc-feats[5.5.1182~1-e02e3]:main():compute-mfcc-feats.cc:182) Processed features for key common_voice_lt_25160087
WARNING (compute-mfcc-feats[5.5.1182~1-e02e3]:Read():wave-reader.cc:304) Expected 107136 bytes of wave data, but read only 105984 bytes. Truncated file?
VLOG[2] (compute-mfcc-feats[5.5.1182~1-e02e3]:main():compute-mfcc-feats.cc:182) Processed features for key common_voice_lt_25160088
WARNING (compute-mfcc-feats[5.5.1182~1-e02e3]:Read():wave-reader.cc:304) Expected 196992 bytes of wave data, but read only 195840 bytes. Truncated file?
VLOG[2] (compute-mfcc-feats[5.5.1182~1-e02e3]:main():compute-mfcc-feats.cc:182) Processed features for key common_voice_lt_25160089
WARNING (compute-mfcc-feats[5.5.1182~1-e02e3]:Read():wave-reader.cc:304) Expected 116352 bytes of wave data, but read only 115200 bytes. Truncated file?
VLOG[2] (compute-mfcc-feats[5.5.1182~1-e02e3]:main():compute-mfcc-feats.cc:182) Processed features for key common_voice_lt_25160090
WARNING (compute-mfcc-feats[5.5.1182~1-e02e3]:Read():wave-reader.cc:304) Expected 112896 bytes of wave data, but read only 111744 bytes. Truncated file?
VLOG[2] (compute-mfcc-feats[5.5.1182~1-e02e3]:main():compute-mfcc-feats.cc:182) Processed features for key common_voice_lt_25160091
WARNING (compute-mfcc-feats[5.5.1182~1-e02e3]:Read():wave-reader.cc:304) Expected 132480 bytes of wave data, but read only 131328 bytes. Truncated file?
VLOG[2] (compute-mfcc-feats[5.5.1182~1-e02e3]:main():compute-mfcc-feats.cc:182) Processed features for key common_voice_lt_25160092
WARNING (compute-mfcc-feats[5.5.1182~1-e02e3]:Read():wave-reader.cc:304) Expected 118656 bytes of wave data, but read only 117504 bytes. Truncated file?
VLOG[2] (compute-mfcc-feats[5.5.1182~1-e02e3]:main():compute-mfcc-feats.cc:182) Processed features for key common_voice_lt_25160093
WARNING (compute-mfcc-feats[5.5.1182~1-e02e3]:Read():wave-reader.cc:304) Expected 141696 bytes of wave data, but read only 140544 bytes. Truncated file?
VLOG[2] (compute-mfcc-feats[5.5.1182~1-e02e3]:main():compute-mfcc-feats.cc:182) Processed features for key common_voice_lt_25160094
WARNING (compute-mfcc-feats[5.5.1182~1-e02e3]:Read():wave-reader.cc:304) Expected 127872 bytes of wave data, but read only 126720 bytes. Truncated file?
LOG (compute-mfcc-feats[5.5.1182~1-e02e3]:main():compute-mfcc-feats.cc:181) Processed 660 utterances
VLOG[2] (compute-mfcc-feats[5.5.1182~1-e02e3]:main():compute-mfcc-feats.cc:182) Processed features for key common_voice_lt_25160095
WARNING (compute-mfcc-feats[5.5.1182~1-e02e3]:Read():wave-reader.cc:304) Expected 149760 bytes of wave data, but read only 148608 bytes. Truncated file?
VLOG[2] (compute-mfcc-feats[5.5.1182~1-e02e3]:main():compute-mfcc-feats.cc:182) Processed features for key common_voice_lt_25160096
WARNING (compute-mfcc-feats[5.5.1182~1-e02e3]:Read():wave-reader.cc:304) Expected 112896 bytes of wave data, but read only 111744 bytes. Truncated file?
VLOG[2] (compute-mfcc-feats[5.5.1182~1-e02e3]:main():compute-mfcc-feats.cc:182) Processed features for key common_voice_lt_25160097
WARNING (compute-mfcc-feats[5.5.1182~1-e02e3]:Read():wave-reader.cc:304) Expected 118656 bytes of wave data, but read only 117504 bytes. Truncated file?
VLOG[2] (compute-mfcc-feats[5.5.1182~1-e02e3]:main():compute-mfcc-feats.cc:182) Processed features for key common_voice_lt_25160098
WARNING (compute-mfcc-feats[5.5.1182~1-e02e3]:Read():wave-reader.cc:304) Expected 93312 bytes of wave data, but read only 92160 bytes. Truncated file?
VLOG[2] (compute-mfcc-feats[5.5.1182~1-e02e3]:main():compute-mfcc-feats.cc:182) Processed features for key common_voice_lt_25160099
WARNING (compute-mfcc-feats[5.5.1182~1-e02e3]:Read():wave-reader.cc:304) Expected 158976 bytes of wave data, but read only 157824 bytes. Truncated file?
VLOG[2] (compute-mfcc-feats[5.5.1182~1-e02e3]:main():compute-mfcc-feats.cc:182) Processed features for key common_voice_lt_25160100
WARNING (compute-mfcc-feats[5.5.1182~1-e02e3]:Read():wave-reader.cc:304) Expected 161280 bytes of wave data, but read only 160128 bytes. Truncated file?
VLOG[2] (compute-mfcc-feats[5.5.1182~1-e02e3]:main():compute-mfcc-feats.cc:182) Processed features for key common_voice_lt_25160101
WARNING (compute-mfcc-feats[5.5.1182~1-e02e3]:Read():wave-reader.cc:304) Expected 147456 bytes of wave data, but read only 146304 bytes. Truncated file?
VLOG[2] (compute-mfcc-feats[5.5.1182~1-e02e3]:main():compute-mfcc-feats.cc:182) Processed features for key common_voice_lt_25160102
WARNING (compute-mfcc-feats[5.5.1182~1-e02e3]:Read():wave-reader.cc:304) Expected 150912 bytes of wave data, but read only 149760 bytes. Truncated file?
VLOG[2] (compute-mfcc-feats[5.5.1182~1-e02e3]:main():compute-mfcc-feats.cc:182) Processed features for key common_voice_lt_25160103
WARNING (compute-mfcc-feats[5.5.1182~1-e02e3]:Read():wave-reader.cc:304) Expected 156672 bytes of wave data, but read only 155520 bytes. Truncated file?
VLOG[2] (compute-mfcc-feats[5.5.1182~1-e02e3]:main():compute-mfcc-feats.cc:182) Processed features for key common_voice_lt_25160104
WARNING (compute-mfcc-feats[5.5.1182~1-e02e3]:Read():wave-reader.cc:304) Expected 112896 bytes of wave data, but read only 111744 bytes. Truncated file?
LOG (compute-mfcc-feats[5.5.1182~1-e02e3]:main():compute-mfcc-feats.cc:181) Processed 670 utterances
VLOG[2] (compute-mfcc-feats[5.5.1182~1-e02e3]:main():compute-mfcc-feats.cc:182) Processed features for key common_voice_lt_25160105
WARNING (compute-mfcc-feats[5.5.1182~1-e02e3]:Read():wave-reader.cc:304) Expected 205056 bytes of wave data, but read only 203904 bytes. Truncated file?
VLOG[2] (compute-mfcc-feats[5.5.1182~1-e02e3]:main():compute-mfcc-feats.cc:182) Processed features for key common_voice_lt_25160106
WARNING (compute-mfcc-feats[5.5.1182~1-e02e3]:Read():wave-reader.cc:304) Expected 147456 bytes of wave data, but read only 146304 bytes. Truncated file?
VLOG[2] (compute-mfcc-feats[5.5.1182~1-e02e3]:main():compute-mfcc-feats.cc:182) Processed features for key common_voice_lt_25160107
WARNING (compute-mfcc-feats[5.5.1182~1-e02e3]:Read():wave-reader.cc:304) Expected 104832 bytes of wave data, but read only 103680 bytes. Truncated file?
VLOG[2] (compute-mfcc-feats[5.5.1182~1-e02e3]:main():compute-mfcc-feats.cc:182) Processed features for key common_voice_lt_25160108
WARNING (compute-mfcc-feats[5.5.1182~1-e02e3]:Read():wave-reader.cc:304) Expected 124416 bytes of wave data, but read only 123264 bytes. Truncated file?
VLOG[2] (compute-mfcc-feats[5.5.1182~1-e02e3]:main():compute-mfcc-feats.cc:182) Processed features for key common_voice_lt_25160209
WARNING (compute-mfcc-feats[5.5.1182~1-e02e3]:Read():wave-reader.cc:304) Expected 137088 bytes of wave data, but read only 135936 bytes. Truncated file?
VLOG[2] (compute-mfcc-feats[5.5.1182~1-e02e3]:main():compute-mfcc-feats.cc:182) Processed features for key common_voice_lt_25160210
WARNING (compute-mfcc-feats[5.5.1182~1-e02e3]:Read():wave-reader.cc:304) Expected 154368 bytes of wave data, but read only 153216 bytes. Truncated file?
VLOG[2] (compute-mfcc-feats[5.5.1182~1-e02e3]:main():compute-mfcc-feats.cc:182) Processed features for key common_voice_lt_25160211
WARNING (compute-mfcc-feats[5.5.1182~1-e02e3]:Read():wave-reader.cc:304) Expected 167040 bytes of wave data, but read only 165888 bytes. Truncated file?
VLOG[2] (compute-mfcc-feats[5.5.1182~1-e02e3]:main():compute-mfcc-feats.cc:182) Processed features for key common_voice_lt_25160212
WARNING (compute-mfcc-feats[5.5.1182~1-e02e3]:Read():wave-reader.cc:304) Expected 112896 bytes of wave data, but read only 111744 bytes. Truncated file?
VLOG[2] (compute-mfcc-feats[5.5.1182~1-e02e3]:main():compute-mfcc-feats.cc:182) Processed features for key common_voice_lt_25160213
WARNING (compute-mfcc-feats[5.5.1182~1-e02e3]:Read():wave-reader.cc:304) Expected 239616 bytes of wave data, but read only 238464 bytes. Truncated file?
VLOG[2] (compute-mfcc-feats[5.5.1182~1-e02e3]:main():compute-mfcc-feats.cc:182) Processed features for key common_voice_lt_25160229
WARNING (compute-mfcc-feats[5.5.1182~1-e02e3]:Read():wave-reader.cc:304) Expected 177408 bytes of wave data, but read only 176256 bytes. Truncated file?
LOG (compute-mfcc-feats[5.5.1182~1-e02e3]:main():compute-mfcc-feats.cc:181) Processed 680 utterances
VLOG[2] (compute-mfcc-feats[5.5.1182~1-e02e3]:main():compute-mfcc-feats.cc:182) Processed features for key common_voice_lt_25160230
WARNING (compute-mfcc-feats[5.5.1182~1-e02e3]:Read():wave-reader.cc:304) Expected 167040 bytes of wave data, but read only 165888 bytes. Truncated file?
VLOG[2] (compute-mfcc-feats[5.5.1182~1-e02e3]:main():compute-mfcc-feats.cc:182) Processed features for key common_voice_lt_25160231
WARNING (compute-mfcc-feats[5.5.1182~1-e02e3]:Read():wave-reader.cc:304) Expected 175104 bytes of wave data, but read only 173952 bytes. Truncated file?
VLOG[2] (compute-mfcc-feats[5.5.1182~1-e02e3]:main():compute-mfcc-feats.cc:182) Processed features for key common_voice_lt_25160232
WARNING (compute-mfcc-feats[5.5.1182~1-e02e3]:Read():wave-reader.cc:304) Expected 109440 bytes of wave data, but read only 108288 bytes. Truncated file?
VLOG[2] (compute-mfcc-feats[5.5.1182~1-e02e3]:main():compute-mfcc-feats.cc:182) Processed features for key common_voice_lt_25160233
WARNING (compute-mfcc-feats[5.5.1182~1-e02e3]:Read():wave-reader.cc:304) Expected 114048 bytes of wave data, but read only 112896 bytes. Truncated file?
VLOG[2] (compute-mfcc-feats[5.5.1182~1-e02e3]:main():compute-mfcc-feats.cc:182) Processed features for key common_voice_lt_25160244
WARNING (compute-mfcc-feats[5.5.1182~1-e02e3]:Read():wave-reader.cc:304) Expected 149760 bytes of wave data, but read only 148608 bytes. Truncated file?
VLOG[2] (compute-mfcc-feats[5.5.1182~1-e02e3]:main():compute-mfcc-feats.cc:182) Processed features for key common_voice_lt_25160245
WARNING (compute-mfcc-feats[5.5.1182~1-e02e3]:Read():wave-reader.cc:304) Expected 175104 bytes of wave data, but read only 173952 bytes. Truncated file?
VLOG[2] (compute-mfcc-feats[5.5.1182~1-e02e3]:main():compute-mfcc-feats.cc:182) Processed features for key common_voice_lt_25160246
WARNING (compute-mfcc-feats[5.5.1182~1-e02e3]:Read():wave-reader.cc:304) Expected 158976 bytes of wave data, but read only 157824 bytes. Truncated file?
VLOG[2] (compute-mfcc-feats[5.5.1182~1-e02e3]:main():compute-mfcc-feats.cc:182) Processed features for key common_voice_lt_25160247
WARNING (compute-mfcc-feats[5.5.1182~1-e02e3]:Read():wave-reader.cc:304) Expected 140544 bytes of wave data, but read only 139392 bytes. Truncated file?
VLOG[2] (compute-mfcc-feats[5.5.1182~1-e02e3]:main():compute-mfcc-feats.cc:182) Processed features for key common_voice_lt_25160248
WARNING (compute-mfcc-feats[5.5.1182~1-e02e3]:Read():wave-reader.cc:304) Expected 165888 bytes of wave data, but read only 164736 bytes. Truncated file?
VLOG[2] (compute-mfcc-feats[5.5.1182~1-e02e3]:main():compute-mfcc-feats.cc:182) Processed features for key common_voice_lt_25160264
WARNING (compute-mfcc-feats[5.5.1182~1-e02e3]:Read():wave-reader.cc:304) Expected 130176 bytes of wave data, but read only 129024 bytes. Truncated file?
LOG (compute-mfcc-feats[5.5.1182~1-e02e3]:main():compute-mfcc-feats.cc:181) Processed 690 utterances
VLOG[2] (compute-mfcc-feats[5.5.1182~1-e02e3]:main():compute-mfcc-feats.cc:182) Processed features for key common_voice_lt_25160265
WARNING (compute-mfcc-feats[5.5.1182~1-e02e3]:Read():wave-reader.cc:304) Expected 124416 bytes of wave data, but read only 123264 bytes. Truncated file?
VLOG[2] (compute-mfcc-feats[5.5.1182~1-e02e3]:main():compute-mfcc-feats.cc:182) Processed features for key common_voice_lt_25160266
WARNING (compute-mfcc-feats[5.5.1182~1-e02e3]:Read():wave-reader.cc:304) Expected 180864 bytes of wave data, but read only 179712 bytes. Truncated file?
VLOG[2] (compute-mfcc-feats[5.5.1182~1-e02e3]:main():compute-mfcc-feats.cc:182) Processed features for key common_voice_lt_25160267
WARNING (compute-mfcc-feats[5.5.1182~1-e02e3]:Read():wave-reader.cc:304) Expected 163584 bytes of wave data, but read only 162432 bytes. Truncated file?
VLOG[2] (compute-mfcc-feats[5.5.1182~1-e02e3]:main():compute-mfcc-feats.cc:182) Processed features for key common_voice_lt_25160279
WARNING (compute-mfcc-feats[5.5.1182~1-e02e3]:Read():wave-reader.cc:304) Expected 148608 bytes of wave data, but read only 147456 bytes. Truncated file?
VLOG[2] (compute-mfcc-feats[5.5.1182~1-e02e3]:main():compute-mfcc-feats.cc:182) Processed features for key common_voice_lt_25160280
WARNING (compute-mfcc-feats[5.5.1182~1-e02e3]:Read():wave-reader.cc:304) Expected 131328 bytes of wave data, but read only 130176 bytes. Truncated file?
VLOG[2] (compute-mfcc-feats[5.5.1182~1-e02e3]:main():compute-mfcc-feats.cc:182) Processed features for key common_voice_lt_25160281
WARNING (compute-mfcc-feats[5.5.1182~1-e02e3]:Read():wave-reader.cc:304) Expected 132480 bytes of wave data, but read only 131328 bytes. Truncated file?
VLOG[2] (compute-mfcc-feats[5.5.1182~1-e02e3]:main():compute-mfcc-feats.cc:182) Processed features for key common_voice_lt_25160282
WARNING (compute-mfcc-feats[5.5.1182~1-e02e3]:Read():wave-reader.cc:304) Expected 306432 bytes of wave data, but read only 305280 bytes. Truncated file?
VLOG[2] (compute-mfcc-feats[5.5.1182~1-e02e3]:main():compute-mfcc-feats.cc:182) Processed features for key common_voice_lt_25160283
WARNING (compute-mfcc-feats[5.5.1182~1-e02e3]:Read():wave-reader.cc:304) Expected 89856 bytes of wave data, but read only 88704 bytes. Truncated file?
VLOG[2] (compute-mfcc-feats[5.5.1182~1-e02e3]:main():compute-mfcc-feats.cc:182) Processed features for key common_voice_lt_25160284
WARNING (compute-mfcc-feats[5.5.1182~1-e02e3]:Read():wave-reader.cc:304) Expected 129024 bytes of wave data, but read only 127872 bytes. Truncated file?
VLOG[2] (compute-mfcc-feats[5.5.1182~1-e02e3]:main():compute-mfcc-feats.cc:182) Processed features for key common_voice_lt_25160286
WARNING (compute-mfcc-feats[5.5.1182~1-e02e3]:Read():wave-reader.cc:304) Expected 208512 bytes of wave data, but read only 207360 bytes. Truncated file?
LOG (compute-mfcc-feats[5.5.1182~1-e02e3]:main():compute-mfcc-feats.cc:181) Processed 700 utterances
VLOG[2] (compute-mfcc-feats[5.5.1182~1-e02e3]:main():compute-mfcc-feats.cc:182) Processed features for key common_voice_lt_25160287
WARNING (compute-mfcc-feats[5.5.1182~1-e02e3]:Read():wave-reader.cc:304) Expected 188928 bytes of wave data, but read only 187776 bytes. Truncated file?
VLOG[2] (compute-mfcc-feats[5.5.1182~1-e02e3]:main():compute-mfcc-feats.cc:182) Processed features for key common_voice_lt_25160288
WARNING (compute-mfcc-feats[5.5.1182~1-e02e3]:Read():wave-reader.cc:304) Expected 180864 bytes of wave data, but read only 179712 bytes. Truncated file?
VLOG[2] (compute-mfcc-feats[5.5.1182~1-e02e3]:main():compute-mfcc-feats.cc:182) Processed features for key common_voice_lt_25160304
WARNING (compute-mfcc-feats[5.5.1182~1-e02e3]:Read():wave-reader.cc:304) Expected 107136 bytes of wave data, but read only 105984 bytes. Truncated file?
VLOG[2] (compute-mfcc-feats[5.5.1182~1-e02e3]:main():compute-mfcc-feats.cc:182) Processed features for key common_voice_lt_25160305
WARNING (compute-mfcc-feats[5.5.1182~1-e02e3]:Read():wave-reader.cc:304) Expected 130176 bytes of wave data, but read only 129024 bytes. Truncated file?
VLOG[2] (compute-mfcc-feats[5.5.1182~1-e02e3]:main():compute-mfcc-feats.cc:182) Processed features for key common_voice_lt_25160306
WARNING (compute-mfcc-feats[5.5.1182~1-e02e3]:Read():wave-reader.cc:304) Expected 274176 bytes of wave data, but read only 273024 bytes. Truncated file?
VLOG[2] (compute-mfcc-feats[5.5.1182~1-e02e3]:main():compute-mfcc-feats.cc:182) Processed features for key common_voice_lt_25160307
WARNING (compute-mfcc-feats[5.5.1182~1-e02e3]:Read():wave-reader.cc:304) Expected 231552 bytes of wave data, but read only 230400 bytes. Truncated file?
VLOG[2] (compute-mfcc-feats[5.5.1182~1-e02e3]:main():compute-mfcc-feats.cc:182) Processed features for key common_voice_lt_25160308
WARNING (compute-mfcc-feats[5.5.1182~1-e02e3]:Read():wave-reader.cc:304) Expected 173952 bytes of wave data, but read only 172800 bytes. Truncated file?
VLOG[2] (compute-mfcc-feats[5.5.1182~1-e02e3]:main():compute-mfcc-feats.cc:182) Processed features for key common_voice_lt_25160332
WARNING (compute-mfcc-feats[5.5.1182~1-e02e3]:Read():wave-reader.cc:304) Expected 116352 bytes of wave data, but read only 115200 bytes. Truncated file?
VLOG[2] (compute-mfcc-feats[5.5.1182~1-e02e3]:main():compute-mfcc-feats.cc:182) Processed features for key common_voice_lt_25160333
WARNING (compute-mfcc-feats[5.5.1182~1-e02e3]:Read():wave-reader.cc:304) Expected 120960 bytes of wave data, but read only 119808 bytes. Truncated file?
VLOG[2] (compute-mfcc-feats[5.5.1182~1-e02e3]:main():compute-mfcc-feats.cc:182) Processed features for key common_voice_lt_25160334
WARNING (compute-mfcc-feats[5.5.1182~1-e02e3]:Read():wave-reader.cc:304) Expected 141696 bytes of wave data, but read only 140544 bytes. Truncated file?
LOG (compute-mfcc-feats[5.5.1182~1-e02e3]:main():compute-mfcc-feats.cc:181) Processed 710 utterances
VLOG[2] (compute-mfcc-feats[5.5.1182~1-e02e3]:main():compute-mfcc-feats.cc:182) Processed features for key common_voice_lt_25160335
WARNING (compute-mfcc-feats[5.5.1182~1-e02e3]:Read():wave-reader.cc:304) Expected 167040 bytes of wave data, but read only 165888 bytes. Truncated file?
VLOG[2] (compute-mfcc-feats[5.5.1182~1-e02e3]:main():compute-mfcc-feats.cc:182) Processed features for key common_voice_lt_25160336
WARNING (compute-mfcc-feats[5.5.1182~1-e02e3]:Read():wave-reader.cc:304) Expected 130176 bytes of wave data, but read only 129024 bytes. Truncated file?
VLOG[2] (compute-mfcc-feats[5.5.1182~1-e02e3]:main():compute-mfcc-feats.cc:182) Processed features for key common_voice_lt_25160337
WARNING (compute-mfcc-feats[5.5.1182~1-e02e3]:Read():wave-reader.cc:304) Expected 147456 bytes of wave data, but read only 146304 bytes. Truncated file?
VLOG[2] (compute-mfcc-feats[5.5.1182~1-e02e3]:main():compute-mfcc-feats.cc:182) Processed features for key common_voice_lt_25160338
WARNING (compute-mfcc-feats[5.5.1182~1-e02e3]:Read():wave-reader.cc:304) Expected 158976 bytes of wave data, but read only 157824 bytes. Truncated file?
VLOG[2] (compute-mfcc-feats[5.5.1182~1-e02e3]:main():compute-mfcc-feats.cc:182) Processed features for key common_voice_lt_25160339
WARNING (compute-mfcc-feats[5.5.1182~1-e02e3]:Read():wave-reader.cc:304) Expected 99072 bytes of wave data, but read only 97920 bytes. Truncated file?
VLOG[2] (compute-mfcc-feats[5.5.1182~1-e02e3]:main():compute-mfcc-feats.cc:182) Processed features for key common_voice_lt_25160340
WARNING (compute-mfcc-feats[5.5.1182~1-e02e3]:Read():wave-reader.cc:304) Expected 161280 bytes of wave data, but read only 160128 bytes. Truncated file?
VLOG[2] (compute-mfcc-feats[5.5.1182~1-e02e3]:main():compute-mfcc-feats.cc:182) Processed features for key common_voice_lt_25160341
WARNING (compute-mfcc-feats[5.5.1182~1-e02e3]:Read():wave-reader.cc:304) Expected 231552 bytes of wave data, but read only 230400 bytes. Truncated file?
VLOG[2] (compute-mfcc-feats[5.5.1182~1-e02e3]:main():compute-mfcc-feats.cc:182) Processed features for key common_voice_lt_25160342
WARNING (compute-mfcc-feats[5.5.1182~1-e02e3]:Read():wave-reader.cc:304) Expected 190080 bytes of wave data, but read only 188928 bytes. Truncated file?
VLOG[2] (compute-mfcc-feats[5.5.1182~1-e02e3]:main():compute-mfcc-feats.cc:182) Processed features for key common_voice_lt_25160343
WARNING (compute-mfcc-feats[5.5.1182~1-e02e3]:Read():wave-reader.cc:304) Expected 110592 bytes of wave data, but read only 109440 bytes. Truncated file?
VLOG[2] (compute-mfcc-feats[5.5.1182~1-e02e3]:main():compute-mfcc-feats.cc:182) Processed features for key common_voice_lt_25160344
WARNING (compute-mfcc-feats[5.5.1182~1-e02e3]:Read():wave-reader.cc:304) Expected 124416 bytes of wave data, but read only 123264 bytes. Truncated file?
LOG (compute-mfcc-feats[5.5.1182~1-e02e3]:main():compute-mfcc-feats.cc:181) Processed 720 utterances
VLOG[2] (compute-mfcc-feats[5.5.1182~1-e02e3]:main():compute-mfcc-feats.cc:182) Processed features for key common_voice_lt_25160345
WARNING (compute-mfcc-feats[5.5.1182~1-e02e3]:Read():wave-reader.cc:304) Expected 116352 bytes of wave data, but read only 115200 bytes. Truncated file?
VLOG[2] (compute-mfcc-feats[5.5.1182~1-e02e3]:main():compute-mfcc-feats.cc:182) Processed features for key common_voice_lt_25160346
WARNING (compute-mfcc-feats[5.5.1182~1-e02e3]:Read():wave-reader.cc:304) Expected 103680 bytes of wave data, but read only 102528 bytes. Truncated file?
VLOG[2] (compute-mfcc-feats[5.5.1182~1-e02e3]:main():compute-mfcc-feats.cc:182) Processed features for key common_voice_lt_25160352
WARNING (compute-mfcc-feats[5.5.1182~1-e02e3]:Read():wave-reader.cc:304) Expected 179712 bytes of wave data, but read only 178560 bytes. Truncated file?
VLOG[2] (compute-mfcc-feats[5.5.1182~1-e02e3]:main():compute-mfcc-feats.cc:182) Processed features for key common_voice_lt_25160353
WARNING (compute-mfcc-feats[5.5.1182~1-e02e3]:Read():wave-reader.cc:304) Expected 138240 bytes of wave data, but read only 137088 bytes. Truncated file?
VLOG[2] (compute-mfcc-feats[5.5.1182~1-e02e3]:main():compute-mfcc-feats.cc:182) Processed features for key common_voice_lt_25160354
WARNING (compute-mfcc-feats[5.5.1182~1-e02e3]:Read():wave-reader.cc:304) Expected 161280 bytes of wave data, but read only 160128 bytes. Truncated file?
VLOG[2] (compute-mfcc-feats[5.5.1182~1-e02e3]:main():compute-mfcc-feats.cc:182) Processed features for key common_voice_lt_25160355
WARNING (compute-mfcc-feats[5.5.1182~1-e02e3]:Read():wave-reader.cc:304) Expected 126720 bytes of wave data, but read only 125568 bytes. Truncated file?
VLOG[2] (compute-mfcc-feats[5.5.1182~1-e02e3]:main():compute-mfcc-feats.cc:182) Processed features for key common_voice_lt_25160356
WARNING (compute-mfcc-feats[5.5.1182~1-e02e3]:Read():wave-reader.cc:304) Expected 107136 bytes of wave data, but read only 105984 bytes. Truncated file?
VLOG[2] (compute-mfcc-feats[5.5.1182~1-e02e3]:main():compute-mfcc-feats.cc:182) Processed features for key common_voice_lt_25160362
WARNING (compute-mfcc-feats[5.5.1182~1-e02e3]:Read():wave-reader.cc:304) Expected 101376 bytes of wave data, but read only 100224 bytes. Truncated file?
VLOG[2] (compute-mfcc-feats[5.5.1182~1-e02e3]:main():compute-mfcc-feats.cc:182) Processed features for key common_voice_lt_25160363
WARNING (compute-mfcc-feats[5.5.1182~1-e02e3]:Read():wave-reader.cc:304) Expected 178560 bytes of wave data, but read only 177408 bytes. Truncated file?
VLOG[2] (compute-mfcc-feats[5.5.1182~1-e02e3]:main():compute-mfcc-feats.cc:182) Processed features for key common_voice_lt_25160364
WARNING (compute-mfcc-feats[5.5.1182~1-e02e3]:Read():wave-reader.cc:304) Expected 144000 bytes of wave data, but read only 142848 bytes. Truncated file?
LOG (compute-mfcc-feats[5.5.1182~1-e02e3]:main():compute-mfcc-feats.cc:181) Processed 730 utterances
VLOG[2] (compute-mfcc-feats[5.5.1182~1-e02e3]:main():compute-mfcc-feats.cc:182) Processed features for key common_voice_lt_25160365
WARNING (compute-mfcc-feats[5.5.1182~1-e02e3]:Read():wave-reader.cc:304) Expected 279936 bytes of wave data, but read only 278784 bytes. Truncated file?
VLOG[2] (compute-mfcc-feats[5.5.1182~1-e02e3]:main():compute-mfcc-feats.cc:182) Processed features for key common_voice_lt_25160366
WARNING (compute-mfcc-feats[5.5.1182~1-e02e3]:Read():wave-reader.cc:304) Expected 216576 bytes of wave data, but read only 215424 bytes. Truncated file?
VLOG[2] (compute-mfcc-feats[5.5.1182~1-e02e3]:main():compute-mfcc-feats.cc:182) Processed features for key common_voice_lt_25160367
WARNING (compute-mfcc-feats[5.5.1182~1-e02e3]:Read():wave-reader.cc:304) Expected 205056 bytes of wave data, but read only 203904 bytes. Truncated file?
VLOG[2] (compute-mfcc-feats[5.5.1182~1-e02e3]:main():compute-mfcc-feats.cc:182) Processed features for key common_voice_lt_25160368
WARNING (compute-mfcc-feats[5.5.1182~1-e02e3]:Read():wave-reader.cc:304) Expected 101376 bytes of wave data, but read only 100224 bytes. Truncated file?
VLOG[2] (compute-mfcc-feats[5.5.1182~1-e02e3]:main():compute-mfcc-feats.cc:182) Processed features for key common_voice_lt_25160369
WARNING (compute-mfcc-feats[5.5.1182~1-e02e3]:Read():wave-reader.cc:304) Expected 173952 bytes of wave data, but read only 172800 bytes. Truncated file?
VLOG[2] (compute-mfcc-feats[5.5.1182~1-e02e3]:main():compute-mfcc-feats.cc:182) Processed features for key common_voice_lt_25160370
WARNING (compute-mfcc-feats[5.5.1182~1-e02e3]:Read():wave-reader.cc:304) Expected 158976 bytes of wave data, but read only 157824 bytes. Truncated file?
VLOG[2] (compute-mfcc-feats[5.5.1182~1-e02e3]:main():compute-mfcc-feats.cc:182) Processed features for key common_voice_lt_25160371
WARNING (compute-mfcc-feats[5.5.1182~1-e02e3]:Read():wave-reader.cc:304) Expected 248832 bytes of wave data, but read only 247680 bytes. Truncated file?
VLOG[2] (compute-mfcc-feats[5.5.1182~1-e02e3]:main():compute-mfcc-feats.cc:182) Processed features for key common_voice_lt_25160377
WARNING (compute-mfcc-feats[5.5.1182~1-e02e3]:Read():wave-reader.cc:304) Expected 239616 bytes of wave data, but read only 238464 bytes. Truncated file?
VLOG[2] (compute-mfcc-feats[5.5.1182~1-e02e3]:main():compute-mfcc-feats.cc:182) Processed features for key common_voice_lt_25160378
WARNING (compute-mfcc-feats[5.5.1182~1-e02e3]:Read():wave-reader.cc:304) Expected 120960 bytes of wave data, but read only 119808 bytes. Truncated file?
VLOG[2] (compute-mfcc-feats[5.5.1182~1-e02e3]:main():compute-mfcc-feats.cc:182) Processed features for key common_voice_lt_25160379
WARNING (compute-mfcc-feats[5.5.1182~1-e02e3]:Read():wave-reader.cc:304) Expected 224640 bytes of wave data, but read only 223488 bytes. Truncated file?
LOG (compute-mfcc-feats[5.5.1182~1-e02e3]:main():compute-mfcc-feats.cc:181) Processed 740 utterances
VLOG[2] (compute-mfcc-feats[5.5.1182~1-e02e3]:main():compute-mfcc-feats.cc:182) Processed features for key common_voice_lt_25160380
WARNING (compute-mfcc-feats[5.5.1182~1-e02e3]:Read():wave-reader.cc:304) Expected 156672 bytes of wave data, but read only 155520 bytes. Truncated file?
VLOG[2] (compute-mfcc-feats[5.5.1182~1-e02e3]:main():compute-mfcc-feats.cc:182) Processed features for key common_voice_lt_25160381
WARNING (compute-mfcc-feats[5.5.1182~1-e02e3]:Read():wave-reader.cc:304) Expected 126720 bytes of wave data, but read only 125568 bytes. Truncated file?
VLOG[2] (compute-mfcc-feats[5.5.1182~1-e02e3]:main():compute-mfcc-feats.cc:182) Processed features for key common_voice_lt_25160382
WARNING (compute-mfcc-feats[5.5.1182~1-e02e3]:Read():wave-reader.cc:304) Expected 135936 bytes of wave data, but read only 134784 bytes. Truncated file?
VLOG[2] (compute-mfcc-feats[5.5.1182~1-e02e3]:main():compute-mfcc-feats.cc:182) Processed features for key common_voice_lt_25160383
WARNING (compute-mfcc-feats[5.5.1182~1-e02e3]:Read():wave-reader.cc:304) Expected 139392 bytes of wave data, but read only 138240 bytes. Truncated file?
VLOG[2] (compute-mfcc-feats[5.5.1182~1-e02e3]:main():compute-mfcc-feats.cc:182) Processed features for key common_voice_lt_25160384
WARNING (compute-mfcc-feats[5.5.1182~1-e02e3]:Read():wave-reader.cc:304) Expected 104832 bytes of wave data, but read only 103680 bytes. Truncated file?
VLOG[2] (compute-mfcc-feats[5.5.1182~1-e02e3]:main():compute-mfcc-feats.cc:182) Processed features for key common_voice_lt_25160385
WARNING (compute-mfcc-feats[5.5.1182~1-e02e3]:Read():wave-reader.cc:304) Expected 158976 bytes of wave data, but read only 157824 bytes. Truncated file?
VLOG[2] (compute-mfcc-feats[5.5.1182~1-e02e3]:main():compute-mfcc-feats.cc:182) Processed features for key common_voice_lt_25160386
WARNING (compute-mfcc-feats[5.5.1182~1-e02e3]:Read():wave-reader.cc:304) Expected 147456 bytes of wave data, but read only 146304 bytes. Truncated file?
VLOG[2] (compute-mfcc-feats[5.5.1182~1-e02e3]:main():compute-mfcc-feats.cc:182) Processed features for key common_voice_lt_25160392
WARNING (compute-mfcc-feats[5.5.1182~1-e02e3]:Read():wave-reader.cc:304) Expected 122112 bytes of wave data, but read only 120960 bytes. Truncated file?
VLOG[2] (compute-mfcc-feats[5.5.1182~1-e02e3]:main():compute-mfcc-feats.cc:182) Processed features for key common_voice_lt_25160393
WARNING (compute-mfcc-feats[5.5.1182~1-e02e3]:Read():wave-reader.cc:304) Expected 162432 bytes of wave data, but read only 161280 bytes. Truncated file?
VLOG[2] (compute-mfcc-feats[5.5.1182~1-e02e3]:main():compute-mfcc-feats.cc:182) Processed features for key common_voice_lt_25160394
WARNING (compute-mfcc-feats[5.5.1182~1-e02e3]:Read():wave-reader.cc:304) Expected 173952 bytes of wave data, but read only 172800 bytes. Truncated file?
LOG (compute-mfcc-feats[5.5.1182~1-e02e3]:main():compute-mfcc-feats.cc:181) Processed 750 utterances
VLOG[2] (compute-mfcc-feats[5.5.1182~1-e02e3]:main():compute-mfcc-feats.cc:182) Processed features for key common_voice_lt_25160395
WARNING (compute-mfcc-feats[5.5.1182~1-e02e3]:Read():wave-reader.cc:304) Expected 122112 bytes of wave data, but read only 120960 bytes. Truncated file?
VLOG[2] (compute-mfcc-feats[5.5.1182~1-e02e3]:main():compute-mfcc-feats.cc:182) Processed features for key common_voice_lt_25160396
WARNING (compute-mfcc-feats[5.5.1182~1-e02e3]:Read():wave-reader.cc:304) Expected 150912 bytes of wave data, but read only 149760 bytes. Truncated file?
VLOG[2] (compute-mfcc-feats[5.5.1182~1-e02e3]:main():compute-mfcc-feats.cc:182) Processed features for key common_voice_lt_25160402
WARNING (compute-mfcc-feats[5.5.1182~1-e02e3]:Read():wave-reader.cc:304) Expected 170496 bytes of wave data, but read only 169344 bytes. Truncated file?
VLOG[2] (compute-mfcc-feats[5.5.1182~1-e02e3]:main():compute-mfcc-feats.cc:182) Processed features for key common_voice_lt_25160403
WARNING (compute-mfcc-feats[5.5.1182~1-e02e3]:Read():wave-reader.cc:304) Expected 97920 bytes of wave data, but read only 96768 bytes. Truncated file?
VLOG[2] (compute-mfcc-feats[5.5.1182~1-e02e3]:main():compute-mfcc-feats.cc:182) Processed features for key common_voice_lt_25160404
WARNING (compute-mfcc-feats[5.5.1182~1-e02e3]:Read():wave-reader.cc:304) Expected 115200 bytes of wave data, but read only 114048 bytes. Truncated file?
VLOG[2] (compute-mfcc-feats[5.5.1182~1-e02e3]:main():compute-mfcc-feats.cc:182) Processed features for key common_voice_lt_25160405
WARNING (compute-mfcc-feats[5.5.1182~1-e02e3]:Read():wave-reader.cc:304) Expected 101376 bytes of wave data, but read only 100224 bytes. Truncated file?
VLOG[2] (compute-mfcc-feats[5.5.1182~1-e02e3]:main():compute-mfcc-feats.cc:182) Processed features for key common_voice_lt_25160406
WARNING (compute-mfcc-feats[5.5.1182~1-e02e3]:Read():wave-reader.cc:304) Expected 145152 bytes of wave data, but read only 144000 bytes. Truncated file?
VLOG[2] (compute-mfcc-feats[5.5.1182~1-e02e3]:main():compute-mfcc-feats.cc:182) Processed features for key common_voice_lt_25160408
WARNING (compute-mfcc-feats[5.5.1182~1-e02e3]:Read():wave-reader.cc:304) Expected 139392 bytes of wave data, but read only 138240 bytes. Truncated file?
VLOG[2] (compute-mfcc-feats[5.5.1182~1-e02e3]:main():compute-mfcc-feats.cc:182) Processed features for key common_voice_lt_25160409
WARNING (compute-mfcc-feats[5.5.1182~1-e02e3]:Read():wave-reader.cc:304) Expected 95616 bytes of wave data, but read only 94464 bytes. Truncated file?
VLOG[2] (compute-mfcc-feats[5.5.1182~1-e02e3]:main():compute-mfcc-feats.cc:182) Processed features for key common_voice_lt_25160410
WARNING (compute-mfcc-feats[5.5.1182~1-e02e3]:Read():wave-reader.cc:304) Expected 104832 bytes of wave data, but read only 103680 bytes. Truncated file?
LOG (compute-mfcc-feats[5.5.1182~1-e02e3]:main():compute-mfcc-feats.cc:181) Processed 760 utterances
VLOG[2] (compute-mfcc-feats[5.5.1182~1-e02e3]:main():compute-mfcc-feats.cc:182) Processed features for key common_voice_lt_25160411
WARNING (compute-mfcc-feats[5.5.1182~1-e02e3]:Read():wave-reader.cc:304) Expected 132480 bytes of wave data, but read only 131328 bytes. Truncated file?
VLOG[2] (compute-mfcc-feats[5.5.1182~1-e02e3]:main():compute-mfcc-feats.cc:182) Processed features for key common_voice_lt_25160421
WARNING (compute-mfcc-feats[5.5.1182~1-e02e3]:Read():wave-reader.cc:304) Expected 193536 bytes of wave data, but read only 192384 bytes. Truncated file?
VLOG[2] (compute-mfcc-feats[5.5.1182~1-e02e3]:main():compute-mfcc-feats.cc:182) Processed features for key common_voice_lt_25160422
WARNING (compute-mfcc-feats[5.5.1182~1-e02e3]:Read():wave-reader.cc:304) Expected 184320 bytes of wave data, but read only 183168 bytes. Truncated file?
VLOG[2] (compute-mfcc-feats[5.5.1182~1-e02e3]:main():compute-mfcc-feats.cc:182) Processed features for key common_voice_lt_25160423
WARNING (compute-mfcc-feats[5.5.1182~1-e02e3]:Read():wave-reader.cc:304) Expected 178560 bytes of wave data, but read only 177408 bytes. Truncated file?
VLOG[2] (compute-mfcc-feats[5.5.1182~1-e02e3]:main():compute-mfcc-feats.cc:182) Processed features for key common_voice_lt_25160425
WARNING (compute-mfcc-feats[5.5.1182~1-e02e3]:Read():wave-reader.cc:304) Expected 139392 bytes of wave data, but read only 138240 bytes. Truncated file?
VLOG[2] (compute-mfcc-feats[5.5.1182~1-e02e3]:main():compute-mfcc-feats.cc:182) Processed features for key common_voice_lt_25160426
WARNING (compute-mfcc-feats[5.5.1182~1-e02e3]:Read():wave-reader.cc:304) Expected 195840 bytes of wave data, but read only 194688 bytes. Truncated file?
VLOG[2] (compute-mfcc-feats[5.5.1182~1-e02e3]:main():compute-mfcc-feats.cc:182) Processed features for key common_voice_lt_25160427
WARNING (compute-mfcc-feats[5.5.1182~1-e02e3]:Read():wave-reader.cc:304) Expected 145152 bytes of wave data, but read only 144000 bytes. Truncated file?
VLOG[2] (compute-mfcc-feats[5.5.1182~1-e02e3]:main():compute-mfcc-feats.cc:182) Processed features for key common_voice_lt_25160428
WARNING (compute-mfcc-feats[5.5.1182~1-e02e3]:Read():wave-reader.cc:304) Expected 139392 bytes of wave data, but read only 138240 bytes. Truncated file?
VLOG[2] (compute-mfcc-feats[5.5.1182~1-e02e3]:main():compute-mfcc-feats.cc:182) Processed features for key common_voice_lt_25160429
WARNING (compute-mfcc-feats[5.5.1182~1-e02e3]:Read():wave-reader.cc:304) Expected 222336 bytes of wave data, but read only 221184 bytes. Truncated file?
VLOG[2] (compute-mfcc-feats[5.5.1182~1-e02e3]:main():compute-mfcc-feats.cc:182) Processed features for key common_voice_lt_25160430
WARNING (compute-mfcc-feats[5.5.1182~1-e02e3]:Read():wave-reader.cc:304) Expected 127872 bytes of wave data, but read only 126720 bytes. Truncated file?
LOG (compute-mfcc-feats[5.5.1182~1-e02e3]:main():compute-mfcc-feats.cc:181) Processed 770 utterances
VLOG[2] (compute-mfcc-feats[5.5.1182~1-e02e3]:main():compute-mfcc-feats.cc:182) Processed features for key common_voice_lt_25160436
WARNING (compute-mfcc-feats[5.5.1182~1-e02e3]:Read():wave-reader.cc:304) Expected 139392 bytes of wave data, but read only 138240 bytes. Truncated file?
VLOG[2] (compute-mfcc-feats[5.5.1182~1-e02e3]:main():compute-mfcc-feats.cc:182) Processed features for key common_voice_lt_25160437
WARNING (compute-mfcc-feats[5.5.1182~1-e02e3]:Read():wave-reader.cc:304) Expected 210816 bytes of wave data, but read only 209664 bytes. Truncated file?
VLOG[2] (compute-mfcc-feats[5.5.1182~1-e02e3]:main():compute-mfcc-feats.cc:182) Processed features for key common_voice_lt_25160438
WARNING (compute-mfcc-feats[5.5.1182~1-e02e3]:Read():wave-reader.cc:304) Expected 132480 bytes of wave data, but read only 131328 bytes. Truncated file?
VLOG[2] (compute-mfcc-feats[5.5.1182~1-e02e3]:main():compute-mfcc-feats.cc:182) Processed features for key common_voice_lt_25160439
WARNING (compute-mfcc-feats[5.5.1182~1-e02e3]:Read():wave-reader.cc:304) Expected 133632 bytes of wave data, but read only 132480 bytes. Truncated file?
VLOG[2] (compute-mfcc-feats[5.5.1182~1-e02e3]:main():compute-mfcc-feats.cc:182) Processed features for key common_voice_lt_25160440
WARNING (compute-mfcc-feats[5.5.1182~1-e02e3]:Read():wave-reader.cc:304) Expected 193536 bytes of wave data, but read only 192384 bytes. Truncated file?
VLOG[2] (compute-mfcc-feats[5.5.1182~1-e02e3]:main():compute-mfcc-feats.cc:182) Processed features for key common_voice_lt_25160446
WARNING (compute-mfcc-feats[5.5.1182~1-e02e3]:Read():wave-reader.cc:304) Expected 138240 bytes of wave data, but read only 137088 bytes. Truncated file?
VLOG[2] (compute-mfcc-feats[5.5.1182~1-e02e3]:main():compute-mfcc-feats.cc:182) Processed features for key common_voice_lt_25160447
WARNING (compute-mfcc-feats[5.5.1182~1-e02e3]:Read():wave-reader.cc:304) Expected 202752 bytes of wave data, but read only 201600 bytes. Truncated file?
VLOG[2] (compute-mfcc-feats[5.5.1182~1-e02e3]:main():compute-mfcc-feats.cc:182) Processed features for key common_voice_lt_25160448
WARNING (compute-mfcc-feats[5.5.1182~1-e02e3]:Read():wave-reader.cc:304) Expected 167040 bytes of wave data, but read only 165888 bytes. Truncated file?
VLOG[2] (compute-mfcc-feats[5.5.1182~1-e02e3]:main():compute-mfcc-feats.cc:182) Processed features for key common_voice_lt_25160449
WARNING (compute-mfcc-feats[5.5.1182~1-e02e3]:Read():wave-reader.cc:304) Expected 144000 bytes of wave data, but read only 142848 bytes. Truncated file?
VLOG[2] (compute-mfcc-feats[5.5.1182~1-e02e3]:main():compute-mfcc-feats.cc:182) Processed features for key common_voice_lt_25160450
WARNING (compute-mfcc-feats[5.5.1182~1-e02e3]:Read():wave-reader.cc:304) Expected 243072 bytes of wave data, but read only 241920 bytes. Truncated file?
LOG (compute-mfcc-feats[5.5.1182~1-e02e3]:main():compute-mfcc-feats.cc:181) Processed 780 utterances
VLOG[2] (compute-mfcc-feats[5.5.1182~1-e02e3]:main():compute-mfcc-feats.cc:182) Processed features for key common_voice_lt_25160461
WARNING (compute-mfcc-feats[5.5.1182~1-e02e3]:Read():wave-reader.cc:304) Expected 122112 bytes of wave data, but read only 120960 bytes. Truncated file?
VLOG[2] (compute-mfcc-feats[5.5.1182~1-e02e3]:main():compute-mfcc-feats.cc:182) Processed features for key common_voice_lt_25160462
WARNING (compute-mfcc-feats[5.5.1182~1-e02e3]:Read():wave-reader.cc:304) Expected 179712 bytes of wave data, but read only 178560 bytes. Truncated file?
VLOG[2] (compute-mfcc-feats[5.5.1182~1-e02e3]:main():compute-mfcc-feats.cc:182) Processed features for key common_voice_lt_25160463
WARNING (compute-mfcc-feats[5.5.1182~1-e02e3]:Read():wave-reader.cc:304) Expected 138240 bytes of wave data, but read only 137088 bytes. Truncated file?
VLOG[2] (compute-mfcc-feats[5.5.1182~1-e02e3]:main():compute-mfcc-feats.cc:182) Processed features for key common_voice_lt_25160464
WARNING (compute-mfcc-feats[5.5.1182~1-e02e3]:Read():wave-reader.cc:304) Expected 122112 bytes of wave data, but read only 120960 bytes. Truncated file?
VLOG[2] (compute-mfcc-feats[5.5.1182~1-e02e3]:main():compute-mfcc-feats.cc:182) Processed features for key common_voice_lt_25160465
WARNING (compute-mfcc-feats[5.5.1182~1-e02e3]:Read():wave-reader.cc:304) Expected 124416 bytes of wave data, but read only 123264 bytes. Truncated file?
VLOG[2] (compute-mfcc-feats[5.5.1182~1-e02e3]:main():compute-mfcc-feats.cc:182) Processed features for key common_voice_lt_25160471
WARNING (compute-mfcc-feats[5.5.1182~1-e02e3]:Read():wave-reader.cc:304) Expected 207360 bytes of wave data, but read only 206208 bytes. Truncated file?
VLOG[2] (compute-mfcc-feats[5.5.1182~1-e02e3]:main():compute-mfcc-feats.cc:182) Processed features for key common_voice_lt_25160472
WARNING (compute-mfcc-feats[5.5.1182~1-e02e3]:Read():wave-reader.cc:304) Expected 156672 bytes of wave data, but read only 155520 bytes. Truncated file?
VLOG[2] (compute-mfcc-feats[5.5.1182~1-e02e3]:main():compute-mfcc-feats.cc:182) Processed features for key common_voice_lt_25160473
WARNING (compute-mfcc-feats[5.5.1182~1-e02e3]:Read():wave-reader.cc:304) Expected 214272 bytes of wave data, but read only 213120 bytes. Truncated file?
VLOG[2] (compute-mfcc-feats[5.5.1182~1-e02e3]:main():compute-mfcc-feats.cc:182) Processed features for key common_voice_lt_25160475
WARNING (compute-mfcc-feats[5.5.1182~1-e02e3]:Read():wave-reader.cc:304) Expected 153216 bytes of wave data, but read only 152064 bytes. Truncated file?
VLOG[2] (compute-mfcc-feats[5.5.1182~1-e02e3]:main():compute-mfcc-feats.cc:182) Processed features for key common_voice_lt_25160486
WARNING (compute-mfcc-feats[5.5.1182~1-e02e3]:Read():wave-reader.cc:304) Expected 172800 bytes of wave data, but read only 171648 bytes. Truncated file?
LOG (compute-mfcc-feats[5.5.1182~1-e02e3]:main():compute-mfcc-feats.cc:181) Processed 790 utterances
VLOG[2] (compute-mfcc-feats[5.5.1182~1-e02e3]:main():compute-mfcc-feats.cc:182) Processed features for key common_voice_lt_25160487
WARNING (compute-mfcc-feats[5.5.1182~1-e02e3]:Read():wave-reader.cc:304) Expected 156672 bytes of wave data, but read only 155520 bytes. Truncated file?
VLOG[2] (compute-mfcc-feats[5.5.1182~1-e02e3]:main():compute-mfcc-feats.cc:182) Processed features for key common_voice_lt_25160488
WARNING (compute-mfcc-feats[5.5.1182~1-e02e3]:Read():wave-reader.cc:304) Expected 138240 bytes of wave data, but read only 137088 bytes. Truncated file?
VLOG[2] (compute-mfcc-feats[5.5.1182~1-e02e3]:main():compute-mfcc-feats.cc:182) Processed features for key common_voice_lt_25160489
WARNING (compute-mfcc-feats[5.5.1182~1-e02e3]:Read():wave-reader.cc:304) Expected 135936 bytes of wave data, but read only 134784 bytes. Truncated file?
VLOG[2] (compute-mfcc-feats[5.5.1182~1-e02e3]:main():compute-mfcc-feats.cc:182) Processed features for key common_voice_lt_25160490
WARNING (compute-mfcc-feats[5.5.1182~1-e02e3]:Read():wave-reader.cc:304) Expected 118656 bytes of wave data, but read only 117504 bytes. Truncated file?
VLOG[2] (compute-mfcc-feats[5.5.1182~1-e02e3]:main():compute-mfcc-feats.cc:182) Processed features for key common_voice_lt_25160547
WARNING (compute-mfcc-feats[5.5.1182~1-e02e3]:Read():wave-reader.cc:304) Expected 138240 bytes of wave data, but read only 137088 bytes. Truncated file?
VLOG[2] (compute-mfcc-feats[5.5.1182~1-e02e3]:main():compute-mfcc-feats.cc:182) Processed features for key common_voice_lt_25160548
WARNING (compute-mfcc-feats[5.5.1182~1-e02e3]:Read():wave-reader.cc:304) Expected 214272 bytes of wave data, but read only 213120 bytes. Truncated file?
VLOG[2] (compute-mfcc-feats[5.5.1182~1-e02e3]:main():compute-mfcc-feats.cc:182) Processed features for key common_voice_lt_25160549
WARNING (compute-mfcc-feats[5.5.1182~1-e02e3]:Read():wave-reader.cc:304) Expected 167040 bytes of wave data, but read only 165888 bytes. Truncated file?
VLOG[2] (compute-mfcc-feats[5.5.1182~1-e02e3]:main():compute-mfcc-feats.cc:182) Processed features for key common_voice_lt_25160550
WARNING (compute-mfcc-feats[5.5.1182~1-e02e3]:Read():wave-reader.cc:304) Expected 107136 bytes of wave data, but read only 105984 bytes. Truncated file?
VLOG[2] (compute-mfcc-feats[5.5.1182~1-e02e3]:main():compute-mfcc-feats.cc:182) Processed features for key common_voice_lt_25160551
WARNING (compute-mfcc-feats[5.5.1182~1-e02e3]:Read():wave-reader.cc:304) Expected 147456 bytes of wave data, but read only 146304 bytes. Truncated file?
VLOG[2] (compute-mfcc-feats[5.5.1182~1-e02e3]:main():compute-mfcc-feats.cc:182) Processed features for key common_voice_lt_25160557
WARNING (compute-mfcc-feats[5.5.1182~1-e02e3]:Read():wave-reader.cc:304) Expected 92160 bytes of wave data, but read only 91008 bytes. Truncated file?
LOG (compute-mfcc-feats[5.5.1182~1-e02e3]:main():compute-mfcc-feats.cc:181) Processed 800 utterances
VLOG[2] (compute-mfcc-feats[5.5.1182~1-e02e3]:main():compute-mfcc-feats.cc:182) Processed features for key common_voice_lt_25160558
WARNING (compute-mfcc-feats[5.5.1182~1-e02e3]:Read():wave-reader.cc:304) Expected 179712 bytes of wave data, but read only 178560 bytes. Truncated file?
VLOG[2] (compute-mfcc-feats[5.5.1182~1-e02e3]:main():compute-mfcc-feats.cc:182) Processed features for key common_voice_lt_25160559
WARNING (compute-mfcc-feats[5.5.1182~1-e02e3]:Read():wave-reader.cc:304) Expected 144000 bytes of wave data, but read only 142848 bytes. Truncated file?
VLOG[2] (compute-mfcc-feats[5.5.1182~1-e02e3]:main():compute-mfcc-feats.cc:182) Processed features for key common_voice_lt_25160560
WARNING (compute-mfcc-feats[5.5.1182~1-e02e3]:Read():wave-reader.cc:304) Expected 147456 bytes of wave data, but read only 146304 bytes. Truncated file?
VLOG[2] (compute-mfcc-feats[5.5.1182~1-e02e3]:main():compute-mfcc-feats.cc:182) Processed features for key common_voice_lt_25160561
WARNING (compute-mfcc-feats[5.5.1182~1-e02e3]:Read():wave-reader.cc:304) Expected 135936 bytes of wave data, but read only 134784 bytes. Truncated file?
VLOG[2] (compute-mfcc-feats[5.5.1182~1-e02e3]:main():compute-mfcc-feats.cc:182) Processed features for key common_voice_lt_25160568
WARNING (compute-mfcc-feats[5.5.1182~1-e02e3]:Read():wave-reader.cc:304) Expected 110592 bytes of wave data, but read only 109440 bytes. Truncated file?
VLOG[2] (compute-mfcc-feats[5.5.1182~1-e02e3]:main():compute-mfcc-feats.cc:182) Processed features for key common_voice_lt_25160569
WARNING (compute-mfcc-feats[5.5.1182~1-e02e3]:Read():wave-reader.cc:304) Expected 120960 bytes of wave data, but read only 119808 bytes. Truncated file?
VLOG[2] (compute-mfcc-feats[5.5.1182~1-e02e3]:main():compute-mfcc-feats.cc:182) Processed features for key common_voice_lt_25160570
WARNING (compute-mfcc-feats[5.5.1182~1-e02e3]:Read():wave-reader.cc:304) Expected 155520 bytes of wave data, but read only 154368 bytes. Truncated file?
VLOG[2] (compute-mfcc-feats[5.5.1182~1-e02e3]:main():compute-mfcc-feats.cc:182) Processed features for key common_voice_lt_25160571
WARNING (compute-mfcc-feats[5.5.1182~1-e02e3]:Read():wave-reader.cc:304) Expected 245376 bytes of wave data, but read only 244224 bytes. Truncated file?
VLOG[2] (compute-mfcc-feats[5.5.1182~1-e02e3]:main():compute-mfcc-feats.cc:182) Processed features for key common_voice_lt_25160573
WARNING (compute-mfcc-feats[5.5.1182~1-e02e3]:Read():wave-reader.cc:304) Expected 133632 bytes of wave data, but read only 132480 bytes. Truncated file?
VLOG[2] (compute-mfcc-feats[5.5.1182~1-e02e3]:main():compute-mfcc-feats.cc:182) Processed features for key common_voice_lt_25160577
WARNING (compute-mfcc-feats[5.5.1182~1-e02e3]:Read():wave-reader.cc:304) Expected 112896 bytes of wave data, but read only 111744 bytes. Truncated file?
LOG (compute-mfcc-feats[5.5.1182~1-e02e3]:main():compute-mfcc-feats.cc:181) Processed 810 utterances
VLOG[2] (compute-mfcc-feats[5.5.1182~1-e02e3]:main():compute-mfcc-feats.cc:182) Processed features for key common_voice_lt_25160578
WARNING (compute-mfcc-feats[5.5.1182~1-e02e3]:Read():wave-reader.cc:304) Expected 107136 bytes of wave data, but read only 105984 bytes. Truncated file?
VLOG[2] (compute-mfcc-feats[5.5.1182~1-e02e3]:main():compute-mfcc-feats.cc:182) Processed features for key common_voice_lt_25160579
WARNING (compute-mfcc-feats[5.5.1182~1-e02e3]:Read():wave-reader.cc:304) Expected 104832 bytes of wave data, but read only 103680 bytes. Truncated file?
VLOG[2] (compute-mfcc-feats[5.5.1182~1-e02e3]:main():compute-mfcc-feats.cc:182) Processed features for key common_voice_lt_25160580
WARNING (compute-mfcc-feats[5.5.1182~1-e02e3]:Read():wave-reader.cc:304) Expected 184320 bytes of wave data, but read only 183168 bytes. Truncated file?
VLOG[2] (compute-mfcc-feats[5.5.1182~1-e02e3]:main():compute-mfcc-feats.cc:182) Processed features for key common_voice_lt_25160581
WARNING (compute-mfcc-feats[5.5.1182~1-e02e3]:Read():wave-reader.cc:304) Expected 161280 bytes of wave data, but read only 160128 bytes. Truncated file?
VLOG[2] (compute-mfcc-feats[5.5.1182~1-e02e3]:main():compute-mfcc-feats.cc:182) Processed features for key common_voice_lt_25160587
WARNING (compute-mfcc-feats[5.5.1182~1-e02e3]:Read():wave-reader.cc:304) Expected 127872 bytes of wave data, but read only 126720 bytes. Truncated file?
VLOG[2] (compute-mfcc-feats[5.5.1182~1-e02e3]:main():compute-mfcc-feats.cc:182) Processed features for key common_voice_lt_25160588
WARNING (compute-mfcc-feats[5.5.1182~1-e02e3]:Read():wave-reader.cc:304) Expected 122112 bytes of wave data, but read only 120960 bytes. Truncated file?
VLOG[2] (compute-mfcc-feats[5.5.1182~1-e02e3]:main():compute-mfcc-feats.cc:182) Processed features for key common_voice_lt_25160590
WARNING (compute-mfcc-feats[5.5.1182~1-e02e3]:Read():wave-reader.cc:304) Expected 190080 bytes of wave data, but read only 188928 bytes. Truncated file?
VLOG[2] (compute-mfcc-feats[5.5.1182~1-e02e3]:main():compute-mfcc-feats.cc:182) Processed features for key common_voice_lt_25160592
WARNING (compute-mfcc-feats[5.5.1182~1-e02e3]:Read():wave-reader.cc:304) Expected 133632 bytes of wave data, but read only 132480 bytes. Truncated file?
VLOG[2] (compute-mfcc-feats[5.5.1182~1-e02e3]:main():compute-mfcc-feats.cc:182) Processed features for key common_voice_lt_25160594
WARNING (compute-mfcc-feats[5.5.1182~1-e02e3]:Read():wave-reader.cc:304) Expected 138240 bytes of wave data, but read only 137088 bytes. Truncated file?
VLOG[2] (compute-mfcc-feats[5.5.1182~1-e02e3]:main():compute-mfcc-feats.cc:182) Processed features for key common_voice_lt_25160597
WARNING (compute-mfcc-feats[5.5.1182~1-e02e3]:Read():wave-reader.cc:304) Expected 135936 bytes of wave data, but read only 134784 bytes. Truncated file?
LOG (compute-mfcc-feats[5.5.1182~1-e02e3]:main():compute-mfcc-feats.cc:181) Processed 820 utterances
VLOG[2] (compute-mfcc-feats[5.5.1182~1-e02e3]:main():compute-mfcc-feats.cc:182) Processed features for key common_voice_lt_25160598
WARNING (compute-mfcc-feats[5.5.1182~1-e02e3]:Read():wave-reader.cc:304) Expected 139392 bytes of wave data, but read only 138240 bytes. Truncated file?
VLOG[2] (compute-mfcc-feats[5.5.1182~1-e02e3]:main():compute-mfcc-feats.cc:182) Processed features for key common_voice_lt_25160599
WARNING (compute-mfcc-feats[5.5.1182~1-e02e3]:Read():wave-reader.cc:304) Expected 103680 bytes of wave data, but read only 102528 bytes. Truncated file?
VLOG[2] (compute-mfcc-feats[5.5.1182~1-e02e3]:main():compute-mfcc-feats.cc:182) Processed features for key common_voice_lt_25160600
WARNING (compute-mfcc-feats[5.5.1182~1-e02e3]:Read():wave-reader.cc:304) Expected 122112 bytes of wave data, but read only 120960 bytes. Truncated file?
VLOG[2] (compute-mfcc-feats[5.5.1182~1-e02e3]:main():compute-mfcc-feats.cc:182) Processed features for key common_voice_lt_25160601
WARNING (compute-mfcc-feats[5.5.1182~1-e02e3]:Read():wave-reader.cc:304) Expected 120960 bytes of wave data, but read only 119808 bytes. Truncated file?
VLOG[2] (compute-mfcc-feats[5.5.1182~1-e02e3]:main():compute-mfcc-feats.cc:182) Processed features for key common_voice_lt_25160607
WARNING (compute-mfcc-feats[5.5.1182~1-e02e3]:Read():wave-reader.cc:304) Expected 173952 bytes of wave data, but read only 172800 bytes. Truncated file?
VLOG[2] (compute-mfcc-feats[5.5.1182~1-e02e3]:main():compute-mfcc-feats.cc:182) Processed features for key common_voice_lt_25160608
WARNING (compute-mfcc-feats[5.5.1182~1-e02e3]:Read():wave-reader.cc:304) Expected 104832 bytes of wave data, but read only 103680 bytes. Truncated file?
VLOG[2] (compute-mfcc-feats[5.5.1182~1-e02e3]:main():compute-mfcc-feats.cc:182) Processed features for key common_voice_lt_25160610
WARNING (compute-mfcc-feats[5.5.1182~1-e02e3]:Read():wave-reader.cc:304) Expected 268416 bytes of wave data, but read only 267264 bytes. Truncated file?
VLOG[2] (compute-mfcc-feats[5.5.1182~1-e02e3]:main():compute-mfcc-feats.cc:182) Processed features for key common_voice_lt_25160611
WARNING (compute-mfcc-feats[5.5.1182~1-e02e3]:Read():wave-reader.cc:304) Expected 196992 bytes of wave data, but read only 195840 bytes. Truncated file?
VLOG[2] (compute-mfcc-feats[5.5.1182~1-e02e3]:main():compute-mfcc-feats.cc:182) Processed features for key common_voice_lt_25160622
WARNING (compute-mfcc-feats[5.5.1182~1-e02e3]:Read():wave-reader.cc:304) Expected 220032 bytes of wave data, but read only 218880 bytes. Truncated file?
VLOG[2] (compute-mfcc-feats[5.5.1182~1-e02e3]:main():compute-mfcc-feats.cc:182) Processed features for key common_voice_lt_25160623
WARNING (compute-mfcc-feats[5.5.1182~1-e02e3]:Read():wave-reader.cc:304) Expected 193536 bytes of wave data, but read only 192384 bytes. Truncated file?
LOG (compute-mfcc-feats[5.5.1182~1-e02e3]:main():compute-mfcc-feats.cc:181) Processed 830 utterances
VLOG[2] (compute-mfcc-feats[5.5.1182~1-e02e3]:main():compute-mfcc-feats.cc:182) Processed features for key common_voice_lt_25160624
WARNING (compute-mfcc-feats[5.5.1182~1-e02e3]:Read():wave-reader.cc:304) Expected 127872 bytes of wave data, but read only 126720 bytes. Truncated file?
VLOG[2] (compute-mfcc-feats[5.5.1182~1-e02e3]:main():compute-mfcc-feats.cc:182) Processed features for key common_voice_lt_25160625
WARNING (compute-mfcc-feats[5.5.1182~1-e02e3]:Read():wave-reader.cc:304) Expected 196992 bytes of wave data, but read only 195840 bytes. Truncated file?
VLOG[2] (compute-mfcc-feats[5.5.1182~1-e02e3]:main():compute-mfcc-feats.cc:182) Processed features for key common_voice_lt_25160627
WARNING (compute-mfcc-feats[5.5.1182~1-e02e3]:Read():wave-reader.cc:304) Expected 176256 bytes of wave data, but read only 175104 bytes. Truncated file?
VLOG[2] (compute-mfcc-feats[5.5.1182~1-e02e3]:main():compute-mfcc-feats.cc:182) Processed features for key common_voice_lt_25160634
WARNING (compute-mfcc-feats[5.5.1182~1-e02e3]:Read():wave-reader.cc:304) Expected 104832 bytes of wave data, but read only 103680 bytes. Truncated file?
VLOG[2] (compute-mfcc-feats[5.5.1182~1-e02e3]:main():compute-mfcc-feats.cc:182) Processed features for key common_voice_lt_25160635
WARNING (compute-mfcc-feats[5.5.1182~1-e02e3]:Read():wave-reader.cc:304) Expected 144000 bytes of wave data, but read only 142848 bytes. Truncated file?
VLOG[2] (compute-mfcc-feats[5.5.1182~1-e02e3]:main():compute-mfcc-feats.cc:182) Processed features for key common_voice_lt_25160636
WARNING (compute-mfcc-feats[5.5.1182~1-e02e3]:Read():wave-reader.cc:304) Expected 95616 bytes of wave data, but read only 94464 bytes. Truncated file?
VLOG[2] (compute-mfcc-feats[5.5.1182~1-e02e3]:main():compute-mfcc-feats.cc:182) Processed features for key common_voice_lt_25160637
WARNING (compute-mfcc-feats[5.5.1182~1-e02e3]:Read():wave-reader.cc:304) Expected 158976 bytes of wave data, but read only 157824 bytes. Truncated file?
VLOG[2] (compute-mfcc-feats[5.5.1182~1-e02e3]:main():compute-mfcc-feats.cc:182) Processed features for key common_voice_lt_25160638
WARNING (compute-mfcc-feats[5.5.1182~1-e02e3]:Read():wave-reader.cc:304) Expected 141696 bytes of wave data, but read only 140544 bytes. Truncated file?
VLOG[2] (compute-mfcc-feats[5.5.1182~1-e02e3]:main():compute-mfcc-feats.cc:182) Processed features for key common_voice_lt_25160639
WARNING (compute-mfcc-feats[5.5.1182~1-e02e3]:Read():wave-reader.cc:304) Expected 135936 bytes of wave data, but read only 134784 bytes. Truncated file?
VLOG[2] (compute-mfcc-feats[5.5.1182~1-e02e3]:main():compute-mfcc-feats.cc:182) Processed features for key common_voice_lt_25160640
WARNING (compute-mfcc-feats[5.5.1182~1-e02e3]:Read():wave-reader.cc:304) Expected 164736 bytes of wave data, but read only 163584 bytes. Truncated file?
LOG (compute-mfcc-feats[5.5.1182~1-e02e3]:main():compute-mfcc-feats.cc:181) Processed 840 utterances
VLOG[2] (compute-mfcc-feats[5.5.1182~1-e02e3]:main():compute-mfcc-feats.cc:182) Processed features for key common_voice_lt_25160641
WARNING (compute-mfcc-feats[5.5.1182~1-e02e3]:Read():wave-reader.cc:304) Expected 118656 bytes of wave data, but read only 117504 bytes. Truncated file?
VLOG[2] (compute-mfcc-feats[5.5.1182~1-e02e3]:main():compute-mfcc-feats.cc:182) Processed features for key common_voice_lt_25160642
WARNING (compute-mfcc-feats[5.5.1182~1-e02e3]:Read():wave-reader.cc:304) Expected 130176 bytes of wave data, but read only 129024 bytes. Truncated file?
VLOG[2] (compute-mfcc-feats[5.5.1182~1-e02e3]:main():compute-mfcc-feats.cc:182) Processed features for key common_voice_lt_25160643
WARNING (compute-mfcc-feats[5.5.1182~1-e02e3]:Read():wave-reader.cc:304) Expected 199296 bytes of wave data, but read only 198144 bytes. Truncated file?
VLOG[2] (compute-mfcc-feats[5.5.1182~1-e02e3]:main():compute-mfcc-feats.cc:182) Processed features for key common_voice_lt_25160659
WARNING (compute-mfcc-feats[5.5.1182~1-e02e3]:Read():wave-reader.cc:304) Expected 144000 bytes of wave data, but read only 142848 bytes. Truncated file?
VLOG[2] (compute-mfcc-feats[5.5.1182~1-e02e3]:main():compute-mfcc-feats.cc:182) Processed features for key common_voice_lt_25160660
WARNING (compute-mfcc-feats[5.5.1182~1-e02e3]:Read():wave-reader.cc:304) Expected 130176 bytes of wave data, but read only 129024 bytes. Truncated file?
VLOG[2] (compute-mfcc-feats[5.5.1182~1-e02e3]:main():compute-mfcc-feats.cc:182) Processed features for key common_voice_lt_25160661
WARNING (compute-mfcc-feats[5.5.1182~1-e02e3]:Read():wave-reader.cc:304) Expected 145152 bytes of wave data, but read only 144000 bytes. Truncated file?
VLOG[2] (compute-mfcc-feats[5.5.1182~1-e02e3]:main():compute-mfcc-feats.cc:182) Processed features for key common_voice_lt_25160662
WARNING (compute-mfcc-feats[5.5.1182~1-e02e3]:Read():wave-reader.cc:304) Expected 172800 bytes of wave data, but read only 171648 bytes. Truncated file?
VLOG[2] (compute-mfcc-feats[5.5.1182~1-e02e3]:main():compute-mfcc-feats.cc:182) Processed features for key common_voice_lt_25160663
WARNING (compute-mfcc-feats[5.5.1182~1-e02e3]:Read():wave-reader.cc:304) Expected 107136 bytes of wave data, but read only 105984 bytes. Truncated file?
VLOG[2] (compute-mfcc-feats[5.5.1182~1-e02e3]:main():compute-mfcc-feats.cc:182) Processed features for key common_voice_lt_25160669
WARNING (compute-mfcc-feats[5.5.1182~1-e02e3]:Read():wave-reader.cc:304) Expected 210816 bytes of wave data, but read only 209664 bytes. Truncated file?
VLOG[2] (compute-mfcc-feats[5.5.1182~1-e02e3]:main():compute-mfcc-feats.cc:182) Processed features for key common_voice_lt_25160670
WARNING (compute-mfcc-feats[5.5.1182~1-e02e3]:Read():wave-reader.cc:304) Expected 164736 bytes of wave data, but read only 163584 bytes. Truncated file?
LOG (compute-mfcc-feats[5.5.1182~1-e02e3]:main():compute-mfcc-feats.cc:181) Processed 850 utterances
VLOG[2] (compute-mfcc-feats[5.5.1182~1-e02e3]:main():compute-mfcc-feats.cc:182) Processed features for key common_voice_lt_25160671
WARNING (compute-mfcc-feats[5.5.1182~1-e02e3]:Read():wave-reader.cc:304) Expected 155520 bytes of wave data, but read only 154368 bytes. Truncated file?
VLOG[2] (compute-mfcc-feats[5.5.1182~1-e02e3]:main():compute-mfcc-feats.cc:182) Processed features for key common_voice_lt_25160672
WARNING (compute-mfcc-feats[5.5.1182~1-e02e3]:Read():wave-reader.cc:304) Expected 116352 bytes of wave data, but read only 115200 bytes. Truncated file?
VLOG[2] (compute-mfcc-feats[5.5.1182~1-e02e3]:main():compute-mfcc-feats.cc:182) Processed features for key common_voice_lt_25160674
WARNING (compute-mfcc-feats[5.5.1182~1-e02e3]:Read():wave-reader.cc:304) Expected 127872 bytes of wave data, but read only 126720 bytes. Truncated file?
VLOG[2] (compute-mfcc-feats[5.5.1182~1-e02e3]:main():compute-mfcc-feats.cc:182) Processed features for key common_voice_lt_25160866
WARNING (compute-mfcc-feats[5.5.1182~1-e02e3]:Read():wave-reader.cc:304) Expected 115200 bytes of wave data, but read only 114048 bytes. Truncated file?
VLOG[2] (compute-mfcc-feats[5.5.1182~1-e02e3]:main():compute-mfcc-feats.cc:182) Processed features for key common_voice_lt_25160869
WARNING (compute-mfcc-feats[5.5.1182~1-e02e3]:Read():wave-reader.cc:304) Expected 89856 bytes of wave data, but read only 88704 bytes. Truncated file?
VLOG[2] (compute-mfcc-feats[5.5.1182~1-e02e3]:main():compute-mfcc-feats.cc:182) Processed features for key common_voice_lt_25160871
WARNING (compute-mfcc-feats[5.5.1182~1-e02e3]:Read():wave-reader.cc:304) Expected 164736 bytes of wave data, but read only 163584 bytes. Truncated file?
VLOG[2] (compute-mfcc-feats[5.5.1182~1-e02e3]:main():compute-mfcc-feats.cc:182) Processed features for key common_voice_lt_25160872
WARNING (compute-mfcc-feats[5.5.1182~1-e02e3]:Read():wave-reader.cc:304) Expected 149760 bytes of wave data, but read only 148608 bytes. Truncated file?
VLOG[2] (compute-mfcc-feats[5.5.1182~1-e02e3]:main():compute-mfcc-feats.cc:182) Processed features for key common_voice_lt_25160874
WARNING (compute-mfcc-feats[5.5.1182~1-e02e3]:Read():wave-reader.cc:304) Expected 112896 bytes of wave data, but read only 111744 bytes. Truncated file?
VLOG[2] (compute-mfcc-feats[5.5.1182~1-e02e3]:main():compute-mfcc-feats.cc:182) Processed features for key common_voice_lt_25160884
WARNING (compute-mfcc-feats[5.5.1182~1-e02e3]:Read():wave-reader.cc:304) Expected 199296 bytes of wave data, but read only 198144 bytes. Truncated file?
VLOG[2] (compute-mfcc-feats[5.5.1182~1-e02e3]:main():compute-mfcc-feats.cc:182) Processed features for key common_voice_lt_25160885
WARNING (compute-mfcc-feats[5.5.1182~1-e02e3]:Read():wave-reader.cc:304) Expected 190080 bytes of wave data, but read only 188928 bytes. Truncated file?
LOG (compute-mfcc-feats[5.5.1182~1-e02e3]:main():compute-mfcc-feats.cc:181) Processed 860 utterances
VLOG[2] (compute-mfcc-feats[5.5.1182~1-e02e3]:main():compute-mfcc-feats.cc:182) Processed features for key common_voice_lt_25160886
WARNING (compute-mfcc-feats[5.5.1182~1-e02e3]:Read():wave-reader.cc:304) Expected 179712 bytes of wave data, but read only 178560 bytes. Truncated file?
VLOG[2] (compute-mfcc-feats[5.5.1182~1-e02e3]:main():compute-mfcc-feats.cc:182) Processed features for key common_voice_lt_25160887
WARNING (compute-mfcc-feats[5.5.1182~1-e02e3]:Read():wave-reader.cc:304) Expected 141696 bytes of wave data, but read only 140544 bytes. Truncated file?
VLOG[2] (compute-mfcc-feats[5.5.1182~1-e02e3]:main():compute-mfcc-feats.cc:182) Processed features for key common_voice_lt_25160888
WARNING (compute-mfcc-feats[5.5.1182~1-e02e3]:Read():wave-reader.cc:304) Expected 135936 bytes of wave data, but read only 134784 bytes. Truncated file?
VLOG[2] (compute-mfcc-feats[5.5.1182~1-e02e3]:main():compute-mfcc-feats.cc:182) Processed features for key common_voice_lt_25160903
WARNING (compute-mfcc-feats[5.5.1182~1-e02e3]:Read():wave-reader.cc:304) Expected 103680 bytes of wave data, but read only 102528 bytes. Truncated file?
VLOG[2] (compute-mfcc-feats[5.5.1182~1-e02e3]:main():compute-mfcc-feats.cc:182) Processed features for key common_voice_lt_25160904
WARNING (compute-mfcc-feats[5.5.1182~1-e02e3]:Read():wave-reader.cc:304) Expected 135936 bytes of wave data, but read only 134784 bytes. Truncated file?
VLOG[2] (compute-mfcc-feats[5.5.1182~1-e02e3]:main():compute-mfcc-feats.cc:182) Processed features for key common_voice_lt_25160905
WARNING (compute-mfcc-feats[5.5.1182~1-e02e3]:Read():wave-reader.cc:304) Expected 176256 bytes of wave data, but read only 175104 bytes. Truncated file?
VLOG[2] (compute-mfcc-feats[5.5.1182~1-e02e3]:main():compute-mfcc-feats.cc:182) Processed features for key common_voice_lt_25160906
WARNING (compute-mfcc-feats[5.5.1182~1-e02e3]:Read():wave-reader.cc:304) Expected 179712 bytes of wave data, but read only 178560 bytes. Truncated file?
VLOG[2] (compute-mfcc-feats[5.5.1182~1-e02e3]:main():compute-mfcc-feats.cc:182) Processed features for key common_voice_lt_25160907
WARNING (compute-mfcc-feats[5.5.1182~1-e02e3]:Read():wave-reader.cc:304) Expected 97920 bytes of wave data, but read only 96768 bytes. Truncated file?
VLOG[2] (compute-mfcc-feats[5.5.1182~1-e02e3]:main():compute-mfcc-feats.cc:182) Processed features for key common_voice_lt_25160925
WARNING (compute-mfcc-feats[5.5.1182~1-e02e3]:Read():wave-reader.cc:304) Expected 112896 bytes of wave data, but read only 111744 bytes. Truncated file?
VLOG[2] (compute-mfcc-feats[5.5.1182~1-e02e3]:main():compute-mfcc-feats.cc:182) Processed features for key common_voice_lt_25160928
WARNING (compute-mfcc-feats[5.5.1182~1-e02e3]:Read():wave-reader.cc:304) Expected 145152 bytes of wave data, but read only 144000 bytes. Truncated file?
LOG (compute-mfcc-feats[5.5.1182~1-e02e3]:main():compute-mfcc-feats.cc:181) Processed 870 utterances
VLOG[2] (compute-mfcc-feats[5.5.1182~1-e02e3]:main():compute-mfcc-feats.cc:182) Processed features for key common_voice_lt_25160930
WARNING (compute-mfcc-feats[5.5.1182~1-e02e3]:Read():wave-reader.cc:304) Expected 145152 bytes of wave data, but read only 144000 bytes. Truncated file?
VLOG[2] (compute-mfcc-feats[5.5.1182~1-e02e3]:main():compute-mfcc-feats.cc:182) Processed features for key common_voice_lt_25160978
WARNING (compute-mfcc-feats[5.5.1182~1-e02e3]:Read():wave-reader.cc:304) Expected 167040 bytes of wave data, but read only 165888 bytes. Truncated file?
VLOG[2] (compute-mfcc-feats[5.5.1182~1-e02e3]:main():compute-mfcc-feats.cc:182) Processed features for key common_voice_lt_25160979
WARNING (compute-mfcc-feats[5.5.1182~1-e02e3]:Read():wave-reader.cc:304) Expected 93312 bytes of wave data, but read only 92160 bytes. Truncated file?
VLOG[2] (compute-mfcc-feats[5.5.1182~1-e02e3]:main():compute-mfcc-feats.cc:182) Processed features for key common_voice_lt_25160980
WARNING (compute-mfcc-feats[5.5.1182~1-e02e3]:Read():wave-reader.cc:304) Expected 230400 bytes of wave data, but read only 229248 bytes. Truncated file?
VLOG[2] (compute-mfcc-feats[5.5.1182~1-e02e3]:main():compute-mfcc-feats.cc:182) Processed features for key common_voice_lt_25160982
WARNING (compute-mfcc-feats[5.5.1182~1-e02e3]:Read():wave-reader.cc:304) Expected 164736 bytes of wave data, but read only 163584 bytes. Truncated file?
VLOG[2] (compute-mfcc-feats[5.5.1182~1-e02e3]:main():compute-mfcc-feats.cc:182) Processed features for key common_voice_lt_25160984
WARNING (compute-mfcc-feats[5.5.1182~1-e02e3]:Read():wave-reader.cc:304) Expected 103680 bytes of wave data, but read only 102528 bytes. Truncated file?
VLOG[2] (compute-mfcc-feats[5.5.1182~1-e02e3]:main():compute-mfcc-feats.cc:182) Processed features for key common_voice_lt_25160997
WARNING (compute-mfcc-feats[5.5.1182~1-e02e3]:Read():wave-reader.cc:304) Expected 99072 bytes of wave data, but read only 97920 bytes. Truncated file?
VLOG[2] (compute-mfcc-feats[5.5.1182~1-e02e3]:main():compute-mfcc-feats.cc:182) Processed features for key common_voice_lt_25160998
WARNING (compute-mfcc-feats[5.5.1182~1-e02e3]:Read():wave-reader.cc:304) Expected 126720 bytes of wave data, but read only 125568 bytes. Truncated file?
VLOG[2] (compute-mfcc-feats[5.5.1182~1-e02e3]:main():compute-mfcc-feats.cc:182) Processed features for key common_voice_lt_25160999
WARNING (compute-mfcc-feats[5.5.1182~1-e02e3]:Read():wave-reader.cc:304) Expected 132480 bytes of wave data, but read only 131328 bytes. Truncated file?
VLOG[2] (compute-mfcc-feats[5.5.1182~1-e02e3]:main():compute-mfcc-feats.cc:182) Processed features for key common_voice_lt_25161000
WARNING (compute-mfcc-feats[5.5.1182~1-e02e3]:Read():wave-reader.cc:304) Expected 103680 bytes of wave data, but read only 102528 bytes. Truncated file?
LOG (compute-mfcc-feats[5.5.1182~1-e02e3]:main():compute-mfcc-feats.cc:181) Processed 880 utterances
VLOG[2] (compute-mfcc-feats[5.5.1182~1-e02e3]:main():compute-mfcc-feats.cc:182) Processed features for key common_voice_lt_25161001
WARNING (compute-mfcc-feats[5.5.1182~1-e02e3]:Read():wave-reader.cc:304) Expected 138240 bytes of wave data, but read only 137088 bytes. Truncated file?
VLOG[2] (compute-mfcc-feats[5.5.1182~1-e02e3]:main():compute-mfcc-feats.cc:182) Processed features for key common_voice_lt_25161007
WARNING (compute-mfcc-feats[5.5.1182~1-e02e3]:Read():wave-reader.cc:304) Expected 112896 bytes of wave data, but read only 111744 bytes. Truncated file?
VLOG[2] (compute-mfcc-feats[5.5.1182~1-e02e3]:main():compute-mfcc-feats.cc:182) Processed features for key common_voice_lt_25161008
WARNING (compute-mfcc-feats[5.5.1182~1-e02e3]:Read():wave-reader.cc:304) Expected 122112 bytes of wave data, but read only 120960 bytes. Truncated file?
VLOG[2] (compute-mfcc-feats[5.5.1182~1-e02e3]:main():compute-mfcc-feats.cc:182) Processed features for key common_voice_lt_25161009
WARNING (compute-mfcc-feats[5.5.1182~1-e02e3]:Read():wave-reader.cc:304) Expected 156672 bytes of wave data, but read only 155520 bytes. Truncated file?
VLOG[2] (compute-mfcc-feats[5.5.1182~1-e02e3]:main():compute-mfcc-feats.cc:182) Processed features for key common_voice_lt_25161010
WARNING (compute-mfcc-feats[5.5.1182~1-e02e3]:Read():wave-reader.cc:304) Expected 122112 bytes of wave data, but read only 120960 bytes. Truncated file?
VLOG[2] (compute-mfcc-feats[5.5.1182~1-e02e3]:main():compute-mfcc-feats.cc:182) Processed features for key common_voice_lt_25161011
WARNING (compute-mfcc-feats[5.5.1182~1-e02e3]:Read():wave-reader.cc:304) Expected 109440 bytes of wave data, but read only 108288 bytes. Truncated file?
VLOG[2] (compute-mfcc-feats[5.5.1182~1-e02e3]:main():compute-mfcc-feats.cc:182) Processed features for key common_voice_lt_25161017
WARNING (compute-mfcc-feats[5.5.1182~1-e02e3]:Read():wave-reader.cc:304) Expected 170496 bytes of wave data, but read only 169344 bytes. Truncated file?
VLOG[2] (compute-mfcc-feats[5.5.1182~1-e02e3]:main():compute-mfcc-feats.cc:182) Processed features for key common_voice_lt_25161018
WARNING (compute-mfcc-feats[5.5.1182~1-e02e3]:Read():wave-reader.cc:304) Expected 92160 bytes of wave data, but read only 91008 bytes. Truncated file?
VLOG[2] (compute-mfcc-feats[5.5.1182~1-e02e3]:main():compute-mfcc-feats.cc:182) Processed features for key common_voice_lt_25161019
WARNING (compute-mfcc-feats[5.5.1182~1-e02e3]:Read():wave-reader.cc:304) Expected 127872 bytes of wave data, but read only 126720 bytes. Truncated file?
VLOG[2] (compute-mfcc-feats[5.5.1182~1-e02e3]:main():compute-mfcc-feats.cc:182) Processed features for key common_voice_lt_25161020
WARNING (compute-mfcc-feats[5.5.1182~1-e02e3]:Read():wave-reader.cc:304) Expected 208512 bytes of wave data, but read only 207360 bytes. Truncated file?
LOG (compute-mfcc-feats[5.5.1182~1-e02e3]:main():compute-mfcc-feats.cc:181) Processed 890 utterances
VLOG[2] (compute-mfcc-feats[5.5.1182~1-e02e3]:main():compute-mfcc-feats.cc:182) Processed features for key common_voice_lt_25161021
WARNING (compute-mfcc-feats[5.5.1182~1-e02e3]:Read():wave-reader.cc:304) Expected 89856 bytes of wave data, but read only 88704 bytes. Truncated file?
VLOG[2] (compute-mfcc-feats[5.5.1182~1-e02e3]:main():compute-mfcc-feats.cc:182) Processed features for key common_voice_lt_25161022
WARNING (compute-mfcc-feats[5.5.1182~1-e02e3]:Read():wave-reader.cc:304) Expected 184320 bytes of wave data, but read only 183168 bytes. Truncated file?
VLOG[2] (compute-mfcc-feats[5.5.1182~1-e02e3]:main():compute-mfcc-feats.cc:182) Processed features for key common_voice_lt_25161023
WARNING (compute-mfcc-feats[5.5.1182~1-e02e3]:Read():wave-reader.cc:304) Expected 109440 bytes of wave data, but read only 108288 bytes. Truncated file?
VLOG[2] (compute-mfcc-feats[5.5.1182~1-e02e3]:main():compute-mfcc-feats.cc:182) Processed features for key common_voice_lt_25161024
WARNING (compute-mfcc-feats[5.5.1182~1-e02e3]:Read():wave-reader.cc:304) Expected 164736 bytes of wave data, but read only 163584 bytes. Truncated file?
VLOG[2] (compute-mfcc-feats[5.5.1182~1-e02e3]:main():compute-mfcc-feats.cc:182) Processed features for key common_voice_lt_25161025
WARNING (compute-mfcc-feats[5.5.1182~1-e02e3]:Read():wave-reader.cc:304) Expected 138240 bytes of wave data, but read only 137088 bytes. Truncated file?
VLOG[2] (compute-mfcc-feats[5.5.1182~1-e02e3]:main():compute-mfcc-feats.cc:182) Processed features for key common_voice_lt_25161026
WARNING (compute-mfcc-feats[5.5.1182~1-e02e3]:Read():wave-reader.cc:304) Expected 89856 bytes of wave data, but read only 88704 bytes. Truncated file?
VLOG[2] (compute-mfcc-feats[5.5.1182~1-e02e3]:main():compute-mfcc-feats.cc:182) Processed features for key common_voice_lt_25161027
WARNING (compute-mfcc-feats[5.5.1182~1-e02e3]:Read():wave-reader.cc:304) Expected 112896 bytes of wave data, but read only 111744 bytes. Truncated file?
VLOG[2] (compute-mfcc-feats[5.5.1182~1-e02e3]:main():compute-mfcc-feats.cc:182) Processed features for key common_voice_lt_25161028
WARNING (compute-mfcc-feats[5.5.1182~1-e02e3]:Read():wave-reader.cc:304) Expected 156672 bytes of wave data, but read only 155520 bytes. Truncated file?
VLOG[2] (compute-mfcc-feats[5.5.1182~1-e02e3]:main():compute-mfcc-feats.cc:182) Processed features for key common_voice_lt_25161029
WARNING (compute-mfcc-feats[5.5.1182~1-e02e3]:Read():wave-reader.cc:304) Expected 167040 bytes of wave data, but read only 165888 bytes. Truncated file?
VLOG[2] (compute-mfcc-feats[5.5.1182~1-e02e3]:main():compute-mfcc-feats.cc:182) Processed features for key common_voice_lt_25161030
WARNING (compute-mfcc-feats[5.5.1182~1-e02e3]:Read():wave-reader.cc:304) Expected 132480 bytes of wave data, but read only 131328 bytes. Truncated file?
LOG (compute-mfcc-feats[5.5.1182~1-e02e3]:main():compute-mfcc-feats.cc:181) Processed 900 utterances
VLOG[2] (compute-mfcc-feats[5.5.1182~1-e02e3]:main():compute-mfcc-feats.cc:182) Processed features for key common_voice_lt_25161031
WARNING (compute-mfcc-feats[5.5.1182~1-e02e3]:Read():wave-reader.cc:304) Expected 139392 bytes of wave data, but read only 138240 bytes. Truncated file?
VLOG[2] (compute-mfcc-feats[5.5.1182~1-e02e3]:main():compute-mfcc-feats.cc:182) Processed features for key common_voice_lt_25161037
WARNING (compute-mfcc-feats[5.5.1182~1-e02e3]:Read():wave-reader.cc:304) Expected 92160 bytes of wave data, but read only 91008 bytes. Truncated file?
VLOG[2] (compute-mfcc-feats[5.5.1182~1-e02e3]:main():compute-mfcc-feats.cc:182) Processed features for key common_voice_lt_25161038
WARNING (compute-mfcc-feats[5.5.1182~1-e02e3]:Read():wave-reader.cc:304) Expected 132480 bytes of wave data, but read only 131328 bytes. Truncated file?
VLOG[2] (compute-mfcc-feats[5.5.1182~1-e02e3]:main():compute-mfcc-feats.cc:182) Processed features for key common_voice_lt_25161040
WARNING (compute-mfcc-feats[5.5.1182~1-e02e3]:Read():wave-reader.cc:304) Expected 138240 bytes of wave data, but read only 137088 bytes. Truncated file?
VLOG[2] (compute-mfcc-feats[5.5.1182~1-e02e3]:main():compute-mfcc-feats.cc:182) Processed features for key common_voice_lt_25161041
WARNING (compute-mfcc-feats[5.5.1182~1-e02e3]:Read():wave-reader.cc:304) Expected 104832 bytes of wave data, but read only 103680 bytes. Truncated file?
VLOG[2] (compute-mfcc-feats[5.5.1182~1-e02e3]:main():compute-mfcc-feats.cc:182) Processed features for key common_voice_lt_25161045
WARNING (compute-mfcc-feats[5.5.1182~1-e02e3]:Read():wave-reader.cc:304) Expected 184320 bytes of wave data, but read only 183168 bytes. Truncated file?
VLOG[2] (compute-mfcc-feats[5.5.1182~1-e02e3]:main():compute-mfcc-feats.cc:182) Processed features for key common_voice_lt_25161046
WARNING (compute-mfcc-feats[5.5.1182~1-e02e3]:Read():wave-reader.cc:304) Expected 127872 bytes of wave data, but read only 126720 bytes. Truncated file?
VLOG[2] (compute-mfcc-feats[5.5.1182~1-e02e3]:main():compute-mfcc-feats.cc:182) Processed features for key common_voice_lt_25161049
WARNING (compute-mfcc-feats[5.5.1182~1-e02e3]:Read():wave-reader.cc:304) Expected 156672 bytes of wave data, but read only 155520 bytes. Truncated file?
VLOG[2] (compute-mfcc-feats[5.5.1182~1-e02e3]:main():compute-mfcc-feats.cc:182) Processed features for key common_voice_lt_25161050
WARNING (compute-mfcc-feats[5.5.1182~1-e02e3]:Read():wave-reader.cc:304) Expected 141696 bytes of wave data, but read only 140544 bytes. Truncated file?
VLOG[2] (compute-mfcc-feats[5.5.1182~1-e02e3]:main():compute-mfcc-feats.cc:182) Processed features for key common_voice_lt_25161052
WARNING (compute-mfcc-feats[5.5.1182~1-e02e3]:Read():wave-reader.cc:304) Expected 205056 bytes of wave data, but read only 203904 bytes. Truncated file?
LOG (compute-mfcc-feats[5.5.1182~1-e02e3]:main():compute-mfcc-feats.cc:181) Processed 910 utterances
VLOG[2] (compute-mfcc-feats[5.5.1182~1-e02e3]:main():compute-mfcc-feats.cc:182) Processed features for key common_voice_lt_25161053
WARNING (compute-mfcc-feats[5.5.1182~1-e02e3]:Read():wave-reader.cc:304) Expected 156672 bytes of wave data, but read only 155520 bytes. Truncated file?
VLOG[2] (compute-mfcc-feats[5.5.1182~1-e02e3]:main():compute-mfcc-feats.cc:182) Processed features for key common_voice_lt_25161054
WARNING (compute-mfcc-feats[5.5.1182~1-e02e3]:Read():wave-reader.cc:304) Expected 89856 bytes of wave data, but read only 88704 bytes. Truncated file?
VLOG[2] (compute-mfcc-feats[5.5.1182~1-e02e3]:main():compute-mfcc-feats.cc:182) Processed features for key common_voice_lt_25161057
WARNING (compute-mfcc-feats[5.5.1182~1-e02e3]:Read():wave-reader.cc:304) Expected 132480 bytes of wave data, but read only 131328 bytes. Truncated file?
VLOG[2] (compute-mfcc-feats[5.5.1182~1-e02e3]:main():compute-mfcc-feats.cc:182) Processed features for key common_voice_lt_25161098
WARNING (compute-mfcc-feats[5.5.1182~1-e02e3]:Read():wave-reader.cc:304) Expected 317952 bytes of wave data, but read only 316800 bytes. Truncated file?
VLOG[2] (compute-mfcc-feats[5.5.1182~1-e02e3]:main():compute-mfcc-feats.cc:182) Processed features for key common_voice_lt_25161102
WARNING (compute-mfcc-feats[5.5.1182~1-e02e3]:Read():wave-reader.cc:304) Expected 89856 bytes of wave data, but read only 88704 bytes. Truncated file?
VLOG[2] (compute-mfcc-feats[5.5.1182~1-e02e3]:main():compute-mfcc-feats.cc:182) Processed features for key common_voice_lt_25161104
WARNING (compute-mfcc-feats[5.5.1182~1-e02e3]:Read():wave-reader.cc:304) Expected 147456 bytes of wave data, but read only 146304 bytes. Truncated file?
VLOG[2] (compute-mfcc-feats[5.5.1182~1-e02e3]:main():compute-mfcc-feats.cc:182) Processed features for key common_voice_lt_25161105
WARNING (compute-mfcc-feats[5.5.1182~1-e02e3]:Read():wave-reader.cc:304) Expected 110592 bytes of wave data, but read only 109440 bytes. Truncated file?
VLOG[2] (compute-mfcc-feats[5.5.1182~1-e02e3]:main():compute-mfcc-feats.cc:182) Processed features for key common_voice_lt_25161146
WARNING (compute-mfcc-feats[5.5.1182~1-e02e3]:Read():wave-reader.cc:304) Expected 270720 bytes of wave data, but read only 269568 bytes. Truncated file?
VLOG[2] (compute-mfcc-feats[5.5.1182~1-e02e3]:main():compute-mfcc-feats.cc:182) Processed features for key common_voice_lt_25161147
WARNING (compute-mfcc-feats[5.5.1182~1-e02e3]:Read():wave-reader.cc:304) Expected 216576 bytes of wave data, but read only 215424 bytes. Truncated file?
VLOG[2] (compute-mfcc-feats[5.5.1182~1-e02e3]:main():compute-mfcc-feats.cc:182) Processed features for key common_voice_lt_25161148
WARNING (compute-mfcc-feats[5.5.1182~1-e02e3]:Read():wave-reader.cc:304) Expected 210816 bytes of wave data, but read only 209664 bytes. Truncated file?
LOG (compute-mfcc-feats[5.5.1182~1-e02e3]:main():compute-mfcc-feats.cc:181) Processed 920 utterances
VLOG[2] (compute-mfcc-feats[5.5.1182~1-e02e3]:main():compute-mfcc-feats.cc:182) Processed features for key common_voice_lt_25161149
WARNING (compute-mfcc-feats[5.5.1182~1-e02e3]:Read():wave-reader.cc:304) Expected 99072 bytes of wave data, but read only 97920 bytes. Truncated file?
VLOG[2] (compute-mfcc-feats[5.5.1182~1-e02e3]:main():compute-mfcc-feats.cc:182) Processed features for key common_voice_lt_25161150
WARNING (compute-mfcc-feats[5.5.1182~1-e02e3]:Read():wave-reader.cc:304) Expected 176256 bytes of wave data, but read only 175104 bytes. Truncated file?
VLOG[2] (compute-mfcc-feats[5.5.1182~1-e02e3]:main():compute-mfcc-feats.cc:182) Processed features for key common_voice_lt_25161189
WARNING (compute-mfcc-feats[5.5.1182~1-e02e3]:Read():wave-reader.cc:304) Expected 141696 bytes of wave data, but read only 140544 bytes. Truncated file?
VLOG[2] (compute-mfcc-feats[5.5.1182~1-e02e3]:main():compute-mfcc-feats.cc:182) Processed features for key common_voice_lt_25161190
WARNING (compute-mfcc-feats[5.5.1182~1-e02e3]:Read():wave-reader.cc:304) Expected 135936 bytes of wave data, but read only 134784 bytes. Truncated file?
VLOG[2] (compute-mfcc-feats[5.5.1182~1-e02e3]:main():compute-mfcc-feats.cc:182) Processed features for key common_voice_lt_25161191
WARNING (compute-mfcc-feats[5.5.1182~1-e02e3]:Read():wave-reader.cc:304) Expected 89856 bytes of wave data, but read only 88704 bytes. Truncated file?
VLOG[2] (compute-mfcc-feats[5.5.1182~1-e02e3]:main():compute-mfcc-feats.cc:182) Processed features for key common_voice_lt_25161192
WARNING (compute-mfcc-feats[5.5.1182~1-e02e3]:Read():wave-reader.cc:304) Expected 190080 bytes of wave data, but read only 188928 bytes. Truncated file?
VLOG[2] (compute-mfcc-feats[5.5.1182~1-e02e3]:main():compute-mfcc-feats.cc:182) Processed features for key common_voice_lt_25161193
WARNING (compute-mfcc-feats[5.5.1182~1-e02e3]:Read():wave-reader.cc:304) Expected 182016 bytes of wave data, but read only 180864 bytes. Truncated file?
VLOG[2] (compute-mfcc-feats[5.5.1182~1-e02e3]:main():compute-mfcc-feats.cc:182) Processed features for key common_voice_lt_25161233
WARNING (compute-mfcc-feats[5.5.1182~1-e02e3]:Read():wave-reader.cc:304) Expected 147456 bytes of wave data, but read only 146304 bytes. Truncated file?
VLOG[2] (compute-mfcc-feats[5.5.1182~1-e02e3]:main():compute-mfcc-feats.cc:182) Processed features for key common_voice_lt_25161234
WARNING (compute-mfcc-feats[5.5.1182~1-e02e3]:Read():wave-reader.cc:304) Expected 126720 bytes of wave data, but read only 125568 bytes. Truncated file?
VLOG[2] (compute-mfcc-feats[5.5.1182~1-e02e3]:main():compute-mfcc-feats.cc:182) Processed features for key common_voice_lt_25161237
WARNING (compute-mfcc-feats[5.5.1182~1-e02e3]:Read():wave-reader.cc:304) Expected 158976 bytes of wave data, but read only 157824 bytes. Truncated file?
LOG (compute-mfcc-feats[5.5.1182~1-e02e3]:main():compute-mfcc-feats.cc:181) Processed 930 utterances
VLOG[2] (compute-mfcc-feats[5.5.1182~1-e02e3]:main():compute-mfcc-feats.cc:182) Processed features for key common_voice_lt_25161239
WARNING (compute-mfcc-feats[5.5.1182~1-e02e3]:Read():wave-reader.cc:304) Expected 155520 bytes of wave data, but read only 154368 bytes. Truncated file?
VLOG[2] (compute-mfcc-feats[5.5.1182~1-e02e3]:main():compute-mfcc-feats.cc:182) Processed features for key common_voice_lt_25161267
WARNING (compute-mfcc-feats[5.5.1182~1-e02e3]:Read():wave-reader.cc:304) Expected 178560 bytes of wave data, but read only 177408 bytes. Truncated file?
VLOG[2] (compute-mfcc-feats[5.5.1182~1-e02e3]:main():compute-mfcc-feats.cc:182) Processed features for key common_voice_lt_25161269
WARNING (compute-mfcc-feats[5.5.1182~1-e02e3]:Read():wave-reader.cc:304) Expected 135936 bytes of wave data, but read only 134784 bytes. Truncated file?
VLOG[2] (compute-mfcc-feats[5.5.1182~1-e02e3]:main():compute-mfcc-feats.cc:182) Processed features for key common_voice_lt_25161272
WARNING (compute-mfcc-feats[5.5.1182~1-e02e3]:Read():wave-reader.cc:304) Expected 162432 bytes of wave data, but read only 161280 bytes. Truncated file?
VLOG[2] (compute-mfcc-feats[5.5.1182~1-e02e3]:main():compute-mfcc-feats.cc:182) Processed features for key common_voice_lt_25161274
WARNING (compute-mfcc-feats[5.5.1182~1-e02e3]:Read():wave-reader.cc:304) Expected 168192 bytes of wave data, but read only 167040 bytes. Truncated file?
VLOG[2] (compute-mfcc-feats[5.5.1182~1-e02e3]:main():compute-mfcc-feats.cc:182) Processed features for key common_voice_lt_25161275
WARNING (compute-mfcc-feats[5.5.1182~1-e02e3]:Read():wave-reader.cc:304) Expected 99072 bytes of wave data, but read only 97920 bytes. Truncated file?
VLOG[2] (compute-mfcc-feats[5.5.1182~1-e02e3]:main():compute-mfcc-feats.cc:182) Processed features for key common_voice_lt_25161286
WARNING (compute-mfcc-feats[5.5.1182~1-e02e3]:Read():wave-reader.cc:304) Expected 162432 bytes of wave data, but read only 161280 bytes. Truncated file?
VLOG[2] (compute-mfcc-feats[5.5.1182~1-e02e3]:main():compute-mfcc-feats.cc:182) Processed features for key common_voice_lt_25161288
WARNING (compute-mfcc-feats[5.5.1182~1-e02e3]:Read():wave-reader.cc:304) Expected 127872 bytes of wave data, but read only 126720 bytes. Truncated file?
VLOG[2] (compute-mfcc-feats[5.5.1182~1-e02e3]:main():compute-mfcc-feats.cc:182) Processed features for key common_voice_lt_25161289
WARNING (compute-mfcc-feats[5.5.1182~1-e02e3]:Read():wave-reader.cc:304) Expected 93312 bytes of wave data, but read only 92160 bytes. Truncated file?
VLOG[2] (compute-mfcc-feats[5.5.1182~1-e02e3]:main():compute-mfcc-feats.cc:182) Processed features for key common_voice_lt_25161290
WARNING (compute-mfcc-feats[5.5.1182~1-e02e3]:Read():wave-reader.cc:304) Expected 176256 bytes of wave data, but read only 175104 bytes. Truncated file?
LOG (compute-mfcc-feats[5.5.1182~1-e02e3]:main():compute-mfcc-feats.cc:181) Processed 940 utterances
VLOG[2] (compute-mfcc-feats[5.5.1182~1-e02e3]:main():compute-mfcc-feats.cc:182) Processed features for key common_voice_lt_25161291
WARNING (compute-mfcc-feats[5.5.1182~1-e02e3]:Read():wave-reader.cc:304) Expected 133632 bytes of wave data, but read only 132480 bytes. Truncated file?
VLOG[2] (compute-mfcc-feats[5.5.1182~1-e02e3]:main():compute-mfcc-feats.cc:182) Processed features for key common_voice_lt_25161306
WARNING (compute-mfcc-feats[5.5.1182~1-e02e3]:Read():wave-reader.cc:304) Expected 185472 bytes of wave data, but read only 184320 bytes. Truncated file?
VLOG[2] (compute-mfcc-feats[5.5.1182~1-e02e3]:main():compute-mfcc-feats.cc:182) Processed features for key common_voice_lt_25161309
WARNING (compute-mfcc-feats[5.5.1182~1-e02e3]:Read():wave-reader.cc:304) Expected 155520 bytes of wave data, but read only 154368 bytes. Truncated file?
VLOG[2] (compute-mfcc-feats[5.5.1182~1-e02e3]:main():compute-mfcc-feats.cc:182) Processed features for key common_voice_lt_25161310
WARNING (compute-mfcc-feats[5.5.1182~1-e02e3]:Read():wave-reader.cc:304) Expected 153216 bytes of wave data, but read only 152064 bytes. Truncated file?
VLOG[2] (compute-mfcc-feats[5.5.1182~1-e02e3]:main():compute-mfcc-feats.cc:182) Processed features for key common_voice_lt_25161312
WARNING (compute-mfcc-feats[5.5.1182~1-e02e3]:Read():wave-reader.cc:304) Expected 95616 bytes of wave data, but read only 94464 bytes. Truncated file?
VLOG[2] (compute-mfcc-feats[5.5.1182~1-e02e3]:main():compute-mfcc-feats.cc:182) Processed features for key common_voice_lt_25161332
WARNING (compute-mfcc-feats[5.5.1182~1-e02e3]:Read():wave-reader.cc:304) Expected 127872 bytes of wave data, but read only 126720 bytes. Truncated file?
VLOG[2] (compute-mfcc-feats[5.5.1182~1-e02e3]:main():compute-mfcc-feats.cc:182) Processed features for key common_voice_lt_25161333
WARNING (compute-mfcc-feats[5.5.1182~1-e02e3]:Read():wave-reader.cc:304) Expected 109440 bytes of wave data, but read only 108288 bytes. Truncated file?
VLOG[2] (compute-mfcc-feats[5.5.1182~1-e02e3]:main():compute-mfcc-feats.cc:182) Processed features for key common_voice_lt_25161334
WARNING (compute-mfcc-feats[5.5.1182~1-e02e3]:Read():wave-reader.cc:304) Expected 104832 bytes of wave data, but read only 103680 bytes. Truncated file?
VLOG[2] (compute-mfcc-feats[5.5.1182~1-e02e3]:main():compute-mfcc-feats.cc:182) Processed features for key common_voice_lt_25161335
WARNING (compute-mfcc-feats[5.5.1182~1-e02e3]:Read():wave-reader.cc:304) Expected 127872 bytes of wave data, but read only 126720 bytes. Truncated file?
VLOG[2] (compute-mfcc-feats[5.5.1182~1-e02e3]:main():compute-mfcc-feats.cc:182) Processed features for key common_voice_lt_25161336
WARNING (compute-mfcc-feats[5.5.1182~1-e02e3]:Read():wave-reader.cc:304) Expected 178560 bytes of wave data, but read only 177408 bytes. Truncated file?
LOG (compute-mfcc-feats[5.5.1182~1-e02e3]:main():compute-mfcc-feats.cc:181) Processed 950 utterances
VLOG[2] (compute-mfcc-feats[5.5.1182~1-e02e3]:main():compute-mfcc-feats.cc:182) Processed features for key common_voice_lt_25161348
WARNING (compute-mfcc-feats[5.5.1182~1-e02e3]:Read():wave-reader.cc:304) Expected 173952 bytes of wave data, but read only 172800 bytes. Truncated file?
VLOG[2] (compute-mfcc-feats[5.5.1182~1-e02e3]:main():compute-mfcc-feats.cc:182) Processed features for key common_voice_lt_25161349
WARNING (compute-mfcc-feats[5.5.1182~1-e02e3]:Read():wave-reader.cc:304) Expected 138240 bytes of wave data, but read only 137088 bytes. Truncated file?
VLOG[2] (compute-mfcc-feats[5.5.1182~1-e02e3]:main():compute-mfcc-feats.cc:182) Processed features for key common_voice_lt_25161350
WARNING (compute-mfcc-feats[5.5.1182~1-e02e3]:Read():wave-reader.cc:304) Expected 135936 bytes of wave data, but read only 134784 bytes. Truncated file?
VLOG[2] (compute-mfcc-feats[5.5.1182~1-e02e3]:main():compute-mfcc-feats.cc:182) Processed features for key common_voice_lt_25161351
WARNING (compute-mfcc-feats[5.5.1182~1-e02e3]:Read():wave-reader.cc:304) Expected 185472 bytes of wave data, but read only 184320 bytes. Truncated file?
VLOG[2] (compute-mfcc-feats[5.5.1182~1-e02e3]:main():compute-mfcc-feats.cc:182) Processed features for key common_voice_lt_25161352
WARNING (compute-mfcc-feats[5.5.1182~1-e02e3]:Read():wave-reader.cc:304) Expected 112896 bytes of wave data, but read only 111744 bytes. Truncated file?
VLOG[2] (compute-mfcc-feats[5.5.1182~1-e02e3]:main():compute-mfcc-feats.cc:182) Processed features for key common_voice_lt_25161360
WARNING (compute-mfcc-feats[5.5.1182~1-e02e3]:Read():wave-reader.cc:304) Expected 161280 bytes of wave data, but read only 160128 bytes. Truncated file?
VLOG[2] (compute-mfcc-feats[5.5.1182~1-e02e3]:main():compute-mfcc-feats.cc:182) Processed features for key common_voice_lt_25161362
WARNING (compute-mfcc-feats[5.5.1182~1-e02e3]:Read():wave-reader.cc:304) Expected 139392 bytes of wave data, but read only 138240 bytes. Truncated file?
VLOG[2] (compute-mfcc-feats[5.5.1182~1-e02e3]:main():compute-mfcc-feats.cc:182) Processed features for key common_voice_lt_25161363
WARNING (compute-mfcc-feats[5.5.1182~1-e02e3]:Read():wave-reader.cc:304) Expected 101376 bytes of wave data, but read only 100224 bytes. Truncated file?
VLOG[2] (compute-mfcc-feats[5.5.1182~1-e02e3]:main():compute-mfcc-feats.cc:182) Processed features for key common_voice_lt_25161365
WARNING (compute-mfcc-feats[5.5.1182~1-e02e3]:Read():wave-reader.cc:304) Expected 126720 bytes of wave data, but read only 125568 bytes. Truncated file?
VLOG[2] (compute-mfcc-feats[5.5.1182~1-e02e3]:main():compute-mfcc-feats.cc:182) Processed features for key common_voice_lt_25161367
WARNING (compute-mfcc-feats[5.5.1182~1-e02e3]:Read():wave-reader.cc:304) Expected 130176 bytes of wave data, but read only 129024 bytes. Truncated file?
LOG (compute-mfcc-feats[5.5.1182~1-e02e3]:main():compute-mfcc-feats.cc:181) Processed 960 utterances
VLOG[2] (compute-mfcc-feats[5.5.1182~1-e02e3]:main():compute-mfcc-feats.cc:182) Processed features for key common_voice_lt_25161389
WARNING (compute-mfcc-feats[5.5.1182~1-e02e3]:Read():wave-reader.cc:304) Expected 158976 bytes of wave data, but read only 157824 bytes. Truncated file?
VLOG[2] (compute-mfcc-feats[5.5.1182~1-e02e3]:main():compute-mfcc-feats.cc:182) Processed features for key common_voice_lt_25161391
WARNING (compute-mfcc-feats[5.5.1182~1-e02e3]:Read():wave-reader.cc:304) Expected 93312 bytes of wave data, but read only 92160 bytes. Truncated file?
VLOG[2] (compute-mfcc-feats[5.5.1182~1-e02e3]:main():compute-mfcc-feats.cc:182) Processed features for key common_voice_lt_25161393
WARNING (compute-mfcc-feats[5.5.1182~1-e02e3]:Read():wave-reader.cc:304) Expected 110592 bytes of wave data, but read only 109440 bytes. Truncated file?
VLOG[2] (compute-mfcc-feats[5.5.1182~1-e02e3]:main():compute-mfcc-feats.cc:182) Processed features for key common_voice_lt_25161395
WARNING (compute-mfcc-feats[5.5.1182~1-e02e3]:Read():wave-reader.cc:304) Expected 138240 bytes of wave data, but read only 137088 bytes. Truncated file?
VLOG[2] (compute-mfcc-feats[5.5.1182~1-e02e3]:main():compute-mfcc-feats.cc:182) Processed features for key common_voice_lt_25161481
WARNING (compute-mfcc-feats[5.5.1182~1-e02e3]:Read():wave-reader.cc:304) Expected 95616 bytes of wave data, but read only 94464 bytes. Truncated file?
VLOG[2] (compute-mfcc-feats[5.5.1182~1-e02e3]:main():compute-mfcc-feats.cc:182) Processed features for key common_voice_lt_25161482
WARNING (compute-mfcc-feats[5.5.1182~1-e02e3]:Read():wave-reader.cc:304) Expected 162432 bytes of wave data, but read only 161280 bytes. Truncated file?
VLOG[2] (compute-mfcc-feats[5.5.1182~1-e02e3]:main():compute-mfcc-feats.cc:182) Processed features for key common_voice_lt_25161483
WARNING (compute-mfcc-feats[5.5.1182~1-e02e3]:Read():wave-reader.cc:304) Expected 236160 bytes of wave data, but read only 235008 bytes. Truncated file?
VLOG[2] (compute-mfcc-feats[5.5.1182~1-e02e3]:main():compute-mfcc-feats.cc:182) Processed features for key common_voice_lt_25161484
WARNING (compute-mfcc-feats[5.5.1182~1-e02e3]:Read():wave-reader.cc:304) Expected 127872 bytes of wave data, but read only 126720 bytes. Truncated file?
VLOG[2] (compute-mfcc-feats[5.5.1182~1-e02e3]:main():compute-mfcc-feats.cc:182) Processed features for key common_voice_lt_25161485
WARNING (compute-mfcc-feats[5.5.1182~1-e02e3]:Read():wave-reader.cc:304) Expected 130176 bytes of wave data, but read only 129024 bytes. Truncated file?
VLOG[2] (compute-mfcc-feats[5.5.1182~1-e02e3]:main():compute-mfcc-feats.cc:182) Processed features for key common_voice_lt_25161488
WARNING (compute-mfcc-feats[5.5.1182~1-e02e3]:Read():wave-reader.cc:304) Expected 126720 bytes of wave data, but read only 125568 bytes. Truncated file?
LOG (compute-mfcc-feats[5.5.1182~1-e02e3]:main():compute-mfcc-feats.cc:181) Processed 970 utterances
VLOG[2] (compute-mfcc-feats[5.5.1182~1-e02e3]:main():compute-mfcc-feats.cc:182) Processed features for key common_voice_lt_25161490
WARNING (compute-mfcc-feats[5.5.1182~1-e02e3]:Read():wave-reader.cc:304) Expected 104832 bytes of wave data, but read only 103680 bytes. Truncated file?
VLOG[2] (compute-mfcc-feats[5.5.1182~1-e02e3]:main():compute-mfcc-feats.cc:182) Processed features for key common_voice_lt_25161491
WARNING (compute-mfcc-feats[5.5.1182~1-e02e3]:Read():wave-reader.cc:304) Expected 133632 bytes of wave data, but read only 132480 bytes. Truncated file?
VLOG[2] (compute-mfcc-feats[5.5.1182~1-e02e3]:main():compute-mfcc-feats.cc:182) Processed features for key common_voice_lt_25161493
WARNING (compute-mfcc-feats[5.5.1182~1-e02e3]:Read():wave-reader.cc:304) Expected 135936 bytes of wave data, but read only 134784 bytes. Truncated file?
VLOG[2] (compute-mfcc-feats[5.5.1182~1-e02e3]:main():compute-mfcc-feats.cc:182) Processed features for key common_voice_lt_25161495
WARNING (compute-mfcc-feats[5.5.1182~1-e02e3]:Read():wave-reader.cc:304) Expected 133632 bytes of wave data, but read only 132480 bytes. Truncated file?
VLOG[2] (compute-mfcc-feats[5.5.1182~1-e02e3]:main():compute-mfcc-feats.cc:182) Processed features for key common_voice_lt_25161520
WARNING (compute-mfcc-feats[5.5.1182~1-e02e3]:Read():wave-reader.cc:304) Expected 178560 bytes of wave data, but read only 177408 bytes. Truncated file?
VLOG[2] (compute-mfcc-feats[5.5.1182~1-e02e3]:main():compute-mfcc-feats.cc:182) Processed features for key common_voice_lt_25161521
WARNING (compute-mfcc-feats[5.5.1182~1-e02e3]:Read():wave-reader.cc:304) Expected 122112 bytes of wave data, but read only 120960 bytes. Truncated file?
VLOG[2] (compute-mfcc-feats[5.5.1182~1-e02e3]:main():compute-mfcc-feats.cc:182) Processed features for key common_voice_lt_25161523
WARNING (compute-mfcc-feats[5.5.1182~1-e02e3]:Read():wave-reader.cc:304) Expected 124416 bytes of wave data, but read only 123264 bytes. Truncated file?
VLOG[2] (compute-mfcc-feats[5.5.1182~1-e02e3]:main():compute-mfcc-feats.cc:182) Processed features for key common_voice_lt_25161524
WARNING (compute-mfcc-feats[5.5.1182~1-e02e3]:Read():wave-reader.cc:304) Expected 239616 bytes of wave data, but read only 238464 bytes. Truncated file?
VLOG[2] (compute-mfcc-feats[5.5.1182~1-e02e3]:main():compute-mfcc-feats.cc:182) Processed features for key common_voice_lt_25161525
WARNING (compute-mfcc-feats[5.5.1182~1-e02e3]:Read():wave-reader.cc:304) Expected 103680 bytes of wave data, but read only 102528 bytes. Truncated file?
VLOG[2] (compute-mfcc-feats[5.5.1182~1-e02e3]:main():compute-mfcc-feats.cc:182) Processed features for key common_voice_lt_25161528
WARNING (compute-mfcc-feats[5.5.1182~1-e02e3]:Read():wave-reader.cc:304) Expected 103680 bytes of wave data, but read only 102528 bytes. Truncated file?
LOG (compute-mfcc-feats[5.5.1182~1-e02e3]:main():compute-mfcc-feats.cc:181) Processed 980 utterances
VLOG[2] (compute-mfcc-feats[5.5.1182~1-e02e3]:main():compute-mfcc-feats.cc:182) Processed features for key common_voice_lt_25161529
WARNING (compute-mfcc-feats[5.5.1182~1-e02e3]:Read():wave-reader.cc:304) Expected 112896 bytes of wave data, but read only 111744 bytes. Truncated file?
VLOG[2] (compute-mfcc-feats[5.5.1182~1-e02e3]:main():compute-mfcc-feats.cc:182) Processed features for key common_voice_lt_25161530
WARNING (compute-mfcc-feats[5.5.1182~1-e02e3]:Read():wave-reader.cc:304) Expected 176256 bytes of wave data, but read only 175104 bytes. Truncated file?
VLOG[2] (compute-mfcc-feats[5.5.1182~1-e02e3]:main():compute-mfcc-feats.cc:182) Processed features for key common_voice_lt_25161531
WARNING (compute-mfcc-feats[5.5.1182~1-e02e3]:Read():wave-reader.cc:304) Expected 95616 bytes of wave data, but read only 94464 bytes. Truncated file?
VLOG[2] (compute-mfcc-feats[5.5.1182~1-e02e3]:main():compute-mfcc-feats.cc:182) Processed features for key common_voice_lt_25161532
WARNING (compute-mfcc-feats[5.5.1182~1-e02e3]:Read():wave-reader.cc:304) Expected 199296 bytes of wave data, but read only 198144 bytes. Truncated file?
VLOG[2] (compute-mfcc-feats[5.5.1182~1-e02e3]:main():compute-mfcc-feats.cc:182) Processed features for key common_voice_lt_25161538
WARNING (compute-mfcc-feats[5.5.1182~1-e02e3]:Read():wave-reader.cc:304) Expected 120960 bytes of wave data, but read only 119808 bytes. Truncated file?
VLOG[2] (compute-mfcc-feats[5.5.1182~1-e02e3]:main():compute-mfcc-feats.cc:182) Processed features for key common_voice_lt_25161539
WARNING (compute-mfcc-feats[5.5.1182~1-e02e3]:Read():wave-reader.cc:304) Expected 214272 bytes of wave data, but read only 213120 bytes. Truncated file?
VLOG[2] (compute-mfcc-feats[5.5.1182~1-e02e3]:main():compute-mfcc-feats.cc:182) Processed features for key common_voice_lt_25161540
WARNING (compute-mfcc-feats[5.5.1182~1-e02e3]:Read():wave-reader.cc:304) Expected 89856 bytes of wave data, but read only 88704 bytes. Truncated file?
VLOG[2] (compute-mfcc-feats[5.5.1182~1-e02e3]:main():compute-mfcc-feats.cc:182) Processed features for key common_voice_lt_25161541
WARNING (compute-mfcc-feats[5.5.1182~1-e02e3]:Read():wave-reader.cc:304) Expected 132480 bytes of wave data, but read only 131328 bytes. Truncated file?
VLOG[2] (compute-mfcc-feats[5.5.1182~1-e02e3]:main():compute-mfcc-feats.cc:182) Processed features for key common_voice_lt_25161542
WARNING (compute-mfcc-feats[5.5.1182~1-e02e3]:Read():wave-reader.cc:304) Expected 147456 bytes of wave data, but read only 146304 bytes. Truncated file?
VLOG[2] (compute-mfcc-feats[5.5.1182~1-e02e3]:main():compute-mfcc-feats.cc:182) Processed features for key common_voice_lt_25161554
WARNING (compute-mfcc-feats[5.5.1182~1-e02e3]:Read():wave-reader.cc:304) Expected 127872 bytes of wave data, but read only 126720 bytes. Truncated file?
LOG (compute-mfcc-feats[5.5.1182~1-e02e3]:main():compute-mfcc-feats.cc:181) Processed 990 utterances
VLOG[2] (compute-mfcc-feats[5.5.1182~1-e02e3]:main():compute-mfcc-feats.cc:182) Processed features for key common_voice_lt_25161555
WARNING (compute-mfcc-feats[5.5.1182~1-e02e3]:Read():wave-reader.cc:304) Expected 170496 bytes of wave data, but read only 169344 bytes. Truncated file?
VLOG[2] (compute-mfcc-feats[5.5.1182~1-e02e3]:main():compute-mfcc-feats.cc:182) Processed features for key common_voice_lt_25161556
WARNING (compute-mfcc-feats[5.5.1182~1-e02e3]:Read():wave-reader.cc:304) Expected 237312 bytes of wave data, but read only 236160 bytes. Truncated file?
VLOG[2] (compute-mfcc-feats[5.5.1182~1-e02e3]:main():compute-mfcc-feats.cc:182) Processed features for key common_voice_lt_25161557
WARNING (compute-mfcc-feats[5.5.1182~1-e02e3]:Read():wave-reader.cc:304) Expected 130176 bytes of wave data, but read only 129024 bytes. Truncated file?
VLOG[2] (compute-mfcc-feats[5.5.1182~1-e02e3]:main():compute-mfcc-feats.cc:182) Processed features for key common_voice_lt_25161558
WARNING (compute-mfcc-feats[5.5.1182~1-e02e3]:Read():wave-reader.cc:304) Expected 201600 bytes of wave data, but read only 200448 bytes. Truncated file?
VLOG[2] (compute-mfcc-feats[5.5.1182~1-e02e3]:main():compute-mfcc-feats.cc:182) Processed features for key common_voice_lt_25161565
WARNING (compute-mfcc-feats[5.5.1182~1-e02e3]:Read():wave-reader.cc:304) Expected 207360 bytes of wave data, but read only 206208 bytes. Truncated file?
VLOG[2] (compute-mfcc-feats[5.5.1182~1-e02e3]:main():compute-mfcc-feats.cc:182) Processed features for key common_voice_lt_25161566
WARNING (compute-mfcc-feats[5.5.1182~1-e02e3]:Read():wave-reader.cc:304) Expected 145152 bytes of wave data, but read only 144000 bytes. Truncated file?
VLOG[2] (compute-mfcc-feats[5.5.1182~1-e02e3]:main():compute-mfcc-feats.cc:182) Processed features for key common_voice_lt_25161567
WARNING (compute-mfcc-feats[5.5.1182~1-e02e3]:Read():wave-reader.cc:304) Expected 122112 bytes of wave data, but read only 120960 bytes. Truncated file?
VLOG[2] (compute-mfcc-feats[5.5.1182~1-e02e3]:main():compute-mfcc-feats.cc:182) Processed features for key common_voice_lt_25161568
WARNING (compute-mfcc-feats[5.5.1182~1-e02e3]:Read():wave-reader.cc:304) Expected 122112 bytes of wave data, but read only 120960 bytes. Truncated file?
VLOG[2] (compute-mfcc-feats[5.5.1182~1-e02e3]:main():compute-mfcc-feats.cc:182) Processed features for key common_voice_lt_25161571
WARNING (compute-mfcc-feats[5.5.1182~1-e02e3]:Read():wave-reader.cc:304) Expected 214272 bytes of wave data, but read only 213120 bytes. Truncated file?
VLOG[2] (compute-mfcc-feats[5.5.1182~1-e02e3]:main():compute-mfcc-feats.cc:182) Processed features for key common_voice_lt_25161572
WARNING (compute-mfcc-feats[5.5.1182~1-e02e3]:Read():wave-reader.cc:304) Expected 103680 bytes of wave data, but read only 102528 bytes. Truncated file?
LOG (compute-mfcc-feats[5.5.1182~1-e02e3]:main():compute-mfcc-feats.cc:181) Processed 1000 utterances
VLOG[2] (compute-mfcc-feats[5.5.1182~1-e02e3]:main():compute-mfcc-feats.cc:182) Processed features for key common_voice_lt_25161573
WARNING (compute-mfcc-feats[5.5.1182~1-e02e3]:Read():wave-reader.cc:304) Expected 110592 bytes of wave data, but read only 109440 bytes. Truncated file?
VLOG[2] (compute-mfcc-feats[5.5.1182~1-e02e3]:main():compute-mfcc-feats.cc:182) Processed features for key common_voice_lt_25161574
WARNING (compute-mfcc-feats[5.5.1182~1-e02e3]:Read():wave-reader.cc:304) Expected 130176 bytes of wave data, but read only 129024 bytes. Truncated file?
VLOG[2] (compute-mfcc-feats[5.5.1182~1-e02e3]:main():compute-mfcc-feats.cc:182) Processed features for key common_voice_lt_25161575
WARNING (compute-mfcc-feats[5.5.1182~1-e02e3]:Read():wave-reader.cc:304) Expected 109440 bytes of wave data, but read only 108288 bytes. Truncated file?
VLOG[2] (compute-mfcc-feats[5.5.1182~1-e02e3]:main():compute-mfcc-feats.cc:182) Processed features for key common_voice_lt_25161597
WARNING (compute-mfcc-feats[5.5.1182~1-e02e3]:Read():wave-reader.cc:304) Expected 214272 bytes of wave data, but read only 213120 bytes. Truncated file?
VLOG[2] (compute-mfcc-feats[5.5.1182~1-e02e3]:main():compute-mfcc-feats.cc:182) Processed features for key common_voice_lt_25161598
WARNING (compute-mfcc-feats[5.5.1182~1-e02e3]:Read():wave-reader.cc:304) Expected 145152 bytes of wave data, but read only 144000 bytes. Truncated file?
VLOG[2] (compute-mfcc-feats[5.5.1182~1-e02e3]:main():compute-mfcc-feats.cc:182) Processed features for key common_voice_lt_25161599
WARNING (compute-mfcc-feats[5.5.1182~1-e02e3]:Read():wave-reader.cc:304) Expected 208512 bytes of wave data, but read only 207360 bytes. Truncated file?
VLOG[2] (compute-mfcc-feats[5.5.1182~1-e02e3]:main():compute-mfcc-feats.cc:182) Processed features for key common_voice_lt_25161600
WARNING (compute-mfcc-feats[5.5.1182~1-e02e3]:Read():wave-reader.cc:304) Expected 130176 bytes of wave data, but read only 129024 bytes. Truncated file?
VLOG[2] (compute-mfcc-feats[5.5.1182~1-e02e3]:main():compute-mfcc-feats.cc:182) Processed features for key common_voice_lt_25161601
WARNING (compute-mfcc-feats[5.5.1182~1-e02e3]:Read():wave-reader.cc:304) Expected 92160 bytes of wave data, but read only 91008 bytes. Truncated file?
VLOG[2] (compute-mfcc-feats[5.5.1182~1-e02e3]:main():compute-mfcc-feats.cc:182) Processed features for key common_voice_lt_25161608
WARNING (compute-mfcc-feats[5.5.1182~1-e02e3]:Read():wave-reader.cc:304) Expected 115200 bytes of wave data, but read only 114048 bytes. Truncated file?
VLOG[2] (compute-mfcc-feats[5.5.1182~1-e02e3]:main():compute-mfcc-feats.cc:182) Processed features for key common_voice_lt_25161609
WARNING (compute-mfcc-feats[5.5.1182~1-e02e3]:Read():wave-reader.cc:304) Expected 138240 bytes of wave data, but read only 137088 bytes. Truncated file?
LOG (compute-mfcc-feats[5.5.1182~1-e02e3]:main():compute-mfcc-feats.cc:181) Processed 1010 utterances
VLOG[2] (compute-mfcc-feats[5.5.1182~1-e02e3]:main():compute-mfcc-feats.cc:182) Processed features for key common_voice_lt_25161610
WARNING (compute-mfcc-feats[5.5.1182~1-e02e3]:Read():wave-reader.cc:304) Expected 170496 bytes of wave data, but read only 169344 bytes. Truncated file?
VLOG[2] (compute-mfcc-feats[5.5.1182~1-e02e3]:main():compute-mfcc-feats.cc:182) Processed features for key common_voice_lt_25161611
WARNING (compute-mfcc-feats[5.5.1182~1-e02e3]:Read():wave-reader.cc:304) Expected 141696 bytes of wave data, but read only 140544 bytes. Truncated file?
VLOG[2] (compute-mfcc-feats[5.5.1182~1-e02e3]:main():compute-mfcc-feats.cc:182) Processed features for key common_voice_lt_25161612
WARNING (compute-mfcc-feats[5.5.1182~1-e02e3]:Read():wave-reader.cc:304) Expected 190080 bytes of wave data, but read only 188928 bytes. Truncated file?
VLOG[2] (compute-mfcc-feats[5.5.1182~1-e02e3]:main():compute-mfcc-feats.cc:182) Processed features for key common_voice_lt_25161619
WARNING (compute-mfcc-feats[5.5.1182~1-e02e3]:Read():wave-reader.cc:304) Expected 156672 bytes of wave data, but read only 155520 bytes. Truncated file?
VLOG[2] (compute-mfcc-feats[5.5.1182~1-e02e3]:main():compute-mfcc-feats.cc:182) Processed features for key common_voice_lt_25161620
WARNING (compute-mfcc-feats[5.5.1182~1-e02e3]:Read():wave-reader.cc:304) Expected 150912 bytes of wave data, but read only 149760 bytes. Truncated file?
VLOG[2] (compute-mfcc-feats[5.5.1182~1-e02e3]:main():compute-mfcc-feats.cc:182) Processed features for key common_voice_lt_25161621
WARNING (compute-mfcc-feats[5.5.1182~1-e02e3]:Read():wave-reader.cc:304) Expected 156672 bytes of wave data, but read only 155520 bytes. Truncated file?
VLOG[2] (compute-mfcc-feats[5.5.1182~1-e02e3]:main():compute-mfcc-feats.cc:182) Processed features for key common_voice_lt_25161622
WARNING (compute-mfcc-feats[5.5.1182~1-e02e3]:Read():wave-reader.cc:304) Expected 132480 bytes of wave data, but read only 131328 bytes. Truncated file?
VLOG[2] (compute-mfcc-feats[5.5.1182~1-e02e3]:main():compute-mfcc-feats.cc:182) Processed features for key common_voice_lt_25161623
WARNING (compute-mfcc-feats[5.5.1182~1-e02e3]:Read():wave-reader.cc:304) Expected 172800 bytes of wave data, but read only 171648 bytes. Truncated file?
VLOG[2] (compute-mfcc-feats[5.5.1182~1-e02e3]:main():compute-mfcc-feats.cc:182) Processed features for key common_voice_lt_25161628
WARNING (compute-mfcc-feats[5.5.1182~1-e02e3]:Read():wave-reader.cc:304) Expected 133632 bytes of wave data, but read only 132480 bytes. Truncated file?
VLOG[2] (compute-mfcc-feats[5.5.1182~1-e02e3]:main():compute-mfcc-feats.cc:182) Processed features for key common_voice_lt_25161630
WARNING (compute-mfcc-feats[5.5.1182~1-e02e3]:Read():wave-reader.cc:304) Expected 135936 bytes of wave data, but read only 134784 bytes. Truncated file?
LOG (compute-mfcc-feats[5.5.1182~1-e02e3]:main():compute-mfcc-feats.cc:181) Processed 1020 utterances
VLOG[2] (compute-mfcc-feats[5.5.1182~1-e02e3]:main():compute-mfcc-feats.cc:182) Processed features for key common_voice_lt_25161632
WARNING (compute-mfcc-feats[5.5.1182~1-e02e3]:Read():wave-reader.cc:304) Expected 126720 bytes of wave data, but read only 125568 bytes. Truncated file?
VLOG[2] (compute-mfcc-feats[5.5.1182~1-e02e3]:main():compute-mfcc-feats.cc:182) Processed features for key common_voice_lt_25161633
WARNING (compute-mfcc-feats[5.5.1182~1-e02e3]:Read():wave-reader.cc:304) Expected 147456 bytes of wave data, but read only 146304 bytes. Truncated file?
VLOG[2] (compute-mfcc-feats[5.5.1182~1-e02e3]:main():compute-mfcc-feats.cc:182) Processed features for key common_voice_lt_25161634
WARNING (compute-mfcc-feats[5.5.1182~1-e02e3]:Read():wave-reader.cc:304) Expected 228096 bytes of wave data, but read only 226944 bytes. Truncated file?
VLOG[2] (compute-mfcc-feats[5.5.1182~1-e02e3]:main():compute-mfcc-feats.cc:182) Processed features for key common_voice_lt_25162444
WARNING (compute-mfcc-feats[5.5.1182~1-e02e3]:Read():wave-reader.cc:304) Expected 158976 bytes of wave data, but read only 157824 bytes. Truncated file?
VLOG[2] (compute-mfcc-feats[5.5.1182~1-e02e3]:main():compute-mfcc-feats.cc:182) Processed features for key common_voice_lt_25162445
WARNING (compute-mfcc-feats[5.5.1182~1-e02e3]:Read():wave-reader.cc:304) Expected 133632 bytes of wave data, but read only 132480 bytes. Truncated file?
VLOG[2] (compute-mfcc-feats[5.5.1182~1-e02e3]:main():compute-mfcc-feats.cc:182) Processed features for key common_voice_lt_25162446
WARNING (compute-mfcc-feats[5.5.1182~1-e02e3]:Read():wave-reader.cc:304) Expected 210816 bytes of wave data, but read only 209664 bytes. Truncated file?
VLOG[2] (compute-mfcc-feats[5.5.1182~1-e02e3]:main():compute-mfcc-feats.cc:182) Processed features for key common_voice_lt_25162447
WARNING (compute-mfcc-feats[5.5.1182~1-e02e3]:Read():wave-reader.cc:304) Expected 158976 bytes of wave data, but read only 157824 bytes. Truncated file?
VLOG[2] (compute-mfcc-feats[5.5.1182~1-e02e3]:main():compute-mfcc-feats.cc:182) Processed features for key common_voice_lt_25162448
WARNING (compute-mfcc-feats[5.5.1182~1-e02e3]:Read():wave-reader.cc:304) Expected 132480 bytes of wave data, but read only 131328 bytes. Truncated file?
VLOG[2] (compute-mfcc-feats[5.5.1182~1-e02e3]:main():compute-mfcc-feats.cc:182) Processed features for key common_voice_lt_25162449
WARNING (compute-mfcc-feats[5.5.1182~1-e02e3]:Read():wave-reader.cc:304) Expected 153216 bytes of wave data, but read only 152064 bytes. Truncated file?
VLOG[2] (compute-mfcc-feats[5.5.1182~1-e02e3]:main():compute-mfcc-feats.cc:182) Processed features for key common_voice_lt_25162450
WARNING (compute-mfcc-feats[5.5.1182~1-e02e3]:Read():wave-reader.cc:304) Expected 141696 bytes of wave data, but read only 140544 bytes. Truncated file?
LOG (compute-mfcc-feats[5.5.1182~1-e02e3]:main():compute-mfcc-feats.cc:181) Processed 1030 utterances
VLOG[2] (compute-mfcc-feats[5.5.1182~1-e02e3]:main():compute-mfcc-feats.cc:182) Processed features for key common_voice_lt_25162451
WARNING (compute-mfcc-feats[5.5.1182~1-e02e3]:Read():wave-reader.cc:304) Expected 112896 bytes of wave data, but read only 111744 bytes. Truncated file?
VLOG[2] (compute-mfcc-feats[5.5.1182~1-e02e3]:main():compute-mfcc-feats.cc:182) Processed features for key common_voice_lt_25162452
WARNING (compute-mfcc-feats[5.5.1182~1-e02e3]:Read():wave-reader.cc:304) Expected 158976 bytes of wave data, but read only 157824 bytes. Truncated file?
VLOG[2] (compute-mfcc-feats[5.5.1182~1-e02e3]:main():compute-mfcc-feats.cc:182) Processed features for key common_voice_lt_25162453
WARNING (compute-mfcc-feats[5.5.1182~1-e02e3]:Read():wave-reader.cc:304) Expected 193536 bytes of wave data, but read only 192384 bytes. Truncated file?
VLOG[2] (compute-mfcc-feats[5.5.1182~1-e02e3]:main():compute-mfcc-feats.cc:182) Processed features for key common_voice_lt_25162454
WARNING (compute-mfcc-feats[5.5.1182~1-e02e3]:Read():wave-reader.cc:304) Expected 158976 bytes of wave data, but read only 157824 bytes. Truncated file?
VLOG[2] (compute-mfcc-feats[5.5.1182~1-e02e3]:main():compute-mfcc-feats.cc:182) Processed features for key common_voice_lt_25162455
WARNING (compute-mfcc-feats[5.5.1182~1-e02e3]:Read():wave-reader.cc:304) Expected 176256 bytes of wave data, but read only 175104 bytes. Truncated file?
VLOG[2] (compute-mfcc-feats[5.5.1182~1-e02e3]:main():compute-mfcc-feats.cc:182) Processed features for key common_voice_lt_25162456
WARNING (compute-mfcc-feats[5.5.1182~1-e02e3]:Read():wave-reader.cc:304) Expected 147456 bytes of wave data, but read only 146304 bytes. Truncated file?
VLOG[2] (compute-mfcc-feats[5.5.1182~1-e02e3]:main():compute-mfcc-feats.cc:182) Processed features for key common_voice_lt_25162457
WARNING (compute-mfcc-feats[5.5.1182~1-e02e3]:Read():wave-reader.cc:304) Expected 233856 bytes of wave data, but read only 232704 bytes. Truncated file?
VLOG[2] (compute-mfcc-feats[5.5.1182~1-e02e3]:main():compute-mfcc-feats.cc:182) Processed features for key common_voice_lt_25162458
WARNING (compute-mfcc-feats[5.5.1182~1-e02e3]:Read():wave-reader.cc:304) Expected 127872 bytes of wave data, but read only 126720 bytes. Truncated file?
VLOG[2] (compute-mfcc-feats[5.5.1182~1-e02e3]:main():compute-mfcc-feats.cc:182) Processed features for key common_voice_lt_25162459
WARNING (compute-mfcc-feats[5.5.1182~1-e02e3]:Read():wave-reader.cc:304) Expected 126720 bytes of wave data, but read only 125568 bytes. Truncated file?
VLOG[2] (compute-mfcc-feats[5.5.1182~1-e02e3]:main():compute-mfcc-feats.cc:182) Processed features for key common_voice_lt_25162460
WARNING (compute-mfcc-feats[5.5.1182~1-e02e3]:Read():wave-reader.cc:304) Expected 161280 bytes of wave data, but read only 160128 bytes. Truncated file?
LOG (compute-mfcc-feats[5.5.1182~1-e02e3]:main():compute-mfcc-feats.cc:181) Processed 1040 utterances
VLOG[2] (compute-mfcc-feats[5.5.1182~1-e02e3]:main():compute-mfcc-feats.cc:182) Processed features for key common_voice_lt_25162461
WARNING (compute-mfcc-feats[5.5.1182~1-e02e3]:Read():wave-reader.cc:304) Expected 133632 bytes of wave data, but read only 132480 bytes. Truncated file?
VLOG[2] (compute-mfcc-feats[5.5.1182~1-e02e3]:main():compute-mfcc-feats.cc:182) Processed features for key common_voice_lt_25162462
WARNING (compute-mfcc-feats[5.5.1182~1-e02e3]:Read():wave-reader.cc:304) Expected 156672 bytes of wave data, but read only 155520 bytes. Truncated file?
VLOG[2] (compute-mfcc-feats[5.5.1182~1-e02e3]:main():compute-mfcc-feats.cc:182) Processed features for key common_voice_lt_25162463
WARNING (compute-mfcc-feats[5.5.1182~1-e02e3]:Read():wave-reader.cc:304) Expected 115200 bytes of wave data, but read only 114048 bytes. Truncated file?
VLOG[2] (compute-mfcc-feats[5.5.1182~1-e02e3]:main():compute-mfcc-feats.cc:182) Processed features for key common_voice_lt_25162464
WARNING (compute-mfcc-feats[5.5.1182~1-e02e3]:Read():wave-reader.cc:304) Expected 97920 bytes of wave data, but read only 96768 bytes. Truncated file?
VLOG[2] (compute-mfcc-feats[5.5.1182~1-e02e3]:main():compute-mfcc-feats.cc:182) Processed features for key common_voice_lt_25162466
WARNING (compute-mfcc-feats[5.5.1182~1-e02e3]:Read():wave-reader.cc:304) Expected 172800 bytes of wave data, but read only 171648 bytes. Truncated file?
VLOG[2] (compute-mfcc-feats[5.5.1182~1-e02e3]:main():compute-mfcc-feats.cc:182) Processed features for key common_voice_lt_25162467
WARNING (compute-mfcc-feats[5.5.1182~1-e02e3]:Read():wave-reader.cc:304) Expected 120960 bytes of wave data, but read only 119808 bytes. Truncated file?
VLOG[2] (compute-mfcc-feats[5.5.1182~1-e02e3]:main():compute-mfcc-feats.cc:182) Processed features for key common_voice_lt_25162470
WARNING (compute-mfcc-feats[5.5.1182~1-e02e3]:Read():wave-reader.cc:304) Expected 122112 bytes of wave data, but read only 120960 bytes. Truncated file?
VLOG[2] (compute-mfcc-feats[5.5.1182~1-e02e3]:main():compute-mfcc-feats.cc:182) Processed features for key common_voice_lt_25162473
WARNING (compute-mfcc-feats[5.5.1182~1-e02e3]:Read():wave-reader.cc:304) Expected 104832 bytes of wave data, but read only 103680 bytes. Truncated file?
VLOG[2] (compute-mfcc-feats[5.5.1182~1-e02e3]:main():compute-mfcc-feats.cc:182) Processed features for key common_voice_lt_25162474
WARNING (compute-mfcc-feats[5.5.1182~1-e02e3]:Read():wave-reader.cc:304) Expected 87552 bytes of wave data, but read only 86400 bytes. Truncated file?
VLOG[2] (compute-mfcc-feats[5.5.1182~1-e02e3]:main():compute-mfcc-feats.cc:182) Processed features for key common_voice_lt_25162475
WARNING (compute-mfcc-feats[5.5.1182~1-e02e3]:Read():wave-reader.cc:304) Expected 109440 bytes of wave data, but read only 108288 bytes. Truncated file?
LOG (compute-mfcc-feats[5.5.1182~1-e02e3]:main():compute-mfcc-feats.cc:181) Processed 1050 utterances
VLOG[2] (compute-mfcc-feats[5.5.1182~1-e02e3]:main():compute-mfcc-feats.cc:182) Processed features for key common_voice_lt_25162476
WARNING (compute-mfcc-feats[5.5.1182~1-e02e3]:Read():wave-reader.cc:304) Expected 132480 bytes of wave data, but read only 131328 bytes. Truncated file?
VLOG[2] (compute-mfcc-feats[5.5.1182~1-e02e3]:main():compute-mfcc-feats.cc:182) Processed features for key common_voice_lt_25162477
WARNING (compute-mfcc-feats[5.5.1182~1-e02e3]:Read():wave-reader.cc:304) Expected 187776 bytes of wave data, but read only 186624 bytes. Truncated file?
VLOG[2] (compute-mfcc-feats[5.5.1182~1-e02e3]:main():compute-mfcc-feats.cc:182) Processed features for key common_voice_lt_25162478
WARNING (compute-mfcc-feats[5.5.1182~1-e02e3]:Read():wave-reader.cc:304) Expected 122112 bytes of wave data, but read only 120960 bytes. Truncated file?
VLOG[2] (compute-mfcc-feats[5.5.1182~1-e02e3]:main():compute-mfcc-feats.cc:182) Processed features for key common_voice_lt_25162479
WARNING (compute-mfcc-feats[5.5.1182~1-e02e3]:Read():wave-reader.cc:304) Expected 162432 bytes of wave data, but read only 161280 bytes. Truncated file?
VLOG[2] (compute-mfcc-feats[5.5.1182~1-e02e3]:main():compute-mfcc-feats.cc:182) Processed features for key common_voice_lt_25162480
WARNING (compute-mfcc-feats[5.5.1182~1-e02e3]:Read():wave-reader.cc:304) Expected 141696 bytes of wave data, but read only 140544 bytes. Truncated file?
VLOG[2] (compute-mfcc-feats[5.5.1182~1-e02e3]:main():compute-mfcc-feats.cc:182) Processed features for key common_voice_lt_25162481
WARNING (compute-mfcc-feats[5.5.1182~1-e02e3]:Read():wave-reader.cc:304) Expected 187776 bytes of wave data, but read only 186624 bytes. Truncated file?
VLOG[2] (compute-mfcc-feats[5.5.1182~1-e02e3]:main():compute-mfcc-feats.cc:182) Processed features for key common_voice_lt_25162482
WARNING (compute-mfcc-feats[5.5.1182~1-e02e3]:Read():wave-reader.cc:304) Expected 225792 bytes of wave data, but read only 224640 bytes. Truncated file?
VLOG[2] (compute-mfcc-feats[5.5.1182~1-e02e3]:main():compute-mfcc-feats.cc:182) Processed features for key common_voice_lt_25162483
WARNING (compute-mfcc-feats[5.5.1182~1-e02e3]:Read():wave-reader.cc:304) Expected 132480 bytes of wave data, but read only 131328 bytes. Truncated file?
VLOG[2] (compute-mfcc-feats[5.5.1182~1-e02e3]:main():compute-mfcc-feats.cc:182) Processed features for key common_voice_lt_25162484
WARNING (compute-mfcc-feats[5.5.1182~1-e02e3]:Read():wave-reader.cc:304) Expected 182016 bytes of wave data, but read only 180864 bytes. Truncated file?
VLOG[2] (compute-mfcc-feats[5.5.1182~1-e02e3]:main():compute-mfcc-feats.cc:182) Processed features for key common_voice_lt_25162485
WARNING (compute-mfcc-feats[5.5.1182~1-e02e3]:Read():wave-reader.cc:304) Expected 156672 bytes of wave data, but read only 155520 bytes. Truncated file?
LOG (compute-mfcc-feats[5.5.1182~1-e02e3]:main():compute-mfcc-feats.cc:181) Processed 1060 utterances
VLOG[2] (compute-mfcc-feats[5.5.1182~1-e02e3]:main():compute-mfcc-feats.cc:182) Processed features for key common_voice_lt_25162486
WARNING (compute-mfcc-feats[5.5.1182~1-e02e3]:Read():wave-reader.cc:304) Expected 122112 bytes of wave data, but read only 120960 bytes. Truncated file?
VLOG[2] (compute-mfcc-feats[5.5.1182~1-e02e3]:main():compute-mfcc-feats.cc:182) Processed features for key common_voice_lt_25162487
WARNING (compute-mfcc-feats[5.5.1182~1-e02e3]:Read():wave-reader.cc:304) Expected 107136 bytes of wave data, but read only 105984 bytes. Truncated file?
VLOG[2] (compute-mfcc-feats[5.5.1182~1-e02e3]:main():compute-mfcc-feats.cc:182) Processed features for key common_voice_lt_25162488
WARNING (compute-mfcc-feats[5.5.1182~1-e02e3]:Read():wave-reader.cc:304) Expected 109440 bytes of wave data, but read only 108288 bytes. Truncated file?
VLOG[2] (compute-mfcc-feats[5.5.1182~1-e02e3]:main():compute-mfcc-feats.cc:182) Processed features for key common_voice_lt_25162489
WARNING (compute-mfcc-feats[5.5.1182~1-e02e3]:Read():wave-reader.cc:304) Expected 195840 bytes of wave data, but read only 194688 bytes. Truncated file?
VLOG[2] (compute-mfcc-feats[5.5.1182~1-e02e3]:main():compute-mfcc-feats.cc:182) Processed features for key common_voice_lt_25162490
WARNING (compute-mfcc-feats[5.5.1182~1-e02e3]:Read():wave-reader.cc:304) Expected 191232 bytes of wave data, but read only 190080 bytes. Truncated file?
VLOG[2] (compute-mfcc-feats[5.5.1182~1-e02e3]:main():compute-mfcc-feats.cc:182) Processed features for key common_voice_lt_25162491
WARNING (compute-mfcc-feats[5.5.1182~1-e02e3]:Read():wave-reader.cc:304) Expected 95616 bytes of wave data, but read only 94464 bytes. Truncated file?
VLOG[2] (compute-mfcc-feats[5.5.1182~1-e02e3]:main():compute-mfcc-feats.cc:182) Processed features for key common_voice_lt_25162493
WARNING (compute-mfcc-feats[5.5.1182~1-e02e3]:Read():wave-reader.cc:304) Expected 115200 bytes of wave data, but read only 114048 bytes. Truncated file?
VLOG[2] (compute-mfcc-feats[5.5.1182~1-e02e3]:main():compute-mfcc-feats.cc:182) Processed features for key common_voice_lt_25162494
WARNING (compute-mfcc-feats[5.5.1182~1-e02e3]:Read():wave-reader.cc:304) Expected 120960 bytes of wave data, but read only 119808 bytes. Truncated file?
VLOG[2] (compute-mfcc-feats[5.5.1182~1-e02e3]:main():compute-mfcc-feats.cc:182) Processed features for key common_voice_lt_25162495
WARNING (compute-mfcc-feats[5.5.1182~1-e02e3]:Read():wave-reader.cc:304) Expected 127872 bytes of wave data, but read only 126720 bytes. Truncated file?
VLOG[2] (compute-mfcc-feats[5.5.1182~1-e02e3]:main():compute-mfcc-feats.cc:182) Processed features for key common_voice_lt_25162496
WARNING (compute-mfcc-feats[5.5.1182~1-e02e3]:Read():wave-reader.cc:304) Expected 185472 bytes of wave data, but read only 184320 bytes. Truncated file?
LOG (compute-mfcc-feats[5.5.1182~1-e02e3]:main():compute-mfcc-feats.cc:181) Processed 1070 utterances
VLOG[2] (compute-mfcc-feats[5.5.1182~1-e02e3]:main():compute-mfcc-feats.cc:182) Processed features for key common_voice_lt_25162497
WARNING (compute-mfcc-feats[5.5.1182~1-e02e3]:Read():wave-reader.cc:304) Expected 172800 bytes of wave data, but read only 171648 bytes. Truncated file?
VLOG[2] (compute-mfcc-feats[5.5.1182~1-e02e3]:main():compute-mfcc-feats.cc:182) Processed features for key common_voice_lt_25162498
WARNING (compute-mfcc-feats[5.5.1182~1-e02e3]:Read():wave-reader.cc:304) Expected 178560 bytes of wave data, but read only 177408 bytes. Truncated file?
VLOG[2] (compute-mfcc-feats[5.5.1182~1-e02e3]:main():compute-mfcc-feats.cc:182) Processed features for key common_voice_lt_25162499
WARNING (compute-mfcc-feats[5.5.1182~1-e02e3]:Read():wave-reader.cc:304) Expected 101376 bytes of wave data, but read only 100224 bytes. Truncated file?
VLOG[2] (compute-mfcc-feats[5.5.1182~1-e02e3]:main():compute-mfcc-feats.cc:182) Processed features for key common_voice_lt_25162500
WARNING (compute-mfcc-feats[5.5.1182~1-e02e3]:Read():wave-reader.cc:304) Expected 144000 bytes of wave data, but read only 142848 bytes. Truncated file?
VLOG[2] (compute-mfcc-feats[5.5.1182~1-e02e3]:main():compute-mfcc-feats.cc:182) Processed features for key common_voice_lt_25162501
WARNING (compute-mfcc-feats[5.5.1182~1-e02e3]:Read():wave-reader.cc:304) Expected 122112 bytes of wave data, but read only 120960 bytes. Truncated file?
VLOG[2] (compute-mfcc-feats[5.5.1182~1-e02e3]:main():compute-mfcc-feats.cc:182) Processed features for key common_voice_lt_25162502
WARNING (compute-mfcc-feats[5.5.1182~1-e02e3]:Read():wave-reader.cc:304) Expected 228096 bytes of wave data, but read only 226944 bytes. Truncated file?
VLOG[2] (compute-mfcc-feats[5.5.1182~1-e02e3]:main():compute-mfcc-feats.cc:182) Processed features for key common_voice_lt_25162503
WARNING (compute-mfcc-feats[5.5.1182~1-e02e3]:Read():wave-reader.cc:304) Expected 297216 bytes of wave data, but read only 296064 bytes. Truncated file?
VLOG[2] (compute-mfcc-feats[5.5.1182~1-e02e3]:main():compute-mfcc-feats.cc:182) Processed features for key common_voice_lt_25162504
WARNING (compute-mfcc-feats[5.5.1182~1-e02e3]:Read():wave-reader.cc:304) Expected 158976 bytes of wave data, but read only 157824 bytes. Truncated file?
VLOG[2] (compute-mfcc-feats[5.5.1182~1-e02e3]:main():compute-mfcc-feats.cc:182) Processed features for key common_voice_lt_25162505
WARNING (compute-mfcc-feats[5.5.1182~1-e02e3]:Read():wave-reader.cc:304) Expected 150912 bytes of wave data, but read only 149760 bytes. Truncated file?
VLOG[2] (compute-mfcc-feats[5.5.1182~1-e02e3]:main():compute-mfcc-feats.cc:182) Processed features for key common_voice_lt_25162506
WARNING (compute-mfcc-feats[5.5.1182~1-e02e3]:Read():wave-reader.cc:304) Expected 237312 bytes of wave data, but read only 236160 bytes. Truncated file?
LOG (compute-mfcc-feats[5.5.1182~1-e02e3]:main():compute-mfcc-feats.cc:181) Processed 1080 utterances
VLOG[2] (compute-mfcc-feats[5.5.1182~1-e02e3]:main():compute-mfcc-feats.cc:182) Processed features for key common_voice_lt_25162507
WARNING (compute-mfcc-feats[5.5.1182~1-e02e3]:Read():wave-reader.cc:304) Expected 130176 bytes of wave data, but read only 129024 bytes. Truncated file?
VLOG[2] (compute-mfcc-feats[5.5.1182~1-e02e3]:main():compute-mfcc-feats.cc:182) Processed features for key common_voice_lt_25162523
WARNING (compute-mfcc-feats[5.5.1182~1-e02e3]:Read():wave-reader.cc:304) Expected 153216 bytes of wave data, but read only 152064 bytes. Truncated file?
VLOG[2] (compute-mfcc-feats[5.5.1182~1-e02e3]:main():compute-mfcc-feats.cc:182) Processed features for key common_voice_lt_25162524
WARNING (compute-mfcc-feats[5.5.1182~1-e02e3]:Read():wave-reader.cc:304) Expected 110592 bytes of wave data, but read only 109440 bytes. Truncated file?
VLOG[2] (compute-mfcc-feats[5.5.1182~1-e02e3]:main():compute-mfcc-feats.cc:182) Processed features for key common_voice_lt_25162525
WARNING (compute-mfcc-feats[5.5.1182~1-e02e3]:Read():wave-reader.cc:304) Expected 115200 bytes of wave data, but read only 114048 bytes. Truncated file?
VLOG[2] (compute-mfcc-feats[5.5.1182~1-e02e3]:main():compute-mfcc-feats.cc:182) Processed features for key common_voice_lt_25162526
WARNING (compute-mfcc-feats[5.5.1182~1-e02e3]:Read():wave-reader.cc:304) Expected 173952 bytes of wave data, but read only 172800 bytes. Truncated file?
VLOG[2] (compute-mfcc-feats[5.5.1182~1-e02e3]:main():compute-mfcc-feats.cc:182) Processed features for key common_voice_lt_25162528
WARNING (compute-mfcc-feats[5.5.1182~1-e02e3]:Read():wave-reader.cc:304) Expected 138240 bytes of wave data, but read only 137088 bytes. Truncated file?
VLOG[2] (compute-mfcc-feats[5.5.1182~1-e02e3]:main():compute-mfcc-feats.cc:182) Processed features for key common_voice_lt_25162533
WARNING (compute-mfcc-feats[5.5.1182~1-e02e3]:Read():wave-reader.cc:304) Expected 145152 bytes of wave data, but read only 144000 bytes. Truncated file?
VLOG[2] (compute-mfcc-feats[5.5.1182~1-e02e3]:main():compute-mfcc-feats.cc:182) Processed features for key common_voice_lt_25162534
WARNING (compute-mfcc-feats[5.5.1182~1-e02e3]:Read():wave-reader.cc:304) Expected 218880 bytes of wave data, but read only 217728 bytes. Truncated file?
VLOG[2] (compute-mfcc-feats[5.5.1182~1-e02e3]:main():compute-mfcc-feats.cc:182) Processed features for key common_voice_lt_25162535
WARNING (compute-mfcc-feats[5.5.1182~1-e02e3]:Read():wave-reader.cc:304) Expected 216576 bytes of wave data, but read only 215424 bytes. Truncated file?
VLOG[2] (compute-mfcc-feats[5.5.1182~1-e02e3]:main():compute-mfcc-feats.cc:182) Processed features for key common_voice_lt_25162536
WARNING (compute-mfcc-feats[5.5.1182~1-e02e3]:Read():wave-reader.cc:304) Expected 120960 bytes of wave data, but read only 119808 bytes. Truncated file?
LOG (compute-mfcc-feats[5.5.1182~1-e02e3]:main():compute-mfcc-feats.cc:181) Processed 1090 utterances
VLOG[2] (compute-mfcc-feats[5.5.1182~1-e02e3]:main():compute-mfcc-feats.cc:182) Processed features for key common_voice_lt_25162537
WARNING (compute-mfcc-feats[5.5.1182~1-e02e3]:Read():wave-reader.cc:304) Expected 116352 bytes of wave data, but read only 115200 bytes. Truncated file?
VLOG[2] (compute-mfcc-feats[5.5.1182~1-e02e3]:main():compute-mfcc-feats.cc:182) Processed features for key common_voice_lt_25162540
WARNING (compute-mfcc-feats[5.5.1182~1-e02e3]:Read():wave-reader.cc:304) Expected 124416 bytes of wave data, but read only 123264 bytes. Truncated file?
VLOG[2] (compute-mfcc-feats[5.5.1182~1-e02e3]:main():compute-mfcc-feats.cc:182) Processed features for key common_voice_lt_25162543
WARNING (compute-mfcc-feats[5.5.1182~1-e02e3]:Read():wave-reader.cc:304) Expected 124416 bytes of wave data, but read only 123264 bytes. Truncated file?
VLOG[2] (compute-mfcc-feats[5.5.1182~1-e02e3]:main():compute-mfcc-feats.cc:182) Processed features for key common_voice_lt_25162545
WARNING (compute-mfcc-feats[5.5.1182~1-e02e3]:Read():wave-reader.cc:304) Expected 132480 bytes of wave data, but read only 131328 bytes. Truncated file?
VLOG[2] (compute-mfcc-feats[5.5.1182~1-e02e3]:main():compute-mfcc-feats.cc:182) Processed features for key common_voice_lt_25162546
WARNING (compute-mfcc-feats[5.5.1182~1-e02e3]:Read():wave-reader.cc:304) Expected 112896 bytes of wave data, but read only 111744 bytes. Truncated file?
VLOG[2] (compute-mfcc-feats[5.5.1182~1-e02e3]:main():compute-mfcc-feats.cc:182) Processed features for key common_voice_lt_25162547
WARNING (compute-mfcc-feats[5.5.1182~1-e02e3]:Read():wave-reader.cc:304) Expected 122112 bytes of wave data, but read only 120960 bytes. Truncated file?
VLOG[2] (compute-mfcc-feats[5.5.1182~1-e02e3]:main():compute-mfcc-feats.cc:182) Processed features for key common_voice_lt_25162548
WARNING (compute-mfcc-feats[5.5.1182~1-e02e3]:Read():wave-reader.cc:304) Expected 124416 bytes of wave data, but read only 123264 bytes. Truncated file?
VLOG[2] (compute-mfcc-feats[5.5.1182~1-e02e3]:main():compute-mfcc-feats.cc:182) Processed features for key common_voice_lt_25162549
WARNING (compute-mfcc-feats[5.5.1182~1-e02e3]:Read():wave-reader.cc:304) Expected 202752 bytes of wave data, but read only 201600 bytes. Truncated file?
VLOG[2] (compute-mfcc-feats[5.5.1182~1-e02e3]:main():compute-mfcc-feats.cc:182) Processed features for key common_voice_lt_25162550
WARNING (compute-mfcc-feats[5.5.1182~1-e02e3]:Read():wave-reader.cc:304) Expected 103680 bytes of wave data, but read only 102528 bytes. Truncated file?
VLOG[2] (compute-mfcc-feats[5.5.1182~1-e02e3]:main():compute-mfcc-feats.cc:182) Processed features for key common_voice_lt_25162551
WARNING (compute-mfcc-feats[5.5.1182~1-e02e3]:Read():wave-reader.cc:304) Expected 150912 bytes of wave data, but read only 149760 bytes. Truncated file?
LOG (compute-mfcc-feats[5.5.1182~1-e02e3]:main():compute-mfcc-feats.cc:181) Processed 1100 utterances
VLOG[2] (compute-mfcc-feats[5.5.1182~1-e02e3]:main():compute-mfcc-feats.cc:182) Processed features for key common_voice_lt_25162552
WARNING (compute-mfcc-feats[5.5.1182~1-e02e3]:Read():wave-reader.cc:304) Expected 170496 bytes of wave data, but read only 169344 bytes. Truncated file?
VLOG[2] (compute-mfcc-feats[5.5.1182~1-e02e3]:main():compute-mfcc-feats.cc:182) Processed features for key common_voice_lt_25162553
WARNING (compute-mfcc-feats[5.5.1182~1-e02e3]:Read():wave-reader.cc:304) Expected 126720 bytes of wave data, but read only 125568 bytes. Truncated file?
VLOG[2] (compute-mfcc-feats[5.5.1182~1-e02e3]:main():compute-mfcc-feats.cc:182) Processed features for key common_voice_lt_25162554
WARNING (compute-mfcc-feats[5.5.1182~1-e02e3]:Read():wave-reader.cc:304) Expected 112896 bytes of wave data, but read only 111744 bytes. Truncated file?
VLOG[2] (compute-mfcc-feats[5.5.1182~1-e02e3]:main():compute-mfcc-feats.cc:182) Processed features for key common_voice_lt_25162555
WARNING (compute-mfcc-feats[5.5.1182~1-e02e3]:Read():wave-reader.cc:304) Expected 155520 bytes of wave data, but read only 154368 bytes. Truncated file?
VLOG[2] (compute-mfcc-feats[5.5.1182~1-e02e3]:main():compute-mfcc-feats.cc:182) Processed features for key common_voice_lt_25162556
WARNING (compute-mfcc-feats[5.5.1182~1-e02e3]:Read():wave-reader.cc:304) Expected 135936 bytes of wave data, but read only 134784 bytes. Truncated file?
VLOG[2] (compute-mfcc-feats[5.5.1182~1-e02e3]:main():compute-mfcc-feats.cc:182) Processed features for key common_voice_lt_25162557
WARNING (compute-mfcc-feats[5.5.1182~1-e02e3]:Read():wave-reader.cc:304) Expected 190080 bytes of wave data, but read only 188928 bytes. Truncated file?
VLOG[2] (compute-mfcc-feats[5.5.1182~1-e02e3]:main():compute-mfcc-feats.cc:182) Processed features for key common_voice_lt_25162561
WARNING (compute-mfcc-feats[5.5.1182~1-e02e3]:Read():wave-reader.cc:304) Expected 133632 bytes of wave data, but read only 132480 bytes. Truncated file?
VLOG[2] (compute-mfcc-feats[5.5.1182~1-e02e3]:main():compute-mfcc-feats.cc:182) Processed features for key common_voice_lt_25162562
WARNING (compute-mfcc-feats[5.5.1182~1-e02e3]:Read():wave-reader.cc:304) Expected 213120 bytes of wave data, but read only 211968 bytes. Truncated file?
VLOG[2] (compute-mfcc-feats[5.5.1182~1-e02e3]:main():compute-mfcc-feats.cc:182) Processed features for key common_voice_lt_25162564
WARNING (compute-mfcc-feats[5.5.1182~1-e02e3]:Read():wave-reader.cc:304) Expected 95616 bytes of wave data, but read only 94464 bytes. Truncated file?
VLOG[2] (compute-mfcc-feats[5.5.1182~1-e02e3]:main():compute-mfcc-feats.cc:182) Processed features for key common_voice_lt_25162565
WARNING (compute-mfcc-feats[5.5.1182~1-e02e3]:Read():wave-reader.cc:304) Expected 168192 bytes of wave data, but read only 167040 bytes. Truncated file?
LOG (compute-mfcc-feats[5.5.1182~1-e02e3]:main():compute-mfcc-feats.cc:181) Processed 1110 utterances
VLOG[2] (compute-mfcc-feats[5.5.1182~1-e02e3]:main():compute-mfcc-feats.cc:182) Processed features for key common_voice_lt_25162568
WARNING (compute-mfcc-feats[5.5.1182~1-e02e3]:Read():wave-reader.cc:304) Expected 112896 bytes of wave data, but read only 111744 bytes. Truncated file?
VLOG[2] (compute-mfcc-feats[5.5.1182~1-e02e3]:main():compute-mfcc-feats.cc:182) Processed features for key common_voice_lt_25162569
WARNING (compute-mfcc-feats[5.5.1182~1-e02e3]:Read():wave-reader.cc:304) Expected 130176 bytes of wave data, but read only 129024 bytes. Truncated file?
VLOG[2] (compute-mfcc-feats[5.5.1182~1-e02e3]:main():compute-mfcc-feats.cc:182) Processed features for key common_voice_lt_25162570
WARNING (compute-mfcc-feats[5.5.1182~1-e02e3]:Read():wave-reader.cc:304) Expected 120960 bytes of wave data, but read only 119808 bytes. Truncated file?
VLOG[2] (compute-mfcc-feats[5.5.1182~1-e02e3]:main():compute-mfcc-feats.cc:182) Processed features for key common_voice_lt_25162571
WARNING (compute-mfcc-feats[5.5.1182~1-e02e3]:Read():wave-reader.cc:304) Expected 167040 bytes of wave data, but read only 165888 bytes. Truncated file?
VLOG[2] (compute-mfcc-feats[5.5.1182~1-e02e3]:main():compute-mfcc-feats.cc:182) Processed features for key common_voice_lt_25162572
WARNING (compute-mfcc-feats[5.5.1182~1-e02e3]:Read():wave-reader.cc:304) Expected 110592 bytes of wave data, but read only 109440 bytes. Truncated file?
VLOG[2] (compute-mfcc-feats[5.5.1182~1-e02e3]:main():compute-mfcc-feats.cc:182) Processed features for key common_voice_lt_25162573
WARNING (compute-mfcc-feats[5.5.1182~1-e02e3]:Read():wave-reader.cc:304) Expected 118656 bytes of wave data, but read only 117504 bytes. Truncated file?
VLOG[2] (compute-mfcc-feats[5.5.1182~1-e02e3]:main():compute-mfcc-feats.cc:182) Processed features for key common_voice_lt_25162574
WARNING (compute-mfcc-feats[5.5.1182~1-e02e3]:Read():wave-reader.cc:304) Expected 195840 bytes of wave data, but read only 194688 bytes. Truncated file?
VLOG[2] (compute-mfcc-feats[5.5.1182~1-e02e3]:main():compute-mfcc-feats.cc:182) Processed features for key common_voice_lt_25162575
WARNING (compute-mfcc-feats[5.5.1182~1-e02e3]:Read():wave-reader.cc:304) Expected 167040 bytes of wave data, but read only 165888 bytes. Truncated file?
VLOG[2] (compute-mfcc-feats[5.5.1182~1-e02e3]:main():compute-mfcc-feats.cc:182) Processed features for key common_voice_lt_25162576
WARNING (compute-mfcc-feats[5.5.1182~1-e02e3]:Read():wave-reader.cc:304) Expected 141696 bytes of wave data, but read only 140544 bytes. Truncated file?
VLOG[2] (compute-mfcc-feats[5.5.1182~1-e02e3]:main():compute-mfcc-feats.cc:182) Processed features for key common_voice_lt_25162577
WARNING (compute-mfcc-feats[5.5.1182~1-e02e3]:Read():wave-reader.cc:304) Expected 167040 bytes of wave data, but read only 165888 bytes. Truncated file?
LOG (compute-mfcc-feats[5.5.1182~1-e02e3]:main():compute-mfcc-feats.cc:181) Processed 1120 utterances
VLOG[2] (compute-mfcc-feats[5.5.1182~1-e02e3]:main():compute-mfcc-feats.cc:182) Processed features for key common_voice_lt_25162583
WARNING (compute-mfcc-feats[5.5.1182~1-e02e3]:Read():wave-reader.cc:304) Expected 124416 bytes of wave data, but read only 123264 bytes. Truncated file?
VLOG[2] (compute-mfcc-feats[5.5.1182~1-e02e3]:main():compute-mfcc-feats.cc:182) Processed features for key common_voice_lt_25162584
WARNING (compute-mfcc-feats[5.5.1182~1-e02e3]:Read():wave-reader.cc:304) Expected 116352 bytes of wave data, but read only 115200 bytes. Truncated file?
VLOG[2] (compute-mfcc-feats[5.5.1182~1-e02e3]:main():compute-mfcc-feats.cc:182) Processed features for key common_voice_lt_25162585
WARNING (compute-mfcc-feats[5.5.1182~1-e02e3]:Read():wave-reader.cc:304) Expected 161280 bytes of wave data, but read only 160128 bytes. Truncated file?
VLOG[2] (compute-mfcc-feats[5.5.1182~1-e02e3]:main():compute-mfcc-feats.cc:182) Processed features for key common_voice_lt_25162586
WARNING (compute-mfcc-feats[5.5.1182~1-e02e3]:Read():wave-reader.cc:304) Expected 176256 bytes of wave data, but read only 175104 bytes. Truncated file?
VLOG[2] (compute-mfcc-feats[5.5.1182~1-e02e3]:main():compute-mfcc-feats.cc:182) Processed features for key common_voice_lt_25162587
WARNING (compute-mfcc-feats[5.5.1182~1-e02e3]:Read():wave-reader.cc:304) Expected 107136 bytes of wave data, but read only 105984 bytes. Truncated file?
VLOG[2] (compute-mfcc-feats[5.5.1182~1-e02e3]:main():compute-mfcc-feats.cc:182) Processed features for key common_voice_lt_25162588
WARNING (compute-mfcc-feats[5.5.1182~1-e02e3]:Read():wave-reader.cc:304) Expected 147456 bytes of wave data, but read only 146304 bytes. Truncated file?
VLOG[2] (compute-mfcc-feats[5.5.1182~1-e02e3]:main():compute-mfcc-feats.cc:182) Processed features for key common_voice_lt_25162589
WARNING (compute-mfcc-feats[5.5.1182~1-e02e3]:Read():wave-reader.cc:304) Expected 271872 bytes of wave data, but read only 270720 bytes. Truncated file?
VLOG[2] (compute-mfcc-feats[5.5.1182~1-e02e3]:main():compute-mfcc-feats.cc:182) Processed features for key common_voice_lt_25162590
WARNING (compute-mfcc-feats[5.5.1182~1-e02e3]:Read():wave-reader.cc:304) Expected 173952 bytes of wave data, but read only 172800 bytes. Truncated file?
VLOG[2] (compute-mfcc-feats[5.5.1182~1-e02e3]:main():compute-mfcc-feats.cc:182) Processed features for key common_voice_lt_25162591
WARNING (compute-mfcc-feats[5.5.1182~1-e02e3]:Read():wave-reader.cc:304) Expected 178560 bytes of wave data, but read only 177408 bytes. Truncated file?
VLOG[2] (compute-mfcc-feats[5.5.1182~1-e02e3]:main():compute-mfcc-feats.cc:182) Processed features for key common_voice_lt_25162592
WARNING (compute-mfcc-feats[5.5.1182~1-e02e3]:Read():wave-reader.cc:304) Expected 150912 bytes of wave data, but read only 149760 bytes. Truncated file?
LOG (compute-mfcc-feats[5.5.1182~1-e02e3]:main():compute-mfcc-feats.cc:181) Processed 1130 utterances
VLOG[2] (compute-mfcc-feats[5.5.1182~1-e02e3]:main():compute-mfcc-feats.cc:182) Processed features for key common_voice_lt_25162593
WARNING (compute-mfcc-feats[5.5.1182~1-e02e3]:Read():wave-reader.cc:304) Expected 179712 bytes of wave data, but read only 178560 bytes. Truncated file?
VLOG[2] (compute-mfcc-feats[5.5.1182~1-e02e3]:main():compute-mfcc-feats.cc:182) Processed features for key common_voice_lt_25162594
WARNING (compute-mfcc-feats[5.5.1182~1-e02e3]:Read():wave-reader.cc:304) Expected 99072 bytes of wave data, but read only 97920 bytes. Truncated file?
VLOG[2] (compute-mfcc-feats[5.5.1182~1-e02e3]:main():compute-mfcc-feats.cc:182) Processed features for key common_voice_lt_25162595
WARNING (compute-mfcc-feats[5.5.1182~1-e02e3]:Read():wave-reader.cc:304) Expected 126720 bytes of wave data, but read only 125568 bytes. Truncated file?
VLOG[2] (compute-mfcc-feats[5.5.1182~1-e02e3]:main():compute-mfcc-feats.cc:182) Processed features for key common_voice_lt_25162596
WARNING (compute-mfcc-feats[5.5.1182~1-e02e3]:Read():wave-reader.cc:304) Expected 124416 bytes of wave data, but read only 123264 bytes. Truncated file?
VLOG[2] (compute-mfcc-feats[5.5.1182~1-e02e3]:main():compute-mfcc-feats.cc:182) Processed features for key common_voice_lt_25162597
WARNING (compute-mfcc-feats[5.5.1182~1-e02e3]:Read():wave-reader.cc:304) Expected 164736 bytes of wave data, but read only 163584 bytes. Truncated file?
VLOG[2] (compute-mfcc-feats[5.5.1182~1-e02e3]:main():compute-mfcc-feats.cc:182) Processed features for key common_voice_lt_25162598
WARNING (compute-mfcc-feats[5.5.1182~1-e02e3]:Read():wave-reader.cc:304) Expected 161280 bytes of wave data, but read only 160128 bytes. Truncated file?
VLOG[2] (compute-mfcc-feats[5.5.1182~1-e02e3]:main():compute-mfcc-feats.cc:182) Processed features for key common_voice_lt_25162599
WARNING (compute-mfcc-feats[5.5.1182~1-e02e3]:Read():wave-reader.cc:304) Expected 133632 bytes of wave data, but read only 132480 bytes. Truncated file?
VLOG[2] (compute-mfcc-feats[5.5.1182~1-e02e3]:main():compute-mfcc-feats.cc:182) Processed features for key common_voice_lt_25162600
WARNING (compute-mfcc-feats[5.5.1182~1-e02e3]:Read():wave-reader.cc:304) Expected 207360 bytes of wave data, but read only 206208 bytes. Truncated file?
VLOG[2] (compute-mfcc-feats[5.5.1182~1-e02e3]:main():compute-mfcc-feats.cc:182) Processed features for key common_voice_lt_25162601
WARNING (compute-mfcc-feats[5.5.1182~1-e02e3]:Read():wave-reader.cc:304) Expected 195840 bytes of wave data, but read only 194688 bytes. Truncated file?
VLOG[2] (compute-mfcc-feats[5.5.1182~1-e02e3]:main():compute-mfcc-feats.cc:182) Processed features for key common_voice_lt_25162602
WARNING (compute-mfcc-feats[5.5.1182~1-e02e3]:Read():wave-reader.cc:304) Expected 164736 bytes of wave data, but read only 163584 bytes. Truncated file?
LOG (compute-mfcc-feats[5.5.1182~1-e02e3]:main():compute-mfcc-feats.cc:181) Processed 1140 utterances
VLOG[2] (compute-mfcc-feats[5.5.1182~1-e02e3]:main():compute-mfcc-feats.cc:182) Processed features for key common_voice_lt_25162608
WARNING (compute-mfcc-feats[5.5.1182~1-e02e3]:Read():wave-reader.cc:304) Expected 207360 bytes of wave data, but read only 206208 bytes. Truncated file?
VLOG[2] (compute-mfcc-feats[5.5.1182~1-e02e3]:main():compute-mfcc-feats.cc:182) Processed features for key common_voice_lt_25162609
WARNING (compute-mfcc-feats[5.5.1182~1-e02e3]:Read():wave-reader.cc:304) Expected 141696 bytes of wave data, but read only 140544 bytes. Truncated file?
VLOG[2] (compute-mfcc-feats[5.5.1182~1-e02e3]:main():compute-mfcc-feats.cc:182) Processed features for key common_voice_lt_25162610
WARNING (compute-mfcc-feats[5.5.1182~1-e02e3]:Read():wave-reader.cc:304) Expected 259200 bytes of wave data, but read only 258048 bytes. Truncated file?
VLOG[2] (compute-mfcc-feats[5.5.1182~1-e02e3]:main():compute-mfcc-feats.cc:182) Processed features for key common_voice_lt_25162611
WARNING (compute-mfcc-feats[5.5.1182~1-e02e3]:Read():wave-reader.cc:304) Expected 147456 bytes of wave data, but read only 146304 bytes. Truncated file?
VLOG[2] (compute-mfcc-feats[5.5.1182~1-e02e3]:main():compute-mfcc-feats.cc:182) Processed features for key common_voice_lt_25162612
WARNING (compute-mfcc-feats[5.5.1182~1-e02e3]:Read():wave-reader.cc:304) Expected 127872 bytes of wave data, but read only 126720 bytes. Truncated file?
VLOG[2] (compute-mfcc-feats[5.5.1182~1-e02e3]:main():compute-mfcc-feats.cc:182) Processed features for key common_voice_lt_25162613
WARNING (compute-mfcc-feats[5.5.1182~1-e02e3]:Read():wave-reader.cc:304) Expected 115200 bytes of wave data, but read only 114048 bytes. Truncated file?
VLOG[2] (compute-mfcc-feats[5.5.1182~1-e02e3]:main():compute-mfcc-feats.cc:182) Processed features for key common_voice_lt_25162614
WARNING (compute-mfcc-feats[5.5.1182~1-e02e3]:Read():wave-reader.cc:304) Expected 193536 bytes of wave data, but read only 192384 bytes. Truncated file?
VLOG[2] (compute-mfcc-feats[5.5.1182~1-e02e3]:main():compute-mfcc-feats.cc:182) Processed features for key common_voice_lt_25162615
WARNING (compute-mfcc-feats[5.5.1182~1-e02e3]:Read():wave-reader.cc:304) Expected 130176 bytes of wave data, but read only 129024 bytes. Truncated file?
VLOG[2] (compute-mfcc-feats[5.5.1182~1-e02e3]:main():compute-mfcc-feats.cc:182) Processed features for key common_voice_lt_25162616
WARNING (compute-mfcc-feats[5.5.1182~1-e02e3]:Read():wave-reader.cc:304) Expected 156672 bytes of wave data, but read only 155520 bytes. Truncated file?
VLOG[2] (compute-mfcc-feats[5.5.1182~1-e02e3]:main():compute-mfcc-feats.cc:182) Processed features for key common_voice_lt_25162617
WARNING (compute-mfcc-feats[5.5.1182~1-e02e3]:Read():wave-reader.cc:304) Expected 201600 bytes of wave data, but read only 200448 bytes. Truncated file?
LOG (compute-mfcc-feats[5.5.1182~1-e02e3]:main():compute-mfcc-feats.cc:181) Processed 1150 utterances
VLOG[2] (compute-mfcc-feats[5.5.1182~1-e02e3]:main():compute-mfcc-feats.cc:182) Processed features for key common_voice_lt_25170558
WARNING (compute-mfcc-feats[5.5.1182~1-e02e3]:Read():wave-reader.cc:304) Expected 95616 bytes of wave data, but read only 94464 bytes. Truncated file?
VLOG[2] (compute-mfcc-feats[5.5.1182~1-e02e3]:main():compute-mfcc-feats.cc:182) Processed features for key common_voice_lt_25170559
WARNING (compute-mfcc-feats[5.5.1182~1-e02e3]:Read():wave-reader.cc:304) Expected 108288 bytes of wave data, but read only 107136 bytes. Truncated file?
VLOG[2] (compute-mfcc-feats[5.5.1182~1-e02e3]:main():compute-mfcc-feats.cc:182) Processed features for key common_voice_lt_25170560
WARNING (compute-mfcc-feats[5.5.1182~1-e02e3]:Read():wave-reader.cc:304) Expected 81792 bytes of wave data, but read only 80640 bytes. Truncated file?
VLOG[2] (compute-mfcc-feats[5.5.1182~1-e02e3]:main():compute-mfcc-feats.cc:182) Processed features for key common_voice_lt_25170561
WARNING (compute-mfcc-feats[5.5.1182~1-e02e3]:Read():wave-reader.cc:304) Expected 186624 bytes of wave data, but read only 185472 bytes. Truncated file?
VLOG[2] (compute-mfcc-feats[5.5.1182~1-e02e3]:main():compute-mfcc-feats.cc:182) Processed features for key common_voice_lt_25170562
WARNING (compute-mfcc-feats[5.5.1182~1-e02e3]:Read():wave-reader.cc:304) Expected 175104 bytes of wave data, but read only 173952 bytes. Truncated file?
VLOG[2] (compute-mfcc-feats[5.5.1182~1-e02e3]:main():compute-mfcc-feats.cc:182) Processed features for key common_voice_lt_25170588
WARNING (compute-mfcc-feats[5.5.1182~1-e02e3]:Read():wave-reader.cc:304) Expected 123264 bytes of wave data, but read only 122112 bytes. Truncated file?
VLOG[2] (compute-mfcc-feats[5.5.1182~1-e02e3]:main():compute-mfcc-feats.cc:182) Processed features for key common_voice_lt_25170589
WARNING (compute-mfcc-feats[5.5.1182~1-e02e3]:Read():wave-reader.cc:304) Expected 173952 bytes of wave data, but read only 172800 bytes. Truncated file?
VLOG[2] (compute-mfcc-feats[5.5.1182~1-e02e3]:main():compute-mfcc-feats.cc:182) Processed features for key common_voice_lt_25170590
WARNING (compute-mfcc-feats[5.5.1182~1-e02e3]:Read():wave-reader.cc:304) Expected 132480 bytes of wave data, but read only 131328 bytes. Truncated file?
VLOG[2] (compute-mfcc-feats[5.5.1182~1-e02e3]:main():compute-mfcc-feats.cc:182) Processed features for key common_voice_lt_25170591
WARNING (compute-mfcc-feats[5.5.1182~1-e02e3]:Read():wave-reader.cc:304) Expected 133632 bytes of wave data, but read only 132480 bytes. Truncated file?
VLOG[2] (compute-mfcc-feats[5.5.1182~1-e02e3]:main():compute-mfcc-feats.cc:182) Processed features for key common_voice_lt_25170592
WARNING (compute-mfcc-feats[5.5.1182~1-e02e3]:Read():wave-reader.cc:304) Expected 141696 bytes of wave data, but read only 140544 bytes. Truncated file?
LOG (compute-mfcc-feats[5.5.1182~1-e02e3]:main():compute-mfcc-feats.cc:181) Processed 1160 utterances
VLOG[2] (compute-mfcc-feats[5.5.1182~1-e02e3]:main():compute-mfcc-feats.cc:182) Processed features for key common_voice_lt_25170598
WARNING (compute-mfcc-feats[5.5.1182~1-e02e3]:Read():wave-reader.cc:304) Expected 92160 bytes of wave data, but read only 91008 bytes. Truncated file?
VLOG[2] (compute-mfcc-feats[5.5.1182~1-e02e3]:main():compute-mfcc-feats.cc:182) Processed features for key common_voice_lt_25170599
WARNING (compute-mfcc-feats[5.5.1182~1-e02e3]:Read():wave-reader.cc:304) Expected 198144 bytes of wave data, but read only 196992 bytes. Truncated file?
VLOG[2] (compute-mfcc-feats[5.5.1182~1-e02e3]:main():compute-mfcc-feats.cc:182) Processed features for key common_voice_lt_25170600
WARNING (compute-mfcc-feats[5.5.1182~1-e02e3]:Read():wave-reader.cc:304) Expected 270720 bytes of wave data, but read only 269568 bytes. Truncated file?
VLOG[2] (compute-mfcc-feats[5.5.1182~1-e02e3]:main():compute-mfcc-feats.cc:182) Processed features for key common_voice_lt_25170601
WARNING (compute-mfcc-feats[5.5.1182~1-e02e3]:Read():wave-reader.cc:304) Expected 154368 bytes of wave data, but read only 153216 bytes. Truncated file?
VLOG[2] (compute-mfcc-feats[5.5.1182~1-e02e3]:main():compute-mfcc-feats.cc:182) Processed features for key common_voice_lt_25170602
WARNING (compute-mfcc-feats[5.5.1182~1-e02e3]:Read():wave-reader.cc:304) Expected 217728 bytes of wave data, but read only 216576 bytes. Truncated file?
VLOG[2] (compute-mfcc-feats[5.5.1182~1-e02e3]:main():compute-mfcc-feats.cc:182) Processed features for key common_voice_lt_25170626
WARNING (compute-mfcc-feats[5.5.1182~1-e02e3]:Read():wave-reader.cc:304) Expected 235008 bytes of wave data, but read only 233856 bytes. Truncated file?
VLOG[2] (compute-mfcc-feats[5.5.1182~1-e02e3]:main():compute-mfcc-feats.cc:182) Processed features for key common_voice_lt_25170627
WARNING (compute-mfcc-feats[5.5.1182~1-e02e3]:Read():wave-reader.cc:304) Expected 186624 bytes of wave data, but read only 185472 bytes. Truncated file?
VLOG[2] (compute-mfcc-feats[5.5.1182~1-e02e3]:main():compute-mfcc-feats.cc:182) Processed features for key common_voice_lt_25170628
WARNING (compute-mfcc-feats[5.5.1182~1-e02e3]:Read():wave-reader.cc:304) Expected 118656 bytes of wave data, but read only 117504 bytes. Truncated file?
VLOG[2] (compute-mfcc-feats[5.5.1182~1-e02e3]:main():compute-mfcc-feats.cc:182) Processed features for key common_voice_lt_25170629
WARNING (compute-mfcc-feats[5.5.1182~1-e02e3]:Read():wave-reader.cc:304) Expected 168192 bytes of wave data, but read only 167040 bytes. Truncated file?
VLOG[2] (compute-mfcc-feats[5.5.1182~1-e02e3]:main():compute-mfcc-feats.cc:182) Processed features for key common_voice_lt_25170645
WARNING (compute-mfcc-feats[5.5.1182~1-e02e3]:Read():wave-reader.cc:304) Expected 100224 bytes of wave data, but read only 99072 bytes. Truncated file?
LOG (compute-mfcc-feats[5.5.1182~1-e02e3]:main():compute-mfcc-feats.cc:181) Processed 1170 utterances
VLOG[2] (compute-mfcc-feats[5.5.1182~1-e02e3]:main():compute-mfcc-feats.cc:182) Processed features for key common_voice_lt_25170646
WARNING (compute-mfcc-feats[5.5.1182~1-e02e3]:Read():wave-reader.cc:304) Expected 122112 bytes of wave data, but read only 120960 bytes. Truncated file?
VLOG[2] (compute-mfcc-feats[5.5.1182~1-e02e3]:main():compute-mfcc-feats.cc:182) Processed features for key common_voice_lt_25170647
WARNING (compute-mfcc-feats[5.5.1182~1-e02e3]:Read():wave-reader.cc:304) Expected 87552 bytes of wave data, but read only 86400 bytes. Truncated file?
VLOG[2] (compute-mfcc-feats[5.5.1182~1-e02e3]:main():compute-mfcc-feats.cc:182) Processed features for key common_voice_lt_25170648
WARNING (compute-mfcc-feats[5.5.1182~1-e02e3]:Read():wave-reader.cc:304) Expected 132480 bytes of wave data, but read only 131328 bytes. Truncated file?
VLOG[2] (compute-mfcc-feats[5.5.1182~1-e02e3]:main():compute-mfcc-feats.cc:182) Processed features for key common_voice_lt_25170649
WARNING (compute-mfcc-feats[5.5.1182~1-e02e3]:Read():wave-reader.cc:304) Expected 92160 bytes of wave data, but read only 91008 bytes. Truncated file?
VLOG[2] (compute-mfcc-feats[5.5.1182~1-e02e3]:main():compute-mfcc-feats.cc:182) Processed features for key common_voice_lt_25170660
WARNING (compute-mfcc-feats[5.5.1182~1-e02e3]:Read():wave-reader.cc:304) Expected 237312 bytes of wave data, but read only 236160 bytes. Truncated file?
VLOG[2] (compute-mfcc-feats[5.5.1182~1-e02e3]:main():compute-mfcc-feats.cc:182) Processed features for key common_voice_lt_25170661
WARNING (compute-mfcc-feats[5.5.1182~1-e02e3]:Read():wave-reader.cc:304) Expected 158976 bytes of wave data, but read only 157824 bytes. Truncated file?
VLOG[2] (compute-mfcc-feats[5.5.1182~1-e02e3]:main():compute-mfcc-feats.cc:182) Processed features for key common_voice_lt_25170662
WARNING (compute-mfcc-feats[5.5.1182~1-e02e3]:Read():wave-reader.cc:304) Expected 188928 bytes of wave data, but read only 187776 bytes. Truncated file?
VLOG[2] (compute-mfcc-feats[5.5.1182~1-e02e3]:main():compute-mfcc-feats.cc:182) Processed features for key common_voice_lt_25170663
WARNING (compute-mfcc-feats[5.5.1182~1-e02e3]:Read():wave-reader.cc:304) Expected 150912 bytes of wave data, but read only 149760 bytes. Truncated file?
VLOG[2] (compute-mfcc-feats[5.5.1182~1-e02e3]:main():compute-mfcc-feats.cc:182) Processed features for key common_voice_lt_25170664
WARNING (compute-mfcc-feats[5.5.1182~1-e02e3]:Read():wave-reader.cc:304) Expected 131328 bytes of wave data, but read only 130176 bytes. Truncated file?
VLOG[2] (compute-mfcc-feats[5.5.1182~1-e02e3]:main():compute-mfcc-feats.cc:182) Processed features for key common_voice_lt_25170675
WARNING (compute-mfcc-feats[5.5.1182~1-e02e3]:Read():wave-reader.cc:304) Expected 134784 bytes of wave data, but read only 133632 bytes. Truncated file?
LOG (compute-mfcc-feats[5.5.1182~1-e02e3]:main():compute-mfcc-feats.cc:181) Processed 1180 utterances
VLOG[2] (compute-mfcc-feats[5.5.1182~1-e02e3]:main():compute-mfcc-feats.cc:182) Processed features for key common_voice_lt_25170676
WARNING (compute-mfcc-feats[5.5.1182~1-e02e3]:Read():wave-reader.cc:304) Expected 154368 bytes of wave data, but read only 153216 bytes. Truncated file?
VLOG[2] (compute-mfcc-feats[5.5.1182~1-e02e3]:main():compute-mfcc-feats.cc:182) Processed features for key common_voice_lt_25170677
WARNING (compute-mfcc-feats[5.5.1182~1-e02e3]:Read():wave-reader.cc:304) Expected 240768 bytes of wave data, but read only 239616 bytes. Truncated file?
VLOG[2] (compute-mfcc-feats[5.5.1182~1-e02e3]:main():compute-mfcc-feats.cc:182) Processed features for key common_voice_lt_25170678
WARNING (compute-mfcc-feats[5.5.1182~1-e02e3]:Read():wave-reader.cc:304) Expected 144000 bytes of wave data, but read only 142848 bytes. Truncated file?
VLOG[2] (compute-mfcc-feats[5.5.1182~1-e02e3]:main():compute-mfcc-feats.cc:182) Processed features for key common_voice_lt_25170679
WARNING (compute-mfcc-feats[5.5.1182~1-e02e3]:Read():wave-reader.cc:304) Expected 185472 bytes of wave data, but read only 184320 bytes. Truncated file?
VLOG[2] (compute-mfcc-feats[5.5.1182~1-e02e3]:main():compute-mfcc-feats.cc:182) Processed features for key common_voice_lt_25170710
WARNING (compute-mfcc-feats[5.5.1182~1-e02e3]:Read():wave-reader.cc:304) Expected 203904 bytes of wave data, but read only 202752 bytes. Truncated file?
VLOG[2] (compute-mfcc-feats[5.5.1182~1-e02e3]:main():compute-mfcc-feats.cc:182) Processed features for key common_voice_lt_25170711
WARNING (compute-mfcc-feats[5.5.1182~1-e02e3]:Read():wave-reader.cc:304) Expected 160128 bytes of wave data, but read only 158976 bytes. Truncated file?
VLOG[2] (compute-mfcc-feats[5.5.1182~1-e02e3]:main():compute-mfcc-feats.cc:182) Processed features for key common_voice_lt_25170712
WARNING (compute-mfcc-feats[5.5.1182~1-e02e3]:Read():wave-reader.cc:304) Expected 160128 bytes of wave data, but read only 158976 bytes. Truncated file?
VLOG[2] (compute-mfcc-feats[5.5.1182~1-e02e3]:main():compute-mfcc-feats.cc:182) Processed features for key common_voice_lt_25170713
WARNING (compute-mfcc-feats[5.5.1182~1-e02e3]:Read():wave-reader.cc:304) Expected 126720 bytes of wave data, but read only 125568 bytes. Truncated file?
VLOG[2] (compute-mfcc-feats[5.5.1182~1-e02e3]:main():compute-mfcc-feats.cc:182) Processed features for key common_voice_lt_25170714
WARNING (compute-mfcc-feats[5.5.1182~1-e02e3]:Read():wave-reader.cc:304) Expected 117504 bytes of wave data, but read only 116352 bytes. Truncated file?
VLOG[2] (compute-mfcc-feats[5.5.1182~1-e02e3]:main():compute-mfcc-feats.cc:182) Processed features for key common_voice_lt_25170725
WARNING (compute-mfcc-feats[5.5.1182~1-e02e3]:Read():wave-reader.cc:304) Expected 146304 bytes of wave data, but read only 145152 bytes. Truncated file?
LOG (compute-mfcc-feats[5.5.1182~1-e02e3]:main():compute-mfcc-feats.cc:181) Processed 1190 utterances
VLOG[2] (compute-mfcc-feats[5.5.1182~1-e02e3]:main():compute-mfcc-feats.cc:182) Processed features for key common_voice_lt_25170726
WARNING (compute-mfcc-feats[5.5.1182~1-e02e3]:Read():wave-reader.cc:304) Expected 291456 bytes of wave data, but read only 290304 bytes. Truncated file?
VLOG[2] (compute-mfcc-feats[5.5.1182~1-e02e3]:main():compute-mfcc-feats.cc:182) Processed features for key common_voice_lt_25170727
WARNING (compute-mfcc-feats[5.5.1182~1-e02e3]:Read():wave-reader.cc:304) Expected 99072 bytes of wave data, but read only 97920 bytes. Truncated file?
VLOG[2] (compute-mfcc-feats[5.5.1182~1-e02e3]:main():compute-mfcc-feats.cc:182) Processed features for key common_voice_lt_25170728
WARNING (compute-mfcc-feats[5.5.1182~1-e02e3]:Read():wave-reader.cc:304) Expected 111744 bytes of wave data, but read only 110592 bytes. Truncated file?
VLOG[2] (compute-mfcc-feats[5.5.1182~1-e02e3]:main():compute-mfcc-feats.cc:182) Processed features for key common_voice_lt_25170729
WARNING (compute-mfcc-feats[5.5.1182~1-e02e3]:Read():wave-reader.cc:304) Expected 173952 bytes of wave data, but read only 172800 bytes. Truncated file?
VLOG[2] (compute-mfcc-feats[5.5.1182~1-e02e3]:main():compute-mfcc-feats.cc:182) Processed features for key common_voice_lt_25170745
WARNING (compute-mfcc-feats[5.5.1182~1-e02e3]:Read():wave-reader.cc:304) Expected 170496 bytes of wave data, but read only 169344 bytes. Truncated file?
VLOG[2] (compute-mfcc-feats[5.5.1182~1-e02e3]:main():compute-mfcc-feats.cc:182) Processed features for key common_voice_lt_25170746
WARNING (compute-mfcc-feats[5.5.1182~1-e02e3]:Read():wave-reader.cc:304) Expected 92160 bytes of wave data, but read only 91008 bytes. Truncated file?
VLOG[2] (compute-mfcc-feats[5.5.1182~1-e02e3]:main():compute-mfcc-feats.cc:182) Processed features for key common_voice_lt_25170747
WARNING (compute-mfcc-feats[5.5.1182~1-e02e3]:Read():wave-reader.cc:304) Expected 107136 bytes of wave data, but read only 105984 bytes. Truncated file?
VLOG[2] (compute-mfcc-feats[5.5.1182~1-e02e3]:main():compute-mfcc-feats.cc:182) Processed features for key common_voice_lt_25170748
WARNING (compute-mfcc-feats[5.5.1182~1-e02e3]:Read():wave-reader.cc:304) Expected 142848 bytes of wave data, but read only 141696 bytes. Truncated file?
VLOG[2] (compute-mfcc-feats[5.5.1182~1-e02e3]:main():compute-mfcc-feats.cc:182) Processed features for key common_voice_lt_25170749
WARNING (compute-mfcc-feats[5.5.1182~1-e02e3]:Read():wave-reader.cc:304) Expected 117504 bytes of wave data, but read only 116352 bytes. Truncated file?
VLOG[2] (compute-mfcc-feats[5.5.1182~1-e02e3]:main():compute-mfcc-feats.cc:182) Processed features for key common_voice_lt_25170760
WARNING (compute-mfcc-feats[5.5.1182~1-e02e3]:Read():wave-reader.cc:304) Expected 163584 bytes of wave data, but read only 162432 bytes. Truncated file?
LOG (compute-mfcc-feats[5.5.1182~1-e02e3]:main():compute-mfcc-feats.cc:181) Processed 1200 utterances
VLOG[2] (compute-mfcc-feats[5.5.1182~1-e02e3]:main():compute-mfcc-feats.cc:182) Processed features for key common_voice_lt_25170761
WARNING (compute-mfcc-feats[5.5.1182~1-e02e3]:Read():wave-reader.cc:304) Expected 162432 bytes of wave data, but read only 161280 bytes. Truncated file?
VLOG[2] (compute-mfcc-feats[5.5.1182~1-e02e3]:main():compute-mfcc-feats.cc:182) Processed features for key common_voice_lt_25170762
WARNING (compute-mfcc-feats[5.5.1182~1-e02e3]:Read():wave-reader.cc:304) Expected 168192 bytes of wave data, but read only 167040 bytes. Truncated file?
VLOG[2] (compute-mfcc-feats[5.5.1182~1-e02e3]:main():compute-mfcc-feats.cc:182) Processed features for key common_voice_lt_25170763
WARNING (compute-mfcc-feats[5.5.1182~1-e02e3]:Read():wave-reader.cc:304) Expected 153216 bytes of wave data, but read only 152064 bytes. Truncated file?
VLOG[2] (compute-mfcc-feats[5.5.1182~1-e02e3]:main():compute-mfcc-feats.cc:182) Processed features for key common_voice_lt_25170765
WARNING (compute-mfcc-feats[5.5.1182~1-e02e3]:Read():wave-reader.cc:304) Expected 108288 bytes of wave data, but read only 107136 bytes. Truncated file?
VLOG[2] (compute-mfcc-feats[5.5.1182~1-e02e3]:main():compute-mfcc-feats.cc:182) Processed features for key common_voice_lt_25170775
WARNING (compute-mfcc-feats[5.5.1182~1-e02e3]:Read():wave-reader.cc:304) Expected 228096 bytes of wave data, but read only 226944 bytes. Truncated file?
VLOG[2] (compute-mfcc-feats[5.5.1182~1-e02e3]:main():compute-mfcc-feats.cc:182) Processed features for key common_voice_lt_25170776
WARNING (compute-mfcc-feats[5.5.1182~1-e02e3]:Read():wave-reader.cc:304) Expected 124416 bytes of wave data, but read only 123264 bytes. Truncated file?
VLOG[2] (compute-mfcc-feats[5.5.1182~1-e02e3]:main():compute-mfcc-feats.cc:182) Processed features for key common_voice_lt_25170777
WARNING (compute-mfcc-feats[5.5.1182~1-e02e3]:Read():wave-reader.cc:304) Expected 163584 bytes of wave data, but read only 162432 bytes. Truncated file?
VLOG[2] (compute-mfcc-feats[5.5.1182~1-e02e3]:main():compute-mfcc-feats.cc:182) Processed features for key common_voice_lt_25170778
WARNING (compute-mfcc-feats[5.5.1182~1-e02e3]:Read():wave-reader.cc:304) Expected 129024 bytes of wave data, but read only 127872 bytes. Truncated file?
VLOG[2] (compute-mfcc-feats[5.5.1182~1-e02e3]:main():compute-mfcc-feats.cc:182) Processed features for key common_voice_lt_25170779
WARNING (compute-mfcc-feats[5.5.1182~1-e02e3]:Read():wave-reader.cc:304) Expected 152064 bytes of wave data, but read only 150912 bytes. Truncated file?
VLOG[2] (compute-mfcc-feats[5.5.1182~1-e02e3]:main():compute-mfcc-feats.cc:182) Processed features for key common_voice_lt_25170785
WARNING (compute-mfcc-feats[5.5.1182~1-e02e3]:Read():wave-reader.cc:304) Expected 126720 bytes of wave data, but read only 125568 bytes. Truncated file?
LOG (compute-mfcc-feats[5.5.1182~1-e02e3]:main():compute-mfcc-feats.cc:181) Processed 1210 utterances
VLOG[2] (compute-mfcc-feats[5.5.1182~1-e02e3]:main():compute-mfcc-feats.cc:182) Processed features for key common_voice_lt_25170786
WARNING (compute-mfcc-feats[5.5.1182~1-e02e3]:Read():wave-reader.cc:304) Expected 185472 bytes of wave data, but read only 184320 bytes. Truncated file?
VLOG[2] (compute-mfcc-feats[5.5.1182~1-e02e3]:main():compute-mfcc-feats.cc:182) Processed features for key common_voice_lt_25170787
WARNING (compute-mfcc-feats[5.5.1182~1-e02e3]:Read():wave-reader.cc:304) Expected 108288 bytes of wave data, but read only 107136 bytes. Truncated file?
VLOG[2] (compute-mfcc-feats[5.5.1182~1-e02e3]:main():compute-mfcc-feats.cc:182) Processed features for key common_voice_lt_25170788
WARNING (compute-mfcc-feats[5.5.1182~1-e02e3]:Read():wave-reader.cc:304) Expected 191232 bytes of wave data, but read only 190080 bytes. Truncated file?
VLOG[2] (compute-mfcc-feats[5.5.1182~1-e02e3]:main():compute-mfcc-feats.cc:182) Processed features for key common_voice_lt_25170789
WARNING (compute-mfcc-feats[5.5.1182~1-e02e3]:Read():wave-reader.cc:304) Expected 135936 bytes of wave data, but read only 134784 bytes. Truncated file?
VLOG[2] (compute-mfcc-feats[5.5.1182~1-e02e3]:main():compute-mfcc-feats.cc:182) Processed features for key common_voice_lt_25170795
WARNING (compute-mfcc-feats[5.5.1182~1-e02e3]:Read():wave-reader.cc:304) Expected 135936 bytes of wave data, but read only 134784 bytes. Truncated file?
VLOG[2] (compute-mfcc-feats[5.5.1182~1-e02e3]:main():compute-mfcc-feats.cc:182) Processed features for key common_voice_lt_25170796
WARNING (compute-mfcc-feats[5.5.1182~1-e02e3]:Read():wave-reader.cc:304) Expected 168192 bytes of wave data, but read only 167040 bytes. Truncated file?
VLOG[2] (compute-mfcc-feats[5.5.1182~1-e02e3]:main():compute-mfcc-feats.cc:182) Processed features for key common_voice_lt_25170797
WARNING (compute-mfcc-feats[5.5.1182~1-e02e3]:Read():wave-reader.cc:304) Expected 172800 bytes of wave data, but read only 171648 bytes. Truncated file?
VLOG[2] (compute-mfcc-feats[5.5.1182~1-e02e3]:main():compute-mfcc-feats.cc:182) Processed features for key common_voice_lt_25170798
WARNING (compute-mfcc-feats[5.5.1182~1-e02e3]:Read():wave-reader.cc:304) Expected 155520 bytes of wave data, but read only 154368 bytes. Truncated file?
VLOG[2] (compute-mfcc-feats[5.5.1182~1-e02e3]:main():compute-mfcc-feats.cc:182) Processed features for key common_voice_lt_25170799
WARNING (compute-mfcc-feats[5.5.1182~1-e02e3]:Read():wave-reader.cc:304) Expected 203904 bytes of wave data, but read only 202752 bytes. Truncated file?
VLOG[2] (compute-mfcc-feats[5.5.1182~1-e02e3]:main():compute-mfcc-feats.cc:182) Processed features for key common_voice_lt_25170813
WARNING (compute-mfcc-feats[5.5.1182~1-e02e3]:Read():wave-reader.cc:304) Expected 210816 bytes of wave data, but read only 209664 bytes. Truncated file?
LOG (compute-mfcc-feats[5.5.1182~1-e02e3]:main():compute-mfcc-feats.cc:181) Processed 1220 utterances
VLOG[2] (compute-mfcc-feats[5.5.1182~1-e02e3]:main():compute-mfcc-feats.cc:182) Processed features for key common_voice_lt_25170814
WARNING (compute-mfcc-feats[5.5.1182~1-e02e3]:Read():wave-reader.cc:304) Expected 85248 bytes of wave data, but read only 84096 bytes. Truncated file?
VLOG[2] (compute-mfcc-feats[5.5.1182~1-e02e3]:main():compute-mfcc-feats.cc:182) Processed features for key common_voice_lt_25170827
WARNING (compute-mfcc-feats[5.5.1182~1-e02e3]:Read():wave-reader.cc:304) Expected 165888 bytes of wave data, but read only 164736 bytes. Truncated file?
VLOG[2] (compute-mfcc-feats[5.5.1182~1-e02e3]:main():compute-mfcc-feats.cc:182) Processed features for key common_voice_lt_25170828
WARNING (compute-mfcc-feats[5.5.1182~1-e02e3]:Read():wave-reader.cc:304) Expected 112896 bytes of wave data, but read only 111744 bytes. Truncated file?
VLOG[2] (compute-mfcc-feats[5.5.1182~1-e02e3]:main():compute-mfcc-feats.cc:182) Processed features for key common_voice_lt_25170829
WARNING (compute-mfcc-feats[5.5.1182~1-e02e3]:Read():wave-reader.cc:304) Expected 171648 bytes of wave data, but read only 170496 bytes. Truncated file?
VLOG[2] (compute-mfcc-feats[5.5.1182~1-e02e3]:main():compute-mfcc-feats.cc:182) Processed features for key common_voice_lt_25170830
WARNING (compute-mfcc-feats[5.5.1182~1-e02e3]:Read():wave-reader.cc:304) Expected 139392 bytes of wave data, but read only 138240 bytes. Truncated file?
VLOG[2] (compute-mfcc-feats[5.5.1182~1-e02e3]:main():compute-mfcc-feats.cc:182) Processed features for key common_voice_lt_25170831
WARNING (compute-mfcc-feats[5.5.1182~1-e02e3]:Read():wave-reader.cc:304) Expected 134784 bytes of wave data, but read only 133632 bytes. Truncated file?
VLOG[2] (compute-mfcc-feats[5.5.1182~1-e02e3]:main():compute-mfcc-feats.cc:182) Processed features for key common_voice_lt_25170857
WARNING (compute-mfcc-feats[5.5.1182~1-e02e3]:Read():wave-reader.cc:304) Expected 163584 bytes of wave data, but read only 162432 bytes. Truncated file?
VLOG[2] (compute-mfcc-feats[5.5.1182~1-e02e3]:main():compute-mfcc-feats.cc:182) Processed features for key common_voice_lt_25170858
WARNING (compute-mfcc-feats[5.5.1182~1-e02e3]:Read():wave-reader.cc:304) Expected 188928 bytes of wave data, but read only 187776 bytes. Truncated file?
VLOG[2] (compute-mfcc-feats[5.5.1182~1-e02e3]:main():compute-mfcc-feats.cc:182) Processed features for key common_voice_lt_25170859
WARNING (compute-mfcc-feats[5.5.1182~1-e02e3]:Read():wave-reader.cc:304) Expected 120960 bytes of wave data, but read only 119808 bytes. Truncated file?
VLOG[2] (compute-mfcc-feats[5.5.1182~1-e02e3]:main():compute-mfcc-feats.cc:182) Processed features for key common_voice_lt_25170860
WARNING (compute-mfcc-feats[5.5.1182~1-e02e3]:Read():wave-reader.cc:304) Expected 146304 bytes of wave data, but read only 145152 bytes. Truncated file?
LOG (compute-mfcc-feats[5.5.1182~1-e02e3]:main():compute-mfcc-feats.cc:181) Processed 1230 utterances
VLOG[2] (compute-mfcc-feats[5.5.1182~1-e02e3]:main():compute-mfcc-feats.cc:182) Processed features for key common_voice_lt_25170861
WARNING (compute-mfcc-feats[5.5.1182~1-e02e3]:Read():wave-reader.cc:304) Expected 255744 bytes of wave data, but read only 254592 bytes. Truncated file?
VLOG[2] (compute-mfcc-feats[5.5.1182~1-e02e3]:main():compute-mfcc-feats.cc:182) Processed features for key common_voice_lt_25170862
WARNING (compute-mfcc-feats[5.5.1182~1-e02e3]:Read():wave-reader.cc:304) Expected 179712 bytes of wave data, but read only 178560 bytes. Truncated file?
VLOG[2] (compute-mfcc-feats[5.5.1182~1-e02e3]:main():compute-mfcc-feats.cc:182) Processed features for key common_voice_lt_25170863
WARNING (compute-mfcc-feats[5.5.1182~1-e02e3]:Read():wave-reader.cc:304) Expected 130176 bytes of wave data, but read only 129024 bytes. Truncated file?
VLOG[2] (compute-mfcc-feats[5.5.1182~1-e02e3]:main():compute-mfcc-feats.cc:182) Processed features for key common_voice_lt_25170865
WARNING (compute-mfcc-feats[5.5.1182~1-e02e3]:Read():wave-reader.cc:304) Expected 142848 bytes of wave data, but read only 141696 bytes. Truncated file?
VLOG[2] (compute-mfcc-feats[5.5.1182~1-e02e3]:main():compute-mfcc-feats.cc:182) Processed features for key common_voice_lt_25170866
WARNING (compute-mfcc-feats[5.5.1182~1-e02e3]:Read():wave-reader.cc:304) Expected 202752 bytes of wave data, but read only 201600 bytes. Truncated file?
VLOG[2] (compute-mfcc-feats[5.5.1182~1-e02e3]:main():compute-mfcc-feats.cc:182) Processed features for key common_voice_lt_25170867
WARNING (compute-mfcc-feats[5.5.1182~1-e02e3]:Read():wave-reader.cc:304) Expected 175104 bytes of wave data, but read only 173952 bytes. Truncated file?
VLOG[2] (compute-mfcc-feats[5.5.1182~1-e02e3]:main():compute-mfcc-feats.cc:182) Processed features for key common_voice_lt_25170868
WARNING (compute-mfcc-feats[5.5.1182~1-e02e3]:Read():wave-reader.cc:304) Expected 230400 bytes of wave data, but read only 229248 bytes. Truncated file?
VLOG[2] (compute-mfcc-feats[5.5.1182~1-e02e3]:main():compute-mfcc-feats.cc:182) Processed features for key common_voice_lt_25170869
WARNING (compute-mfcc-feats[5.5.1182~1-e02e3]:Read():wave-reader.cc:304) Expected 147456 bytes of wave data, but read only 146304 bytes. Truncated file?
VLOG[2] (compute-mfcc-feats[5.5.1182~1-e02e3]:main():compute-mfcc-feats.cc:182) Processed features for key common_voice_lt_25170870
WARNING (compute-mfcc-feats[5.5.1182~1-e02e3]:Read():wave-reader.cc:304) Expected 137088 bytes of wave data, but read only 135936 bytes. Truncated file?
VLOG[2] (compute-mfcc-feats[5.5.1182~1-e02e3]:main():compute-mfcc-feats.cc:182) Processed features for key common_voice_lt_25170871
WARNING (compute-mfcc-feats[5.5.1182~1-e02e3]:Read():wave-reader.cc:304) Expected 213120 bytes of wave data, but read only 211968 bytes. Truncated file?
LOG (compute-mfcc-feats[5.5.1182~1-e02e3]:main():compute-mfcc-feats.cc:181) Processed 1240 utterances
VLOG[2] (compute-mfcc-feats[5.5.1182~1-e02e3]:main():compute-mfcc-feats.cc:182) Processed features for key common_voice_lt_25170872
WARNING (compute-mfcc-feats[5.5.1182~1-e02e3]:Read():wave-reader.cc:304) Expected 125568 bytes of wave data, but read only 124416 bytes. Truncated file?
VLOG[2] (compute-mfcc-feats[5.5.1182~1-e02e3]:main():compute-mfcc-feats.cc:182) Processed features for key common_voice_lt_25170873
WARNING (compute-mfcc-feats[5.5.1182~1-e02e3]:Read():wave-reader.cc:304) Expected 163584 bytes of wave data, but read only 162432 bytes. Truncated file?
VLOG[2] (compute-mfcc-feats[5.5.1182~1-e02e3]:main():compute-mfcc-feats.cc:182) Processed features for key common_voice_lt_25170874
WARNING (compute-mfcc-feats[5.5.1182~1-e02e3]:Read():wave-reader.cc:304) Expected 209664 bytes of wave data, but read only 208512 bytes. Truncated file?
VLOG[2] (compute-mfcc-feats[5.5.1182~1-e02e3]:main():compute-mfcc-feats.cc:182) Processed features for key common_voice_lt_25170875
WARNING (compute-mfcc-feats[5.5.1182~1-e02e3]:Read():wave-reader.cc:304) Expected 85248 bytes of wave data, but read only 84096 bytes. Truncated file?
VLOG[2] (compute-mfcc-feats[5.5.1182~1-e02e3]:main():compute-mfcc-feats.cc:182) Processed features for key common_voice_lt_25170876
WARNING (compute-mfcc-feats[5.5.1182~1-e02e3]:Read():wave-reader.cc:304) Expected 140544 bytes of wave data, but read only 139392 bytes. Truncated file?
VLOG[2] (compute-mfcc-feats[5.5.1182~1-e02e3]:main():compute-mfcc-feats.cc:182) Processed features for key common_voice_lt_25170882
WARNING (compute-mfcc-feats[5.5.1182~1-e02e3]:Read():wave-reader.cc:304) Expected 168192 bytes of wave data, but read only 167040 bytes. Truncated file?
VLOG[2] (compute-mfcc-feats[5.5.1182~1-e02e3]:main():compute-mfcc-feats.cc:182) Processed features for key common_voice_lt_25170884
WARNING (compute-mfcc-feats[5.5.1182~1-e02e3]:Read():wave-reader.cc:304) Expected 112896 bytes of wave data, but read only 111744 bytes. Truncated file?
VLOG[2] (compute-mfcc-feats[5.5.1182~1-e02e3]:main():compute-mfcc-feats.cc:182) Processed features for key common_voice_lt_25170885
WARNING (compute-mfcc-feats[5.5.1182~1-e02e3]:Read():wave-reader.cc:304) Expected 208512 bytes of wave data, but read only 207360 bytes. Truncated file?
VLOG[2] (compute-mfcc-feats[5.5.1182~1-e02e3]:main():compute-mfcc-feats.cc:182) Processed features for key common_voice_lt_25170886
WARNING (compute-mfcc-feats[5.5.1182~1-e02e3]:Read():wave-reader.cc:304) Expected 101376 bytes of wave data, but read only 100224 bytes. Truncated file?
VLOG[2] (compute-mfcc-feats[5.5.1182~1-e02e3]:main():compute-mfcc-feats.cc:182) Processed features for key common_voice_lt_25170897
WARNING (compute-mfcc-feats[5.5.1182~1-e02e3]:Read():wave-reader.cc:304) Expected 164736 bytes of wave data, but read only 163584 bytes. Truncated file?
LOG (compute-mfcc-feats[5.5.1182~1-e02e3]:main():compute-mfcc-feats.cc:181) Processed 1250 utterances
VLOG[2] (compute-mfcc-feats[5.5.1182~1-e02e3]:main():compute-mfcc-feats.cc:182) Processed features for key common_voice_lt_25170898
WARNING (compute-mfcc-feats[5.5.1182~1-e02e3]:Read():wave-reader.cc:304) Expected 144000 bytes of wave data, but read only 142848 bytes. Truncated file?
VLOG[2] (compute-mfcc-feats[5.5.1182~1-e02e3]:main():compute-mfcc-feats.cc:182) Processed features for key common_voice_lt_25170899
WARNING (compute-mfcc-feats[5.5.1182~1-e02e3]:Read():wave-reader.cc:304) Expected 120960 bytes of wave data, but read only 119808 bytes. Truncated file?
VLOG[2] (compute-mfcc-feats[5.5.1182~1-e02e3]:main():compute-mfcc-feats.cc:182) Processed features for key common_voice_lt_25170900
WARNING (compute-mfcc-feats[5.5.1182~1-e02e3]:Read():wave-reader.cc:304) Expected 177408 bytes of wave data, but read only 176256 bytes. Truncated file?
VLOG[2] (compute-mfcc-feats[5.5.1182~1-e02e3]:main():compute-mfcc-feats.cc:182) Processed features for key common_voice_lt_25170901
WARNING (compute-mfcc-feats[5.5.1182~1-e02e3]:Read():wave-reader.cc:304) Expected 122112 bytes of wave data, but read only 120960 bytes. Truncated file?
VLOG[2] (compute-mfcc-feats[5.5.1182~1-e02e3]:main():compute-mfcc-feats.cc:182) Processed features for key common_voice_lt_25170907
WARNING (compute-mfcc-feats[5.5.1182~1-e02e3]:Read():wave-reader.cc:304) Expected 193536 bytes of wave data, but read only 192384 bytes. Truncated file?
VLOG[2] (compute-mfcc-feats[5.5.1182~1-e02e3]:main():compute-mfcc-feats.cc:182) Processed features for key common_voice_lt_25170908
WARNING (compute-mfcc-feats[5.5.1182~1-e02e3]:Read():wave-reader.cc:304) Expected 103680 bytes of wave data, but read only 102528 bytes. Truncated file?
VLOG[2] (compute-mfcc-feats[5.5.1182~1-e02e3]:main():compute-mfcc-feats.cc:182) Processed features for key common_voice_lt_25170909
WARNING (compute-mfcc-feats[5.5.1182~1-e02e3]:Read():wave-reader.cc:304) Expected 110592 bytes of wave data, but read only 109440 bytes. Truncated file?
VLOG[2] (compute-mfcc-feats[5.5.1182~1-e02e3]:main():compute-mfcc-feats.cc:182) Processed features for key common_voice_lt_25170910
WARNING (compute-mfcc-feats[5.5.1182~1-e02e3]:Read():wave-reader.cc:304) Expected 215424 bytes of wave data, but read only 214272 bytes. Truncated file?
VLOG[2] (compute-mfcc-feats[5.5.1182~1-e02e3]:main():compute-mfcc-feats.cc:182) Processed features for key common_voice_lt_25170911
WARNING (compute-mfcc-feats[5.5.1182~1-e02e3]:Read():wave-reader.cc:304) Expected 107136 bytes of wave data, but read only 105984 bytes. Truncated file?
VLOG[2] (compute-mfcc-feats[5.5.1182~1-e02e3]:main():compute-mfcc-feats.cc:182) Processed features for key common_voice_lt_25170912
WARNING (compute-mfcc-feats[5.5.1182~1-e02e3]:Read():wave-reader.cc:304) Expected 119808 bytes of wave data, but read only 118656 bytes. Truncated file?
LOG (compute-mfcc-feats[5.5.1182~1-e02e3]:main():compute-mfcc-feats.cc:181) Processed 1260 utterances
VLOG[2] (compute-mfcc-feats[5.5.1182~1-e02e3]:main():compute-mfcc-feats.cc:182) Processed features for key common_voice_lt_25170913
WARNING (compute-mfcc-feats[5.5.1182~1-e02e3]:Read():wave-reader.cc:304) Expected 168192 bytes of wave data, but read only 167040 bytes. Truncated file?
VLOG[2] (compute-mfcc-feats[5.5.1182~1-e02e3]:main():compute-mfcc-feats.cc:182) Processed features for key common_voice_lt_25170914
WARNING (compute-mfcc-feats[5.5.1182~1-e02e3]:Read():wave-reader.cc:304) Expected 108288 bytes of wave data, but read only 107136 bytes. Truncated file?
VLOG[2] (compute-mfcc-feats[5.5.1182~1-e02e3]:main():compute-mfcc-feats.cc:182) Processed features for key common_voice_lt_25170915
WARNING (compute-mfcc-feats[5.5.1182~1-e02e3]:Read():wave-reader.cc:304) Expected 99072 bytes of wave data, but read only 97920 bytes. Truncated file?
VLOG[2] (compute-mfcc-feats[5.5.1182~1-e02e3]:main():compute-mfcc-feats.cc:182) Processed features for key common_voice_lt_25170916
WARNING (compute-mfcc-feats[5.5.1182~1-e02e3]:Read():wave-reader.cc:304) Expected 172800 bytes of wave data, but read only 171648 bytes. Truncated file?
VLOG[2] (compute-mfcc-feats[5.5.1182~1-e02e3]:main():compute-mfcc-feats.cc:182) Processed features for key common_voice_lt_25170922
WARNING (compute-mfcc-feats[5.5.1182~1-e02e3]:Read():wave-reader.cc:304) Expected 137088 bytes of wave data, but read only 135936 bytes. Truncated file?
VLOG[2] (compute-mfcc-feats[5.5.1182~1-e02e3]:main():compute-mfcc-feats.cc:182) Processed features for key common_voice_lt_25170923
WARNING (compute-mfcc-feats[5.5.1182~1-e02e3]:Read():wave-reader.cc:304) Expected 244224 bytes of wave data, but read only 243072 bytes. Truncated file?
VLOG[2] (compute-mfcc-feats[5.5.1182~1-e02e3]:main():compute-mfcc-feats.cc:182) Processed features for key common_voice_lt_25170924
WARNING (compute-mfcc-feats[5.5.1182~1-e02e3]:Read():wave-reader.cc:304) Expected 200448 bytes of wave data, but read only 199296 bytes. Truncated file?
VLOG[2] (compute-mfcc-feats[5.5.1182~1-e02e3]:main():compute-mfcc-feats.cc:182) Processed features for key common_voice_lt_25170925
WARNING (compute-mfcc-feats[5.5.1182~1-e02e3]:Read():wave-reader.cc:304) Expected 187776 bytes of wave data, but read only 186624 bytes. Truncated file?
VLOG[2] (compute-mfcc-feats[5.5.1182~1-e02e3]:main():compute-mfcc-feats.cc:182) Processed features for key common_voice_lt_25170926
WARNING (compute-mfcc-feats[5.5.1182~1-e02e3]:Read():wave-reader.cc:304) Expected 93312 bytes of wave data, but read only 92160 bytes. Truncated file?
VLOG[2] (compute-mfcc-feats[5.5.1182~1-e02e3]:main():compute-mfcc-feats.cc:182) Processed features for key common_voice_lt_25170932
WARNING (compute-mfcc-feats[5.5.1182~1-e02e3]:Read():wave-reader.cc:304) Expected 122112 bytes of wave data, but read only 120960 bytes. Truncated file?
LOG (compute-mfcc-feats[5.5.1182~1-e02e3]:main():compute-mfcc-feats.cc:181) Processed 1270 utterances
VLOG[2] (compute-mfcc-feats[5.5.1182~1-e02e3]:main():compute-mfcc-feats.cc:182) Processed features for key common_voice_lt_25170933
WARNING (compute-mfcc-feats[5.5.1182~1-e02e3]:Read():wave-reader.cc:304) Expected 207360 bytes of wave data, but read only 206208 bytes. Truncated file?
VLOG[2] (compute-mfcc-feats[5.5.1182~1-e02e3]:main():compute-mfcc-feats.cc:182) Processed features for key common_voice_lt_25170934
WARNING (compute-mfcc-feats[5.5.1182~1-e02e3]:Read():wave-reader.cc:304) Expected 216576 bytes of wave data, but read only 215424 bytes. Truncated file?
VLOG[2] (compute-mfcc-feats[5.5.1182~1-e02e3]:main():compute-mfcc-feats.cc:182) Processed features for key common_voice_lt_25170935
WARNING (compute-mfcc-feats[5.5.1182~1-e02e3]:Read():wave-reader.cc:304) Expected 103680 bytes of wave data, but read only 102528 bytes. Truncated file?
VLOG[2] (compute-mfcc-feats[5.5.1182~1-e02e3]:main():compute-mfcc-feats.cc:182) Processed features for key common_voice_lt_25170936
WARNING (compute-mfcc-feats[5.5.1182~1-e02e3]:Read():wave-reader.cc:304) Expected 125568 bytes of wave data, but read only 124416 bytes. Truncated file?
VLOG[2] (compute-mfcc-feats[5.5.1182~1-e02e3]:main():compute-mfcc-feats.cc:182) Processed features for key common_voice_lt_25170942
WARNING (compute-mfcc-feats[5.5.1182~1-e02e3]:Read():wave-reader.cc:304) Expected 150912 bytes of wave data, but read only 149760 bytes. Truncated file?
VLOG[2] (compute-mfcc-feats[5.5.1182~1-e02e3]:main():compute-mfcc-feats.cc:182) Processed features for key common_voice_lt_25170943
WARNING (compute-mfcc-feats[5.5.1182~1-e02e3]:Read():wave-reader.cc:304) Expected 307584 bytes of wave data, but read only 306432 bytes. Truncated file?
VLOG[2] (compute-mfcc-feats[5.5.1182~1-e02e3]:main():compute-mfcc-feats.cc:182) Processed features for key common_voice_lt_25170944
WARNING (compute-mfcc-feats[5.5.1182~1-e02e3]:Read():wave-reader.cc:304) Expected 191232 bytes of wave data, but read only 190080 bytes. Truncated file?
VLOG[2] (compute-mfcc-feats[5.5.1182~1-e02e3]:main():compute-mfcc-feats.cc:182) Processed features for key common_voice_lt_25170945
WARNING (compute-mfcc-feats[5.5.1182~1-e02e3]:Read():wave-reader.cc:304) Expected 169344 bytes of wave data, but read only 168192 bytes. Truncated file?
VLOG[2] (compute-mfcc-feats[5.5.1182~1-e02e3]:main():compute-mfcc-feats.cc:182) Processed features for key common_voice_lt_25170946
WARNING (compute-mfcc-feats[5.5.1182~1-e02e3]:Read():wave-reader.cc:304) Expected 229248 bytes of wave data, but read only 228096 bytes. Truncated file?
VLOG[2] (compute-mfcc-feats[5.5.1182~1-e02e3]:main():compute-mfcc-feats.cc:182) Processed features for key common_voice_lt_25170947
WARNING (compute-mfcc-feats[5.5.1182~1-e02e3]:Read():wave-reader.cc:304) Expected 150912 bytes of wave data, but read only 149760 bytes. Truncated file?
LOG (compute-mfcc-feats[5.5.1182~1-e02e3]:main():compute-mfcc-feats.cc:181) Processed 1280 utterances
VLOG[2] (compute-mfcc-feats[5.5.1182~1-e02e3]:main():compute-mfcc-feats.cc:182) Processed features for key common_voice_lt_25170948
WARNING (compute-mfcc-feats[5.5.1182~1-e02e3]:Read():wave-reader.cc:304) Expected 185472 bytes of wave data, but read only 184320 bytes. Truncated file?
VLOG[2] (compute-mfcc-feats[5.5.1182~1-e02e3]:main():compute-mfcc-feats.cc:182) Processed features for key common_voice_lt_25170950
WARNING (compute-mfcc-feats[5.5.1182~1-e02e3]:Read():wave-reader.cc:304) Expected 216576 bytes of wave data, but read only 215424 bytes. Truncated file?
VLOG[2] (compute-mfcc-feats[5.5.1182~1-e02e3]:main():compute-mfcc-feats.cc:182) Processed features for key common_voice_lt_25170951
WARNING (compute-mfcc-feats[5.5.1182~1-e02e3]:Read():wave-reader.cc:304) Expected 76032 bytes of wave data, but read only 74880 bytes. Truncated file?
VLOG[2] (compute-mfcc-feats[5.5.1182~1-e02e3]:main():compute-mfcc-feats.cc:182) Processed features for key common_voice_lt_25170962
WARNING (compute-mfcc-feats[5.5.1182~1-e02e3]:Read():wave-reader.cc:304) Expected 177408 bytes of wave data, but read only 176256 bytes. Truncated file?
VLOG[2] (compute-mfcc-feats[5.5.1182~1-e02e3]:main():compute-mfcc-feats.cc:182) Processed features for key common_voice_lt_25170963
WARNING (compute-mfcc-feats[5.5.1182~1-e02e3]:Read():wave-reader.cc:304) Expected 153216 bytes of wave data, but read only 152064 bytes. Truncated file?
VLOG[2] (compute-mfcc-feats[5.5.1182~1-e02e3]:main():compute-mfcc-feats.cc:182) Processed features for key common_voice_lt_25170964
WARNING (compute-mfcc-feats[5.5.1182~1-e02e3]:Read():wave-reader.cc:304) Expected 116352 bytes of wave data, but read only 115200 bytes. Truncated file?
VLOG[2] (compute-mfcc-feats[5.5.1182~1-e02e3]:main():compute-mfcc-feats.cc:182) Processed features for key common_voice_lt_25170965
WARNING (compute-mfcc-feats[5.5.1182~1-e02e3]:Read():wave-reader.cc:304) Expected 259200 bytes of wave data, but read only 258048 bytes. Truncated file?
VLOG[2] (compute-mfcc-feats[5.5.1182~1-e02e3]:main():compute-mfcc-feats.cc:182) Processed features for key common_voice_lt_25170966
WARNING (compute-mfcc-feats[5.5.1182~1-e02e3]:Read():wave-reader.cc:304) Expected 104832 bytes of wave data, but read only 103680 bytes. Truncated file?
VLOG[2] (compute-mfcc-feats[5.5.1182~1-e02e3]:main():compute-mfcc-feats.cc:182) Processed features for key common_voice_lt_25170968
WARNING (compute-mfcc-feats[5.5.1182~1-e02e3]:Read():wave-reader.cc:304) Expected 207360 bytes of wave data, but read only 206208 bytes. Truncated file?
VLOG[2] (compute-mfcc-feats[5.5.1182~1-e02e3]:main():compute-mfcc-feats.cc:182) Processed features for key common_voice_lt_25170969
WARNING (compute-mfcc-feats[5.5.1182~1-e02e3]:Read():wave-reader.cc:304) Expected 109440 bytes of wave data, but read only 108288 bytes. Truncated file?
LOG (compute-mfcc-feats[5.5.1182~1-e02e3]:main():compute-mfcc-feats.cc:181) Processed 1290 utterances
VLOG[2] (compute-mfcc-feats[5.5.1182~1-e02e3]:main():compute-mfcc-feats.cc:182) Processed features for key common_voice_lt_25170970
WARNING (compute-mfcc-feats[5.5.1182~1-e02e3]:Read():wave-reader.cc:304) Expected 124416 bytes of wave data, but read only 123264 bytes. Truncated file?
VLOG[2] (compute-mfcc-feats[5.5.1182~1-e02e3]:main():compute-mfcc-feats.cc:182) Processed features for key common_voice_lt_25170971
WARNING (compute-mfcc-feats[5.5.1182~1-e02e3]:Read():wave-reader.cc:304) Expected 147456 bytes of wave data, but read only 146304 bytes. Truncated file?
VLOG[2] (compute-mfcc-feats[5.5.1182~1-e02e3]:main():compute-mfcc-feats.cc:182) Processed features for key common_voice_lt_25170972
WARNING (compute-mfcc-feats[5.5.1182~1-e02e3]:Read():wave-reader.cc:304) Expected 123264 bytes of wave data, but read only 122112 bytes. Truncated file?
VLOG[2] (compute-mfcc-feats[5.5.1182~1-e02e3]:main():compute-mfcc-feats.cc:182) Processed features for key common_voice_lt_25180044
WARNING (compute-mfcc-feats[5.5.1182~1-e02e3]:Read():wave-reader.cc:304) Expected 93312 bytes of wave data, but read only 92160 bytes. Truncated file?
VLOG[2] (compute-mfcc-feats[5.5.1182~1-e02e3]:main():compute-mfcc-feats.cc:182) Processed features for key common_voice_lt_25180046
WARNING (compute-mfcc-feats[5.5.1182~1-e02e3]:Read():wave-reader.cc:304) Expected 207360 bytes of wave data, but read only 206208 bytes. Truncated file?
VLOG[2] (compute-mfcc-feats[5.5.1182~1-e02e3]:main():compute-mfcc-feats.cc:182) Processed features for key common_voice_lt_25180048
WARNING (compute-mfcc-feats[5.5.1182~1-e02e3]:Read():wave-reader.cc:304) Expected 141696 bytes of wave data, but read only 140544 bytes. Truncated file?
VLOG[2] (compute-mfcc-feats[5.5.1182~1-e02e3]:main():compute-mfcc-feats.cc:182) Processed features for key common_voice_lt_25180049
WARNING (compute-mfcc-feats[5.5.1182~1-e02e3]:Read():wave-reader.cc:304) Expected 124416 bytes of wave data, but read only 123264 bytes. Truncated file?
VLOG[2] (compute-mfcc-feats[5.5.1182~1-e02e3]:main():compute-mfcc-feats.cc:182) Processed features for key common_voice_lt_25236337
WARNING (compute-mfcc-feats[5.5.1182~1-e02e3]:Read():wave-reader.cc:304) Expected 211968 bytes of wave data, but read only 210816 bytes. Truncated file?
VLOG[2] (compute-mfcc-feats[5.5.1182~1-e02e3]:main():compute-mfcc-feats.cc:182) Processed features for key common_voice_lt_25236338
WARNING (compute-mfcc-feats[5.5.1182~1-e02e3]:Read():wave-reader.cc:304) Expected 118656 bytes of wave data, but read only 117504 bytes. Truncated file?
VLOG[2] (compute-mfcc-feats[5.5.1182~1-e02e3]:main():compute-mfcc-feats.cc:182) Processed features for key common_voice_lt_25236339
WARNING (compute-mfcc-feats[5.5.1182~1-e02e3]:Read():wave-reader.cc:304) Expected 92160 bytes of wave data, but read only 91008 bytes. Truncated file?
LOG (compute-mfcc-feats[5.5.1182~1-e02e3]:main():compute-mfcc-feats.cc:181) Processed 1300 utterances
VLOG[2] (compute-mfcc-feats[5.5.1182~1-e02e3]:main():compute-mfcc-feats.cc:182) Processed features for key common_voice_lt_25236340
WARNING (compute-mfcc-feats[5.5.1182~1-e02e3]:Read():wave-reader.cc:304) Expected 114048 bytes of wave data, but read only 112896 bytes. Truncated file?
VLOG[2] (compute-mfcc-feats[5.5.1182~1-e02e3]:main():compute-mfcc-feats.cc:182) Processed features for key common_voice_lt_25236341
WARNING (compute-mfcc-feats[5.5.1182~1-e02e3]:Read():wave-reader.cc:304) Expected 85248 bytes of wave data, but read only 84096 bytes. Truncated file?
VLOG[2] (compute-mfcc-feats[5.5.1182~1-e02e3]:main():compute-mfcc-feats.cc:182) Processed features for key common_voice_lt_25236349
WARNING (compute-mfcc-feats[5.5.1182~1-e02e3]:Read():wave-reader.cc:304) Expected 172800 bytes of wave data, but read only 171648 bytes. Truncated file?
VLOG[2] (compute-mfcc-feats[5.5.1182~1-e02e3]:main():compute-mfcc-feats.cc:182) Processed features for key common_voice_lt_25236350
WARNING (compute-mfcc-feats[5.5.1182~1-e02e3]:Read():wave-reader.cc:304) Expected 155520 bytes of wave data, but read only 154368 bytes. Truncated file?
VLOG[2] (compute-mfcc-feats[5.5.1182~1-e02e3]:main():compute-mfcc-feats.cc:182) Processed features for key common_voice_lt_25236351
WARNING (compute-mfcc-feats[5.5.1182~1-e02e3]:Read():wave-reader.cc:304) Expected 135936 bytes of wave data, but read only 134784 bytes. Truncated file?
VLOG[2] (compute-mfcc-feats[5.5.1182~1-e02e3]:main():compute-mfcc-feats.cc:182) Processed features for key common_voice_lt_25236353
WARNING (compute-mfcc-feats[5.5.1182~1-e02e3]:Read():wave-reader.cc:304) Expected 126720 bytes of wave data, but read only 125568 bytes. Truncated file?
VLOG[2] (compute-mfcc-feats[5.5.1182~1-e02e3]:main():compute-mfcc-feats.cc:182) Processed features for key common_voice_lt_25236354
WARNING (compute-mfcc-feats[5.5.1182~1-e02e3]:Read():wave-reader.cc:304) Expected 173952 bytes of wave data, but read only 172800 bytes. Truncated file?
VLOG[2] (compute-mfcc-feats[5.5.1182~1-e02e3]:main():compute-mfcc-feats.cc:182) Processed features for key common_voice_lt_25236355
WARNING (compute-mfcc-feats[5.5.1182~1-e02e3]:Read():wave-reader.cc:304) Expected 107136 bytes of wave data, but read only 105984 bytes. Truncated file?
VLOG[2] (compute-mfcc-feats[5.5.1182~1-e02e3]:main():compute-mfcc-feats.cc:182) Processed features for key common_voice_lt_25236356
WARNING (compute-mfcc-feats[5.5.1182~1-e02e3]:Read():wave-reader.cc:304) Expected 156672 bytes of wave data, but read only 155520 bytes. Truncated file?
VLOG[2] (compute-mfcc-feats[5.5.1182~1-e02e3]:main():compute-mfcc-feats.cc:182) Processed features for key common_voice_lt_25236357
WARNING (compute-mfcc-feats[5.5.1182~1-e02e3]:Read():wave-reader.cc:304) Expected 126720 bytes of wave data, but read only 125568 bytes. Truncated file?
LOG (compute-mfcc-feats[5.5.1182~1-e02e3]:main():compute-mfcc-feats.cc:181) Processed 1310 utterances
VLOG[2] (compute-mfcc-feats[5.5.1182~1-e02e3]:main():compute-mfcc-feats.cc:182) Processed features for key common_voice_lt_25236358
WARNING (compute-mfcc-feats[5.5.1182~1-e02e3]:Read():wave-reader.cc:304) Expected 112896 bytes of wave data, but read only 111744 bytes. Truncated file?
VLOG[2] (compute-mfcc-feats[5.5.1182~1-e02e3]:main():compute-mfcc-feats.cc:182) Processed features for key common_voice_lt_25236362
WARNING (compute-mfcc-feats[5.5.1182~1-e02e3]:Read():wave-reader.cc:304) Expected 104832 bytes of wave data, but read only 103680 bytes. Truncated file?
VLOG[2] (compute-mfcc-feats[5.5.1182~1-e02e3]:main():compute-mfcc-feats.cc:182) Processed features for key common_voice_lt_25236363
WARNING (compute-mfcc-feats[5.5.1182~1-e02e3]:Read():wave-reader.cc:304) Expected 137088 bytes of wave data, but read only 135936 bytes. Truncated file?
VLOG[2] (compute-mfcc-feats[5.5.1182~1-e02e3]:main():compute-mfcc-feats.cc:182) Processed features for key common_voice_lt_25236365
WARNING (compute-mfcc-feats[5.5.1182~1-e02e3]:Read():wave-reader.cc:304) Expected 164736 bytes of wave data, but read only 163584 bytes. Truncated file?
VLOG[2] (compute-mfcc-feats[5.5.1182~1-e02e3]:main():compute-mfcc-feats.cc:182) Processed features for key common_voice_lt_25236366
WARNING (compute-mfcc-feats[5.5.1182~1-e02e3]:Read():wave-reader.cc:304) Expected 114048 bytes of wave data, but read only 112896 bytes. Truncated file?
VLOG[2] (compute-mfcc-feats[5.5.1182~1-e02e3]:main():compute-mfcc-feats.cc:182) Processed features for key common_voice_lt_25236368
WARNING (compute-mfcc-feats[5.5.1182~1-e02e3]:Read():wave-reader.cc:304) Expected 274176 bytes of wave data, but read only 273024 bytes. Truncated file?
VLOG[2] (compute-mfcc-feats[5.5.1182~1-e02e3]:main():compute-mfcc-feats.cc:182) Processed features for key common_voice_lt_25236369
WARNING (compute-mfcc-feats[5.5.1182~1-e02e3]:Read():wave-reader.cc:304) Expected 179712 bytes of wave data, but read only 178560 bytes. Truncated file?
VLOG[2] (compute-mfcc-feats[5.5.1182~1-e02e3]:main():compute-mfcc-feats.cc:182) Processed features for key common_voice_lt_25236370
WARNING (compute-mfcc-feats[5.5.1182~1-e02e3]:Read():wave-reader.cc:304) Expected 129024 bytes of wave data, but read only 127872 bytes. Truncated file?
VLOG[2] (compute-mfcc-feats[5.5.1182~1-e02e3]:main():compute-mfcc-feats.cc:182) Processed features for key common_voice_lt_25236371
WARNING (compute-mfcc-feats[5.5.1182~1-e02e3]:Read():wave-reader.cc:304) Expected 126720 bytes of wave data, but read only 125568 bytes. Truncated file?
VLOG[2] (compute-mfcc-feats[5.5.1182~1-e02e3]:main():compute-mfcc-feats.cc:182) Processed features for key common_voice_lt_25236373
WARNING (compute-mfcc-feats[5.5.1182~1-e02e3]:Read():wave-reader.cc:304) Expected 200448 bytes of wave data, but read only 199296 bytes. Truncated file?
LOG (compute-mfcc-feats[5.5.1182~1-e02e3]:main():compute-mfcc-feats.cc:181) Processed 1320 utterances
VLOG[2] (compute-mfcc-feats[5.5.1182~1-e02e3]:main():compute-mfcc-feats.cc:182) Processed features for key common_voice_lt_25236374
WARNING (compute-mfcc-feats[5.5.1182~1-e02e3]:Read():wave-reader.cc:304) Expected 115200 bytes of wave data, but read only 114048 bytes. Truncated file?
VLOG[2] (compute-mfcc-feats[5.5.1182~1-e02e3]:main():compute-mfcc-feats.cc:182) Processed features for key common_voice_lt_25236381
WARNING (compute-mfcc-feats[5.5.1182~1-e02e3]:Read():wave-reader.cc:304) Expected 229248 bytes of wave data, but read only 228096 bytes. Truncated file?
VLOG[2] (compute-mfcc-feats[5.5.1182~1-e02e3]:main():compute-mfcc-feats.cc:182) Processed features for key common_voice_lt_25236382
WARNING (compute-mfcc-feats[5.5.1182~1-e02e3]:Read():wave-reader.cc:304) Expected 133632 bytes of wave data, but read only 132480 bytes. Truncated file?
VLOG[2] (compute-mfcc-feats[5.5.1182~1-e02e3]:main():compute-mfcc-feats.cc:182) Processed features for key common_voice_lt_25236383
WARNING (compute-mfcc-feats[5.5.1182~1-e02e3]:Read():wave-reader.cc:304) Expected 202752 bytes of wave data, but read only 201600 bytes. Truncated file?
VLOG[2] (compute-mfcc-feats[5.5.1182~1-e02e3]:main():compute-mfcc-feats.cc:182) Processed features for key common_voice_lt_25236384
WARNING (compute-mfcc-feats[5.5.1182~1-e02e3]:Read():wave-reader.cc:304) Expected 155520 bytes of wave data, but read only 154368 bytes. Truncated file?
VLOG[2] (compute-mfcc-feats[5.5.1182~1-e02e3]:main():compute-mfcc-feats.cc:182) Processed features for key common_voice_lt_25236388
WARNING (compute-mfcc-feats[5.5.1182~1-e02e3]:Read():wave-reader.cc:304) Expected 135936 bytes of wave data, but read only 134784 bytes. Truncated file?
VLOG[2] (compute-mfcc-feats[5.5.1182~1-e02e3]:main():compute-mfcc-feats.cc:182) Processed features for key common_voice_lt_25236389
WARNING (compute-mfcc-feats[5.5.1182~1-e02e3]:Read():wave-reader.cc:304) Expected 84096 bytes of wave data, but read only 82944 bytes. Truncated file?
VLOG[2] (compute-mfcc-feats[5.5.1182~1-e02e3]:main():compute-mfcc-feats.cc:182) Processed features for key common_voice_lt_25236390
WARNING (compute-mfcc-feats[5.5.1182~1-e02e3]:Read():wave-reader.cc:304) Expected 173952 bytes of wave data, but read only 172800 bytes. Truncated file?
VLOG[2] (compute-mfcc-feats[5.5.1182~1-e02e3]:main():compute-mfcc-feats.cc:182) Processed features for key common_voice_lt_25236391
WARNING (compute-mfcc-feats[5.5.1182~1-e02e3]:Read():wave-reader.cc:304) Expected 180864 bytes of wave data, but read only 179712 bytes. Truncated file?
VLOG[2] (compute-mfcc-feats[5.5.1182~1-e02e3]:main():compute-mfcc-feats.cc:182) Processed features for key common_voice_lt_25236392
WARNING (compute-mfcc-feats[5.5.1182~1-e02e3]:Read():wave-reader.cc:304) Expected 156672 bytes of wave data, but read only 155520 bytes. Truncated file?
LOG (compute-mfcc-feats[5.5.1182~1-e02e3]:main():compute-mfcc-feats.cc:181) Processed 1330 utterances
VLOG[2] (compute-mfcc-feats[5.5.1182~1-e02e3]:main():compute-mfcc-feats.cc:182) Processed features for key common_voice_lt_25236400
WARNING (compute-mfcc-feats[5.5.1182~1-e02e3]:Read():wave-reader.cc:304) Expected 112896 bytes of wave data, but read only 111744 bytes. Truncated file?
VLOG[2] (compute-mfcc-feats[5.5.1182~1-e02e3]:main():compute-mfcc-feats.cc:182) Processed features for key common_voice_lt_25236401
WARNING (compute-mfcc-feats[5.5.1182~1-e02e3]:Read():wave-reader.cc:304) Expected 210816 bytes of wave data, but read only 209664 bytes. Truncated file?
VLOG[2] (compute-mfcc-feats[5.5.1182~1-e02e3]:main():compute-mfcc-feats.cc:182) Processed features for key common_voice_lt_25236403
WARNING (compute-mfcc-feats[5.5.1182~1-e02e3]:Read():wave-reader.cc:304) Expected 116352 bytes of wave data, but read only 115200 bytes. Truncated file?
VLOG[2] (compute-mfcc-feats[5.5.1182~1-e02e3]:main():compute-mfcc-feats.cc:182) Processed features for key common_voice_lt_25236404
WARNING (compute-mfcc-feats[5.5.1182~1-e02e3]:Read():wave-reader.cc:304) Expected 200448 bytes of wave data, but read only 199296 bytes. Truncated file?
VLOG[2] (compute-mfcc-feats[5.5.1182~1-e02e3]:main():compute-mfcc-feats.cc:182) Processed features for key common_voice_lt_25236406
WARNING (compute-mfcc-feats[5.5.1182~1-e02e3]:Read():wave-reader.cc:304) Expected 127872 bytes of wave data, but read only 126720 bytes. Truncated file?
VLOG[2] (compute-mfcc-feats[5.5.1182~1-e02e3]:main():compute-mfcc-feats.cc:182) Processed features for key common_voice_lt_25236412
WARNING (compute-mfcc-feats[5.5.1182~1-e02e3]:Read():wave-reader.cc:304) Expected 288000 bytes of wave data, but read only 286848 bytes. Truncated file?
VLOG[2] (compute-mfcc-feats[5.5.1182~1-e02e3]:main():compute-mfcc-feats.cc:182) Processed features for key common_voice_lt_25236413
WARNING (compute-mfcc-feats[5.5.1182~1-e02e3]:Read():wave-reader.cc:304) Expected 110592 bytes of wave data, but read only 109440 bytes. Truncated file?
VLOG[2] (compute-mfcc-feats[5.5.1182~1-e02e3]:main():compute-mfcc-feats.cc:182) Processed features for key common_voice_lt_25236414
WARNING (compute-mfcc-feats[5.5.1182~1-e02e3]:Read():wave-reader.cc:304) Expected 103680 bytes of wave data, but read only 102528 bytes. Truncated file?
VLOG[2] (compute-mfcc-feats[5.5.1182~1-e02e3]:main():compute-mfcc-feats.cc:182) Processed features for key common_voice_lt_25236415
WARNING (compute-mfcc-feats[5.5.1182~1-e02e3]:Read():wave-reader.cc:304) Expected 179712 bytes of wave data, but read only 178560 bytes. Truncated file?
VLOG[2] (compute-mfcc-feats[5.5.1182~1-e02e3]:main():compute-mfcc-feats.cc:182) Processed features for key common_voice_lt_25236416
WARNING (compute-mfcc-feats[5.5.1182~1-e02e3]:Read():wave-reader.cc:304) Expected 156672 bytes of wave data, but read only 155520 bytes. Truncated file?
LOG (compute-mfcc-feats[5.5.1182~1-e02e3]:main():compute-mfcc-feats.cc:181) Processed 1340 utterances
VLOG[2] (compute-mfcc-feats[5.5.1182~1-e02e3]:main():compute-mfcc-feats.cc:182) Processed features for key common_voice_lt_25236419
WARNING (compute-mfcc-feats[5.5.1182~1-e02e3]:Read():wave-reader.cc:304) Expected 156672 bytes of wave data, but read only 155520 bytes. Truncated file?
VLOG[2] (compute-mfcc-feats[5.5.1182~1-e02e3]:main():compute-mfcc-feats.cc:182) Processed features for key common_voice_lt_25236420
WARNING (compute-mfcc-feats[5.5.1182~1-e02e3]:Read():wave-reader.cc:304) Expected 170496 bytes of wave data, but read only 169344 bytes. Truncated file?
VLOG[2] (compute-mfcc-feats[5.5.1182~1-e02e3]:main():compute-mfcc-feats.cc:182) Processed features for key common_voice_lt_25236421
WARNING (compute-mfcc-feats[5.5.1182~1-e02e3]:Read():wave-reader.cc:304) Expected 118656 bytes of wave data, but read only 117504 bytes. Truncated file?
VLOG[2] (compute-mfcc-feats[5.5.1182~1-e02e3]:main():compute-mfcc-feats.cc:182) Processed features for key common_voice_lt_25236422
WARNING (compute-mfcc-feats[5.5.1182~1-e02e3]:Read():wave-reader.cc:304) Expected 107136 bytes of wave data, but read only 105984 bytes. Truncated file?
VLOG[2] (compute-mfcc-feats[5.5.1182~1-e02e3]:main():compute-mfcc-feats.cc:182) Processed features for key common_voice_lt_25236423
WARNING (compute-mfcc-feats[5.5.1182~1-e02e3]:Read():wave-reader.cc:304) Expected 125568 bytes of wave data, but read only 124416 bytes. Truncated file?
VLOG[2] (compute-mfcc-feats[5.5.1182~1-e02e3]:main():compute-mfcc-feats.cc:182) Processed features for key common_voice_lt_25236432
WARNING (compute-mfcc-feats[5.5.1182~1-e02e3]:Read():wave-reader.cc:304) Expected 225792 bytes of wave data, but read only 224640 bytes. Truncated file?
VLOG[2] (compute-mfcc-feats[5.5.1182~1-e02e3]:main():compute-mfcc-feats.cc:182) Processed features for key common_voice_lt_25236433
WARNING (compute-mfcc-feats[5.5.1182~1-e02e3]:Read():wave-reader.cc:304) Expected 245376 bytes of wave data, but read only 244224 bytes. Truncated file?
VLOG[2] (compute-mfcc-feats[5.5.1182~1-e02e3]:main():compute-mfcc-feats.cc:182) Processed features for key common_voice_lt_25236434
WARNING (compute-mfcc-feats[5.5.1182~1-e02e3]:Read():wave-reader.cc:304) Expected 116352 bytes of wave data, but read only 115200 bytes. Truncated file?
VLOG[2] (compute-mfcc-feats[5.5.1182~1-e02e3]:main():compute-mfcc-feats.cc:182) Processed features for key common_voice_lt_25236435
WARNING (compute-mfcc-feats[5.5.1182~1-e02e3]:Read():wave-reader.cc:304) Expected 170496 bytes of wave data, but read only 169344 bytes. Truncated file?
VLOG[2] (compute-mfcc-feats[5.5.1182~1-e02e3]:main():compute-mfcc-feats.cc:182) Processed features for key common_voice_lt_25236436
WARNING (compute-mfcc-feats[5.5.1182~1-e02e3]:Read():wave-reader.cc:304) Expected 124416 bytes of wave data, but read only 123264 bytes. Truncated file?
LOG (compute-mfcc-feats[5.5.1182~1-e02e3]:main():compute-mfcc-feats.cc:181) Processed 1350 utterances
VLOG[2] (compute-mfcc-feats[5.5.1182~1-e02e3]:main():compute-mfcc-feats.cc:182) Processed features for key common_voice_lt_25236441
WARNING (compute-mfcc-feats[5.5.1182~1-e02e3]:Read():wave-reader.cc:304) Expected 213120 bytes of wave data, but read only 211968 bytes. Truncated file?
VLOG[2] (compute-mfcc-feats[5.5.1182~1-e02e3]:main():compute-mfcc-feats.cc:182) Processed features for key common_voice_lt_25236442
WARNING (compute-mfcc-feats[5.5.1182~1-e02e3]:Read():wave-reader.cc:304) Expected 200448 bytes of wave data, but read only 199296 bytes. Truncated file?
VLOG[2] (compute-mfcc-feats[5.5.1182~1-e02e3]:main():compute-mfcc-feats.cc:182) Processed features for key common_voice_lt_25236443
WARNING (compute-mfcc-feats[5.5.1182~1-e02e3]:Read():wave-reader.cc:304) Expected 160128 bytes of wave data, but read only 158976 bytes. Truncated file?
VLOG[2] (compute-mfcc-feats[5.5.1182~1-e02e3]:main():compute-mfcc-feats.cc:182) Processed features for key common_voice_lt_25236444
WARNING (compute-mfcc-feats[5.5.1182~1-e02e3]:Read():wave-reader.cc:304) Expected 96768 bytes of wave data, but read only 95616 bytes. Truncated file?
VLOG[2] (compute-mfcc-feats[5.5.1182~1-e02e3]:main():compute-mfcc-feats.cc:182) Processed features for key common_voice_lt_25236445
WARNING (compute-mfcc-feats[5.5.1182~1-e02e3]:Read():wave-reader.cc:304) Expected 104832 bytes of wave data, but read only 103680 bytes. Truncated file?
VLOG[2] (compute-mfcc-feats[5.5.1182~1-e02e3]:main():compute-mfcc-feats.cc:182) Processed features for key common_voice_lt_25236448
WARNING (compute-mfcc-feats[5.5.1182~1-e02e3]:Read():wave-reader.cc:304) Expected 130176 bytes of wave data, but read only 129024 bytes. Truncated file?
VLOG[2] (compute-mfcc-feats[5.5.1182~1-e02e3]:main():compute-mfcc-feats.cc:182) Processed features for key common_voice_lt_25236449
WARNING (compute-mfcc-feats[5.5.1182~1-e02e3]:Read():wave-reader.cc:304) Expected 139392 bytes of wave data, but read only 138240 bytes. Truncated file?
VLOG[2] (compute-mfcc-feats[5.5.1182~1-e02e3]:main():compute-mfcc-feats.cc:182) Processed features for key common_voice_lt_25236450
WARNING (compute-mfcc-feats[5.5.1182~1-e02e3]:Read():wave-reader.cc:304) Expected 160128 bytes of wave data, but read only 158976 bytes. Truncated file?
VLOG[2] (compute-mfcc-feats[5.5.1182~1-e02e3]:main():compute-mfcc-feats.cc:182) Processed features for key common_voice_lt_25236451
WARNING (compute-mfcc-feats[5.5.1182~1-e02e3]:Read():wave-reader.cc:304) Expected 147456 bytes of wave data, but read only 146304 bytes. Truncated file?
VLOG[2] (compute-mfcc-feats[5.5.1182~1-e02e3]:main():compute-mfcc-feats.cc:182) Processed features for key common_voice_lt_25236452
WARNING (compute-mfcc-feats[5.5.1182~1-e02e3]:Read():wave-reader.cc:304) Expected 171648 bytes of wave data, but read only 170496 bytes. Truncated file?
LOG (compute-mfcc-feats[5.5.1182~1-e02e3]:main():compute-mfcc-feats.cc:181) Processed 1360 utterances
VLOG[2] (compute-mfcc-feats[5.5.1182~1-e02e3]:main():compute-mfcc-feats.cc:182) Processed features for key common_voice_lt_25236461
WARNING (compute-mfcc-feats[5.5.1182~1-e02e3]:Read():wave-reader.cc:304) Expected 101376 bytes of wave data, but read only 100224 bytes. Truncated file?
VLOG[2] (compute-mfcc-feats[5.5.1182~1-e02e3]:main():compute-mfcc-feats.cc:182) Processed features for key common_voice_lt_25236462
WARNING (compute-mfcc-feats[5.5.1182~1-e02e3]:Read():wave-reader.cc:304) Expected 124416 bytes of wave data, but read only 123264 bytes. Truncated file?
VLOG[2] (compute-mfcc-feats[5.5.1182~1-e02e3]:main():compute-mfcc-feats.cc:182) Processed features for key common_voice_lt_25236464
WARNING (compute-mfcc-feats[5.5.1182~1-e02e3]:Read():wave-reader.cc:304) Expected 173952 bytes of wave data, but read only 172800 bytes. Truncated file?
VLOG[2] (compute-mfcc-feats[5.5.1182~1-e02e3]:main():compute-mfcc-feats.cc:182) Processed features for key common_voice_lt_25236466
WARNING (compute-mfcc-feats[5.5.1182~1-e02e3]:Read():wave-reader.cc:304) Expected 144000 bytes of wave data, but read only 142848 bytes. Truncated file?
VLOG[2] (compute-mfcc-feats[5.5.1182~1-e02e3]:main():compute-mfcc-feats.cc:182) Processed features for key common_voice_lt_25236467
WARNING (compute-mfcc-feats[5.5.1182~1-e02e3]:Read():wave-reader.cc:304) Expected 134784 bytes of wave data, but read only 133632 bytes. Truncated file?
VLOG[2] (compute-mfcc-feats[5.5.1182~1-e02e3]:main():compute-mfcc-feats.cc:182) Processed features for key common_voice_lt_25236470
WARNING (compute-mfcc-feats[5.5.1182~1-e02e3]:Read():wave-reader.cc:304) Expected 137088 bytes of wave data, but read only 135936 bytes. Truncated file?
VLOG[2] (compute-mfcc-feats[5.5.1182~1-e02e3]:main():compute-mfcc-feats.cc:182) Processed features for key common_voice_lt_25236471
WARNING (compute-mfcc-feats[5.5.1182~1-e02e3]:Read():wave-reader.cc:304) Expected 110592 bytes of wave data, but read only 109440 bytes. Truncated file?
VLOG[2] (compute-mfcc-feats[5.5.1182~1-e02e3]:main():compute-mfcc-feats.cc:182) Processed features for key common_voice_lt_25236472
WARNING (compute-mfcc-feats[5.5.1182~1-e02e3]:Read():wave-reader.cc:304) Expected 119808 bytes of wave data, but read only 118656 bytes. Truncated file?
VLOG[2] (compute-mfcc-feats[5.5.1182~1-e02e3]:main():compute-mfcc-feats.cc:182) Processed features for key common_voice_lt_25236481
WARNING (compute-mfcc-feats[5.5.1182~1-e02e3]:Read():wave-reader.cc:304) Expected 223488 bytes of wave data, but read only 222336 bytes. Truncated file?
VLOG[2] (compute-mfcc-feats[5.5.1182~1-e02e3]:main():compute-mfcc-feats.cc:182) Processed features for key common_voice_lt_25236482
WARNING (compute-mfcc-feats[5.5.1182~1-e02e3]:Read():wave-reader.cc:304) Expected 97920 bytes of wave data, but read only 96768 bytes. Truncated file?
LOG (compute-mfcc-feats[5.5.1182~1-e02e3]:main():compute-mfcc-feats.cc:181) Processed 1370 utterances
VLOG[2] (compute-mfcc-feats[5.5.1182~1-e02e3]:main():compute-mfcc-feats.cc:182) Processed features for key common_voice_lt_25236483
WARNING (compute-mfcc-feats[5.5.1182~1-e02e3]:Read():wave-reader.cc:304) Expected 141696 bytes of wave data, but read only 140544 bytes. Truncated file?
VLOG[2] (compute-mfcc-feats[5.5.1182~1-e02e3]:main():compute-mfcc-feats.cc:182) Processed features for key common_voice_lt_25236484
WARNING (compute-mfcc-feats[5.5.1182~1-e02e3]:Read():wave-reader.cc:304) Expected 154368 bytes of wave data, but read only 153216 bytes. Truncated file?
VLOG[2] (compute-mfcc-feats[5.5.1182~1-e02e3]:main():compute-mfcc-feats.cc:182) Processed features for key common_voice_lt_25236485
WARNING (compute-mfcc-feats[5.5.1182~1-e02e3]:Read():wave-reader.cc:304) Expected 167040 bytes of wave data, but read only 165888 bytes. Truncated file?
VLOG[2] (compute-mfcc-feats[5.5.1182~1-e02e3]:main():compute-mfcc-feats.cc:182) Processed features for key common_voice_lt_25236489
WARNING (compute-mfcc-feats[5.5.1182~1-e02e3]:Read():wave-reader.cc:304) Expected 155520 bytes of wave data, but read only 154368 bytes. Truncated file?
VLOG[2] (compute-mfcc-feats[5.5.1182~1-e02e3]:main():compute-mfcc-feats.cc:182) Processed features for key common_voice_lt_25236492
WARNING (compute-mfcc-feats[5.5.1182~1-e02e3]:Read():wave-reader.cc:304) Expected 124416 bytes of wave data, but read only 123264 bytes. Truncated file?
VLOG[2] (compute-mfcc-feats[5.5.1182~1-e02e3]:main():compute-mfcc-feats.cc:182) Processed features for key common_voice_lt_25236493
WARNING (compute-mfcc-feats[5.5.1182~1-e02e3]:Read():wave-reader.cc:304) Expected 138240 bytes of wave data, but read only 137088 bytes. Truncated file?
VLOG[2] (compute-mfcc-feats[5.5.1182~1-e02e3]:main():compute-mfcc-feats.cc:182) Processed features for key common_voice_lt_25236495
WARNING (compute-mfcc-feats[5.5.1182~1-e02e3]:Read():wave-reader.cc:304) Expected 182016 bytes of wave data, but read only 180864 bytes. Truncated file?
VLOG[2] (compute-mfcc-feats[5.5.1182~1-e02e3]:main():compute-mfcc-feats.cc:182) Processed features for key common_voice_lt_25236496
WARNING (compute-mfcc-feats[5.5.1182~1-e02e3]:Read():wave-reader.cc:304) Expected 194688 bytes of wave data, but read only 193536 bytes. Truncated file?
VLOG[2] (compute-mfcc-feats[5.5.1182~1-e02e3]:main():compute-mfcc-feats.cc:182) Processed features for key common_voice_lt_25236497
WARNING (compute-mfcc-feats[5.5.1182~1-e02e3]:Read():wave-reader.cc:304) Expected 116352 bytes of wave data, but read only 115200 bytes. Truncated file?
VLOG[2] (compute-mfcc-feats[5.5.1182~1-e02e3]:main():compute-mfcc-feats.cc:182) Processed features for key common_voice_lt_25236498
WARNING (compute-mfcc-feats[5.5.1182~1-e02e3]:Read():wave-reader.cc:304) Expected 133632 bytes of wave data, but read only 132480 bytes. Truncated file?
LOG (compute-mfcc-feats[5.5.1182~1-e02e3]:main():compute-mfcc-feats.cc:181) Processed 1380 utterances
VLOG[2] (compute-mfcc-feats[5.5.1182~1-e02e3]:main():compute-mfcc-feats.cc:182) Processed features for key common_voice_lt_25236499
WARNING (compute-mfcc-feats[5.5.1182~1-e02e3]:Read():wave-reader.cc:304) Expected 109440 bytes of wave data, but read only 108288 bytes. Truncated file?
VLOG[2] (compute-mfcc-feats[5.5.1182~1-e02e3]:main():compute-mfcc-feats.cc:182) Processed features for key common_voice_lt_25236501
WARNING (compute-mfcc-feats[5.5.1182~1-e02e3]:Read():wave-reader.cc:304) Expected 175104 bytes of wave data, but read only 173952 bytes. Truncated file?
VLOG[2] (compute-mfcc-feats[5.5.1182~1-e02e3]:main():compute-mfcc-feats.cc:182) Processed features for key common_voice_lt_25236502
WARNING (compute-mfcc-feats[5.5.1182~1-e02e3]:Read():wave-reader.cc:304) Expected 86400 bytes of wave data, but read only 85248 bytes. Truncated file?
VLOG[2] (compute-mfcc-feats[5.5.1182~1-e02e3]:main():compute-mfcc-feats.cc:182) Processed features for key common_voice_lt_25236503
WARNING (compute-mfcc-feats[5.5.1182~1-e02e3]:Read():wave-reader.cc:304) Expected 97920 bytes of wave data, but read only 96768 bytes. Truncated file?
VLOG[2] (compute-mfcc-feats[5.5.1182~1-e02e3]:main():compute-mfcc-feats.cc:182) Processed features for key common_voice_lt_25236504
WARNING (compute-mfcc-feats[5.5.1182~1-e02e3]:Read():wave-reader.cc:304) Expected 92160 bytes of wave data, but read only 91008 bytes. Truncated file?
VLOG[2] (compute-mfcc-feats[5.5.1182~1-e02e3]:main():compute-mfcc-feats.cc:182) Processed features for key common_voice_lt_25236505
WARNING (compute-mfcc-feats[5.5.1182~1-e02e3]:Read():wave-reader.cc:304) Expected 161280 bytes of wave data, but read only 160128 bytes. Truncated file?
VLOG[2] (compute-mfcc-feats[5.5.1182~1-e02e3]:main():compute-mfcc-feats.cc:182) Processed features for key common_voice_lt_25236507
WARNING (compute-mfcc-feats[5.5.1182~1-e02e3]:Read():wave-reader.cc:304) Expected 125568 bytes of wave data, but read only 124416 bytes. Truncated file?
VLOG[2] (compute-mfcc-feats[5.5.1182~1-e02e3]:main():compute-mfcc-feats.cc:182) Processed features for key common_voice_lt_25236508
WARNING (compute-mfcc-feats[5.5.1182~1-e02e3]:Read():wave-reader.cc:304) Expected 153216 bytes of wave data, but read only 152064 bytes. Truncated file?
VLOG[2] (compute-mfcc-feats[5.5.1182~1-e02e3]:main():compute-mfcc-feats.cc:182) Processed features for key common_voice_lt_25236509
WARNING (compute-mfcc-feats[5.5.1182~1-e02e3]:Read():wave-reader.cc:304) Expected 164736 bytes of wave data, but read only 163584 bytes. Truncated file?
VLOG[2] (compute-mfcc-feats[5.5.1182~1-e02e3]:main():compute-mfcc-feats.cc:182) Processed features for key common_voice_lt_25236510
WARNING (compute-mfcc-feats[5.5.1182~1-e02e3]:Read():wave-reader.cc:304) Expected 158976 bytes of wave data, but read only 157824 bytes. Truncated file?
LOG (compute-mfcc-feats[5.5.1182~1-e02e3]:main():compute-mfcc-feats.cc:181) Processed 1390 utterances
VLOG[2] (compute-mfcc-feats[5.5.1182~1-e02e3]:main():compute-mfcc-feats.cc:182) Processed features for key common_voice_lt_25236513
WARNING (compute-mfcc-feats[5.5.1182~1-e02e3]:Read():wave-reader.cc:304) Expected 118656 bytes of wave data, but read only 117504 bytes. Truncated file?
VLOG[2] (compute-mfcc-feats[5.5.1182~1-e02e3]:main():compute-mfcc-feats.cc:182) Processed features for key common_voice_lt_25236514
WARNING (compute-mfcc-feats[5.5.1182~1-e02e3]:Read():wave-reader.cc:304) Expected 89856 bytes of wave data, but read only 88704 bytes. Truncated file?
VLOG[2] (compute-mfcc-feats[5.5.1182~1-e02e3]:main():compute-mfcc-feats.cc:182) Processed features for key common_voice_lt_25236516
WARNING (compute-mfcc-feats[5.5.1182~1-e02e3]:Read():wave-reader.cc:304) Expected 156672 bytes of wave data, but read only 155520 bytes. Truncated file?
VLOG[2] (compute-mfcc-feats[5.5.1182~1-e02e3]:main():compute-mfcc-feats.cc:182) Processed features for key common_voice_lt_25236518
WARNING (compute-mfcc-feats[5.5.1182~1-e02e3]:Read():wave-reader.cc:304) Expected 135936 bytes of wave data, but read only 134784 bytes. Truncated file?
VLOG[2] (compute-mfcc-feats[5.5.1182~1-e02e3]:main():compute-mfcc-feats.cc:182) Processed features for key common_voice_lt_25236519
WARNING (compute-mfcc-feats[5.5.1182~1-e02e3]:Read():wave-reader.cc:304) Expected 178560 bytes of wave data, but read only 177408 bytes. Truncated file?
VLOG[2] (compute-mfcc-feats[5.5.1182~1-e02e3]:main():compute-mfcc-feats.cc:182) Processed features for key common_voice_lt_25236520
WARNING (compute-mfcc-feats[5.5.1182~1-e02e3]:Read():wave-reader.cc:304) Expected 193536 bytes of wave data, but read only 192384 bytes. Truncated file?
VLOG[2] (compute-mfcc-feats[5.5.1182~1-e02e3]:main():compute-mfcc-feats.cc:182) Processed features for key common_voice_lt_25236521
WARNING (compute-mfcc-feats[5.5.1182~1-e02e3]:Read():wave-reader.cc:304) Expected 167040 bytes of wave data, but read only 165888 bytes. Truncated file?
VLOG[2] (compute-mfcc-feats[5.5.1182~1-e02e3]:main():compute-mfcc-feats.cc:182) Processed features for key common_voice_lt_25236522
WARNING (compute-mfcc-feats[5.5.1182~1-e02e3]:Read():wave-reader.cc:304) Expected 156672 bytes of wave data, but read only 155520 bytes. Truncated file?
VLOG[2] (compute-mfcc-feats[5.5.1182~1-e02e3]:main():compute-mfcc-feats.cc:182) Processed features for key common_voice_lt_25236523
WARNING (compute-mfcc-feats[5.5.1182~1-e02e3]:Read():wave-reader.cc:304) Expected 150912 bytes of wave data, but read only 149760 bytes. Truncated file?
VLOG[2] (compute-mfcc-feats[5.5.1182~1-e02e3]:main():compute-mfcc-feats.cc:182) Processed features for key common_voice_lt_25236524
WARNING (compute-mfcc-feats[5.5.1182~1-e02e3]:Read():wave-reader.cc:304) Expected 135936 bytes of wave data, but read only 134784 bytes. Truncated file?
LOG (compute-mfcc-feats[5.5.1182~1-e02e3]:main():compute-mfcc-feats.cc:181) Processed 1400 utterances
VLOG[2] (compute-mfcc-feats[5.5.1182~1-e02e3]:main():compute-mfcc-feats.cc:182) Processed features for key common_voice_lt_25236525
WARNING (compute-mfcc-feats[5.5.1182~1-e02e3]:Read():wave-reader.cc:304) Expected 172800 bytes of wave data, but read only 171648 bytes. Truncated file?
VLOG[2] (compute-mfcc-feats[5.5.1182~1-e02e3]:main():compute-mfcc-feats.cc:182) Processed features for key common_voice_lt_25236526
WARNING (compute-mfcc-feats[5.5.1182~1-e02e3]:Read():wave-reader.cc:304) Expected 138240 bytes of wave data, but read only 137088 bytes. Truncated file?
VLOG[2] (compute-mfcc-feats[5.5.1182~1-e02e3]:main():compute-mfcc-feats.cc:182) Processed features for key common_voice_lt_25236527
WARNING (compute-mfcc-feats[5.5.1182~1-e02e3]:Read():wave-reader.cc:304) Expected 100224 bytes of wave data, but read only 99072 bytes. Truncated file?
VLOG[2] (compute-mfcc-feats[5.5.1182~1-e02e3]:main():compute-mfcc-feats.cc:182) Processed features for key common_voice_lt_25236528
WARNING (compute-mfcc-feats[5.5.1182~1-e02e3]:Read():wave-reader.cc:304) Expected 200448 bytes of wave data, but read only 199296 bytes. Truncated file?
VLOG[2] (compute-mfcc-feats[5.5.1182~1-e02e3]:main():compute-mfcc-feats.cc:182) Processed features for key common_voice_lt_25236529
WARNING (compute-mfcc-feats[5.5.1182~1-e02e3]:Read():wave-reader.cc:304) Expected 153216 bytes of wave data, but read only 152064 bytes. Truncated file?
VLOG[2] (compute-mfcc-feats[5.5.1182~1-e02e3]:main():compute-mfcc-feats.cc:182) Processed features for key common_voice_lt_25236530
WARNING (compute-mfcc-feats[5.5.1182~1-e02e3]:Read():wave-reader.cc:304) Expected 122112 bytes of wave data, but read only 120960 bytes. Truncated file?
VLOG[2] (compute-mfcc-feats[5.5.1182~1-e02e3]:main():compute-mfcc-feats.cc:182) Processed features for key common_voice_lt_25236531
WARNING (compute-mfcc-feats[5.5.1182~1-e02e3]:Read():wave-reader.cc:304) Expected 87552 bytes of wave data, but read only 86400 bytes. Truncated file?
VLOG[2] (compute-mfcc-feats[5.5.1182~1-e02e3]:main():compute-mfcc-feats.cc:182) Processed features for key common_voice_lt_25236533
WARNING (compute-mfcc-feats[5.5.1182~1-e02e3]:Read():wave-reader.cc:304) Expected 96768 bytes of wave data, but read only 95616 bytes. Truncated file?
VLOG[2] (compute-mfcc-feats[5.5.1182~1-e02e3]:main():compute-mfcc-feats.cc:182) Processed features for key common_voice_lt_25236534
WARNING (compute-mfcc-feats[5.5.1182~1-e02e3]:Read():wave-reader.cc:304) Expected 147456 bytes of wave data, but read only 146304 bytes. Truncated file?
VLOG[2] (compute-mfcc-feats[5.5.1182~1-e02e3]:main():compute-mfcc-feats.cc:182) Processed features for key common_voice_lt_25236535
WARNING (compute-mfcc-feats[5.5.1182~1-e02e3]:Read():wave-reader.cc:304) Expected 133632 bytes of wave data, but read only 132480 bytes. Truncated file?
LOG (compute-mfcc-feats[5.5.1182~1-e02e3]:main():compute-mfcc-feats.cc:181) Processed 1410 utterances
VLOG[2] (compute-mfcc-feats[5.5.1182~1-e02e3]:main():compute-mfcc-feats.cc:182) Processed features for key common_voice_lt_25236536
WARNING (compute-mfcc-feats[5.5.1182~1-e02e3]:Read():wave-reader.cc:304) Expected 160128 bytes of wave data, but read only 158976 bytes. Truncated file?
VLOG[2] (compute-mfcc-feats[5.5.1182~1-e02e3]:main():compute-mfcc-feats.cc:182) Processed features for key common_voice_lt_25236537
WARNING (compute-mfcc-feats[5.5.1182~1-e02e3]:Read():wave-reader.cc:304) Expected 94464 bytes of wave data, but read only 93312 bytes. Truncated file?
VLOG[2] (compute-mfcc-feats[5.5.1182~1-e02e3]:main():compute-mfcc-feats.cc:182) Processed features for key common_voice_lt_25236538
WARNING (compute-mfcc-feats[5.5.1182~1-e02e3]:Read():wave-reader.cc:304) Expected 108288 bytes of wave data, but read only 107136 bytes. Truncated file?
VLOG[2] (compute-mfcc-feats[5.5.1182~1-e02e3]:main():compute-mfcc-feats.cc:182) Processed features for key common_voice_lt_25236539
WARNING (compute-mfcc-feats[5.5.1182~1-e02e3]:Read():wave-reader.cc:304) Expected 137088 bytes of wave data, but read only 135936 bytes. Truncated file?
VLOG[2] (compute-mfcc-feats[5.5.1182~1-e02e3]:main():compute-mfcc-feats.cc:182) Processed features for key common_voice_lt_25236540
WARNING (compute-mfcc-feats[5.5.1182~1-e02e3]:Read():wave-reader.cc:304) Expected 101376 bytes of wave data, but read only 100224 bytes. Truncated file?
VLOG[2] (compute-mfcc-feats[5.5.1182~1-e02e3]:main():compute-mfcc-feats.cc:182) Processed features for key common_voice_lt_25236541
WARNING (compute-mfcc-feats[5.5.1182~1-e02e3]:Read():wave-reader.cc:304) Expected 126720 bytes of wave data, but read only 125568 bytes. Truncated file?
VLOG[2] (compute-mfcc-feats[5.5.1182~1-e02e3]:main():compute-mfcc-feats.cc:182) Processed features for key common_voice_lt_25236542
WARNING (compute-mfcc-feats[5.5.1182~1-e02e3]:Read():wave-reader.cc:304) Expected 123264 bytes of wave data, but read only 122112 bytes. Truncated file?
VLOG[2] (compute-mfcc-feats[5.5.1182~1-e02e3]:main():compute-mfcc-feats.cc:182) Processed features for key common_voice_lt_25236543
WARNING (compute-mfcc-feats[5.5.1182~1-e02e3]:Read():wave-reader.cc:304) Expected 185472 bytes of wave data, but read only 184320 bytes. Truncated file?
VLOG[2] (compute-mfcc-feats[5.5.1182~1-e02e3]:main():compute-mfcc-feats.cc:182) Processed features for key common_voice_lt_25236544
WARNING (compute-mfcc-feats[5.5.1182~1-e02e3]:Read():wave-reader.cc:304) Expected 203904 bytes of wave data, but read only 202752 bytes. Truncated file?
VLOG[2] (compute-mfcc-feats[5.5.1182~1-e02e3]:main():compute-mfcc-feats.cc:182) Processed features for key common_voice_lt_25236546
WARNING (compute-mfcc-feats[5.5.1182~1-e02e3]:Read():wave-reader.cc:304) Expected 172800 bytes of wave data, but read only 171648 bytes. Truncated file?
LOG (compute-mfcc-feats[5.5.1182~1-e02e3]:main():compute-mfcc-feats.cc:181) Processed 1420 utterances
VLOG[2] (compute-mfcc-feats[5.5.1182~1-e02e3]:main():compute-mfcc-feats.cc:182) Processed features for key common_voice_lt_25236547
WARNING (compute-mfcc-feats[5.5.1182~1-e02e3]:Read():wave-reader.cc:304) Expected 124416 bytes of wave data, but read only 123264 bytes. Truncated file?
VLOG[2] (compute-mfcc-feats[5.5.1182~1-e02e3]:main():compute-mfcc-feats.cc:182) Processed features for key common_voice_lt_25236548
WARNING (compute-mfcc-feats[5.5.1182~1-e02e3]:Read():wave-reader.cc:304) Expected 117504 bytes of wave data, but read only 116352 bytes. Truncated file?
VLOG[2] (compute-mfcc-feats[5.5.1182~1-e02e3]:main():compute-mfcc-feats.cc:182) Processed features for key common_voice_lt_25236549
WARNING (compute-mfcc-feats[5.5.1182~1-e02e3]:Read():wave-reader.cc:304) Expected 116352 bytes of wave data, but read only 115200 bytes. Truncated file?
VLOG[2] (compute-mfcc-feats[5.5.1182~1-e02e3]:main():compute-mfcc-feats.cc:182) Processed features for key common_voice_lt_25236550
WARNING (compute-mfcc-feats[5.5.1182~1-e02e3]:Read():wave-reader.cc:304) Expected 77184 bytes of wave data, but read only 76032 bytes. Truncated file?
VLOG[2] (compute-mfcc-feats[5.5.1182~1-e02e3]:main():compute-mfcc-feats.cc:182) Processed features for key common_voice_lt_25236551
WARNING (compute-mfcc-feats[5.5.1182~1-e02e3]:Read():wave-reader.cc:304) Expected 81792 bytes of wave data, but read only 80640 bytes. Truncated file?
VLOG[2] (compute-mfcc-feats[5.5.1182~1-e02e3]:main():compute-mfcc-feats.cc:182) Processed features for key common_voice_lt_25236552
WARNING (compute-mfcc-feats[5.5.1182~1-e02e3]:Read():wave-reader.cc:304) Expected 206208 bytes of wave data, but read only 205056 bytes. Truncated file?
VLOG[2] (compute-mfcc-feats[5.5.1182~1-e02e3]:main():compute-mfcc-feats.cc:182) Processed features for key common_voice_lt_25236553
WARNING (compute-mfcc-feats[5.5.1182~1-e02e3]:Read():wave-reader.cc:304) Expected 88704 bytes of wave data, but read only 87552 bytes. Truncated file?
VLOG[2] (compute-mfcc-feats[5.5.1182~1-e02e3]:main():compute-mfcc-feats.cc:182) Processed features for key common_voice_lt_25236555
WARNING (compute-mfcc-feats[5.5.1182~1-e02e3]:Read():wave-reader.cc:304) Expected 206208 bytes of wave data, but read only 205056 bytes. Truncated file?
VLOG[2] (compute-mfcc-feats[5.5.1182~1-e02e3]:main():compute-mfcc-feats.cc:182) Processed features for key common_voice_lt_25236556
WARNING (compute-mfcc-feats[5.5.1182~1-e02e3]:Read():wave-reader.cc:304) Expected 206208 bytes of wave data, but read only 205056 bytes. Truncated file?
VLOG[2] (compute-mfcc-feats[5.5.1182~1-e02e3]:main():compute-mfcc-feats.cc:182) Processed features for key common_voice_lt_25236921
WARNING (compute-mfcc-feats[5.5.1182~1-e02e3]:Read():wave-reader.cc:304) Expected 138240 bytes of wave data, but read only 137088 bytes. Truncated file?
LOG (compute-mfcc-feats[5.5.1182~1-e02e3]:main():compute-mfcc-feats.cc:181) Processed 1430 utterances
VLOG[2] (compute-mfcc-feats[5.5.1182~1-e02e3]:main():compute-mfcc-feats.cc:182) Processed features for key common_voice_lt_25236922
WARNING (compute-mfcc-feats[5.5.1182~1-e02e3]:Read():wave-reader.cc:304) Expected 100224 bytes of wave data, but read only 99072 bytes. Truncated file?
VLOG[2] (compute-mfcc-feats[5.5.1182~1-e02e3]:main():compute-mfcc-feats.cc:182) Processed features for key common_voice_lt_25236923
WARNING (compute-mfcc-feats[5.5.1182~1-e02e3]:Read():wave-reader.cc:304) Expected 148608 bytes of wave data, but read only 147456 bytes. Truncated file?
VLOG[2] (compute-mfcc-feats[5.5.1182~1-e02e3]:main():compute-mfcc-feats.cc:182) Processed features for key common_voice_lt_25236924
WARNING (compute-mfcc-feats[5.5.1182~1-e02e3]:Read():wave-reader.cc:304) Expected 110592 bytes of wave data, but read only 109440 bytes. Truncated file?
VLOG[2] (compute-mfcc-feats[5.5.1182~1-e02e3]:main():compute-mfcc-feats.cc:182) Processed features for key common_voice_lt_25236925
WARNING (compute-mfcc-feats[5.5.1182~1-e02e3]:Read():wave-reader.cc:304) Expected 105984 bytes of wave data, but read only 104832 bytes. Truncated file?
VLOG[2] (compute-mfcc-feats[5.5.1182~1-e02e3]:main():compute-mfcc-feats.cc:182) Processed features for key common_voice_lt_25236931
WARNING (compute-mfcc-feats[5.5.1182~1-e02e3]:Read():wave-reader.cc:304) Expected 125568 bytes of wave data, but read only 124416 bytes. Truncated file?
VLOG[2] (compute-mfcc-feats[5.5.1182~1-e02e3]:main():compute-mfcc-feats.cc:182) Processed features for key common_voice_lt_25236932
WARNING (compute-mfcc-feats[5.5.1182~1-e02e3]:Read():wave-reader.cc:304) Expected 158976 bytes of wave data, but read only 157824 bytes. Truncated file?
VLOG[2] (compute-mfcc-feats[5.5.1182~1-e02e3]:main():compute-mfcc-feats.cc:182) Processed features for key common_voice_lt_25236933
WARNING (compute-mfcc-feats[5.5.1182~1-e02e3]:Read():wave-reader.cc:304) Expected 99072 bytes of wave data, but read only 97920 bytes. Truncated file?
VLOG[2] (compute-mfcc-feats[5.5.1182~1-e02e3]:main():compute-mfcc-feats.cc:182) Processed features for key common_voice_lt_25236934
WARNING (compute-mfcc-feats[5.5.1182~1-e02e3]:Read():wave-reader.cc:304) Expected 125568 bytes of wave data, but read only 124416 bytes. Truncated file?
VLOG[2] (compute-mfcc-feats[5.5.1182~1-e02e3]:main():compute-mfcc-feats.cc:182) Processed features for key common_voice_lt_25236935
WARNING (compute-mfcc-feats[5.5.1182~1-e02e3]:Read():wave-reader.cc:304) Expected 172800 bytes of wave data, but read only 171648 bytes. Truncated file?
VLOG[2] (compute-mfcc-feats[5.5.1182~1-e02e3]:main():compute-mfcc-feats.cc:182) Processed features for key common_voice_lt_25236941
WARNING (compute-mfcc-feats[5.5.1182~1-e02e3]:Read():wave-reader.cc:304) Expected 141696 bytes of wave data, but read only 140544 bytes. Truncated file?
LOG (compute-mfcc-feats[5.5.1182~1-e02e3]:main():compute-mfcc-feats.cc:181) Processed 1440 utterances
VLOG[2] (compute-mfcc-feats[5.5.1182~1-e02e3]:main():compute-mfcc-feats.cc:182) Processed features for key common_voice_lt_25236942
WARNING (compute-mfcc-feats[5.5.1182~1-e02e3]:Read():wave-reader.cc:304) Expected 76032 bytes of wave data, but read only 74880 bytes. Truncated file?
VLOG[2] (compute-mfcc-feats[5.5.1182~1-e02e3]:main():compute-mfcc-feats.cc:182) Processed features for key common_voice_lt_25236943
WARNING (compute-mfcc-feats[5.5.1182~1-e02e3]:Read():wave-reader.cc:304) Expected 99072 bytes of wave data, but read only 97920 bytes. Truncated file?
VLOG[2] (compute-mfcc-feats[5.5.1182~1-e02e3]:main():compute-mfcc-feats.cc:182) Processed features for key common_voice_lt_25236944
WARNING (compute-mfcc-feats[5.5.1182~1-e02e3]:Read():wave-reader.cc:304) Expected 217728 bytes of wave data, but read only 216576 bytes. Truncated file?
VLOG[2] (compute-mfcc-feats[5.5.1182~1-e02e3]:main():compute-mfcc-feats.cc:182) Processed features for key common_voice_lt_25236945
WARNING (compute-mfcc-feats[5.5.1182~1-e02e3]:Read():wave-reader.cc:304) Expected 232704 bytes of wave data, but read only 231552 bytes. Truncated file?
VLOG[2] (compute-mfcc-feats[5.5.1182~1-e02e3]:main():compute-mfcc-feats.cc:182) Processed features for key common_voice_lt_25236951
WARNING (compute-mfcc-feats[5.5.1182~1-e02e3]:Read():wave-reader.cc:304) Expected 101376 bytes of wave data, but read only 100224 bytes. Truncated file?
VLOG[2] (compute-mfcc-feats[5.5.1182~1-e02e3]:main():compute-mfcc-feats.cc:182) Processed features for key common_voice_lt_25236952
WARNING (compute-mfcc-feats[5.5.1182~1-e02e3]:Read():wave-reader.cc:304) Expected 148608 bytes of wave data, but read only 147456 bytes. Truncated file?
VLOG[2] (compute-mfcc-feats[5.5.1182~1-e02e3]:main():compute-mfcc-feats.cc:182) Processed features for key common_voice_lt_25236953
WARNING (compute-mfcc-feats[5.5.1182~1-e02e3]:Read():wave-reader.cc:304) Expected 119808 bytes of wave data, but read only 118656 bytes. Truncated file?
VLOG[2] (compute-mfcc-feats[5.5.1182~1-e02e3]:main():compute-mfcc-feats.cc:182) Processed features for key common_voice_lt_25236955
WARNING (compute-mfcc-feats[5.5.1182~1-e02e3]:Read():wave-reader.cc:304) Expected 199296 bytes of wave data, but read only 198144 bytes. Truncated file?
VLOG[2] (compute-mfcc-feats[5.5.1182~1-e02e3]:main():compute-mfcc-feats.cc:182) Processed features for key common_voice_lt_25236963
WARNING (compute-mfcc-feats[5.5.1182~1-e02e3]:Read():wave-reader.cc:304) Expected 122112 bytes of wave data, but read only 120960 bytes. Truncated file?
VLOG[2] (compute-mfcc-feats[5.5.1182~1-e02e3]:main():compute-mfcc-feats.cc:182) Processed features for key common_voice_lt_25236964
WARNING (compute-mfcc-feats[5.5.1182~1-e02e3]:Read():wave-reader.cc:304) Expected 91008 bytes of wave data, but read only 89856 bytes. Truncated file?
LOG (compute-mfcc-feats[5.5.1182~1-e02e3]:main():compute-mfcc-feats.cc:181) Processed 1450 utterances
VLOG[2] (compute-mfcc-feats[5.5.1182~1-e02e3]:main():compute-mfcc-feats.cc:182) Processed features for key common_voice_lt_25236970
WARNING (compute-mfcc-feats[5.5.1182~1-e02e3]:Read():wave-reader.cc:304) Expected 94464 bytes of wave data, but read only 93312 bytes. Truncated file?
VLOG[2] (compute-mfcc-feats[5.5.1182~1-e02e3]:main():compute-mfcc-feats.cc:182) Processed features for key common_voice_lt_25236971
WARNING (compute-mfcc-feats[5.5.1182~1-e02e3]:Read():wave-reader.cc:304) Expected 80640 bytes of wave data, but read only 79488 bytes. Truncated file?
VLOG[2] (compute-mfcc-feats[5.5.1182~1-e02e3]:main():compute-mfcc-feats.cc:182) Processed features for key common_voice_lt_25236972
WARNING (compute-mfcc-feats[5.5.1182~1-e02e3]:Read():wave-reader.cc:304) Expected 131328 bytes of wave data, but read only 130176 bytes. Truncated file?
VLOG[2] (compute-mfcc-feats[5.5.1182~1-e02e3]:main():compute-mfcc-feats.cc:182) Processed features for key common_voice_lt_25236974
WARNING (compute-mfcc-feats[5.5.1182~1-e02e3]:Read():wave-reader.cc:304) Expected 222336 bytes of wave data, but read only 221184 bytes. Truncated file?
VLOG[2] (compute-mfcc-feats[5.5.1182~1-e02e3]:main():compute-mfcc-feats.cc:182) Processed features for key common_voice_lt_25236980
WARNING (compute-mfcc-feats[5.5.1182~1-e02e3]:Read():wave-reader.cc:304) Expected 130176 bytes of wave data, but read only 129024 bytes. Truncated file?
VLOG[2] (compute-mfcc-feats[5.5.1182~1-e02e3]:main():compute-mfcc-feats.cc:182) Processed features for key common_voice_lt_25236981
WARNING (compute-mfcc-feats[5.5.1182~1-e02e3]:Read():wave-reader.cc:304) Expected 152064 bytes of wave data, but read only 150912 bytes. Truncated file?
VLOG[2] (compute-mfcc-feats[5.5.1182~1-e02e3]:main():compute-mfcc-feats.cc:182) Processed features for key common_voice_lt_25236982
WARNING (compute-mfcc-feats[5.5.1182~1-e02e3]:Read():wave-reader.cc:304) Expected 85248 bytes of wave data, but read only 84096 bytes. Truncated file?
VLOG[2] (compute-mfcc-feats[5.5.1182~1-e02e3]:main():compute-mfcc-feats.cc:182) Processed features for key common_voice_lt_25236983
WARNING (compute-mfcc-feats[5.5.1182~1-e02e3]:Read():wave-reader.cc:304) Expected 81792 bytes of wave data, but read only 80640 bytes. Truncated file?
VLOG[2] (compute-mfcc-feats[5.5.1182~1-e02e3]:main():compute-mfcc-feats.cc:182) Processed features for key common_voice_lt_25236984
WARNING (compute-mfcc-feats[5.5.1182~1-e02e3]:Read():wave-reader.cc:304) Expected 102528 bytes of wave data, but read only 101376 bytes. Truncated file?
VLOG[2] (compute-mfcc-feats[5.5.1182~1-e02e3]:main():compute-mfcc-feats.cc:182) Processed features for key common_voice_lt_25237000
WARNING (compute-mfcc-feats[5.5.1182~1-e02e3]:Read():wave-reader.cc:304) Expected 184320 bytes of wave data, but read only 183168 bytes. Truncated file?
LOG (compute-mfcc-feats[5.5.1182~1-e02e3]:main():compute-mfcc-feats.cc:181) Processed 1460 utterances
VLOG[2] (compute-mfcc-feats[5.5.1182~1-e02e3]:main():compute-mfcc-feats.cc:182) Processed features for key common_voice_lt_25237001
WARNING (compute-mfcc-feats[5.5.1182~1-e02e3]:Read():wave-reader.cc:304) Expected 110592 bytes of wave data, but read only 109440 bytes. Truncated file?
VLOG[2] (compute-mfcc-feats[5.5.1182~1-e02e3]:main():compute-mfcc-feats.cc:182) Processed features for key common_voice_lt_25237003
WARNING (compute-mfcc-feats[5.5.1182~1-e02e3]:Read():wave-reader.cc:304) Expected 170496 bytes of wave data, but read only 169344 bytes. Truncated file?
VLOG[2] (compute-mfcc-feats[5.5.1182~1-e02e3]:main():compute-mfcc-feats.cc:182) Processed features for key common_voice_lt_25237004
WARNING (compute-mfcc-feats[5.5.1182~1-e02e3]:Read():wave-reader.cc:304) Expected 112896 bytes of wave data, but read only 111744 bytes. Truncated file?
VLOG[2] (compute-mfcc-feats[5.5.1182~1-e02e3]:main():compute-mfcc-feats.cc:182) Processed features for key common_voice_lt_25237015
WARNING (compute-mfcc-feats[5.5.1182~1-e02e3]:Read():wave-reader.cc:304) Expected 249984 bytes of wave data, but read only 248832 bytes. Truncated file?
VLOG[2] (compute-mfcc-feats[5.5.1182~1-e02e3]:main():compute-mfcc-feats.cc:182) Processed features for key common_voice_lt_25237016
WARNING (compute-mfcc-feats[5.5.1182~1-e02e3]:Read():wave-reader.cc:304) Expected 117504 bytes of wave data, but read only 116352 bytes. Truncated file?
VLOG[2] (compute-mfcc-feats[5.5.1182~1-e02e3]:main():compute-mfcc-feats.cc:182) Processed features for key common_voice_lt_25237017
WARNING (compute-mfcc-feats[5.5.1182~1-e02e3]:Read():wave-reader.cc:304) Expected 144000 bytes of wave data, but read only 142848 bytes. Truncated file?
VLOG[2] (compute-mfcc-feats[5.5.1182~1-e02e3]:main():compute-mfcc-feats.cc:182) Processed features for key common_voice_lt_25237018
WARNING (compute-mfcc-feats[5.5.1182~1-e02e3]:Read():wave-reader.cc:304) Expected 91008 bytes of wave data, but read only 89856 bytes. Truncated file?
VLOG[2] (compute-mfcc-feats[5.5.1182~1-e02e3]:main():compute-mfcc-feats.cc:182) Processed features for key common_voice_lt_25237019
WARNING (compute-mfcc-feats[5.5.1182~1-e02e3]:Read():wave-reader.cc:304) Expected 102528 bytes of wave data, but read only 101376 bytes. Truncated file?
VLOG[2] (compute-mfcc-feats[5.5.1182~1-e02e3]:main():compute-mfcc-feats.cc:182) Processed features for key common_voice_lt_25237020
WARNING (compute-mfcc-feats[5.5.1182~1-e02e3]:Read():wave-reader.cc:304) Expected 139392 bytes of wave data, but read only 138240 bytes. Truncated file?
VLOG[2] (compute-mfcc-feats[5.5.1182~1-e02e3]:main():compute-mfcc-feats.cc:182) Processed features for key common_voice_lt_25237026
WARNING (compute-mfcc-feats[5.5.1182~1-e02e3]:Read():wave-reader.cc:304) Expected 129024 bytes of wave data, but read only 127872 bytes. Truncated file?
LOG (compute-mfcc-feats[5.5.1182~1-e02e3]:main():compute-mfcc-feats.cc:181) Processed 1470 utterances
VLOG[2] (compute-mfcc-feats[5.5.1182~1-e02e3]:main():compute-mfcc-feats.cc:182) Processed features for key common_voice_lt_25237027
WARNING (compute-mfcc-feats[5.5.1182~1-e02e3]:Read():wave-reader.cc:304) Expected 111744 bytes of wave data, but read only 110592 bytes. Truncated file?
VLOG[2] (compute-mfcc-feats[5.5.1182~1-e02e3]:main():compute-mfcc-feats.cc:182) Processed features for key common_voice_lt_25237028
WARNING (compute-mfcc-feats[5.5.1182~1-e02e3]:Read():wave-reader.cc:304) Expected 127872 bytes of wave data, but read only 126720 bytes. Truncated file?
VLOG[2] (compute-mfcc-feats[5.5.1182~1-e02e3]:main():compute-mfcc-feats.cc:182) Processed features for key common_voice_lt_25237029
WARNING (compute-mfcc-feats[5.5.1182~1-e02e3]:Read():wave-reader.cc:304) Expected 127872 bytes of wave data, but read only 126720 bytes. Truncated file?
VLOG[2] (compute-mfcc-feats[5.5.1182~1-e02e3]:main():compute-mfcc-feats.cc:182) Processed features for key common_voice_lt_25237030
WARNING (compute-mfcc-feats[5.5.1182~1-e02e3]:Read():wave-reader.cc:304) Expected 152064 bytes of wave data, but read only 150912 bytes. Truncated file?
VLOG[2] (compute-mfcc-feats[5.5.1182~1-e02e3]:main():compute-mfcc-feats.cc:182) Processed features for key common_voice_lt_25237041
WARNING (compute-mfcc-feats[5.5.1182~1-e02e3]:Read():wave-reader.cc:304) Expected 145152 bytes of wave data, but read only 144000 bytes. Truncated file?
VLOG[2] (compute-mfcc-feats[5.5.1182~1-e02e3]:main():compute-mfcc-feats.cc:182) Processed features for key common_voice_lt_25237042
WARNING (compute-mfcc-feats[5.5.1182~1-e02e3]:Read():wave-reader.cc:304) Expected 102528 bytes of wave data, but read only 101376 bytes. Truncated file?
VLOG[2] (compute-mfcc-feats[5.5.1182~1-e02e3]:main():compute-mfcc-feats.cc:182) Processed features for key common_voice_lt_25237044
WARNING (compute-mfcc-feats[5.5.1182~1-e02e3]:Read():wave-reader.cc:304) Expected 81792 bytes of wave data, but read only 80640 bytes. Truncated file?
VLOG[2] (compute-mfcc-feats[5.5.1182~1-e02e3]:main():compute-mfcc-feats.cc:182) Processed features for key common_voice_lt_25237045
WARNING (compute-mfcc-feats[5.5.1182~1-e02e3]:Read():wave-reader.cc:304) Expected 131328 bytes of wave data, but read only 130176 bytes. Truncated file?
VLOG[2] (compute-mfcc-feats[5.5.1182~1-e02e3]:main():compute-mfcc-feats.cc:182) Processed features for key common_voice_lt_25237051
WARNING (compute-mfcc-feats[5.5.1182~1-e02e3]:Read():wave-reader.cc:304) Expected 76032 bytes of wave data, but read only 74880 bytes. Truncated file?
VLOG[2] (compute-mfcc-feats[5.5.1182~1-e02e3]:main():compute-mfcc-feats.cc:182) Processed features for key common_voice_lt_25237053
WARNING (compute-mfcc-feats[5.5.1182~1-e02e3]:Read():wave-reader.cc:304) Expected 118656 bytes of wave data, but read only 117504 bytes. Truncated file?
LOG (compute-mfcc-feats[5.5.1182~1-e02e3]:main():compute-mfcc-feats.cc:181) Processed 1480 utterances
VLOG[2] (compute-mfcc-feats[5.5.1182~1-e02e3]:main():compute-mfcc-feats.cc:182) Processed features for key common_voice_lt_25237054
WARNING (compute-mfcc-feats[5.5.1182~1-e02e3]:Read():wave-reader.cc:304) Expected 156672 bytes of wave data, but read only 155520 bytes. Truncated file?
VLOG[2] (compute-mfcc-feats[5.5.1182~1-e02e3]:main():compute-mfcc-feats.cc:182) Processed features for key common_voice_lt_25237057
WARNING (compute-mfcc-feats[5.5.1182~1-e02e3]:Read():wave-reader.cc:304) Expected 224640 bytes of wave data, but read only 223488 bytes. Truncated file?
VLOG[2] (compute-mfcc-feats[5.5.1182~1-e02e3]:main():compute-mfcc-feats.cc:182) Processed features for key common_voice_lt_25237066
WARNING (compute-mfcc-feats[5.5.1182~1-e02e3]:Read():wave-reader.cc:304) Expected 71424 bytes of wave data, but read only 70272 bytes. Truncated file?
VLOG[2] (compute-mfcc-feats[5.5.1182~1-e02e3]:main():compute-mfcc-feats.cc:182) Processed features for key common_voice_lt_25237068
WARNING (compute-mfcc-feats[5.5.1182~1-e02e3]:Read():wave-reader.cc:304) Expected 147456 bytes of wave data, but read only 146304 bytes. Truncated file?
VLOG[2] (compute-mfcc-feats[5.5.1182~1-e02e3]:main():compute-mfcc-feats.cc:182) Processed features for key common_voice_lt_25237069
WARNING (compute-mfcc-feats[5.5.1182~1-e02e3]:Read():wave-reader.cc:304) Expected 112896 bytes of wave data, but read only 111744 bytes. Truncated file?
VLOG[2] (compute-mfcc-feats[5.5.1182~1-e02e3]:main():compute-mfcc-feats.cc:182) Processed features for key common_voice_lt_25237071
WARNING (compute-mfcc-feats[5.5.1182~1-e02e3]:Read():wave-reader.cc:304) Expected 89856 bytes of wave data, but read only 88704 bytes. Truncated file?
VLOG[2] (compute-mfcc-feats[5.5.1182~1-e02e3]:main():compute-mfcc-feats.cc:182) Processed features for key common_voice_lt_25237073
WARNING (compute-mfcc-feats[5.5.1182~1-e02e3]:Read():wave-reader.cc:304) Expected 116352 bytes of wave data, but read only 115200 bytes. Truncated file?
VLOG[2] (compute-mfcc-feats[5.5.1182~1-e02e3]:main():compute-mfcc-feats.cc:182) Processed features for key common_voice_lt_25237081
WARNING (compute-mfcc-feats[5.5.1182~1-e02e3]:Read():wave-reader.cc:304) Expected 149760 bytes of wave data, but read only 148608 bytes. Truncated file?
VLOG[2] (compute-mfcc-feats[5.5.1182~1-e02e3]:main():compute-mfcc-feats.cc:182) Processed features for key common_voice_lt_25237083
WARNING (compute-mfcc-feats[5.5.1182~1-e02e3]:Read():wave-reader.cc:304) Expected 110592 bytes of wave data, but read only 109440 bytes. Truncated file?
VLOG[2] (compute-mfcc-feats[5.5.1182~1-e02e3]:main():compute-mfcc-feats.cc:182) Processed features for key common_voice_lt_25237096
WARNING (compute-mfcc-feats[5.5.1182~1-e02e3]:Read():wave-reader.cc:304) Expected 79488 bytes of wave data, but read only 78336 bytes. Truncated file?
LOG (compute-mfcc-feats[5.5.1182~1-e02e3]:main():compute-mfcc-feats.cc:181) Processed 1490 utterances
VLOG[2] (compute-mfcc-feats[5.5.1182~1-e02e3]:main():compute-mfcc-feats.cc:182) Processed features for key common_voice_lt_25237097
WARNING (compute-mfcc-feats[5.5.1182~1-e02e3]:Read():wave-reader.cc:304) Expected 198144 bytes of wave data, but read only 196992 bytes. Truncated file?
VLOG[2] (compute-mfcc-feats[5.5.1182~1-e02e3]:main():compute-mfcc-feats.cc:182) Processed features for key common_voice_lt_25237099
WARNING (compute-mfcc-feats[5.5.1182~1-e02e3]:Read():wave-reader.cc:304) Expected 327168 bytes of wave data, but read only 326016 bytes. Truncated file?
VLOG[2] (compute-mfcc-feats[5.5.1182~1-e02e3]:main():compute-mfcc-feats.cc:182) Processed features for key common_voice_lt_25237116
WARNING (compute-mfcc-feats[5.5.1182~1-e02e3]:Read():wave-reader.cc:304) Expected 112896 bytes of wave data, but read only 111744 bytes. Truncated file?
VLOG[2] (compute-mfcc-feats[5.5.1182~1-e02e3]:main():compute-mfcc-feats.cc:182) Processed features for key common_voice_lt_25237117
WARNING (compute-mfcc-feats[5.5.1182~1-e02e3]:Read():wave-reader.cc:304) Expected 120960 bytes of wave data, but read only 119808 bytes. Truncated file?
VLOG[2] (compute-mfcc-feats[5.5.1182~1-e02e3]:main():compute-mfcc-feats.cc:182) Processed features for key common_voice_lt_25237118
WARNING (compute-mfcc-feats[5.5.1182~1-e02e3]:Read():wave-reader.cc:304) Expected 123264 bytes of wave data, but read only 122112 bytes. Truncated file?
VLOG[2] (compute-mfcc-feats[5.5.1182~1-e02e3]:main():compute-mfcc-feats.cc:182) Processed features for key common_voice_lt_25237119
WARNING (compute-mfcc-feats[5.5.1182~1-e02e3]:Read():wave-reader.cc:304) Expected 244224 bytes of wave data, but read only 243072 bytes. Truncated file?
VLOG[2] (compute-mfcc-feats[5.5.1182~1-e02e3]:main():compute-mfcc-feats.cc:182) Processed features for key common_voice_lt_25237120
WARNING (compute-mfcc-feats[5.5.1182~1-e02e3]:Read():wave-reader.cc:304) Expected 107136 bytes of wave data, but read only 105984 bytes. Truncated file?
VLOG[2] (compute-mfcc-feats[5.5.1182~1-e02e3]:main():compute-mfcc-feats.cc:182) Processed features for key common_voice_lt_25237126
WARNING (compute-mfcc-feats[5.5.1182~1-e02e3]:Read():wave-reader.cc:304) Expected 93312 bytes of wave data, but read only 92160 bytes. Truncated file?
VLOG[2] (compute-mfcc-feats[5.5.1182~1-e02e3]:main():compute-mfcc-feats.cc:182) Processed features for key common_voice_lt_25237127
WARNING (compute-mfcc-feats[5.5.1182~1-e02e3]:Read():wave-reader.cc:304) Expected 237312 bytes of wave data, but read only 236160 bytes. Truncated file?
VLOG[2] (compute-mfcc-feats[5.5.1182~1-e02e3]:main():compute-mfcc-feats.cc:182) Processed features for key common_voice_lt_25237128
WARNING (compute-mfcc-feats[5.5.1182~1-e02e3]:Read():wave-reader.cc:304) Expected 70272 bytes of wave data, but read only 69120 bytes. Truncated file?
LOG (compute-mfcc-feats[5.5.1182~1-e02e3]:main():compute-mfcc-feats.cc:181) Processed 1500 utterances
VLOG[2] (compute-mfcc-feats[5.5.1182~1-e02e3]:main():compute-mfcc-feats.cc:182) Processed features for key common_voice_lt_25237129
WARNING (compute-mfcc-feats[5.5.1182~1-e02e3]:Read():wave-reader.cc:304) Expected 177408 bytes of wave data, but read only 176256 bytes. Truncated file?
VLOG[2] (compute-mfcc-feats[5.5.1182~1-e02e3]:main():compute-mfcc-feats.cc:182) Processed features for key common_voice_lt_25237130
WARNING (compute-mfcc-feats[5.5.1182~1-e02e3]:Read():wave-reader.cc:304) Expected 129024 bytes of wave data, but read only 127872 bytes. Truncated file?
VLOG[2] (compute-mfcc-feats[5.5.1182~1-e02e3]:main():compute-mfcc-feats.cc:182) Processed features for key common_voice_lt_25237145
WARNING (compute-mfcc-feats[5.5.1182~1-e02e3]:Read():wave-reader.cc:304) Expected 138240 bytes of wave data, but read only 137088 bytes. Truncated file?
VLOG[2] (compute-mfcc-feats[5.5.1182~1-e02e3]:main():compute-mfcc-feats.cc:182) Processed features for key common_voice_lt_25237146
WARNING (compute-mfcc-feats[5.5.1182~1-e02e3]:Read():wave-reader.cc:304) Expected 118656 bytes of wave data, but read only 117504 bytes. Truncated file?
VLOG[2] (compute-mfcc-feats[5.5.1182~1-e02e3]:main():compute-mfcc-feats.cc:182) Processed features for key common_voice_lt_25237147
WARNING (compute-mfcc-feats[5.5.1182~1-e02e3]:Read():wave-reader.cc:304) Expected 116352 bytes of wave data, but read only 115200 bytes. Truncated file?
VLOG[2] (compute-mfcc-feats[5.5.1182~1-e02e3]:main():compute-mfcc-feats.cc:182) Processed features for key common_voice_lt_25237148
WARNING (compute-mfcc-feats[5.5.1182~1-e02e3]:Read():wave-reader.cc:304) Expected 139392 bytes of wave data, but read only 138240 bytes. Truncated file?
VLOG[2] (compute-mfcc-feats[5.5.1182~1-e02e3]:main():compute-mfcc-feats.cc:182) Processed features for key common_voice_lt_25237150
WARNING (compute-mfcc-feats[5.5.1182~1-e02e3]:Read():wave-reader.cc:304) Expected 168192 bytes of wave data, but read only 167040 bytes. Truncated file?
VLOG[2] (compute-mfcc-feats[5.5.1182~1-e02e3]:main():compute-mfcc-feats.cc:182) Processed features for key common_voice_lt_25237161
WARNING (compute-mfcc-feats[5.5.1182~1-e02e3]:Read():wave-reader.cc:304) Expected 133632 bytes of wave data, but read only 132480 bytes. Truncated file?
VLOG[2] (compute-mfcc-feats[5.5.1182~1-e02e3]:main():compute-mfcc-feats.cc:182) Processed features for key common_voice_lt_25237162
WARNING (compute-mfcc-feats[5.5.1182~1-e02e3]:Read():wave-reader.cc:304) Expected 78336 bytes of wave data, but read only 77184 bytes. Truncated file?
VLOG[2] (compute-mfcc-feats[5.5.1182~1-e02e3]:main():compute-mfcc-feats.cc:182) Processed features for key common_voice_lt_25237168
WARNING (compute-mfcc-feats[5.5.1182~1-e02e3]:Read():wave-reader.cc:304) Expected 101376 bytes of wave data, but read only 100224 bytes. Truncated file?
LOG (compute-mfcc-feats[5.5.1182~1-e02e3]:main():compute-mfcc-feats.cc:181) Processed 1510 utterances
VLOG[2] (compute-mfcc-feats[5.5.1182~1-e02e3]:main():compute-mfcc-feats.cc:182) Processed features for key common_voice_lt_25237169
WARNING (compute-mfcc-feats[5.5.1182~1-e02e3]:Read():wave-reader.cc:304) Expected 86400 bytes of wave data, but read only 85248 bytes. Truncated file?
VLOG[2] (compute-mfcc-feats[5.5.1182~1-e02e3]:main():compute-mfcc-feats.cc:182) Processed features for key common_voice_lt_25237170
WARNING (compute-mfcc-feats[5.5.1182~1-e02e3]:Read():wave-reader.cc:304) Expected 138240 bytes of wave data, but read only 137088 bytes. Truncated file?
VLOG[2] (compute-mfcc-feats[5.5.1182~1-e02e3]:main():compute-mfcc-feats.cc:182) Processed features for key common_voice_lt_25237171
WARNING (compute-mfcc-feats[5.5.1182~1-e02e3]:Read():wave-reader.cc:304) Expected 140544 bytes of wave data, but read only 139392 bytes. Truncated file?
VLOG[2] (compute-mfcc-feats[5.5.1182~1-e02e3]:main():compute-mfcc-feats.cc:182) Processed features for key common_voice_lt_25237172
WARNING (compute-mfcc-feats[5.5.1182~1-e02e3]:Read():wave-reader.cc:304) Expected 139392 bytes of wave data, but read only 138240 bytes. Truncated file?
VLOG[2] (compute-mfcc-feats[5.5.1182~1-e02e3]:main():compute-mfcc-feats.cc:182) Processed features for key common_voice_lt_25237182
WARNING (compute-mfcc-feats[5.5.1182~1-e02e3]:Read():wave-reader.cc:304) Expected 96768 bytes of wave data, but read only 95616 bytes. Truncated file?
VLOG[2] (compute-mfcc-feats[5.5.1182~1-e02e3]:main():compute-mfcc-feats.cc:182) Processed features for key common_voice_lt_25237183
WARNING (compute-mfcc-feats[5.5.1182~1-e02e3]:Read():wave-reader.cc:304) Expected 123264 bytes of wave data, but read only 122112 bytes. Truncated file?
VLOG[2] (compute-mfcc-feats[5.5.1182~1-e02e3]:main():compute-mfcc-feats.cc:182) Processed features for key common_voice_lt_25237184
WARNING (compute-mfcc-feats[5.5.1182~1-e02e3]:Read():wave-reader.cc:304) Expected 233856 bytes of wave data, but read only 232704 bytes. Truncated file?
VLOG[2] (compute-mfcc-feats[5.5.1182~1-e02e3]:main():compute-mfcc-feats.cc:182) Processed features for key common_voice_lt_25237185
WARNING (compute-mfcc-feats[5.5.1182~1-e02e3]:Read():wave-reader.cc:304) Expected 134784 bytes of wave data, but read only 133632 bytes. Truncated file?
VLOG[2] (compute-mfcc-feats[5.5.1182~1-e02e3]:main():compute-mfcc-feats.cc:182) Processed features for key common_voice_lt_25237186
WARNING (compute-mfcc-feats[5.5.1182~1-e02e3]:Read():wave-reader.cc:304) Expected 103680 bytes of wave data, but read only 102528 bytes. Truncated file?
VLOG[2] (compute-mfcc-feats[5.5.1182~1-e02e3]:main():compute-mfcc-feats.cc:182) Processed features for key common_voice_lt_25237192
WARNING (compute-mfcc-feats[5.5.1182~1-e02e3]:Read():wave-reader.cc:304) Expected 133632 bytes of wave data, but read only 132480 bytes. Truncated file?
LOG (compute-mfcc-feats[5.5.1182~1-e02e3]:main():compute-mfcc-feats.cc:181) Processed 1520 utterances
VLOG[2] (compute-mfcc-feats[5.5.1182~1-e02e3]:main():compute-mfcc-feats.cc:182) Processed features for key common_voice_lt_25237193
WARNING (compute-mfcc-feats[5.5.1182~1-e02e3]:Read():wave-reader.cc:304) Expected 150912 bytes of wave data, but read only 149760 bytes. Truncated file?
VLOG[2] (compute-mfcc-feats[5.5.1182~1-e02e3]:main():compute-mfcc-feats.cc:182) Processed features for key common_voice_lt_25237194
WARNING (compute-mfcc-feats[5.5.1182~1-e02e3]:Read():wave-reader.cc:304) Expected 105984 bytes of wave data, but read only 104832 bytes. Truncated file?
VLOG[2] (compute-mfcc-feats[5.5.1182~1-e02e3]:main():compute-mfcc-feats.cc:182) Processed features for key common_voice_lt_25237195
WARNING (compute-mfcc-feats[5.5.1182~1-e02e3]:Read():wave-reader.cc:304) Expected 122112 bytes of wave data, but read only 120960 bytes. Truncated file?
VLOG[2] (compute-mfcc-feats[5.5.1182~1-e02e3]:main():compute-mfcc-feats.cc:182) Processed features for key common_voice_lt_25237196
WARNING (compute-mfcc-feats[5.5.1182~1-e02e3]:Read():wave-reader.cc:304) Expected 156672 bytes of wave data, but read only 155520 bytes. Truncated file?
VLOG[2] (compute-mfcc-feats[5.5.1182~1-e02e3]:main():compute-mfcc-feats.cc:182) Processed features for key common_voice_lt_25245819
WARNING (compute-mfcc-feats[5.5.1182~1-e02e3]:Read():wave-reader.cc:304) Expected 112896 bytes of wave data, but read only 111744 bytes. Truncated file?
VLOG[2] (compute-mfcc-feats[5.5.1182~1-e02e3]:main():compute-mfcc-feats.cc:182) Processed features for key common_voice_lt_25245820
WARNING (compute-mfcc-feats[5.5.1182~1-e02e3]:Read():wave-reader.cc:304) Expected 97920 bytes of wave data, but read only 96768 bytes. Truncated file?
VLOG[2] (compute-mfcc-feats[5.5.1182~1-e02e3]:main():compute-mfcc-feats.cc:182) Processed features for key common_voice_lt_25245822
WARNING (compute-mfcc-feats[5.5.1182~1-e02e3]:Read():wave-reader.cc:304) Expected 87552 bytes of wave data, but read only 86400 bytes. Truncated file?
VLOG[2] (compute-mfcc-feats[5.5.1182~1-e02e3]:main():compute-mfcc-feats.cc:182) Processed features for key common_voice_lt_25245823
WARNING (compute-mfcc-feats[5.5.1182~1-e02e3]:Read():wave-reader.cc:304) Expected 112896 bytes of wave data, but read only 111744 bytes. Truncated file?
VLOG[2] (compute-mfcc-feats[5.5.1182~1-e02e3]:main():compute-mfcc-feats.cc:182) Processed features for key common_voice_lt_25245849
WARNING (compute-mfcc-feats[5.5.1182~1-e02e3]:Read():wave-reader.cc:304) Expected 150912 bytes of wave data, but read only 149760 bytes. Truncated file?
VLOG[2] (compute-mfcc-feats[5.5.1182~1-e02e3]:main():compute-mfcc-feats.cc:182) Processed features for key common_voice_lt_25245850
WARNING (compute-mfcc-feats[5.5.1182~1-e02e3]:Read():wave-reader.cc:304) Expected 193536 bytes of wave data, but read only 192384 bytes. Truncated file?
LOG (compute-mfcc-feats[5.5.1182~1-e02e3]:main():compute-mfcc-feats.cc:181) Processed 1530 utterances
VLOG[2] (compute-mfcc-feats[5.5.1182~1-e02e3]:main():compute-mfcc-feats.cc:182) Processed features for key common_voice_lt_25245851
WARNING (compute-mfcc-feats[5.5.1182~1-e02e3]:Read():wave-reader.cc:304) Expected 187776 bytes of wave data, but read only 186624 bytes. Truncated file?
VLOG[2] (compute-mfcc-feats[5.5.1182~1-e02e3]:main():compute-mfcc-feats.cc:182) Processed features for key common_voice_lt_25245852
WARNING (compute-mfcc-feats[5.5.1182~1-e02e3]:Read():wave-reader.cc:304) Expected 170496 bytes of wave data, but read only 169344 bytes. Truncated file?
VLOG[2] (compute-mfcc-feats[5.5.1182~1-e02e3]:main():compute-mfcc-feats.cc:182) Processed features for key common_voice_lt_25245853
WARNING (compute-mfcc-feats[5.5.1182~1-e02e3]:Read():wave-reader.cc:304) Expected 208512 bytes of wave data, but read only 207360 bytes. Truncated file?
VLOG[2] (compute-mfcc-feats[5.5.1182~1-e02e3]:main():compute-mfcc-feats.cc:182) Processed features for key common_voice_lt_25245868
WARNING (compute-mfcc-feats[5.5.1182~1-e02e3]:Read():wave-reader.cc:304) Expected 132480 bytes of wave data, but read only 131328 bytes. Truncated file?
VLOG[2] (compute-mfcc-feats[5.5.1182~1-e02e3]:main():compute-mfcc-feats.cc:182) Processed features for key common_voice_lt_25245869
WARNING (compute-mfcc-feats[5.5.1182~1-e02e3]:Read():wave-reader.cc:304) Expected 103680 bytes of wave data, but read only 102528 bytes. Truncated file?
VLOG[2] (compute-mfcc-feats[5.5.1182~1-e02e3]:main():compute-mfcc-feats.cc:182) Processed features for key common_voice_lt_25245870
WARNING (compute-mfcc-feats[5.5.1182~1-e02e3]:Read():wave-reader.cc:304) Expected 93312 bytes of wave data, but read only 92160 bytes. Truncated file?
VLOG[2] (compute-mfcc-feats[5.5.1182~1-e02e3]:main():compute-mfcc-feats.cc:182) Processed features for key common_voice_lt_25245872
WARNING (compute-mfcc-feats[5.5.1182~1-e02e3]:Read():wave-reader.cc:304) Expected 127872 bytes of wave data, but read only 126720 bytes. Truncated file?
VLOG[2] (compute-mfcc-feats[5.5.1182~1-e02e3]:main():compute-mfcc-feats.cc:182) Processed features for key common_voice_lt_25245889
WARNING (compute-mfcc-feats[5.5.1182~1-e02e3]:Read():wave-reader.cc:304) Expected 103680 bytes of wave data, but read only 102528 bytes. Truncated file?
VLOG[2] (compute-mfcc-feats[5.5.1182~1-e02e3]:main():compute-mfcc-feats.cc:182) Processed features for key common_voice_lt_25245890
WARNING (compute-mfcc-feats[5.5.1182~1-e02e3]:Read():wave-reader.cc:304) Expected 99072 bytes of wave data, but read only 97920 bytes. Truncated file?
VLOG[2] (compute-mfcc-feats[5.5.1182~1-e02e3]:main():compute-mfcc-feats.cc:182) Processed features for key common_voice_lt_25245891
WARNING (compute-mfcc-feats[5.5.1182~1-e02e3]:Read():wave-reader.cc:304) Expected 135936 bytes of wave data, but read only 134784 bytes. Truncated file?
LOG (compute-mfcc-feats[5.5.1182~1-e02e3]:main():compute-mfcc-feats.cc:181) Processed 1540 utterances
VLOG[2] (compute-mfcc-feats[5.5.1182~1-e02e3]:main():compute-mfcc-feats.cc:182) Processed features for key common_voice_lt_25245893
WARNING (compute-mfcc-feats[5.5.1182~1-e02e3]:Read():wave-reader.cc:304) Expected 185472 bytes of wave data, but read only 184320 bytes. Truncated file?
VLOG[2] (compute-mfcc-feats[5.5.1182~1-e02e3]:main():compute-mfcc-feats.cc:182) Processed features for key common_voice_lt_25245894
WARNING (compute-mfcc-feats[5.5.1182~1-e02e3]:Read():wave-reader.cc:304) Expected 190080 bytes of wave data, but read only 188928 bytes. Truncated file?
VLOG[2] (compute-mfcc-feats[5.5.1182~1-e02e3]:main():compute-mfcc-feats.cc:182) Processed features for key common_voice_lt_25245910
WARNING (compute-mfcc-feats[5.5.1182~1-e02e3]:Read():wave-reader.cc:304) Expected 89856 bytes of wave data, but read only 88704 bytes. Truncated file?
VLOG[2] (compute-mfcc-feats[5.5.1182~1-e02e3]:main():compute-mfcc-feats.cc:182) Processed features for key common_voice_lt_25245911
WARNING (compute-mfcc-feats[5.5.1182~1-e02e3]:Read():wave-reader.cc:304) Expected 156672 bytes of wave data, but read only 155520 bytes. Truncated file?
VLOG[2] (compute-mfcc-feats[5.5.1182~1-e02e3]:main():compute-mfcc-feats.cc:182) Processed features for key common_voice_lt_25245914
WARNING (compute-mfcc-feats[5.5.1182~1-e02e3]:Read():wave-reader.cc:304) Expected 97920 bytes of wave data, but read only 96768 bytes. Truncated file?
VLOG[2] (compute-mfcc-feats[5.5.1182~1-e02e3]:main():compute-mfcc-feats.cc:182) Processed features for key common_voice_lt_25245916
WARNING (compute-mfcc-feats[5.5.1182~1-e02e3]:Read():wave-reader.cc:304) Expected 155520 bytes of wave data, but read only 154368 bytes. Truncated file?
VLOG[2] (compute-mfcc-feats[5.5.1182~1-e02e3]:main():compute-mfcc-feats.cc:182) Processed features for key common_voice_lt_25245918
WARNING (compute-mfcc-feats[5.5.1182~1-e02e3]:Read():wave-reader.cc:304) Expected 150912 bytes of wave data, but read only 149760 bytes. Truncated file?
VLOG[2] (compute-mfcc-feats[5.5.1182~1-e02e3]:main():compute-mfcc-feats.cc:182) Processed features for key common_voice_lt_25245952
WARNING (compute-mfcc-feats[5.5.1182~1-e02e3]:Read():wave-reader.cc:304) Expected 179712 bytes of wave data, but read only 178560 bytes. Truncated file?
VLOG[2] (compute-mfcc-feats[5.5.1182~1-e02e3]:main():compute-mfcc-feats.cc:182) Processed features for key common_voice_lt_25245954
WARNING (compute-mfcc-feats[5.5.1182~1-e02e3]:Read():wave-reader.cc:304) Expected 93312 bytes of wave data, but read only 92160 bytes. Truncated file?
VLOG[2] (compute-mfcc-feats[5.5.1182~1-e02e3]:main():compute-mfcc-feats.cc:182) Processed features for key common_voice_lt_25245956
WARNING (compute-mfcc-feats[5.5.1182~1-e02e3]:Read():wave-reader.cc:304) Expected 109440 bytes of wave data, but read only 108288 bytes. Truncated file?
LOG (compute-mfcc-feats[5.5.1182~1-e02e3]:main():compute-mfcc-feats.cc:181) Processed 1550 utterances
VLOG[2] (compute-mfcc-feats[5.5.1182~1-e02e3]:main():compute-mfcc-feats.cc:182) Processed features for key common_voice_lt_25245959
WARNING (compute-mfcc-feats[5.5.1182~1-e02e3]:Read():wave-reader.cc:304) Expected 99072 bytes of wave data, but read only 97920 bytes. Truncated file?
VLOG[2] (compute-mfcc-feats[5.5.1182~1-e02e3]:main():compute-mfcc-feats.cc:182) Processed features for key common_voice_lt_25245960
WARNING (compute-mfcc-feats[5.5.1182~1-e02e3]:Read():wave-reader.cc:304) Expected 141696 bytes of wave data, but read only 140544 bytes. Truncated file?
VLOG[2] (compute-mfcc-feats[5.5.1182~1-e02e3]:main():compute-mfcc-feats.cc:182) Processed features for key common_voice_lt_25245983
WARNING (compute-mfcc-feats[5.5.1182~1-e02e3]:Read():wave-reader.cc:304) Expected 184320 bytes of wave data, but read only 183168 bytes. Truncated file?
VLOG[2] (compute-mfcc-feats[5.5.1182~1-e02e3]:main():compute-mfcc-feats.cc:182) Processed features for key common_voice_lt_25245985
WARNING (compute-mfcc-feats[5.5.1182~1-e02e3]:Read():wave-reader.cc:304) Expected 167040 bytes of wave data, but read only 165888 bytes. Truncated file?
VLOG[2] (compute-mfcc-feats[5.5.1182~1-e02e3]:main():compute-mfcc-feats.cc:182) Processed features for key common_voice_lt_25245988
WARNING (compute-mfcc-feats[5.5.1182~1-e02e3]:Read():wave-reader.cc:304) Expected 99072 bytes of wave data, but read only 97920 bytes. Truncated file?
VLOG[2] (compute-mfcc-feats[5.5.1182~1-e02e3]:main():compute-mfcc-feats.cc:182) Processed features for key common_voice_lt_25245989
WARNING (compute-mfcc-feats[5.5.1182~1-e02e3]:Read():wave-reader.cc:304) Expected 216576 bytes of wave data, but read only 215424 bytes. Truncated file?
VLOG[2] (compute-mfcc-feats[5.5.1182~1-e02e3]:main():compute-mfcc-feats.cc:182) Processed features for key common_voice_lt_25245992
WARNING (compute-mfcc-feats[5.5.1182~1-e02e3]:Read():wave-reader.cc:304) Expected 118656 bytes of wave data, but read only 117504 bytes. Truncated file?
VLOG[2] (compute-mfcc-feats[5.5.1182~1-e02e3]:main():compute-mfcc-feats.cc:182) Processed features for key common_voice_lt_25246011
WARNING (compute-mfcc-feats[5.5.1182~1-e02e3]:Read():wave-reader.cc:304) Expected 164736 bytes of wave data, but read only 163584 bytes. Truncated file?
VLOG[2] (compute-mfcc-feats[5.5.1182~1-e02e3]:main():compute-mfcc-feats.cc:182) Processed features for key common_voice_lt_25246012
WARNING (compute-mfcc-feats[5.5.1182~1-e02e3]:Read():wave-reader.cc:304) Expected 107136 bytes of wave data, but read only 105984 bytes. Truncated file?
VLOG[2] (compute-mfcc-feats[5.5.1182~1-e02e3]:main():compute-mfcc-feats.cc:182) Processed features for key common_voice_lt_25246014
WARNING (compute-mfcc-feats[5.5.1182~1-e02e3]:Read():wave-reader.cc:304) Expected 116352 bytes of wave data, but read only 115200 bytes. Truncated file?
LOG (compute-mfcc-feats[5.5.1182~1-e02e3]:main():compute-mfcc-feats.cc:181) Processed 1560 utterances
VLOG[2] (compute-mfcc-feats[5.5.1182~1-e02e3]:main():compute-mfcc-feats.cc:182) Processed features for key common_voice_lt_25246016
WARNING (compute-mfcc-feats[5.5.1182~1-e02e3]:Read():wave-reader.cc:304) Expected 155520 bytes of wave data, but read only 154368 bytes. Truncated file?
VLOG[2] (compute-mfcc-feats[5.5.1182~1-e02e3]:main():compute-mfcc-feats.cc:182) Processed features for key common_voice_lt_25246019
WARNING (compute-mfcc-feats[5.5.1182~1-e02e3]:Read():wave-reader.cc:304) Expected 156672 bytes of wave data, but read only 155520 bytes. Truncated file?
VLOG[2] (compute-mfcc-feats[5.5.1182~1-e02e3]:main():compute-mfcc-feats.cc:182) Processed features for key common_voice_lt_25246047
WARNING (compute-mfcc-feats[5.5.1182~1-e02e3]:Read():wave-reader.cc:304) Expected 107136 bytes of wave data, but read only 105984 bytes. Truncated file?
VLOG[2] (compute-mfcc-feats[5.5.1182~1-e02e3]:main():compute-mfcc-feats.cc:182) Processed features for key common_voice_lt_25246048
WARNING (compute-mfcc-feats[5.5.1182~1-e02e3]:Read():wave-reader.cc:304) Expected 127872 bytes of wave data, but read only 126720 bytes. Truncated file?
VLOG[2] (compute-mfcc-feats[5.5.1182~1-e02e3]:main():compute-mfcc-feats.cc:182) Processed features for key common_voice_lt_25246049
WARNING (compute-mfcc-feats[5.5.1182~1-e02e3]:Read():wave-reader.cc:304) Expected 118656 bytes of wave data, but read only 117504 bytes. Truncated file?
VLOG[2] (compute-mfcc-feats[5.5.1182~1-e02e3]:main():compute-mfcc-feats.cc:182) Processed features for key common_voice_lt_25246050
WARNING (compute-mfcc-feats[5.5.1182~1-e02e3]:Read():wave-reader.cc:304) Expected 161280 bytes of wave data, but read only 160128 bytes. Truncated file?
VLOG[2] (compute-mfcc-feats[5.5.1182~1-e02e3]:main():compute-mfcc-feats.cc:182) Processed features for key common_voice_lt_25246052
WARNING (compute-mfcc-feats[5.5.1182~1-e02e3]:Read():wave-reader.cc:304) Expected 138240 bytes of wave data, but read only 137088 bytes. Truncated file?
VLOG[2] (compute-mfcc-feats[5.5.1182~1-e02e3]:main():compute-mfcc-feats.cc:182) Processed features for key common_voice_lt_25246080
WARNING (compute-mfcc-feats[5.5.1182~1-e02e3]:Read():wave-reader.cc:304) Expected 193536 bytes of wave data, but read only 192384 bytes. Truncated file?
VLOG[2] (compute-mfcc-feats[5.5.1182~1-e02e3]:main():compute-mfcc-feats.cc:182) Processed features for key common_voice_lt_25246081
WARNING (compute-mfcc-feats[5.5.1182~1-e02e3]:Read():wave-reader.cc:304) Expected 138240 bytes of wave data, but read only 137088 bytes. Truncated file?
VLOG[2] (compute-mfcc-feats[5.5.1182~1-e02e3]:main():compute-mfcc-feats.cc:182) Processed features for key common_voice_lt_25246082
WARNING (compute-mfcc-feats[5.5.1182~1-e02e3]:Read():wave-reader.cc:304) Expected 93312 bytes of wave data, but read only 92160 bytes. Truncated file?
LOG (compute-mfcc-feats[5.5.1182~1-e02e3]:main():compute-mfcc-feats.cc:181) Processed 1570 utterances
VLOG[2] (compute-mfcc-feats[5.5.1182~1-e02e3]:main():compute-mfcc-feats.cc:182) Processed features for key common_voice_lt_25246083
WARNING (compute-mfcc-feats[5.5.1182~1-e02e3]:Read():wave-reader.cc:304) Expected 167040 bytes of wave data, but read only 165888 bytes. Truncated file?
VLOG[2] (compute-mfcc-feats[5.5.1182~1-e02e3]:main():compute-mfcc-feats.cc:182) Processed features for key common_voice_lt_25265426
WARNING (compute-mfcc-feats[5.5.1182~1-e02e3]:Read():wave-reader.cc:304) Expected 150912 bytes of wave data, but read only 149760 bytes. Truncated file?
VLOG[2] (compute-mfcc-feats[5.5.1182~1-e02e3]:main():compute-mfcc-feats.cc:182) Processed features for key common_voice_lt_25265427
WARNING (compute-mfcc-feats[5.5.1182~1-e02e3]:Read():wave-reader.cc:304) Expected 247680 bytes of wave data, but read only 246528 bytes. Truncated file?
VLOG[2] (compute-mfcc-feats[5.5.1182~1-e02e3]:main():compute-mfcc-feats.cc:182) Processed features for key common_voice_lt_25265428
WARNING (compute-mfcc-feats[5.5.1182~1-e02e3]:Read():wave-reader.cc:304) Expected 122112 bytes of wave data, but read only 120960 bytes. Truncated file?
VLOG[2] (compute-mfcc-feats[5.5.1182~1-e02e3]:main():compute-mfcc-feats.cc:182) Processed features for key common_voice_lt_25265429
WARNING (compute-mfcc-feats[5.5.1182~1-e02e3]:Read():wave-reader.cc:304) Expected 138240 bytes of wave data, but read only 137088 bytes. Truncated file?
VLOG[2] (compute-mfcc-feats[5.5.1182~1-e02e3]:main():compute-mfcc-feats.cc:182) Processed features for key common_voice_lt_25265430
WARNING (compute-mfcc-feats[5.5.1182~1-e02e3]:Read():wave-reader.cc:304) Expected 167040 bytes of wave data, but read only 165888 bytes. Truncated file?
VLOG[2] (compute-mfcc-feats[5.5.1182~1-e02e3]:main():compute-mfcc-feats.cc:182) Processed features for key common_voice_lt_25265441
WARNING (compute-mfcc-feats[5.5.1182~1-e02e3]:Read():wave-reader.cc:304) Expected 150912 bytes of wave data, but read only 149760 bytes. Truncated file?
VLOG[2] (compute-mfcc-feats[5.5.1182~1-e02e3]:main():compute-mfcc-feats.cc:182) Processed features for key common_voice_lt_25265443
WARNING (compute-mfcc-feats[5.5.1182~1-e02e3]:Read():wave-reader.cc:304) Expected 99072 bytes of wave data, but read only 97920 bytes. Truncated file?
VLOG[2] (compute-mfcc-feats[5.5.1182~1-e02e3]:main():compute-mfcc-feats.cc:182) Processed features for key common_voice_lt_25265444
WARNING (compute-mfcc-feats[5.5.1182~1-e02e3]:Read():wave-reader.cc:304) Expected 118656 bytes of wave data, but read only 117504 bytes. Truncated file?
VLOG[2] (compute-mfcc-feats[5.5.1182~1-e02e3]:main():compute-mfcc-feats.cc:182) Processed features for key common_voice_lt_25265445
WARNING (compute-mfcc-feats[5.5.1182~1-e02e3]:Read():wave-reader.cc:304) Expected 155520 bytes of wave data, but read only 154368 bytes. Truncated file?
LOG (compute-mfcc-feats[5.5.1182~1-e02e3]:main():compute-mfcc-feats.cc:181) Processed 1580 utterances
VLOG[2] (compute-mfcc-feats[5.5.1182~1-e02e3]:main():compute-mfcc-feats.cc:182) Processed features for key common_voice_lt_25265451
WARNING (compute-mfcc-feats[5.5.1182~1-e02e3]:Read():wave-reader.cc:304) Expected 156672 bytes of wave data, but read only 155520 bytes. Truncated file?
VLOG[2] (compute-mfcc-feats[5.5.1182~1-e02e3]:main():compute-mfcc-feats.cc:182) Processed features for key common_voice_lt_25265452
WARNING (compute-mfcc-feats[5.5.1182~1-e02e3]:Read():wave-reader.cc:304) Expected 147456 bytes of wave data, but read only 146304 bytes. Truncated file?
VLOG[2] (compute-mfcc-feats[5.5.1182~1-e02e3]:main():compute-mfcc-feats.cc:182) Processed features for key common_voice_lt_25265453
WARNING (compute-mfcc-feats[5.5.1182~1-e02e3]:Read():wave-reader.cc:304) Expected 118656 bytes of wave data, but read only 117504 bytes. Truncated file?
VLOG[2] (compute-mfcc-feats[5.5.1182~1-e02e3]:main():compute-mfcc-feats.cc:182) Processed features for key common_voice_lt_25265454
WARNING (compute-mfcc-feats[5.5.1182~1-e02e3]:Read():wave-reader.cc:304) Expected 122112 bytes of wave data, but read only 120960 bytes. Truncated file?
VLOG[2] (compute-mfcc-feats[5.5.1182~1-e02e3]:main():compute-mfcc-feats.cc:182) Processed features for key common_voice_lt_25265455
WARNING (compute-mfcc-feats[5.5.1182~1-e02e3]:Read():wave-reader.cc:304) Expected 145152 bytes of wave data, but read only 144000 bytes. Truncated file?
VLOG[2] (compute-mfcc-feats[5.5.1182~1-e02e3]:main():compute-mfcc-feats.cc:182) Processed features for key common_voice_lt_25265466
WARNING (compute-mfcc-feats[5.5.1182~1-e02e3]:Read():wave-reader.cc:304) Expected 126720 bytes of wave data, but read only 125568 bytes. Truncated file?
VLOG[2] (compute-mfcc-feats[5.5.1182~1-e02e3]:main():compute-mfcc-feats.cc:182) Processed features for key common_voice_lt_25265467
WARNING (compute-mfcc-feats[5.5.1182~1-e02e3]:Read():wave-reader.cc:304) Expected 184320 bytes of wave data, but read only 183168 bytes. Truncated file?
VLOG[2] (compute-mfcc-feats[5.5.1182~1-e02e3]:main():compute-mfcc-feats.cc:182) Processed features for key common_voice_lt_25265469
WARNING (compute-mfcc-feats[5.5.1182~1-e02e3]:Read():wave-reader.cc:304) Expected 155520 bytes of wave data, but read only 154368 bytes. Truncated file?
VLOG[2] (compute-mfcc-feats[5.5.1182~1-e02e3]:main():compute-mfcc-feats.cc:182) Processed features for key common_voice_lt_25265470
WARNING (compute-mfcc-feats[5.5.1182~1-e02e3]:Read():wave-reader.cc:304) Expected 237312 bytes of wave data, but read only 236160 bytes. Truncated file?
VLOG[2] (compute-mfcc-feats[5.5.1182~1-e02e3]:main():compute-mfcc-feats.cc:182) Processed features for key common_voice_lt_25268038
WARNING (compute-mfcc-feats[5.5.1182~1-e02e3]:Read():wave-reader.cc:304) Expected 150912 bytes of wave data, but read only 149760 bytes. Truncated file?
LOG (compute-mfcc-feats[5.5.1182~1-e02e3]:main():compute-mfcc-feats.cc:181) Processed 1590 utterances
VLOG[2] (compute-mfcc-feats[5.5.1182~1-e02e3]:main():compute-mfcc-feats.cc:182) Processed features for key common_voice_lt_25268039
WARNING (compute-mfcc-feats[5.5.1182~1-e02e3]:Read():wave-reader.cc:304) Expected 214272 bytes of wave data, but read only 213120 bytes. Truncated file?
VLOG[2] (compute-mfcc-feats[5.5.1182~1-e02e3]:main():compute-mfcc-feats.cc:182) Processed features for key common_voice_lt_25268040
WARNING (compute-mfcc-feats[5.5.1182~1-e02e3]:Read():wave-reader.cc:304) Expected 164736 bytes of wave data, but read only 163584 bytes. Truncated file?
VLOG[2] (compute-mfcc-feats[5.5.1182~1-e02e3]:main():compute-mfcc-feats.cc:182) Processed features for key common_voice_lt_25268041
WARNING (compute-mfcc-feats[5.5.1182~1-e02e3]:Read():wave-reader.cc:304) Expected 127872 bytes of wave data, but read only 126720 bytes. Truncated file?
VLOG[2] (compute-mfcc-feats[5.5.1182~1-e02e3]:main():compute-mfcc-feats.cc:182) Processed features for key common_voice_lt_25268042
WARNING (compute-mfcc-feats[5.5.1182~1-e02e3]:Read():wave-reader.cc:304) Expected 156672 bytes of wave data, but read only 155520 bytes. Truncated file?
VLOG[2] (compute-mfcc-feats[5.5.1182~1-e02e3]:main():compute-mfcc-feats.cc:182) Processed features for key common_voice_lt_25268054
WARNING (compute-mfcc-feats[5.5.1182~1-e02e3]:Read():wave-reader.cc:304) Expected 156672 bytes of wave data, but read only 155520 bytes. Truncated file?
VLOG[2] (compute-mfcc-feats[5.5.1182~1-e02e3]:main():compute-mfcc-feats.cc:182) Processed features for key common_voice_lt_25268055
WARNING (compute-mfcc-feats[5.5.1182~1-e02e3]:Read():wave-reader.cc:304) Expected 231552 bytes of wave data, but read only 230400 bytes. Truncated file?
VLOG[2] (compute-mfcc-feats[5.5.1182~1-e02e3]:main():compute-mfcc-feats.cc:182) Processed features for key common_voice_lt_25268056
WARNING (compute-mfcc-feats[5.5.1182~1-e02e3]:Read():wave-reader.cc:304) Expected 150912 bytes of wave data, but read only 149760 bytes. Truncated file?
VLOG[2] (compute-mfcc-feats[5.5.1182~1-e02e3]:main():compute-mfcc-feats.cc:182) Processed features for key common_voice_lt_25268057
WARNING (compute-mfcc-feats[5.5.1182~1-e02e3]:Read():wave-reader.cc:304) Expected 178560 bytes of wave data, but read only 177408 bytes. Truncated file?
VLOG[2] (compute-mfcc-feats[5.5.1182~1-e02e3]:main():compute-mfcc-feats.cc:182) Processed features for key common_voice_lt_25268058
WARNING (compute-mfcc-feats[5.5.1182~1-e02e3]:Read():wave-reader.cc:304) Expected 216576 bytes of wave data, but read only 215424 bytes. Truncated file?
VLOG[2] (compute-mfcc-feats[5.5.1182~1-e02e3]:main():compute-mfcc-feats.cc:182) Processed features for key common_voice_lt_25268068
WARNING (compute-mfcc-feats[5.5.1182~1-e02e3]:Read():wave-reader.cc:304) Expected 264960 bytes of wave data, but read only 263808 bytes. Truncated file?
LOG (compute-mfcc-feats[5.5.1182~1-e02e3]:main():compute-mfcc-feats.cc:181) Processed 1600 utterances
VLOG[2] (compute-mfcc-feats[5.5.1182~1-e02e3]:main():compute-mfcc-feats.cc:182) Processed features for key common_voice_lt_25268069
WARNING (compute-mfcc-feats[5.5.1182~1-e02e3]:Read():wave-reader.cc:304) Expected 122112 bytes of wave data, but read only 120960 bytes. Truncated file?
VLOG[2] (compute-mfcc-feats[5.5.1182~1-e02e3]:main():compute-mfcc-feats.cc:182) Processed features for key common_voice_lt_25268070
WARNING (compute-mfcc-feats[5.5.1182~1-e02e3]:Read():wave-reader.cc:304) Expected 193536 bytes of wave data, but read only 192384 bytes. Truncated file?
VLOG[2] (compute-mfcc-feats[5.5.1182~1-e02e3]:main():compute-mfcc-feats.cc:182) Processed features for key common_voice_lt_25268071
WARNING (compute-mfcc-feats[5.5.1182~1-e02e3]:Read():wave-reader.cc:304) Expected 109440 bytes of wave data, but read only 108288 bytes. Truncated file?
VLOG[2] (compute-mfcc-feats[5.5.1182~1-e02e3]:main():compute-mfcc-feats.cc:182) Processed features for key common_voice_lt_25268072
WARNING (compute-mfcc-feats[5.5.1182~1-e02e3]:Read():wave-reader.cc:304) Expected 161280 bytes of wave data, but read only 160128 bytes. Truncated file?
VLOG[2] (compute-mfcc-feats[5.5.1182~1-e02e3]:main():compute-mfcc-feats.cc:182) Processed features for key common_voice_lt_25268078
WARNING (compute-mfcc-feats[5.5.1182~1-e02e3]:Read():wave-reader.cc:304) Expected 156672 bytes of wave data, but read only 155520 bytes. Truncated file?
VLOG[2] (compute-mfcc-feats[5.5.1182~1-e02e3]:main():compute-mfcc-feats.cc:182) Processed features for key common_voice_lt_25268079
WARNING (compute-mfcc-feats[5.5.1182~1-e02e3]:Read():wave-reader.cc:304) Expected 116352 bytes of wave data, but read only 115200 bytes. Truncated file?
VLOG[2] (compute-mfcc-feats[5.5.1182~1-e02e3]:main():compute-mfcc-feats.cc:182) Processed features for key common_voice_lt_25268080
WARNING (compute-mfcc-feats[5.5.1182~1-e02e3]:Read():wave-reader.cc:304) Expected 122112 bytes of wave data, but read only 120960 bytes. Truncated file?
VLOG[2] (compute-mfcc-feats[5.5.1182~1-e02e3]:main():compute-mfcc-feats.cc:182) Processed features for key common_voice_lt_25268081
WARNING (compute-mfcc-feats[5.5.1182~1-e02e3]:Read():wave-reader.cc:304) Expected 99072 bytes of wave data, but read only 97920 bytes. Truncated file?
VLOG[2] (compute-mfcc-feats[5.5.1182~1-e02e3]:main():compute-mfcc-feats.cc:182) Processed features for key common_voice_lt_25268082
WARNING (compute-mfcc-feats[5.5.1182~1-e02e3]:Read():wave-reader.cc:304) Expected 214272 bytes of wave data, but read only 213120 bytes. Truncated file?
VLOG[2] (compute-mfcc-feats[5.5.1182~1-e02e3]:main():compute-mfcc-feats.cc:182) Processed features for key common_voice_lt_25268093
WARNING (compute-mfcc-feats[5.5.1182~1-e02e3]:Read():wave-reader.cc:304) Expected 170496 bytes of wave data, but read only 169344 bytes. Truncated file?
LOG (compute-mfcc-feats[5.5.1182~1-e02e3]:main():compute-mfcc-feats.cc:181) Processed 1610 utterances
VLOG[2] (compute-mfcc-feats[5.5.1182~1-e02e3]:main():compute-mfcc-feats.cc:182) Processed features for key common_voice_lt_25268094
WARNING (compute-mfcc-feats[5.5.1182~1-e02e3]:Read():wave-reader.cc:304) Expected 112896 bytes of wave data, but read only 111744 bytes. Truncated file?
VLOG[2] (compute-mfcc-feats[5.5.1182~1-e02e3]:main():compute-mfcc-feats.cc:182) Processed features for key common_voice_lt_25268095
WARNING (compute-mfcc-feats[5.5.1182~1-e02e3]:Read():wave-reader.cc:304) Expected 184320 bytes of wave data, but read only 183168 bytes. Truncated file?
VLOG[2] (compute-mfcc-feats[5.5.1182~1-e02e3]:main():compute-mfcc-feats.cc:182) Processed features for key common_voice_lt_25268096
WARNING (compute-mfcc-feats[5.5.1182~1-e02e3]:Read():wave-reader.cc:304) Expected 132480 bytes of wave data, but read only 131328 bytes. Truncated file?
VLOG[2] (compute-mfcc-feats[5.5.1182~1-e02e3]:main():compute-mfcc-feats.cc:182) Processed features for key common_voice_lt_25268097
WARNING (compute-mfcc-feats[5.5.1182~1-e02e3]:Read():wave-reader.cc:304) Expected 179712 bytes of wave data, but read only 178560 bytes. Truncated file?
VLOG[2] (compute-mfcc-feats[5.5.1182~1-e02e3]:main():compute-mfcc-feats.cc:182) Processed features for key common_voice_lt_25268101
WARNING (compute-mfcc-feats[5.5.1182~1-e02e3]:Read():wave-reader.cc:304) Expected 145152 bytes of wave data, but read only 144000 bytes. Truncated file?
VLOG[2] (compute-mfcc-feats[5.5.1182~1-e02e3]:main():compute-mfcc-feats.cc:182) Processed features for key common_voice_lt_25268102
WARNING (compute-mfcc-feats[5.5.1182~1-e02e3]:Read():wave-reader.cc:304) Expected 158976 bytes of wave data, but read only 157824 bytes. Truncated file?
VLOG[2] (compute-mfcc-feats[5.5.1182~1-e02e3]:main():compute-mfcc-feats.cc:182) Processed features for key common_voice_lt_25268103
WARNING (compute-mfcc-feats[5.5.1182~1-e02e3]:Read():wave-reader.cc:304) Expected 150912 bytes of wave data, but read only 149760 bytes. Truncated file?
VLOG[2] (compute-mfcc-feats[5.5.1182~1-e02e3]:main():compute-mfcc-feats.cc:182) Processed features for key common_voice_lt_25268104
WARNING (compute-mfcc-feats[5.5.1182~1-e02e3]:Read():wave-reader.cc:304) Expected 150912 bytes of wave data, but read only 149760 bytes. Truncated file?
VLOG[2] (compute-mfcc-feats[5.5.1182~1-e02e3]:main():compute-mfcc-feats.cc:182) Processed features for key common_voice_lt_25268105
WARNING (compute-mfcc-feats[5.5.1182~1-e02e3]:Read():wave-reader.cc:304) Expected 112896 bytes of wave data, but read only 111744 bytes. Truncated file?
VLOG[2] (compute-mfcc-feats[5.5.1182~1-e02e3]:main():compute-mfcc-feats.cc:182) Processed features for key common_voice_lt_25268119
WARNING (compute-mfcc-feats[5.5.1182~1-e02e3]:Read():wave-reader.cc:304) Expected 118656 bytes of wave data, but read only 117504 bytes. Truncated file?
LOG (compute-mfcc-feats[5.5.1182~1-e02e3]:main():compute-mfcc-feats.cc:181) Processed 1620 utterances
VLOG[2] (compute-mfcc-feats[5.5.1182~1-e02e3]:main():compute-mfcc-feats.cc:182) Processed features for key common_voice_lt_25268120
WARNING (compute-mfcc-feats[5.5.1182~1-e02e3]:Read():wave-reader.cc:304) Expected 109440 bytes of wave data, but read only 108288 bytes. Truncated file?
VLOG[2] (compute-mfcc-feats[5.5.1182~1-e02e3]:main():compute-mfcc-feats.cc:182) Processed features for key common_voice_lt_25268121
WARNING (compute-mfcc-feats[5.5.1182~1-e02e3]:Read():wave-reader.cc:304) Expected 155520 bytes of wave data, but read only 154368 bytes. Truncated file?
VLOG[2] (compute-mfcc-feats[5.5.1182~1-e02e3]:main():compute-mfcc-feats.cc:182) Processed features for key common_voice_lt_25268122
WARNING (compute-mfcc-feats[5.5.1182~1-e02e3]:Read():wave-reader.cc:304) Expected 202752 bytes of wave data, but read only 201600 bytes. Truncated file?
VLOG[2] (compute-mfcc-feats[5.5.1182~1-e02e3]:main():compute-mfcc-feats.cc:182) Processed features for key common_voice_lt_25268124
WARNING (compute-mfcc-feats[5.5.1182~1-e02e3]:Read():wave-reader.cc:304) Expected 93312 bytes of wave data, but read only 92160 bytes. Truncated file?
VLOG[2] (compute-mfcc-feats[5.5.1182~1-e02e3]:main():compute-mfcc-feats.cc:182) Processed features for key common_voice_lt_25268145
WARNING (compute-mfcc-feats[5.5.1182~1-e02e3]:Read():wave-reader.cc:304) Expected 118656 bytes of wave data, but read only 117504 bytes. Truncated file?
VLOG[2] (compute-mfcc-feats[5.5.1182~1-e02e3]:main():compute-mfcc-feats.cc:182) Processed features for key common_voice_lt_25268146
WARNING (compute-mfcc-feats[5.5.1182~1-e02e3]:Read():wave-reader.cc:304) Expected 132480 bytes of wave data, but read only 131328 bytes. Truncated file?
VLOG[2] (compute-mfcc-feats[5.5.1182~1-e02e3]:main():compute-mfcc-feats.cc:182) Processed features for key common_voice_lt_25268147
WARNING (compute-mfcc-feats[5.5.1182~1-e02e3]:Read():wave-reader.cc:304) Expected 190080 bytes of wave data, but read only 188928 bytes. Truncated file?
VLOG[2] (compute-mfcc-feats[5.5.1182~1-e02e3]:main():compute-mfcc-feats.cc:182) Processed features for key common_voice_lt_25268148
WARNING (compute-mfcc-feats[5.5.1182~1-e02e3]:Read():wave-reader.cc:304) Expected 103680 bytes of wave data, but read only 102528 bytes. Truncated file?
VLOG[2] (compute-mfcc-feats[5.5.1182~1-e02e3]:main():compute-mfcc-feats.cc:182) Processed features for key common_voice_lt_25268164
WARNING (compute-mfcc-feats[5.5.1182~1-e02e3]:Read():wave-reader.cc:304) Expected 122112 bytes of wave data, but read only 120960 bytes. Truncated file?
VLOG[2] (compute-mfcc-feats[5.5.1182~1-e02e3]:main():compute-mfcc-feats.cc:182) Processed features for key common_voice_lt_25268165
WARNING (compute-mfcc-feats[5.5.1182~1-e02e3]:Read():wave-reader.cc:304) Expected 116352 bytes of wave data, but read only 115200 bytes. Truncated file?
LOG (compute-mfcc-feats[5.5.1182~1-e02e3]:main():compute-mfcc-feats.cc:181) Processed 1630 utterances
VLOG[2] (compute-mfcc-feats[5.5.1182~1-e02e3]:main():compute-mfcc-feats.cc:182) Processed features for key common_voice_lt_25268166
WARNING (compute-mfcc-feats[5.5.1182~1-e02e3]:Read():wave-reader.cc:304) Expected 116352 bytes of wave data, but read only 115200 bytes. Truncated file?
VLOG[2] (compute-mfcc-feats[5.5.1182~1-e02e3]:main():compute-mfcc-feats.cc:182) Processed features for key common_voice_lt_25268167
WARNING (compute-mfcc-feats[5.5.1182~1-e02e3]:Read():wave-reader.cc:304) Expected 80640 bytes of wave data, but read only 79488 bytes. Truncated file?
VLOG[2] (compute-mfcc-feats[5.5.1182~1-e02e3]:main():compute-mfcc-feats.cc:182) Processed features for key common_voice_lt_25268168
WARNING (compute-mfcc-feats[5.5.1182~1-e02e3]:Read():wave-reader.cc:304) Expected 127872 bytes of wave data, but read only 126720 bytes. Truncated file?
VLOG[2] (compute-mfcc-feats[5.5.1182~1-e02e3]:main():compute-mfcc-feats.cc:182) Processed features for key common_voice_lt_25268177
WARNING (compute-mfcc-feats[5.5.1182~1-e02e3]:Read():wave-reader.cc:304) Expected 184320 bytes of wave data, but read only 183168 bytes. Truncated file?
VLOG[2] (compute-mfcc-feats[5.5.1182~1-e02e3]:main():compute-mfcc-feats.cc:182) Processed features for key common_voice_lt_25268178
WARNING (compute-mfcc-feats[5.5.1182~1-e02e3]:Read():wave-reader.cc:304) Expected 176256 bytes of wave data, but read only 175104 bytes. Truncated file?
VLOG[2] (compute-mfcc-feats[5.5.1182~1-e02e3]:main():compute-mfcc-feats.cc:182) Processed features for key common_voice_lt_25268180
WARNING (compute-mfcc-feats[5.5.1182~1-e02e3]:Read():wave-reader.cc:304) Expected 156672 bytes of wave data, but read only 155520 bytes. Truncated file?
VLOG[2] (compute-mfcc-feats[5.5.1182~1-e02e3]:main():compute-mfcc-feats.cc:182) Processed features for key common_voice_lt_25268183
WARNING (compute-mfcc-feats[5.5.1182~1-e02e3]:Read():wave-reader.cc:304) Expected 132480 bytes of wave data, but read only 131328 bytes. Truncated file?
VLOG[2] (compute-mfcc-feats[5.5.1182~1-e02e3]:main():compute-mfcc-feats.cc:182) Processed features for key common_voice_lt_25268185
WARNING (compute-mfcc-feats[5.5.1182~1-e02e3]:Read():wave-reader.cc:304) Expected 187776 bytes of wave data, but read only 186624 bytes. Truncated file?
VLOG[2] (compute-mfcc-feats[5.5.1182~1-e02e3]:main():compute-mfcc-feats.cc:182) Processed features for key common_voice_lt_25268192
WARNING (compute-mfcc-feats[5.5.1182~1-e02e3]:Read():wave-reader.cc:304) Expected 150912 bytes of wave data, but read only 149760 bytes. Truncated file?
VLOG[2] (compute-mfcc-feats[5.5.1182~1-e02e3]:main():compute-mfcc-feats.cc:182) Processed features for key common_voice_lt_25268193
WARNING (compute-mfcc-feats[5.5.1182~1-e02e3]:Read():wave-reader.cc:304) Expected 99072 bytes of wave data, but read only 97920 bytes. Truncated file?
LOG (compute-mfcc-feats[5.5.1182~1-e02e3]:main():compute-mfcc-feats.cc:181) Processed 1640 utterances
VLOG[2] (compute-mfcc-feats[5.5.1182~1-e02e3]:main():compute-mfcc-feats.cc:182) Processed features for key common_voice_lt_25268194
WARNING (compute-mfcc-feats[5.5.1182~1-e02e3]:Read():wave-reader.cc:304) Expected 80640 bytes of wave data, but read only 79488 bytes. Truncated file?
VLOG[2] (compute-mfcc-feats[5.5.1182~1-e02e3]:main():compute-mfcc-feats.cc:182) Processed features for key common_voice_lt_25268195
WARNING (compute-mfcc-feats[5.5.1182~1-e02e3]:Read():wave-reader.cc:304) Expected 184320 bytes of wave data, but read only 183168 bytes. Truncated file?
VLOG[2] (compute-mfcc-feats[5.5.1182~1-e02e3]:main():compute-mfcc-feats.cc:182) Processed features for key common_voice_lt_25268196
WARNING (compute-mfcc-feats[5.5.1182~1-e02e3]:Read():wave-reader.cc:304) Expected 126720 bytes of wave data, but read only 125568 bytes. Truncated file?
VLOG[2] (compute-mfcc-feats[5.5.1182~1-e02e3]:main():compute-mfcc-feats.cc:182) Processed features for key common_voice_lt_25268207
WARNING (compute-mfcc-feats[5.5.1182~1-e02e3]:Read():wave-reader.cc:304) Expected 132480 bytes of wave data, but read only 131328 bytes. Truncated file?
VLOG[2] (compute-mfcc-feats[5.5.1182~1-e02e3]:main():compute-mfcc-feats.cc:182) Processed features for key common_voice_lt_25268208
WARNING (compute-mfcc-feats[5.5.1182~1-e02e3]:Read():wave-reader.cc:304) Expected 141696 bytes of wave data, but read only 140544 bytes. Truncated file?
VLOG[2] (compute-mfcc-feats[5.5.1182~1-e02e3]:main():compute-mfcc-feats.cc:182) Processed features for key common_voice_lt_25268209
WARNING (compute-mfcc-feats[5.5.1182~1-e02e3]:Read():wave-reader.cc:304) Expected 245376 bytes of wave data, but read only 244224 bytes. Truncated file?
VLOG[2] (compute-mfcc-feats[5.5.1182~1-e02e3]:main():compute-mfcc-feats.cc:182) Processed features for key common_voice_lt_25268210
WARNING (compute-mfcc-feats[5.5.1182~1-e02e3]:Read():wave-reader.cc:304) Expected 80640 bytes of wave data, but read only 79488 bytes. Truncated file?
VLOG[2] (compute-mfcc-feats[5.5.1182~1-e02e3]:main():compute-mfcc-feats.cc:182) Processed features for key common_voice_lt_25268211
WARNING (compute-mfcc-feats[5.5.1182~1-e02e3]:Read():wave-reader.cc:304) Expected 176256 bytes of wave data, but read only 175104 bytes. Truncated file?
VLOG[2] (compute-mfcc-feats[5.5.1182~1-e02e3]:main():compute-mfcc-feats.cc:182) Processed features for key common_voice_lt_25268227
WARNING (compute-mfcc-feats[5.5.1182~1-e02e3]:Read():wave-reader.cc:304) Expected 164736 bytes of wave data, but read only 163584 bytes. Truncated file?
VLOG[2] (compute-mfcc-feats[5.5.1182~1-e02e3]:main():compute-mfcc-feats.cc:182) Processed features for key common_voice_lt_25268228
WARNING (compute-mfcc-feats[5.5.1182~1-e02e3]:Read():wave-reader.cc:304) Expected 70272 bytes of wave data, but read only 69120 bytes. Truncated file?
LOG (compute-mfcc-feats[5.5.1182~1-e02e3]:main():compute-mfcc-feats.cc:181) Processed 1650 utterances
VLOG[2] (compute-mfcc-feats[5.5.1182~1-e02e3]:main():compute-mfcc-feats.cc:182) Processed features for key common_voice_lt_25268229
WARNING (compute-mfcc-feats[5.5.1182~1-e02e3]:Read():wave-reader.cc:304) Expected 93312 bytes of wave data, but read only 92160 bytes. Truncated file?
VLOG[2] (compute-mfcc-feats[5.5.1182~1-e02e3]:main():compute-mfcc-feats.cc:182) Processed features for key common_voice_lt_25268230
WARNING (compute-mfcc-feats[5.5.1182~1-e02e3]:Read():wave-reader.cc:304) Expected 112896 bytes of wave data, but read only 111744 bytes. Truncated file?
VLOG[2] (compute-mfcc-feats[5.5.1182~1-e02e3]:main():compute-mfcc-feats.cc:182) Processed features for key common_voice_lt_25268231
WARNING (compute-mfcc-feats[5.5.1182~1-e02e3]:Read():wave-reader.cc:304) Expected 109440 bytes of wave data, but read only 108288 bytes. Truncated file?
VLOG[2] (compute-mfcc-feats[5.5.1182~1-e02e3]:main():compute-mfcc-feats.cc:182) Processed features for key common_voice_lt_25268247
WARNING (compute-mfcc-feats[5.5.1182~1-e02e3]:Read():wave-reader.cc:304) Expected 150912 bytes of wave data, but read only 149760 bytes. Truncated file?
VLOG[2] (compute-mfcc-feats[5.5.1182~1-e02e3]:main():compute-mfcc-feats.cc:182) Processed features for key common_voice_lt_25268248
WARNING (compute-mfcc-feats[5.5.1182~1-e02e3]:Read():wave-reader.cc:304) Expected 208512 bytes of wave data, but read only 207360 bytes. Truncated file?
VLOG[2] (compute-mfcc-feats[5.5.1182~1-e02e3]:main():compute-mfcc-feats.cc:182) Processed features for key common_voice_lt_25268249
WARNING (compute-mfcc-feats[5.5.1182~1-e02e3]:Read():wave-reader.cc:304) Expected 118656 bytes of wave data, but read only 117504 bytes. Truncated file?
VLOG[2] (compute-mfcc-feats[5.5.1182~1-e02e3]:main():compute-mfcc-feats.cc:182) Processed features for key common_voice_lt_25268250
WARNING (compute-mfcc-feats[5.5.1182~1-e02e3]:Read():wave-reader.cc:304) Expected 245376 bytes of wave data, but read only 244224 bytes. Truncated file?
VLOG[2] (compute-mfcc-feats[5.5.1182~1-e02e3]:main():compute-mfcc-feats.cc:182) Processed features for key common_voice_lt_25268251
WARNING (compute-mfcc-feats[5.5.1182~1-e02e3]:Read():wave-reader.cc:304) Expected 259200 bytes of wave data, but read only 258048 bytes. Truncated file?
VLOG[2] (compute-mfcc-feats[5.5.1182~1-e02e3]:main():compute-mfcc-feats.cc:182) Processed features for key common_voice_lt_27380151
WARNING (compute-mfcc-feats[5.5.1182~1-e02e3]:Read():wave-reader.cc:304) Expected 289152 bytes of wave data, but read only 288000 bytes. Truncated file?
VLOG[2] (compute-mfcc-feats[5.5.1182~1-e02e3]:main():compute-mfcc-feats.cc:182) Processed features for key common_voice_lt_27380152
WARNING (compute-mfcc-feats[5.5.1182~1-e02e3]:Read():wave-reader.cc:304) Expected 144000 bytes of wave data, but read only 142848 bytes. Truncated file?
LOG (compute-mfcc-feats[5.5.1182~1-e02e3]:main():compute-mfcc-feats.cc:181) Processed 1660 utterances
VLOG[2] (compute-mfcc-feats[5.5.1182~1-e02e3]:main():compute-mfcc-feats.cc:182) Processed features for key common_voice_lt_27380153
WARNING (compute-mfcc-feats[5.5.1182~1-e02e3]:Read():wave-reader.cc:304) Expected 126720 bytes of wave data, but read only 125568 bytes. Truncated file?
VLOG[2] (compute-mfcc-feats[5.5.1182~1-e02e3]:main():compute-mfcc-feats.cc:182) Processed features for key common_voice_lt_27380154
WARNING (compute-mfcc-feats[5.5.1182~1-e02e3]:Read():wave-reader.cc:304) Expected 138240 bytes of wave data, but read only 137088 bytes. Truncated file?
VLOG[2] (compute-mfcc-feats[5.5.1182~1-e02e3]:main():compute-mfcc-feats.cc:182) Processed features for key common_voice_lt_27380155
WARNING (compute-mfcc-feats[5.5.1182~1-e02e3]:Read():wave-reader.cc:304) Expected 247680 bytes of wave data, but read only 246528 bytes. Truncated file?
VLOG[2] (compute-mfcc-feats[5.5.1182~1-e02e3]:main():compute-mfcc-feats.cc:182) Processed features for key common_voice_lt_27380178
WARNING (compute-mfcc-feats[5.5.1182~1-e02e3]:Read():wave-reader.cc:304) Expected 139392 bytes of wave data, but read only 138240 bytes. Truncated file?
VLOG[2] (compute-mfcc-feats[5.5.1182~1-e02e3]:main():compute-mfcc-feats.cc:182) Processed features for key common_voice_lt_27380179
WARNING (compute-mfcc-feats[5.5.1182~1-e02e3]:Read():wave-reader.cc:304) Expected 185472 bytes of wave data, but read only 184320 bytes. Truncated file?
VLOG[2] (compute-mfcc-feats[5.5.1182~1-e02e3]:main():compute-mfcc-feats.cc:182) Processed features for key common_voice_lt_27380180
WARNING (compute-mfcc-feats[5.5.1182~1-e02e3]:Read():wave-reader.cc:304) Expected 118656 bytes of wave data, but read only 117504 bytes. Truncated file?
VLOG[2] (compute-mfcc-feats[5.5.1182~1-e02e3]:main():compute-mfcc-feats.cc:182) Processed features for key common_voice_lt_27380182
WARNING (compute-mfcc-feats[5.5.1182~1-e02e3]:Read():wave-reader.cc:304) Expected 262656 bytes of wave data, but read only 261504 bytes. Truncated file?
VLOG[2] (compute-mfcc-feats[5.5.1182~1-e02e3]:main():compute-mfcc-feats.cc:182) Processed features for key common_voice_lt_27380183
WARNING (compute-mfcc-feats[5.5.1182~1-e02e3]:Read():wave-reader.cc:304) Expected 173952 bytes of wave data, but read only 172800 bytes. Truncated file?
VLOG[2] (compute-mfcc-feats[5.5.1182~1-e02e3]:main():compute-mfcc-feats.cc:182) Processed features for key common_voice_lt_27380199
WARNING (compute-mfcc-feats[5.5.1182~1-e02e3]:Read():wave-reader.cc:304) Expected 245376 bytes of wave data, but read only 244224 bytes. Truncated file?
VLOG[2] (compute-mfcc-feats[5.5.1182~1-e02e3]:main():compute-mfcc-feats.cc:182) Processed features for key common_voice_lt_27380200
WARNING (compute-mfcc-feats[5.5.1182~1-e02e3]:Read():wave-reader.cc:304) Expected 145152 bytes of wave data, but read only 144000 bytes. Truncated file?
LOG (compute-mfcc-feats[5.5.1182~1-e02e3]:main():compute-mfcc-feats.cc:181) Processed 1670 utterances
VLOG[2] (compute-mfcc-feats[5.5.1182~1-e02e3]:main():compute-mfcc-feats.cc:182) Processed features for key common_voice_lt_27380201
WARNING (compute-mfcc-feats[5.5.1182~1-e02e3]:Read():wave-reader.cc:304) Expected 170496 bytes of wave data, but read only 169344 bytes. Truncated file?
VLOG[2] (compute-mfcc-feats[5.5.1182~1-e02e3]:main():compute-mfcc-feats.cc:182) Processed features for key common_voice_lt_27380202
WARNING (compute-mfcc-feats[5.5.1182~1-e02e3]:Read():wave-reader.cc:304) Expected 191232 bytes of wave data, but read only 190080 bytes. Truncated file?
VLOG[2] (compute-mfcc-feats[5.5.1182~1-e02e3]:main():compute-mfcc-feats.cc:182) Processed features for key common_voice_lt_27380203
WARNING (compute-mfcc-feats[5.5.1182~1-e02e3]:Read():wave-reader.cc:304) Expected 291456 bytes of wave data, but read only 290304 bytes. Truncated file?
VLOG[2] (compute-mfcc-feats[5.5.1182~1-e02e3]:main():compute-mfcc-feats.cc:182) Processed features for key common_voice_lt_27380217
WARNING (compute-mfcc-feats[5.5.1182~1-e02e3]:Read():wave-reader.cc:304) Expected 176256 bytes of wave data, but read only 175104 bytes. Truncated file?
VLOG[2] (compute-mfcc-feats[5.5.1182~1-e02e3]:main():compute-mfcc-feats.cc:182) Processed features for key common_voice_lt_27380218
WARNING (compute-mfcc-feats[5.5.1182~1-e02e3]:Read():wave-reader.cc:304) Expected 116352 bytes of wave data, but read only 115200 bytes. Truncated file?
VLOG[2] (compute-mfcc-feats[5.5.1182~1-e02e3]:main():compute-mfcc-feats.cc:182) Processed features for key common_voice_lt_27380220
WARNING (compute-mfcc-feats[5.5.1182~1-e02e3]:Read():wave-reader.cc:304) Expected 86400 bytes of wave data, but read only 85248 bytes. Truncated file?
VLOG[2] (compute-mfcc-feats[5.5.1182~1-e02e3]:main():compute-mfcc-feats.cc:182) Processed features for key common_voice_lt_27380223
WARNING (compute-mfcc-feats[5.5.1182~1-e02e3]:Read():wave-reader.cc:304) Expected 141696 bytes of wave data, but read only 140544 bytes. Truncated file?
VLOG[2] (compute-mfcc-feats[5.5.1182~1-e02e3]:main():compute-mfcc-feats.cc:182) Processed features for key common_voice_lt_27380226
WARNING (compute-mfcc-feats[5.5.1182~1-e02e3]:Read():wave-reader.cc:304) Expected 182016 bytes of wave data, but read only 180864 bytes. Truncated file?
VLOG[2] (compute-mfcc-feats[5.5.1182~1-e02e3]:main():compute-mfcc-feats.cc:182) Processed features for key common_voice_lt_27380252
WARNING (compute-mfcc-feats[5.5.1182~1-e02e3]:Read():wave-reader.cc:304) Expected 103680 bytes of wave data, but read only 102528 bytes. Truncated file?
VLOG[2] (compute-mfcc-feats[5.5.1182~1-e02e3]:main():compute-mfcc-feats.cc:182) Processed features for key common_voice_lt_27380253
WARNING (compute-mfcc-feats[5.5.1182~1-e02e3]:Read():wave-reader.cc:304) Expected 213120 bytes of wave data, but read only 211968 bytes. Truncated file?
LOG (compute-mfcc-feats[5.5.1182~1-e02e3]:main():compute-mfcc-feats.cc:181) Processed 1680 utterances
VLOG[2] (compute-mfcc-feats[5.5.1182~1-e02e3]:main():compute-mfcc-feats.cc:182) Processed features for key common_voice_lt_27380254
WARNING (compute-mfcc-feats[5.5.1182~1-e02e3]:Read():wave-reader.cc:304) Expected 191232 bytes of wave data, but read only 190080 bytes. Truncated file?
VLOG[2] (compute-mfcc-feats[5.5.1182~1-e02e3]:main():compute-mfcc-feats.cc:182) Processed features for key common_voice_lt_27380255
WARNING (compute-mfcc-feats[5.5.1182~1-e02e3]:Read():wave-reader.cc:304) Expected 164736 bytes of wave data, but read only 163584 bytes. Truncated file?
VLOG[2] (compute-mfcc-feats[5.5.1182~1-e02e3]:main():compute-mfcc-feats.cc:182) Processed features for key common_voice_lt_27380275
WARNING (compute-mfcc-feats[5.5.1182~1-e02e3]:Read():wave-reader.cc:304) Expected 220032 bytes of wave data, but read only 218880 bytes. Truncated file?
VLOG[2] (compute-mfcc-feats[5.5.1182~1-e02e3]:main():compute-mfcc-feats.cc:182) Processed features for key common_voice_lt_27380277
WARNING (compute-mfcc-feats[5.5.1182~1-e02e3]:Read():wave-reader.cc:304) Expected 141696 bytes of wave data, but read only 140544 bytes. Truncated file?
VLOG[2] (compute-mfcc-feats[5.5.1182~1-e02e3]:main():compute-mfcc-feats.cc:182) Processed features for key common_voice_lt_27380278
WARNING (compute-mfcc-feats[5.5.1182~1-e02e3]:Read():wave-reader.cc:304) Expected 141696 bytes of wave data, but read only 140544 bytes. Truncated file?
VLOG[2] (compute-mfcc-feats[5.5.1182~1-e02e3]:main():compute-mfcc-feats.cc:182) Processed features for key common_voice_lt_27380279
WARNING (compute-mfcc-feats[5.5.1182~1-e02e3]:Read():wave-reader.cc:304) Expected 233856 bytes of wave data, but read only 232704 bytes. Truncated file?
VLOG[2] (compute-mfcc-feats[5.5.1182~1-e02e3]:main():compute-mfcc-feats.cc:182) Processed features for key common_voice_lt_27380280
WARNING (compute-mfcc-feats[5.5.1182~1-e02e3]:Read():wave-reader.cc:304) Expected 179712 bytes of wave data, but read only 178560 bytes. Truncated file?
VLOG[2] (compute-mfcc-feats[5.5.1182~1-e02e3]:main():compute-mfcc-feats.cc:182) Processed features for key common_voice_lt_27380310
WARNING (compute-mfcc-feats[5.5.1182~1-e02e3]:Read():wave-reader.cc:304) Expected 141696 bytes of wave data, but read only 140544 bytes. Truncated file?
VLOG[2] (compute-mfcc-feats[5.5.1182~1-e02e3]:main():compute-mfcc-feats.cc:182) Processed features for key common_voice_lt_27380311
WARNING (compute-mfcc-feats[5.5.1182~1-e02e3]:Read():wave-reader.cc:304) Expected 334080 bytes of wave data, but read only 332928 bytes. Truncated file?
VLOG[2] (compute-mfcc-feats[5.5.1182~1-e02e3]:main():compute-mfcc-feats.cc:182) Processed features for key common_voice_lt_27380313
WARNING (compute-mfcc-feats[5.5.1182~1-e02e3]:Read():wave-reader.cc:304) Expected 95616 bytes of wave data, but read only 94464 bytes. Truncated file?
LOG (compute-mfcc-feats[5.5.1182~1-e02e3]:main():compute-mfcc-feats.cc:181) Processed 1690 utterances
VLOG[2] (compute-mfcc-feats[5.5.1182~1-e02e3]:main():compute-mfcc-feats.cc:182) Processed features for key common_voice_lt_27380314
WARNING (compute-mfcc-feats[5.5.1182~1-e02e3]:Read():wave-reader.cc:304) Expected 195840 bytes of wave data, but read only 194688 bytes. Truncated file?
VLOG[2] (compute-mfcc-feats[5.5.1182~1-e02e3]:main():compute-mfcc-feats.cc:182) Processed features for key common_voice_lt_27380315
WARNING (compute-mfcc-feats[5.5.1182~1-e02e3]:Read():wave-reader.cc:304) Expected 196992 bytes of wave data, but read only 195840 bytes. Truncated file?
VLOG[2] (compute-mfcc-feats[5.5.1182~1-e02e3]:main():compute-mfcc-feats.cc:182) Processed features for key common_voice_lt_27380337
WARNING (compute-mfcc-feats[5.5.1182~1-e02e3]:Read():wave-reader.cc:304) Expected 110592 bytes of wave data, but read only 109440 bytes. Truncated file?
VLOG[2] (compute-mfcc-feats[5.5.1182~1-e02e3]:main():compute-mfcc-feats.cc:182) Processed features for key common_voice_lt_27380338
WARNING (compute-mfcc-feats[5.5.1182~1-e02e3]:Read():wave-reader.cc:304) Expected 147456 bytes of wave data, but read only 146304 bytes. Truncated file?
VLOG[2] (compute-mfcc-feats[5.5.1182~1-e02e3]:main():compute-mfcc-feats.cc:182) Processed features for key common_voice_lt_27380339
WARNING (compute-mfcc-feats[5.5.1182~1-e02e3]:Read():wave-reader.cc:304) Expected 233856 bytes of wave data, but read only 232704 bytes. Truncated file?
VLOG[2] (compute-mfcc-feats[5.5.1182~1-e02e3]:main():compute-mfcc-feats.cc:182) Processed features for key common_voice_lt_27380340
WARNING (compute-mfcc-feats[5.5.1182~1-e02e3]:Read():wave-reader.cc:304) Expected 218880 bytes of wave data, but read only 217728 bytes. Truncated file?
VLOG[2] (compute-mfcc-feats[5.5.1182~1-e02e3]:main():compute-mfcc-feats.cc:182) Processed features for key common_voice_lt_27380341
WARNING (compute-mfcc-feats[5.5.1182~1-e02e3]:Read():wave-reader.cc:304) Expected 110592 bytes of wave data, but read only 109440 bytes. Truncated file?
VLOG[2] (compute-mfcc-feats[5.5.1182~1-e02e3]:main():compute-mfcc-feats.cc:182) Processed features for key common_voice_lt_27380377
WARNING (compute-mfcc-feats[5.5.1182~1-e02e3]:Read():wave-reader.cc:304) Expected 132480 bytes of wave data, but read only 131328 bytes. Truncated file?
VLOG[2] (compute-mfcc-feats[5.5.1182~1-e02e3]:main():compute-mfcc-feats.cc:182) Processed features for key common_voice_lt_27380378
WARNING (compute-mfcc-feats[5.5.1182~1-e02e3]:Read():wave-reader.cc:304) Expected 126720 bytes of wave data, but read only 125568 bytes. Truncated file?
VLOG[2] (compute-mfcc-feats[5.5.1182~1-e02e3]:main():compute-mfcc-feats.cc:182) Processed features for key common_voice_lt_27380379
WARNING (compute-mfcc-feats[5.5.1182~1-e02e3]:Read():wave-reader.cc:304) Expected 236160 bytes of wave data, but read only 235008 bytes. Truncated file?
LOG (compute-mfcc-feats[5.5.1182~1-e02e3]:main():compute-mfcc-feats.cc:181) Processed 1700 utterances
VLOG[2] (compute-mfcc-feats[5.5.1182~1-e02e3]:main():compute-mfcc-feats.cc:182) Processed features for key common_voice_lt_27380380
WARNING (compute-mfcc-feats[5.5.1182~1-e02e3]:Read():wave-reader.cc:304) Expected 168192 bytes of wave data, but read only 167040 bytes. Truncated file?
VLOG[2] (compute-mfcc-feats[5.5.1182~1-e02e3]:main():compute-mfcc-feats.cc:182) Processed features for key common_voice_lt_27380381
WARNING (compute-mfcc-feats[5.5.1182~1-e02e3]:Read():wave-reader.cc:304) Expected 184320 bytes of wave data, but read only 183168 bytes. Truncated file?
VLOG[2] (compute-mfcc-feats[5.5.1182~1-e02e3]:main():compute-mfcc-feats.cc:182) Processed features for key common_voice_lt_27380390
WARNING (compute-mfcc-feats[5.5.1182~1-e02e3]:Read():wave-reader.cc:304) Expected 162432 bytes of wave data, but read only 161280 bytes. Truncated file?
VLOG[2] (compute-mfcc-feats[5.5.1182~1-e02e3]:main():compute-mfcc-feats.cc:182) Processed features for key common_voice_lt_27380391
WARNING (compute-mfcc-feats[5.5.1182~1-e02e3]:Read():wave-reader.cc:304) Expected 132480 bytes of wave data, but read only 131328 bytes. Truncated file?
VLOG[2] (compute-mfcc-feats[5.5.1182~1-e02e3]:main():compute-mfcc-feats.cc:182) Processed features for key common_voice_lt_27380392
WARNING (compute-mfcc-feats[5.5.1182~1-e02e3]:Read():wave-reader.cc:304) Expected 153216 bytes of wave data, but read only 152064 bytes. Truncated file?
VLOG[2] (compute-mfcc-feats[5.5.1182~1-e02e3]:main():compute-mfcc-feats.cc:182) Processed features for key common_voice_lt_27380393
WARNING (compute-mfcc-feats[5.5.1182~1-e02e3]:Read():wave-reader.cc:304) Expected 156672 bytes of wave data, but read only 155520 bytes. Truncated file?
VLOG[2] (compute-mfcc-feats[5.5.1182~1-e02e3]:main():compute-mfcc-feats.cc:182) Processed features for key common_voice_lt_27380394
WARNING (compute-mfcc-feats[5.5.1182~1-e02e3]:Read():wave-reader.cc:304) Expected 168192 bytes of wave data, but read only 167040 bytes. Truncated file?
VLOG[2] (compute-mfcc-feats[5.5.1182~1-e02e3]:main():compute-mfcc-feats.cc:182) Processed features for key common_voice_lt_27380425
WARNING (compute-mfcc-feats[5.5.1182~1-e02e3]:Read():wave-reader.cc:304) Expected 193536 bytes of wave data, but read only 192384 bytes. Truncated file?
VLOG[2] (compute-mfcc-feats[5.5.1182~1-e02e3]:main():compute-mfcc-feats.cc:182) Processed features for key common_voice_lt_27380427
WARNING (compute-mfcc-feats[5.5.1182~1-e02e3]:Read():wave-reader.cc:304) Expected 144000 bytes of wave data, but read only 142848 bytes. Truncated file?
VLOG[2] (compute-mfcc-feats[5.5.1182~1-e02e3]:main():compute-mfcc-feats.cc:182) Processed features for key common_voice_lt_27380429
WARNING (compute-mfcc-feats[5.5.1182~1-e02e3]:Read():wave-reader.cc:304) Expected 161280 bytes of wave data, but read only 160128 bytes. Truncated file?
LOG (compute-mfcc-feats[5.5.1182~1-e02e3]:main():compute-mfcc-feats.cc:181) Processed 1710 utterances
VLOG[2] (compute-mfcc-feats[5.5.1182~1-e02e3]:main():compute-mfcc-feats.cc:182) Processed features for key common_voice_lt_27380430
WARNING (compute-mfcc-feats[5.5.1182~1-e02e3]:Read():wave-reader.cc:304) Expected 268416 bytes of wave data, but read only 267264 bytes. Truncated file?
VLOG[2] (compute-mfcc-feats[5.5.1182~1-e02e3]:main():compute-mfcc-feats.cc:182) Processed features for key common_voice_lt_27380432
WARNING (compute-mfcc-feats[5.5.1182~1-e02e3]:Read():wave-reader.cc:304) Expected 233856 bytes of wave data, but read only 232704 bytes. Truncated file?
VLOG[2] (compute-mfcc-feats[5.5.1182~1-e02e3]:main():compute-mfcc-feats.cc:182) Processed features for key common_voice_lt_27380454
WARNING (compute-mfcc-feats[5.5.1182~1-e02e3]:Read():wave-reader.cc:304) Expected 150912 bytes of wave data, but read only 149760 bytes. Truncated file?
VLOG[2] (compute-mfcc-feats[5.5.1182~1-e02e3]:main():compute-mfcc-feats.cc:182) Processed features for key common_voice_lt_27380455
WARNING (compute-mfcc-feats[5.5.1182~1-e02e3]:Read():wave-reader.cc:304) Expected 156672 bytes of wave data, but read only 155520 bytes. Truncated file?
VLOG[2] (compute-mfcc-feats[5.5.1182~1-e02e3]:main():compute-mfcc-feats.cc:182) Processed features for key common_voice_lt_27380457
WARNING (compute-mfcc-feats[5.5.1182~1-e02e3]:Read():wave-reader.cc:304) Expected 182016 bytes of wave data, but read only 180864 bytes. Truncated file?
VLOG[2] (compute-mfcc-feats[5.5.1182~1-e02e3]:main():compute-mfcc-feats.cc:182) Processed features for key common_voice_lt_27380460
WARNING (compute-mfcc-feats[5.5.1182~1-e02e3]:Read():wave-reader.cc:304) Expected 132480 bytes of wave data, but read only 131328 bytes. Truncated file?
VLOG[2] (compute-mfcc-feats[5.5.1182~1-e02e3]:main():compute-mfcc-feats.cc:182) Processed features for key common_voice_lt_27380461
WARNING (compute-mfcc-feats[5.5.1182~1-e02e3]:Read():wave-reader.cc:304) Expected 268416 bytes of wave data, but read only 267264 bytes. Truncated file?
VLOG[2] (compute-mfcc-feats[5.5.1182~1-e02e3]:main():compute-mfcc-feats.cc:182) Processed features for key common_voice_lt_27380499
WARNING (compute-mfcc-feats[5.5.1182~1-e02e3]:Read():wave-reader.cc:304) Expected 260352 bytes of wave data, but read only 259200 bytes. Truncated file?
VLOG[2] (compute-mfcc-feats[5.5.1182~1-e02e3]:main():compute-mfcc-feats.cc:182) Processed features for key common_voice_lt_27380500
WARNING (compute-mfcc-feats[5.5.1182~1-e02e3]:Read():wave-reader.cc:304) Expected 207360 bytes of wave data, but read only 206208 bytes. Truncated file?
VLOG[2] (compute-mfcc-feats[5.5.1182~1-e02e3]:main():compute-mfcc-feats.cc:182) Processed features for key common_voice_lt_27380501
WARNING (compute-mfcc-feats[5.5.1182~1-e02e3]:Read():wave-reader.cc:304) Expected 195840 bytes of wave data, but read only 194688 bytes. Truncated file?
LOG (compute-mfcc-feats[5.5.1182~1-e02e3]:main():compute-mfcc-feats.cc:181) Processed 1720 utterances
VLOG[2] (compute-mfcc-feats[5.5.1182~1-e02e3]:main():compute-mfcc-feats.cc:182) Processed features for key common_voice_lt_27380502
WARNING (compute-mfcc-feats[5.5.1182~1-e02e3]:Read():wave-reader.cc:304) Expected 124416 bytes of wave data, but read only 123264 bytes. Truncated file?
VLOG[2] (compute-mfcc-feats[5.5.1182~1-e02e3]:main():compute-mfcc-feats.cc:182) Processed features for key common_voice_lt_27380503
WARNING (compute-mfcc-feats[5.5.1182~1-e02e3]:Read():wave-reader.cc:304) Expected 178560 bytes of wave data, but read only 177408 bytes. Truncated file?
VLOG[2] (compute-mfcc-feats[5.5.1182~1-e02e3]:main():compute-mfcc-feats.cc:182) Processed features for key common_voice_lt_36949074
WARNING (compute-mfcc-feats[5.5.1182~1-e02e3]:Read():wave-reader.cc:304) Expected 213120 bytes of wave data, but read only 211968 bytes. Truncated file?
VLOG[2] (compute-mfcc-feats[5.5.1182~1-e02e3]:main():compute-mfcc-feats.cc:182) Processed features for key common_voice_lt_36949075
WARNING (compute-mfcc-feats[5.5.1182~1-e02e3]:Read():wave-reader.cc:304) Expected 196992 bytes of wave data, but read only 195840 bytes. Truncated file?
VLOG[2] (compute-mfcc-feats[5.5.1182~1-e02e3]:main():compute-mfcc-feats.cc:182) Processed features for key common_voice_lt_36949076
WARNING (compute-mfcc-feats[5.5.1182~1-e02e3]:Read():wave-reader.cc:304) Expected 254592 bytes of wave data, but read only 253440 bytes. Truncated file?
VLOG[2] (compute-mfcc-feats[5.5.1182~1-e02e3]:main():compute-mfcc-feats.cc:182) Processed features for key common_voice_lt_36949077
WARNING (compute-mfcc-feats[5.5.1182~1-e02e3]:Read():wave-reader.cc:304) Expected 241920 bytes of wave data, but read only 240768 bytes. Truncated file?
VLOG[2] (compute-mfcc-feats[5.5.1182~1-e02e3]:main():compute-mfcc-feats.cc:182) Processed features for key common_voice_lt_36949078
WARNING (compute-mfcc-feats[5.5.1182~1-e02e3]:Read():wave-reader.cc:304) Expected 187776 bytes of wave data, but read only 186624 bytes. Truncated file?
VLOG[2] (compute-mfcc-feats[5.5.1182~1-e02e3]:main():compute-mfcc-feats.cc:182) Processed features for key common_voice_lt_36952953
WARNING (compute-mfcc-feats[5.5.1182~1-e02e3]:Read():wave-reader.cc:304) Expected 222336 bytes of wave data, but read only 221184 bytes. Truncated file?
VLOG[2] (compute-mfcc-feats[5.5.1182~1-e02e3]:main():compute-mfcc-feats.cc:182) Processed features for key common_voice_lt_36952954
WARNING (compute-mfcc-feats[5.5.1182~1-e02e3]:Read():wave-reader.cc:304) Expected 264960 bytes of wave data, but read only 263808 bytes. Truncated file?
VLOG[2] (compute-mfcc-feats[5.5.1182~1-e02e3]:main():compute-mfcc-feats.cc:182) Processed features for key common_voice_lt_36952955
WARNING (compute-mfcc-feats[5.5.1182~1-e02e3]:Read():wave-reader.cc:304) Expected 241920 bytes of wave data, but read only 240768 bytes. Truncated file?
LOG (compute-mfcc-feats[5.5.1182~1-e02e3]:main():compute-mfcc-feats.cc:181) Processed 1730 utterances
VLOG[2] (compute-mfcc-feats[5.5.1182~1-e02e3]:main():compute-mfcc-feats.cc:182) Processed features for key common_voice_lt_36952956
WARNING (compute-mfcc-feats[5.5.1182~1-e02e3]:Read():wave-reader.cc:304) Expected 156672 bytes of wave data, but read only 155520 bytes. Truncated file?
VLOG[2] (compute-mfcc-feats[5.5.1182~1-e02e3]:main():compute-mfcc-feats.cc:182) Processed features for key common_voice_lt_36952963
WARNING (compute-mfcc-feats[5.5.1182~1-e02e3]:Read():wave-reader.cc:304) Expected 145152 bytes of wave data, but read only 144000 bytes. Truncated file?
VLOG[2] (compute-mfcc-feats[5.5.1182~1-e02e3]:main():compute-mfcc-feats.cc:182) Processed features for key common_voice_lt_36952964
WARNING (compute-mfcc-feats[5.5.1182~1-e02e3]:Read():wave-reader.cc:304) Expected 202752 bytes of wave data, but read only 201600 bytes. Truncated file?
VLOG[2] (compute-mfcc-feats[5.5.1182~1-e02e3]:main():compute-mfcc-feats.cc:182) Processed features for key common_voice_lt_36952965
WARNING (compute-mfcc-feats[5.5.1182~1-e02e3]:Read():wave-reader.cc:304) Expected 162432 bytes of wave data, but read only 161280 bytes. Truncated file?
VLOG[2] (compute-mfcc-feats[5.5.1182~1-e02e3]:main():compute-mfcc-feats.cc:182) Processed features for key common_voice_lt_36952966
WARNING (compute-mfcc-feats[5.5.1182~1-e02e3]:Read():wave-reader.cc:304) Expected 173952 bytes of wave data, but read only 172800 bytes. Truncated file?
VLOG[2] (compute-mfcc-feats[5.5.1182~1-e02e3]:main():compute-mfcc-feats.cc:182) Processed features for key common_voice_lt_36952967
WARNING (compute-mfcc-feats[5.5.1182~1-e02e3]:Read():wave-reader.cc:304) Expected 268416 bytes of wave data, but read only 267264 bytes. Truncated file?
VLOG[2] (compute-mfcc-feats[5.5.1182~1-e02e3]:main():compute-mfcc-feats.cc:182) Processed features for key common_voice_lt_36952973
WARNING (compute-mfcc-feats[5.5.1182~1-e02e3]:Read():wave-reader.cc:304) Expected 162432 bytes of wave data, but read only 161280 bytes. Truncated file?
VLOG[2] (compute-mfcc-feats[5.5.1182~1-e02e3]:main():compute-mfcc-feats.cc:182) Processed features for key common_voice_lt_36952974
WARNING (compute-mfcc-feats[5.5.1182~1-e02e3]:Read():wave-reader.cc:304) Expected 225792 bytes of wave data, but read only 224640 bytes. Truncated file?
VLOG[2] (compute-mfcc-feats[5.5.1182~1-e02e3]:main():compute-mfcc-feats.cc:182) Processed features for key common_voice_lt_36952975
WARNING (compute-mfcc-feats[5.5.1182~1-e02e3]:Read():wave-reader.cc:304) Expected 127872 bytes of wave data, but read only 126720 bytes. Truncated file?
VLOG[2] (compute-mfcc-feats[5.5.1182~1-e02e3]:main():compute-mfcc-feats.cc:182) Processed features for key common_voice_lt_36952976
WARNING (compute-mfcc-feats[5.5.1182~1-e02e3]:Read():wave-reader.cc:304) Expected 161280 bytes of wave data, but read only 160128 bytes. Truncated file?
LOG (compute-mfcc-feats[5.5.1182~1-e02e3]:main():compute-mfcc-feats.cc:181) Processed 1740 utterances
VLOG[2] (compute-mfcc-feats[5.5.1182~1-e02e3]:main():compute-mfcc-feats.cc:182) Processed features for key common_voice_lt_36952977
WARNING (compute-mfcc-feats[5.5.1182~1-e02e3]:Read():wave-reader.cc:304) Expected 179712 bytes of wave data, but read only 178560 bytes. Truncated file?
VLOG[2] (compute-mfcc-feats[5.5.1182~1-e02e3]:main():compute-mfcc-feats.cc:182) Processed features for key common_voice_lt_36952983
WARNING (compute-mfcc-feats[5.5.1182~1-e02e3]:Read():wave-reader.cc:304) Expected 248832 bytes of wave data, but read only 247680 bytes. Truncated file?
VLOG[2] (compute-mfcc-feats[5.5.1182~1-e02e3]:main():compute-mfcc-feats.cc:182) Processed features for key common_voice_lt_36952984
WARNING (compute-mfcc-feats[5.5.1182~1-e02e3]:Read():wave-reader.cc:304) Expected 196992 bytes of wave data, but read only 195840 bytes. Truncated file?
VLOG[2] (compute-mfcc-feats[5.5.1182~1-e02e3]:main():compute-mfcc-feats.cc:182) Processed features for key common_voice_lt_36952985
WARNING (compute-mfcc-feats[5.5.1182~1-e02e3]:Read():wave-reader.cc:304) Expected 138240 bytes of wave data, but read only 137088 bytes. Truncated file?
VLOG[2] (compute-mfcc-feats[5.5.1182~1-e02e3]:main():compute-mfcc-feats.cc:182) Processed features for key common_voice_lt_36952986
WARNING (compute-mfcc-feats[5.5.1182~1-e02e3]:Read():wave-reader.cc:304) Expected 187776 bytes of wave data, but read only 186624 bytes. Truncated file?
VLOG[2] (compute-mfcc-feats[5.5.1182~1-e02e3]:main():compute-mfcc-feats.cc:182) Processed features for key common_voice_lt_36952987
WARNING (compute-mfcc-feats[5.5.1182~1-e02e3]:Read():wave-reader.cc:304) Expected 156672 bytes of wave data, but read only 155520 bytes. Truncated file?
VLOG[2] (compute-mfcc-feats[5.5.1182~1-e02e3]:main():compute-mfcc-feats.cc:182) Processed features for key common_voice_lt_36952993
WARNING (compute-mfcc-feats[5.5.1182~1-e02e3]:Read():wave-reader.cc:304) Expected 274176 bytes of wave data, but read only 273024 bytes. Truncated file?
VLOG[2] (compute-mfcc-feats[5.5.1182~1-e02e3]:main():compute-mfcc-feats.cc:182) Processed features for key common_voice_lt_36952994
WARNING (compute-mfcc-feats[5.5.1182~1-e02e3]:Read():wave-reader.cc:304) Expected 104832 bytes of wave data, but read only 103680 bytes. Truncated file?
VLOG[2] (compute-mfcc-feats[5.5.1182~1-e02e3]:main():compute-mfcc-feats.cc:182) Processed features for key common_voice_lt_36952995
WARNING (compute-mfcc-feats[5.5.1182~1-e02e3]:Read():wave-reader.cc:304) Expected 150912 bytes of wave data, but read only 149760 bytes. Truncated file?
VLOG[2] (compute-mfcc-feats[5.5.1182~1-e02e3]:main():compute-mfcc-feats.cc:182) Processed features for key common_voice_lt_36952996
WARNING (compute-mfcc-feats[5.5.1182~1-e02e3]:Read():wave-reader.cc:304) Expected 109440 bytes of wave data, but read only 108288 bytes. Truncated file?
LOG (compute-mfcc-feats[5.5.1182~1-e02e3]:main():compute-mfcc-feats.cc:181) Processed 1750 utterances
VLOG[2] (compute-mfcc-feats[5.5.1182~1-e02e3]:main():compute-mfcc-feats.cc:182) Processed features for key common_voice_lt_36952997
WARNING (compute-mfcc-feats[5.5.1182~1-e02e3]:Read():wave-reader.cc:304) Expected 185472 bytes of wave data, but read only 184320 bytes. Truncated file?
VLOG[2] (compute-mfcc-feats[5.5.1182~1-e02e3]:main():compute-mfcc-feats.cc:182) Processed features for key common_voice_lt_36952998
WARNING (compute-mfcc-feats[5.5.1182~1-e02e3]:Read():wave-reader.cc:304) Expected 184320 bytes of wave data, but read only 183168 bytes. Truncated file?
VLOG[2] (compute-mfcc-feats[5.5.1182~1-e02e3]:main():compute-mfcc-feats.cc:182) Processed features for key common_voice_lt_36952999
WARNING (compute-mfcc-feats[5.5.1182~1-e02e3]:Read():wave-reader.cc:304) Expected 191232 bytes of wave data, but read only 190080 bytes. Truncated file?
VLOG[2] (compute-mfcc-feats[5.5.1182~1-e02e3]:main():compute-mfcc-feats.cc:182) Processed features for key common_voice_lt_36953000
WARNING (compute-mfcc-feats[5.5.1182~1-e02e3]:Read():wave-reader.cc:304) Expected 115200 bytes of wave data, but read only 114048 bytes. Truncated file?
VLOG[2] (compute-mfcc-feats[5.5.1182~1-e02e3]:main():compute-mfcc-feats.cc:182) Processed features for key common_voice_lt_36953001
WARNING (compute-mfcc-feats[5.5.1182~1-e02e3]:Read():wave-reader.cc:304) Expected 168192 bytes of wave data, but read only 167040 bytes. Truncated file?
VLOG[2] (compute-mfcc-feats[5.5.1182~1-e02e3]:main():compute-mfcc-feats.cc:182) Processed features for key common_voice_lt_36953002
WARNING (compute-mfcc-feats[5.5.1182~1-e02e3]:Read():wave-reader.cc:304) Expected 141696 bytes of wave data, but read only 140544 bytes. Truncated file?
VLOG[2] (compute-mfcc-feats[5.5.1182~1-e02e3]:main():compute-mfcc-feats.cc:182) Processed features for key common_voice_lt_36953013
WARNING (compute-mfcc-feats[5.5.1182~1-e02e3]:Read():wave-reader.cc:304) Expected 208512 bytes of wave data, but read only 207360 bytes. Truncated file?
VLOG[2] (compute-mfcc-feats[5.5.1182~1-e02e3]:main():compute-mfcc-feats.cc:182) Processed features for key common_voice_lt_36953014
WARNING (compute-mfcc-feats[5.5.1182~1-e02e3]:Read():wave-reader.cc:304) Expected 184320 bytes of wave data, but read only 183168 bytes. Truncated file?
VLOG[2] (compute-mfcc-feats[5.5.1182~1-e02e3]:main():compute-mfcc-feats.cc:182) Processed features for key common_voice_lt_36953015
WARNING (compute-mfcc-feats[5.5.1182~1-e02e3]:Read():wave-reader.cc:304) Expected 305280 bytes of wave data, but read only 304128 bytes. Truncated file?
VLOG[2] (compute-mfcc-feats[5.5.1182~1-e02e3]:main():compute-mfcc-feats.cc:182) Processed features for key common_voice_lt_36953016
WARNING (compute-mfcc-feats[5.5.1182~1-e02e3]:Read():wave-reader.cc:304) Expected 218880 bytes of wave data, but read only 217728 bytes. Truncated file?
LOG (compute-mfcc-feats[5.5.1182~1-e02e3]:main():compute-mfcc-feats.cc:181) Processed 1760 utterances
VLOG[2] (compute-mfcc-feats[5.5.1182~1-e02e3]:main():compute-mfcc-feats.cc:182) Processed features for key common_voice_lt_36953017
WARNING (compute-mfcc-feats[5.5.1182~1-e02e3]:Read():wave-reader.cc:304) Expected 112896 bytes of wave data, but read only 111744 bytes. Truncated file?
VLOG[2] (compute-mfcc-feats[5.5.1182~1-e02e3]:main():compute-mfcc-feats.cc:182) Processed features for key common_voice_lt_36953028
WARNING (compute-mfcc-feats[5.5.1182~1-e02e3]:Read():wave-reader.cc:304) Expected 187776 bytes of wave data, but read only 186624 bytes. Truncated file?
VLOG[2] (compute-mfcc-feats[5.5.1182~1-e02e3]:main():compute-mfcc-feats.cc:182) Processed features for key common_voice_lt_36953029
WARNING (compute-mfcc-feats[5.5.1182~1-e02e3]:Read():wave-reader.cc:304) Expected 172800 bytes of wave data, but read only 171648 bytes. Truncated file?
VLOG[2] (compute-mfcc-feats[5.5.1182~1-e02e3]:main():compute-mfcc-feats.cc:182) Processed features for key common_voice_lt_36953030
WARNING (compute-mfcc-feats[5.5.1182~1-e02e3]:Read():wave-reader.cc:304) Expected 199296 bytes of wave data, but read only 198144 bytes. Truncated file?
VLOG[2] (compute-mfcc-feats[5.5.1182~1-e02e3]:main():compute-mfcc-feats.cc:182) Processed features for key common_voice_lt_36953031
WARNING (compute-mfcc-feats[5.5.1182~1-e02e3]:Read():wave-reader.cc:304) Expected 179712 bytes of wave data, but read only 178560 bytes. Truncated file?
VLOG[2] (compute-mfcc-feats[5.5.1182~1-e02e3]:main():compute-mfcc-feats.cc:182) Processed features for key common_voice_lt_36953032
WARNING (compute-mfcc-feats[5.5.1182~1-e02e3]:Read():wave-reader.cc:304) Expected 104832 bytes of wave data, but read only 103680 bytes. Truncated file?
VLOG[2] (compute-mfcc-feats[5.5.1182~1-e02e3]:main():compute-mfcc-feats.cc:182) Processed features for key common_voice_lt_36953039
WARNING (compute-mfcc-feats[5.5.1182~1-e02e3]:Read():wave-reader.cc:304) Expected 173952 bytes of wave data, but read only 172800 bytes. Truncated file?
VLOG[2] (compute-mfcc-feats[5.5.1182~1-e02e3]:main():compute-mfcc-feats.cc:182) Processed features for key common_voice_lt_36953040
WARNING (compute-mfcc-feats[5.5.1182~1-e02e3]:Read():wave-reader.cc:304) Expected 201600 bytes of wave data, but read only 200448 bytes. Truncated file?
VLOG[2] (compute-mfcc-feats[5.5.1182~1-e02e3]:main():compute-mfcc-feats.cc:182) Processed features for key common_voice_lt_36953041
WARNING (compute-mfcc-feats[5.5.1182~1-e02e3]:Read():wave-reader.cc:304) Expected 172800 bytes of wave data, but read only 171648 bytes. Truncated file?
VLOG[2] (compute-mfcc-feats[5.5.1182~1-e02e3]:main():compute-mfcc-feats.cc:182) Processed features for key common_voice_lt_36953042
WARNING (compute-mfcc-feats[5.5.1182~1-e02e3]:Read():wave-reader.cc:304) Expected 156672 bytes of wave data, but read only 155520 bytes. Truncated file?
LOG (compute-mfcc-feats[5.5.1182~1-e02e3]:main():compute-mfcc-feats.cc:181) Processed 1770 utterances
VLOG[2] (compute-mfcc-feats[5.5.1182~1-e02e3]:main():compute-mfcc-feats.cc:182) Processed features for key common_voice_lt_36953048
WARNING (compute-mfcc-feats[5.5.1182~1-e02e3]:Read():wave-reader.cc:304) Expected 101376 bytes of wave data, but read only 100224 bytes. Truncated file?
VLOG[2] (compute-mfcc-feats[5.5.1182~1-e02e3]:main():compute-mfcc-feats.cc:182) Processed features for key common_voice_lt_36953049
WARNING (compute-mfcc-feats[5.5.1182~1-e02e3]:Read():wave-reader.cc:304) Expected 124416 bytes of wave data, but read only 123264 bytes. Truncated file?
VLOG[2] (compute-mfcc-feats[5.5.1182~1-e02e3]:main():compute-mfcc-feats.cc:182) Processed features for key common_voice_lt_36953050
WARNING (compute-mfcc-feats[5.5.1182~1-e02e3]:Read():wave-reader.cc:304) Expected 116352 bytes of wave data, but read only 115200 bytes. Truncated file?
VLOG[2] (compute-mfcc-feats[5.5.1182~1-e02e3]:main():compute-mfcc-feats.cc:182) Processed features for key common_voice_lt_36953051
WARNING (compute-mfcc-feats[5.5.1182~1-e02e3]:Read():wave-reader.cc:304) Expected 259200 bytes of wave data, but read only 258048 bytes. Truncated file?
VLOG[2] (compute-mfcc-feats[5.5.1182~1-e02e3]:main():compute-mfcc-feats.cc:182) Processed features for key common_voice_lt_36953052
WARNING (compute-mfcc-feats[5.5.1182~1-e02e3]:Read():wave-reader.cc:304) Expected 172800 bytes of wave data, but read only 171648 bytes. Truncated file?
VLOG[2] (compute-mfcc-feats[5.5.1182~1-e02e3]:main():compute-mfcc-feats.cc:182) Processed features for key common_voice_lt_36953058
WARNING (compute-mfcc-feats[5.5.1182~1-e02e3]:Read():wave-reader.cc:304) Expected 214272 bytes of wave data, but read only 213120 bytes. Truncated file?
VLOG[2] (compute-mfcc-feats[5.5.1182~1-e02e3]:main():compute-mfcc-feats.cc:182) Processed features for key common_voice_lt_36953059
WARNING (compute-mfcc-feats[5.5.1182~1-e02e3]:Read():wave-reader.cc:304) Expected 225792 bytes of wave data, but read only 224640 bytes. Truncated file?
VLOG[2] (compute-mfcc-feats[5.5.1182~1-e02e3]:main():compute-mfcc-feats.cc:182) Processed features for key common_voice_lt_36953060
WARNING (compute-mfcc-feats[5.5.1182~1-e02e3]:Read():wave-reader.cc:304) Expected 139392 bytes of wave data, but read only 138240 bytes. Truncated file?
VLOG[2] (compute-mfcc-feats[5.5.1182~1-e02e3]:main():compute-mfcc-feats.cc:182) Processed features for key common_voice_lt_36953061
WARNING (compute-mfcc-feats[5.5.1182~1-e02e3]:Read():wave-reader.cc:304) Expected 130176 bytes of wave data, but read only 129024 bytes. Truncated file?
VLOG[2] (compute-mfcc-feats[5.5.1182~1-e02e3]:main():compute-mfcc-feats.cc:182) Processed features for key common_voice_lt_36953062
WARNING (compute-mfcc-feats[5.5.1182~1-e02e3]:Read():wave-reader.cc:304) Expected 149760 bytes of wave data, but read only 148608 bytes. Truncated file?
LOG (compute-mfcc-feats[5.5.1182~1-e02e3]:main():compute-mfcc-feats.cc:181) Processed 1780 utterances
VLOG[2] (compute-mfcc-feats[5.5.1182~1-e02e3]:main():compute-mfcc-feats.cc:182) Processed features for key common_voice_lt_36953063
WARNING (compute-mfcc-feats[5.5.1182~1-e02e3]:Read():wave-reader.cc:304) Expected 150912 bytes of wave data, but read only 149760 bytes. Truncated file?
VLOG[2] (compute-mfcc-feats[5.5.1182~1-e02e3]:main():compute-mfcc-feats.cc:182) Processed features for key common_voice_lt_36953064
WARNING (compute-mfcc-feats[5.5.1182~1-e02e3]:Read():wave-reader.cc:304) Expected 126720 bytes of wave data, but read only 125568 bytes. Truncated file?
VLOG[2] (compute-mfcc-feats[5.5.1182~1-e02e3]:main():compute-mfcc-feats.cc:182) Processed features for key common_voice_lt_36953065
WARNING (compute-mfcc-feats[5.5.1182~1-e02e3]:Read():wave-reader.cc:304) Expected 124416 bytes of wave data, but read only 123264 bytes. Truncated file?
VLOG[2] (compute-mfcc-feats[5.5.1182~1-e02e3]:main():compute-mfcc-feats.cc:182) Processed features for key common_voice_lt_36953066
WARNING (compute-mfcc-feats[5.5.1182~1-e02e3]:Read():wave-reader.cc:304) Expected 274176 bytes of wave data, but read only 273024 bytes. Truncated file?
VLOG[2] (compute-mfcc-feats[5.5.1182~1-e02e3]:main():compute-mfcc-feats.cc:182) Processed features for key common_voice_lt_36953067
WARNING (compute-mfcc-feats[5.5.1182~1-e02e3]:Read():wave-reader.cc:304) Expected 207360 bytes of wave data, but read only 206208 bytes. Truncated file?
VLOG[2] (compute-mfcc-feats[5.5.1182~1-e02e3]:main():compute-mfcc-feats.cc:182) Processed features for key common_voice_lt_36953068
WARNING (compute-mfcc-feats[5.5.1182~1-e02e3]:Read():wave-reader.cc:304) Expected 127872 bytes of wave data, but read only 126720 bytes. Truncated file?
VLOG[2] (compute-mfcc-feats[5.5.1182~1-e02e3]:main():compute-mfcc-feats.cc:182) Processed features for key common_voice_lt_36953069
WARNING (compute-mfcc-feats[5.5.1182~1-e02e3]:Read():wave-reader.cc:304) Expected 130176 bytes of wave data, but read only 129024 bytes. Truncated file?
VLOG[2] (compute-mfcc-feats[5.5.1182~1-e02e3]:main():compute-mfcc-feats.cc:182) Processed features for key common_voice_lt_36953070
WARNING (compute-mfcc-feats[5.5.1182~1-e02e3]:Read():wave-reader.cc:304) Expected 145152 bytes of wave data, but read only 144000 bytes. Truncated file?
VLOG[2] (compute-mfcc-feats[5.5.1182~1-e02e3]:main():compute-mfcc-feats.cc:182) Processed features for key common_voice_lt_36953071
WARNING (compute-mfcc-feats[5.5.1182~1-e02e3]:Read():wave-reader.cc:304) Expected 172800 bytes of wave data, but read only 171648 bytes. Truncated file?
VLOG[2] (compute-mfcc-feats[5.5.1182~1-e02e3]:main():compute-mfcc-feats.cc:182) Processed features for key common_voice_lt_36953072
WARNING (compute-mfcc-feats[5.5.1182~1-e02e3]:Read():wave-reader.cc:304) Expected 116352 bytes of wave data, but read only 115200 bytes. Truncated file?
LOG (compute-mfcc-feats[5.5.1182~1-e02e3]:main():compute-mfcc-feats.cc:181) Processed 1790 utterances
VLOG[2] (compute-mfcc-feats[5.5.1182~1-e02e3]:main():compute-mfcc-feats.cc:182) Processed features for key common_voice_lt_36953073
WARNING (compute-mfcc-feats[5.5.1182~1-e02e3]:Read():wave-reader.cc:304) Expected 158976 bytes of wave data, but read only 157824 bytes. Truncated file?
VLOG[2] (compute-mfcc-feats[5.5.1182~1-e02e3]:main():compute-mfcc-feats.cc:182) Processed features for key common_voice_lt_36953074
WARNING (compute-mfcc-feats[5.5.1182~1-e02e3]:Read():wave-reader.cc:304) Expected 179712 bytes of wave data, but read only 178560 bytes. Truncated file?
VLOG[2] (compute-mfcc-feats[5.5.1182~1-e02e3]:main():compute-mfcc-feats.cc:182) Processed features for key common_voice_lt_36953075
WARNING (compute-mfcc-feats[5.5.1182~1-e02e3]:Read():wave-reader.cc:304) Expected 147456 bytes of wave data, but read only 146304 bytes. Truncated file?
VLOG[2] (compute-mfcc-feats[5.5.1182~1-e02e3]:main():compute-mfcc-feats.cc:182) Processed features for key common_voice_lt_36953076
WARNING (compute-mfcc-feats[5.5.1182~1-e02e3]:Read():wave-reader.cc:304) Expected 222336 bytes of wave data, but read only 221184 bytes. Truncated file?
VLOG[2] (compute-mfcc-feats[5.5.1182~1-e02e3]:main():compute-mfcc-feats.cc:182) Processed features for key common_voice_lt_36953077
WARNING (compute-mfcc-feats[5.5.1182~1-e02e3]:Read():wave-reader.cc:304) Expected 155520 bytes of wave data, but read only 154368 bytes. Truncated file?
VLOG[2] (compute-mfcc-feats[5.5.1182~1-e02e3]:main():compute-mfcc-feats.cc:182) Processed features for key common_voice_lt_36953078
WARNING (compute-mfcc-feats[5.5.1182~1-e02e3]:Read():wave-reader.cc:304) Expected 225792 bytes of wave data, but read only 224640 bytes. Truncated file?
VLOG[2] (compute-mfcc-feats[5.5.1182~1-e02e3]:main():compute-mfcc-feats.cc:182) Processed features for key common_voice_lt_36953079
WARNING (compute-mfcc-feats[5.5.1182~1-e02e3]:Read():wave-reader.cc:304) Expected 110592 bytes of wave data, but read only 109440 bytes. Truncated file?
VLOG[2] (compute-mfcc-feats[5.5.1182~1-e02e3]:main():compute-mfcc-feats.cc:182) Processed features for key common_voice_lt_36953080
WARNING (compute-mfcc-feats[5.5.1182~1-e02e3]:Read():wave-reader.cc:304) Expected 126720 bytes of wave data, but read only 125568 bytes. Truncated file?
VLOG[2] (compute-mfcc-feats[5.5.1182~1-e02e3]:main():compute-mfcc-feats.cc:182) Processed features for key common_voice_lt_36953081
WARNING (compute-mfcc-feats[5.5.1182~1-e02e3]:Read():wave-reader.cc:304) Expected 164736 bytes of wave data, but read only 163584 bytes. Truncated file?
VLOG[2] (compute-mfcc-feats[5.5.1182~1-e02e3]:main():compute-mfcc-feats.cc:182) Processed features for key common_voice_lt_36953082
WARNING (compute-mfcc-feats[5.5.1182~1-e02e3]:Read():wave-reader.cc:304) Expected 120960 bytes of wave data, but read only 119808 bytes. Truncated file?
LOG (compute-mfcc-feats[5.5.1182~1-e02e3]:main():compute-mfcc-feats.cc:181) Processed 1800 utterances
VLOG[2] (compute-mfcc-feats[5.5.1182~1-e02e3]:main():compute-mfcc-feats.cc:182) Processed features for key common_voice_lt_36953083
WARNING (compute-mfcc-feats[5.5.1182~1-e02e3]:Read():wave-reader.cc:304) Expected 145152 bytes of wave data, but read only 144000 bytes. Truncated file?
VLOG[2] (compute-mfcc-feats[5.5.1182~1-e02e3]:main():compute-mfcc-feats.cc:182) Processed features for key common_voice_lt_36953084
WARNING (compute-mfcc-feats[5.5.1182~1-e02e3]:Read():wave-reader.cc:304) Expected 216576 bytes of wave data, but read only 215424 bytes. Truncated file?
VLOG[2] (compute-mfcc-feats[5.5.1182~1-e02e3]:main():compute-mfcc-feats.cc:182) Processed features for key common_voice_lt_36953085
WARNING (compute-mfcc-feats[5.5.1182~1-e02e3]:Read():wave-reader.cc:304) Expected 195840 bytes of wave data, but read only 194688 bytes. Truncated file?
VLOG[2] (compute-mfcc-feats[5.5.1182~1-e02e3]:main():compute-mfcc-feats.cc:182) Processed features for key common_voice_lt_36953086
WARNING (compute-mfcc-feats[5.5.1182~1-e02e3]:Read():wave-reader.cc:304) Expected 150912 bytes of wave data, but read only 149760 bytes. Truncated file?
VLOG[2] (compute-mfcc-feats[5.5.1182~1-e02e3]:main():compute-mfcc-feats.cc:182) Processed features for key common_voice_lt_36953087
WARNING (compute-mfcc-feats[5.5.1182~1-e02e3]:Read():wave-reader.cc:304) Expected 187776 bytes of wave data, but read only 186624 bytes. Truncated file?
VLOG[2] (compute-mfcc-feats[5.5.1182~1-e02e3]:main():compute-mfcc-feats.cc:182) Processed features for key common_voice_lt_36953088
WARNING (compute-mfcc-feats[5.5.1182~1-e02e3]:Read():wave-reader.cc:304) Expected 115200 bytes of wave data, but read only 114048 bytes. Truncated file?
VLOG[2] (compute-mfcc-feats[5.5.1182~1-e02e3]:main():compute-mfcc-feats.cc:182) Processed features for key common_voice_lt_36953089
WARNING (compute-mfcc-feats[5.5.1182~1-e02e3]:Read():wave-reader.cc:304) Expected 107136 bytes of wave data, but read only 105984 bytes. Truncated file?
VLOG[2] (compute-mfcc-feats[5.5.1182~1-e02e3]:main():compute-mfcc-feats.cc:182) Processed features for key common_voice_lt_36953090
WARNING (compute-mfcc-feats[5.5.1182~1-e02e3]:Read():wave-reader.cc:304) Expected 112896 bytes of wave data, but read only 111744 bytes. Truncated file?
VLOG[2] (compute-mfcc-feats[5.5.1182~1-e02e3]:main():compute-mfcc-feats.cc:182) Processed features for key common_voice_lt_36953091
WARNING (compute-mfcc-feats[5.5.1182~1-e02e3]:Read():wave-reader.cc:304) Expected 170496 bytes of wave data, but read only 169344 bytes. Truncated file?
VLOG[2] (compute-mfcc-feats[5.5.1182~1-e02e3]:main():compute-mfcc-feats.cc:182) Processed features for key common_voice_lt_36953092
WARNING (compute-mfcc-feats[5.5.1182~1-e02e3]:Read():wave-reader.cc:304) Expected 196992 bytes of wave data, but read only 195840 bytes. Truncated file?
LOG (compute-mfcc-feats[5.5.1182~1-e02e3]:main():compute-mfcc-feats.cc:181) Processed 1810 utterances
VLOG[2] (compute-mfcc-feats[5.5.1182~1-e02e3]:main():compute-mfcc-feats.cc:182) Processed features for key common_voice_lt_36953093
WARNING (compute-mfcc-feats[5.5.1182~1-e02e3]:Read():wave-reader.cc:304) Expected 138240 bytes of wave data, but read only 137088 bytes. Truncated file?
VLOG[2] (compute-mfcc-feats[5.5.1182~1-e02e3]:main():compute-mfcc-feats.cc:182) Processed features for key common_voice_lt_36953094
WARNING (compute-mfcc-feats[5.5.1182~1-e02e3]:Read():wave-reader.cc:304) Expected 202752 bytes of wave data, but read only 201600 bytes. Truncated file?
VLOG[2] (compute-mfcc-feats[5.5.1182~1-e02e3]:main():compute-mfcc-feats.cc:182) Processed features for key common_voice_lt_36953095
WARNING (compute-mfcc-feats[5.5.1182~1-e02e3]:Read():wave-reader.cc:304) Expected 184320 bytes of wave data, but read only 183168 bytes. Truncated file?
VLOG[2] (compute-mfcc-feats[5.5.1182~1-e02e3]:main():compute-mfcc-feats.cc:182) Processed features for key common_voice_lt_36953096
WARNING (compute-mfcc-feats[5.5.1182~1-e02e3]:Read():wave-reader.cc:304) Expected 135936 bytes of wave data, but read only 134784 bytes. Truncated file?
VLOG[2] (compute-mfcc-feats[5.5.1182~1-e02e3]:main():compute-mfcc-feats.cc:182) Processed features for key common_voice_lt_36953132
WARNING (compute-mfcc-feats[5.5.1182~1-e02e3]:Read():wave-reader.cc:304) Expected 172800 bytes of wave data, but read only 171648 bytes. Truncated file?
VLOG[2] (compute-mfcc-feats[5.5.1182~1-e02e3]:main():compute-mfcc-feats.cc:182) Processed features for key common_voice_lt_36953133
WARNING (compute-mfcc-feats[5.5.1182~1-e02e3]:Read():wave-reader.cc:304) Expected 173952 bytes of wave data, but read only 172800 bytes. Truncated file?
VLOG[2] (compute-mfcc-feats[5.5.1182~1-e02e3]:main():compute-mfcc-feats.cc:182) Processed features for key common_voice_lt_36953134
WARNING (compute-mfcc-feats[5.5.1182~1-e02e3]:Read():wave-reader.cc:304) Expected 236160 bytes of wave data, but read only 235008 bytes. Truncated file?
VLOG[2] (compute-mfcc-feats[5.5.1182~1-e02e3]:main():compute-mfcc-feats.cc:182) Processed features for key common_voice_lt_36953135
WARNING (compute-mfcc-feats[5.5.1182~1-e02e3]:Read():wave-reader.cc:304) Expected 195840 bytes of wave data, but read only 194688 bytes. Truncated file?
VLOG[2] (compute-mfcc-feats[5.5.1182~1-e02e3]:main():compute-mfcc-feats.cc:182) Processed features for key common_voice_lt_36953136
WARNING (compute-mfcc-feats[5.5.1182~1-e02e3]:Read():wave-reader.cc:304) Expected 185472 bytes of wave data, but read only 184320 bytes. Truncated file?
VLOG[2] (compute-mfcc-feats[5.5.1182~1-e02e3]:main():compute-mfcc-feats.cc:182) Processed features for key common_voice_lt_36953147
WARNING (compute-mfcc-feats[5.5.1182~1-e02e3]:Read():wave-reader.cc:304) Expected 153216 bytes of wave data, but read only 152064 bytes. Truncated file?
LOG (compute-mfcc-feats[5.5.1182~1-e02e3]:main():compute-mfcc-feats.cc:181) Processed 1820 utterances
VLOG[2] (compute-mfcc-feats[5.5.1182~1-e02e3]:main():compute-mfcc-feats.cc:182) Processed features for key common_voice_lt_36953148
WARNING (compute-mfcc-feats[5.5.1182~1-e02e3]:Read():wave-reader.cc:304) Expected 153216 bytes of wave data, but read only 152064 bytes. Truncated file?
VLOG[2] (compute-mfcc-feats[5.5.1182~1-e02e3]:main():compute-mfcc-feats.cc:182) Processed features for key common_voice_lt_36953149
WARNING (compute-mfcc-feats[5.5.1182~1-e02e3]:Read():wave-reader.cc:304) Expected 199296 bytes of wave data, but read only 198144 bytes. Truncated file?
VLOG[2] (compute-mfcc-feats[5.5.1182~1-e02e3]:main():compute-mfcc-feats.cc:182) Processed features for key common_voice_lt_36953150
WARNING (compute-mfcc-feats[5.5.1182~1-e02e3]:Read():wave-reader.cc:304) Expected 147456 bytes of wave data, but read only 146304 bytes. Truncated file?
VLOG[2] (compute-mfcc-feats[5.5.1182~1-e02e3]:main():compute-mfcc-feats.cc:182) Processed features for key common_voice_lt_36953151
WARNING (compute-mfcc-feats[5.5.1182~1-e02e3]:Read():wave-reader.cc:304) Expected 161280 bytes of wave data, but read only 160128 bytes. Truncated file?
VLOG[2] (compute-mfcc-feats[5.5.1182~1-e02e3]:main():compute-mfcc-feats.cc:182) Processed features for key common_voice_lt_36953154
WARNING (compute-mfcc-feats[5.5.1182~1-e02e3]:Read():wave-reader.cc:304) Expected 172800 bytes of wave data, but read only 171648 bytes. Truncated file?
VLOG[2] (compute-mfcc-feats[5.5.1182~1-e02e3]:main():compute-mfcc-feats.cc:182) Processed features for key common_voice_lt_36953155
WARNING (compute-mfcc-feats[5.5.1182~1-e02e3]:Read():wave-reader.cc:304) Expected 208512 bytes of wave data, but read only 207360 bytes. Truncated file?
VLOG[2] (compute-mfcc-feats[5.5.1182~1-e02e3]:main():compute-mfcc-feats.cc:182) Processed features for key common_voice_lt_36953156
WARNING (compute-mfcc-feats[5.5.1182~1-e02e3]:Read():wave-reader.cc:304) Expected 156672 bytes of wave data, but read only 155520 bytes. Truncated file?
VLOG[2] (compute-mfcc-feats[5.5.1182~1-e02e3]:main():compute-mfcc-feats.cc:182) Processed features for key common_voice_lt_36953157
WARNING (compute-mfcc-feats[5.5.1182~1-e02e3]:Read():wave-reader.cc:304) Expected 210816 bytes of wave data, but read only 209664 bytes. Truncated file?
VLOG[2] (compute-mfcc-feats[5.5.1182~1-e02e3]:main():compute-mfcc-feats.cc:182) Processed features for key common_voice_lt_36953158
WARNING (compute-mfcc-feats[5.5.1182~1-e02e3]:Read():wave-reader.cc:304) Expected 154368 bytes of wave data, but read only 153216 bytes. Truncated file?
VLOG[2] (compute-mfcc-feats[5.5.1182~1-e02e3]:main():compute-mfcc-feats.cc:182) Processed features for key common_voice_lt_36953319
WARNING (compute-mfcc-feats[5.5.1182~1-e02e3]:Read():wave-reader.cc:304) Expected 168192 bytes of wave data, but read only 167040 bytes. Truncated file?
LOG (compute-mfcc-feats[5.5.1182~1-e02e3]:main():compute-mfcc-feats.cc:181) Processed 1830 utterances
VLOG[2] (compute-mfcc-feats[5.5.1182~1-e02e3]:main():compute-mfcc-feats.cc:182) Processed features for key common_voice_lt_36953320
WARNING (compute-mfcc-feats[5.5.1182~1-e02e3]:Read():wave-reader.cc:304) Expected 282240 bytes of wave data, but read only 281088 bytes. Truncated file?
VLOG[2] (compute-mfcc-feats[5.5.1182~1-e02e3]:main():compute-mfcc-feats.cc:182) Processed features for key common_voice_lt_36953321
WARNING (compute-mfcc-feats[5.5.1182~1-e02e3]:Read():wave-reader.cc:304) Expected 186624 bytes of wave data, but read only 185472 bytes. Truncated file?
VLOG[2] (compute-mfcc-feats[5.5.1182~1-e02e3]:main():compute-mfcc-feats.cc:182) Processed features for key common_voice_lt_36953322
WARNING (compute-mfcc-feats[5.5.1182~1-e02e3]:Read():wave-reader.cc:304) Expected 152064 bytes of wave data, but read only 150912 bytes. Truncated file?
VLOG[2] (compute-mfcc-feats[5.5.1182~1-e02e3]:main():compute-mfcc-feats.cc:182) Processed features for key common_voice_lt_36953323
WARNING (compute-mfcc-feats[5.5.1182~1-e02e3]:Read():wave-reader.cc:304) Expected 173952 bytes of wave data, but read only 172800 bytes. Truncated file?
VLOG[2] (compute-mfcc-feats[5.5.1182~1-e02e3]:main():compute-mfcc-feats.cc:182) Processed features for key common_voice_lt_36953614
WARNING (compute-mfcc-feats[5.5.1182~1-e02e3]:Read():wave-reader.cc:304) Expected 144000 bytes of wave data, but read only 142848 bytes. Truncated file?
VLOG[2] (compute-mfcc-feats[5.5.1182~1-e02e3]:main():compute-mfcc-feats.cc:182) Processed features for key common_voice_lt_36953615
WARNING (compute-mfcc-feats[5.5.1182~1-e02e3]:Read():wave-reader.cc:304) Expected 170496 bytes of wave data, but read only 169344 bytes. Truncated file?
VLOG[2] (compute-mfcc-feats[5.5.1182~1-e02e3]:main():compute-mfcc-feats.cc:182) Processed features for key common_voice_lt_36953616
WARNING (compute-mfcc-feats[5.5.1182~1-e02e3]:Read():wave-reader.cc:304) Expected 144000 bytes of wave data, but read only 142848 bytes. Truncated file?
VLOG[2] (compute-mfcc-feats[5.5.1182~1-e02e3]:main():compute-mfcc-feats.cc:182) Processed features for key common_voice_lt_36953617
WARNING (compute-mfcc-feats[5.5.1182~1-e02e3]:Read():wave-reader.cc:304) Expected 116352 bytes of wave data, but read only 115200 bytes. Truncated file?
VLOG[2] (compute-mfcc-feats[5.5.1182~1-e02e3]:main():compute-mfcc-feats.cc:182) Processed features for key common_voice_lt_36953618
WARNING (compute-mfcc-feats[5.5.1182~1-e02e3]:Read():wave-reader.cc:304) Expected 149760 bytes of wave data, but read only 148608 bytes. Truncated file?
VLOG[2] (compute-mfcc-feats[5.5.1182~1-e02e3]:main():compute-mfcc-feats.cc:182) Processed features for key common_voice_lt_36953655
WARNING (compute-mfcc-feats[5.5.1182~1-e02e3]:Read():wave-reader.cc:304) Expected 187776 bytes of wave data, but read only 186624 bytes. Truncated file?
LOG (compute-mfcc-feats[5.5.1182~1-e02e3]:main():compute-mfcc-feats.cc:181) Processed 1840 utterances
VLOG[2] (compute-mfcc-feats[5.5.1182~1-e02e3]:main():compute-mfcc-feats.cc:182) Processed features for key common_voice_lt_36953657
WARNING (compute-mfcc-feats[5.5.1182~1-e02e3]:Read():wave-reader.cc:304) Expected 175104 bytes of wave data, but read only 173952 bytes. Truncated file?
VLOG[2] (compute-mfcc-feats[5.5.1182~1-e02e3]:main():compute-mfcc-feats.cc:182) Processed features for key common_voice_lt_36953658
WARNING (compute-mfcc-feats[5.5.1182~1-e02e3]:Read():wave-reader.cc:304) Expected 141696 bytes of wave data, but read only 140544 bytes. Truncated file?
VLOG[2] (compute-mfcc-feats[5.5.1182~1-e02e3]:main():compute-mfcc-feats.cc:182) Processed features for key common_voice_lt_36953707
WARNING (compute-mfcc-feats[5.5.1182~1-e02e3]:Read():wave-reader.cc:304) Expected 138240 bytes of wave data, but read only 137088 bytes. Truncated file?
VLOG[2] (compute-mfcc-feats[5.5.1182~1-e02e3]:main():compute-mfcc-feats.cc:182) Processed features for key common_voice_lt_36953708
WARNING (compute-mfcc-feats[5.5.1182~1-e02e3]:Read():wave-reader.cc:304) Expected 185472 bytes of wave data, but read only 184320 bytes. Truncated file?
VLOG[2] (compute-mfcc-feats[5.5.1182~1-e02e3]:main():compute-mfcc-feats.cc:182) Processed features for key common_voice_lt_36953709
WARNING (compute-mfcc-feats[5.5.1182~1-e02e3]:Read():wave-reader.cc:304) Expected 139392 bytes of wave data, but read only 138240 bytes. Truncated file?
VLOG[2] (compute-mfcc-feats[5.5.1182~1-e02e3]:main():compute-mfcc-feats.cc:182) Processed features for key common_voice_lt_36953711
WARNING (compute-mfcc-feats[5.5.1182~1-e02e3]:Read():wave-reader.cc:304) Expected 120960 bytes of wave data, but read only 119808 bytes. Truncated file?
VLOG[2] (compute-mfcc-feats[5.5.1182~1-e02e3]:main():compute-mfcc-feats.cc:182) Processed features for key common_voice_lt_36953750
WARNING (compute-mfcc-feats[5.5.1182~1-e02e3]:Read():wave-reader.cc:304) Expected 165888 bytes of wave data, but read only 164736 bytes. Truncated file?
VLOG[2] (compute-mfcc-feats[5.5.1182~1-e02e3]:main():compute-mfcc-feats.cc:182) Processed features for key common_voice_lt_36953752
WARNING (compute-mfcc-feats[5.5.1182~1-e02e3]:Read():wave-reader.cc:304) Expected 97920 bytes of wave data, but read only 96768 bytes. Truncated file?
VLOG[2] (compute-mfcc-feats[5.5.1182~1-e02e3]:main():compute-mfcc-feats.cc:182) Processed features for key common_voice_lt_36953754
WARNING (compute-mfcc-feats[5.5.1182~1-e02e3]:Read():wave-reader.cc:304) Expected 123264 bytes of wave data, but read only 122112 bytes. Truncated file?
VLOG[2] (compute-mfcc-feats[5.5.1182~1-e02e3]:main():compute-mfcc-feats.cc:182) Processed features for key common_voice_lt_36953791
WARNING (compute-mfcc-feats[5.5.1182~1-e02e3]:Read():wave-reader.cc:304) Expected 116352 bytes of wave data, but read only 115200 bytes. Truncated file?
LOG (compute-mfcc-feats[5.5.1182~1-e02e3]:main():compute-mfcc-feats.cc:181) Processed 1850 utterances
VLOG[2] (compute-mfcc-feats[5.5.1182~1-e02e3]:main():compute-mfcc-feats.cc:182) Processed features for key common_voice_lt_36953793
WARNING (compute-mfcc-feats[5.5.1182~1-e02e3]:Read():wave-reader.cc:304) Expected 126720 bytes of wave data, but read only 125568 bytes. Truncated file?
VLOG[2] (compute-mfcc-feats[5.5.1182~1-e02e3]:main():compute-mfcc-feats.cc:182) Processed features for key common_voice_lt_36953794
WARNING (compute-mfcc-feats[5.5.1182~1-e02e3]:Read():wave-reader.cc:304) Expected 127872 bytes of wave data, but read only 126720 bytes. Truncated file?
VLOG[2] (compute-mfcc-feats[5.5.1182~1-e02e3]:main():compute-mfcc-feats.cc:182) Processed features for key common_voice_lt_36953795
WARNING (compute-mfcc-feats[5.5.1182~1-e02e3]:Read():wave-reader.cc:304) Expected 97920 bytes of wave data, but read only 96768 bytes. Truncated file?
VLOG[2] (compute-mfcc-feats[5.5.1182~1-e02e3]:main():compute-mfcc-feats.cc:182) Processed features for key common_voice_lt_36953806
WARNING (compute-mfcc-feats[5.5.1182~1-e02e3]:Read():wave-reader.cc:304) Expected 182016 bytes of wave data, but read only 180864 bytes. Truncated file?
VLOG[2] (compute-mfcc-feats[5.5.1182~1-e02e3]:main():compute-mfcc-feats.cc:182) Processed features for key common_voice_lt_36953807
WARNING (compute-mfcc-feats[5.5.1182~1-e02e3]:Read():wave-reader.cc:304) Expected 92160 bytes of wave data, but read only 91008 bytes. Truncated file?
VLOG[2] (compute-mfcc-feats[5.5.1182~1-e02e3]:main():compute-mfcc-feats.cc:182) Processed features for key common_voice_lt_36953808
WARNING (compute-mfcc-feats[5.5.1182~1-e02e3]:Read():wave-reader.cc:304) Expected 188928 bytes of wave data, but read only 187776 bytes. Truncated file?
VLOG[2] (compute-mfcc-feats[5.5.1182~1-e02e3]:main():compute-mfcc-feats.cc:182) Processed features for key common_voice_lt_36953809
WARNING (compute-mfcc-feats[5.5.1182~1-e02e3]:Read():wave-reader.cc:304) Expected 131328 bytes of wave data, but read only 130176 bytes. Truncated file?
VLOG[2] (compute-mfcc-feats[5.5.1182~1-e02e3]:main():compute-mfcc-feats.cc:182) Processed features for key common_voice_lt_36953811
WARNING (compute-mfcc-feats[5.5.1182~1-e02e3]:Read():wave-reader.cc:304) Expected 213120 bytes of wave data, but read only 211968 bytes. Truncated file?
VLOG[2] (compute-mfcc-feats[5.5.1182~1-e02e3]:main():compute-mfcc-feats.cc:182) Processed features for key common_voice_lt_36953850
WARNING (compute-mfcc-feats[5.5.1182~1-e02e3]:Read():wave-reader.cc:304) Expected 118656 bytes of wave data, but read only 117504 bytes. Truncated file?
VLOG[2] (compute-mfcc-feats[5.5.1182~1-e02e3]:main():compute-mfcc-feats.cc:182) Processed features for key common_voice_lt_36953851
WARNING (compute-mfcc-feats[5.5.1182~1-e02e3]:Read():wave-reader.cc:304) Expected 168192 bytes of wave data, but read only 167040 bytes. Truncated file?
LOG (compute-mfcc-feats[5.5.1182~1-e02e3]:main():compute-mfcc-feats.cc:181) Processed 1860 utterances
VLOG[2] (compute-mfcc-feats[5.5.1182~1-e02e3]:main():compute-mfcc-feats.cc:182) Processed features for key common_voice_lt_36953852
WARNING (compute-mfcc-feats[5.5.1182~1-e02e3]:Read():wave-reader.cc:304) Expected 100224 bytes of wave data, but read only 99072 bytes. Truncated file?
VLOG[2] (compute-mfcc-feats[5.5.1182~1-e02e3]:main():compute-mfcc-feats.cc:182) Processed features for key common_voice_lt_36953853
WARNING (compute-mfcc-feats[5.5.1182~1-e02e3]:Read():wave-reader.cc:304) Expected 87552 bytes of wave data, but read only 86400 bytes. Truncated file?
VLOG[2] (compute-mfcc-feats[5.5.1182~1-e02e3]:main():compute-mfcc-feats.cc:182) Processed features for key common_voice_lt_36953855
WARNING (compute-mfcc-feats[5.5.1182~1-e02e3]:Read():wave-reader.cc:304) Expected 164736 bytes of wave data, but read only 163584 bytes. Truncated file?
VLOG[2] (compute-mfcc-feats[5.5.1182~1-e02e3]:main():compute-mfcc-feats.cc:182) Processed features for key common_voice_lt_36953889
WARNING (compute-mfcc-feats[5.5.1182~1-e02e3]:Read():wave-reader.cc:304) Expected 251136 bytes of wave data, but read only 249984 bytes. Truncated file?
VLOG[2] (compute-mfcc-feats[5.5.1182~1-e02e3]:main():compute-mfcc-feats.cc:182) Processed features for key common_voice_lt_36953891
WARNING (compute-mfcc-feats[5.5.1182~1-e02e3]:Read():wave-reader.cc:304) Expected 133632 bytes of wave data, but read only 132480 bytes. Truncated file?
VLOG[2] (compute-mfcc-feats[5.5.1182~1-e02e3]:main():compute-mfcc-feats.cc:182) Processed features for key common_voice_lt_36953892
WARNING (compute-mfcc-feats[5.5.1182~1-e02e3]:Read():wave-reader.cc:304) Expected 175104 bytes of wave data, but read only 173952 bytes. Truncated file?
VLOG[2] (compute-mfcc-feats[5.5.1182~1-e02e3]:main():compute-mfcc-feats.cc:182) Processed features for key common_voice_lt_36953893
WARNING (compute-mfcc-feats[5.5.1182~1-e02e3]:Read():wave-reader.cc:304) Expected 201600 bytes of wave data, but read only 200448 bytes. Truncated file?
VLOG[2] (compute-mfcc-feats[5.5.1182~1-e02e3]:main():compute-mfcc-feats.cc:182) Processed features for key common_voice_lt_36953904
WARNING (compute-mfcc-feats[5.5.1182~1-e02e3]:Read():wave-reader.cc:304) Expected 230400 bytes of wave data, but read only 229248 bytes. Truncated file?
VLOG[2] (compute-mfcc-feats[5.5.1182~1-e02e3]:main():compute-mfcc-feats.cc:182) Processed features for key common_voice_lt_36953905
WARNING (compute-mfcc-feats[5.5.1182~1-e02e3]:Read():wave-reader.cc:304) Expected 155520 bytes of wave data, but read only 154368 bytes. Truncated file?
VLOG[2] (compute-mfcc-feats[5.5.1182~1-e02e3]:main():compute-mfcc-feats.cc:182) Processed features for key common_voice_lt_36953906
WARNING (compute-mfcc-feats[5.5.1182~1-e02e3]:Read():wave-reader.cc:304) Expected 239616 bytes of wave data, but read only 238464 bytes. Truncated file?
LOG (compute-mfcc-feats[5.5.1182~1-e02e3]:main():compute-mfcc-feats.cc:181) Processed 1870 utterances
VLOG[2] (compute-mfcc-feats[5.5.1182~1-e02e3]:main():compute-mfcc-feats.cc:182) Processed features for key common_voice_lt_36953907
WARNING (compute-mfcc-feats[5.5.1182~1-e02e3]:Read():wave-reader.cc:304) Expected 155520 bytes of wave data, but read only 154368 bytes. Truncated file?
VLOG[2] (compute-mfcc-feats[5.5.1182~1-e02e3]:main():compute-mfcc-feats.cc:182) Processed features for key common_voice_lt_36953908
WARNING (compute-mfcc-feats[5.5.1182~1-e02e3]:Read():wave-reader.cc:304) Expected 193536 bytes of wave data, but read only 192384 bytes. Truncated file?
VLOG[2] (compute-mfcc-feats[5.5.1182~1-e02e3]:main():compute-mfcc-feats.cc:182) Processed features for key common_voice_lt_36953925
WARNING (compute-mfcc-feats[5.5.1182~1-e02e3]:Read():wave-reader.cc:304) Expected 155520 bytes of wave data, but read only 154368 bytes. Truncated file?
VLOG[2] (compute-mfcc-feats[5.5.1182~1-e02e3]:main():compute-mfcc-feats.cc:182) Processed features for key common_voice_lt_36953928
WARNING (compute-mfcc-feats[5.5.1182~1-e02e3]:Read():wave-reader.cc:304) Expected 200448 bytes of wave data, but read only 199296 bytes. Truncated file?
VLOG[2] (compute-mfcc-feats[5.5.1182~1-e02e3]:main():compute-mfcc-feats.cc:182) Processed features for key common_voice_lt_36953929
WARNING (compute-mfcc-feats[5.5.1182~1-e02e3]:Read():wave-reader.cc:304) Expected 168192 bytes of wave data, but read only 167040 bytes. Truncated file?
VLOG[2] (compute-mfcc-feats[5.5.1182~1-e02e3]:main():compute-mfcc-feats.cc:182) Processed features for key common_voice_lt_36953930
WARNING (compute-mfcc-feats[5.5.1182~1-e02e3]:Read():wave-reader.cc:304) Expected 112896 bytes of wave data, but read only 111744 bytes. Truncated file?
VLOG[2] (compute-mfcc-feats[5.5.1182~1-e02e3]:main():compute-mfcc-feats.cc:182) Processed features for key common_voice_lt_36953932
WARNING (compute-mfcc-feats[5.5.1182~1-e02e3]:Read():wave-reader.cc:304) Expected 92160 bytes of wave data, but read only 91008 bytes. Truncated file?
VLOG[2] (compute-mfcc-feats[5.5.1182~1-e02e3]:main():compute-mfcc-feats.cc:182) Processed features for key common_voice_lt_36953933
WARNING (compute-mfcc-feats[5.5.1182~1-e02e3]:Read():wave-reader.cc:304) Expected 131328 bytes of wave data, but read only 130176 bytes. Truncated file?
VLOG[2] (compute-mfcc-feats[5.5.1182~1-e02e3]:main():compute-mfcc-feats.cc:182) Processed features for key common_voice_lt_36953934
WARNING (compute-mfcc-feats[5.5.1182~1-e02e3]:Read():wave-reader.cc:304) Expected 144000 bytes of wave data, but read only 142848 bytes. Truncated file?
VLOG[2] (compute-mfcc-feats[5.5.1182~1-e02e3]:main():compute-mfcc-feats.cc:182) Processed features for key common_voice_lt_36953935
WARNING (compute-mfcc-feats[5.5.1182~1-e02e3]:Read():wave-reader.cc:304) Expected 153216 bytes of wave data, but read only 152064 bytes. Truncated file?
LOG (compute-mfcc-feats[5.5.1182~1-e02e3]:main():compute-mfcc-feats.cc:181) Processed 1880 utterances
VLOG[2] (compute-mfcc-feats[5.5.1182~1-e02e3]:main():compute-mfcc-feats.cc:182) Processed features for key common_voice_lt_36953964
WARNING (compute-mfcc-feats[5.5.1182~1-e02e3]:Read():wave-reader.cc:304) Expected 196992 bytes of wave data, but read only 195840 bytes. Truncated file?
VLOG[2] (compute-mfcc-feats[5.5.1182~1-e02e3]:main():compute-mfcc-feats.cc:182) Processed features for key common_voice_lt_36953965
WARNING (compute-mfcc-feats[5.5.1182~1-e02e3]:Read():wave-reader.cc:304) Expected 158976 bytes of wave data, but read only 157824 bytes. Truncated file?
VLOG[2] (compute-mfcc-feats[5.5.1182~1-e02e3]:main():compute-mfcc-feats.cc:182) Processed features for key common_voice_lt_36953966
WARNING (compute-mfcc-feats[5.5.1182~1-e02e3]:Read():wave-reader.cc:304) Expected 222336 bytes of wave data, but read only 221184 bytes. Truncated file?
VLOG[2] (compute-mfcc-feats[5.5.1182~1-e02e3]:main():compute-mfcc-feats.cc:182) Processed features for key common_voice_lt_36953968
WARNING (compute-mfcc-feats[5.5.1182~1-e02e3]:Read():wave-reader.cc:304) Expected 172800 bytes of wave data, but read only 171648 bytes. Truncated file?
VLOG[2] (compute-mfcc-feats[5.5.1182~1-e02e3]:main():compute-mfcc-feats.cc:182) Processed features for key common_voice_lt_36953979
WARNING (compute-mfcc-feats[5.5.1182~1-e02e3]:Read():wave-reader.cc:304) Expected 115200 bytes of wave data, but read only 114048 bytes. Truncated file?
VLOG[2] (compute-mfcc-feats[5.5.1182~1-e02e3]:main():compute-mfcc-feats.cc:182) Processed features for key common_voice_lt_36953980
WARNING (compute-mfcc-feats[5.5.1182~1-e02e3]:Read():wave-reader.cc:304) Expected 163584 bytes of wave data, but read only 162432 bytes. Truncated file?
VLOG[2] (compute-mfcc-feats[5.5.1182~1-e02e3]:main():compute-mfcc-feats.cc:182) Processed features for key common_voice_lt_36953981
WARNING (compute-mfcc-feats[5.5.1182~1-e02e3]:Read():wave-reader.cc:304) Expected 123264 bytes of wave data, but read only 122112 bytes. Truncated file?
VLOG[2] (compute-mfcc-feats[5.5.1182~1-e02e3]:main():compute-mfcc-feats.cc:182) Processed features for key common_voice_lt_36953982
WARNING (compute-mfcc-feats[5.5.1182~1-e02e3]:Read():wave-reader.cc:304) Expected 261504 bytes of wave data, but read only 260352 bytes. Truncated file?
VLOG[2] (compute-mfcc-feats[5.5.1182~1-e02e3]:main():compute-mfcc-feats.cc:182) Processed features for key common_voice_lt_36953983
WARNING (compute-mfcc-feats[5.5.1182~1-e02e3]:Read():wave-reader.cc:304) Expected 99072 bytes of wave data, but read only 97920 bytes. Truncated file?
VLOG[2] (compute-mfcc-feats[5.5.1182~1-e02e3]:main():compute-mfcc-feats.cc:182) Processed features for key common_voice_lt_36953984
WARNING (compute-mfcc-feats[5.5.1182~1-e02e3]:Read():wave-reader.cc:304) Expected 178560 bytes of wave data, but read only 177408 bytes. Truncated file?
LOG (compute-mfcc-feats[5.5.1182~1-e02e3]:main():compute-mfcc-feats.cc:181) Processed 1890 utterances
VLOG[2] (compute-mfcc-feats[5.5.1182~1-e02e3]:main():compute-mfcc-feats.cc:182) Processed features for key common_voice_lt_36953985
WARNING (compute-mfcc-feats[5.5.1182~1-e02e3]:Read():wave-reader.cc:304) Expected 214272 bytes of wave data, but read only 213120 bytes. Truncated file?
VLOG[2] (compute-mfcc-feats[5.5.1182~1-e02e3]:main():compute-mfcc-feats.cc:182) Processed features for key common_voice_lt_36953986
WARNING (compute-mfcc-feats[5.5.1182~1-e02e3]:Read():wave-reader.cc:304) Expected 236160 bytes of wave data, but read only 235008 bytes. Truncated file?
VLOG[2] (compute-mfcc-feats[5.5.1182~1-e02e3]:main():compute-mfcc-feats.cc:182) Processed features for key common_voice_lt_36953987
WARNING (compute-mfcc-feats[5.5.1182~1-e02e3]:Read():wave-reader.cc:304) Expected 179712 bytes of wave data, but read only 178560 bytes. Truncated file?
VLOG[2] (compute-mfcc-feats[5.5.1182~1-e02e3]:main():compute-mfcc-feats.cc:182) Processed features for key common_voice_lt_36953988
WARNING (compute-mfcc-feats[5.5.1182~1-e02e3]:Read():wave-reader.cc:304) Expected 139392 bytes of wave data, but read only 138240 bytes. Truncated file?
VLOG[2] (compute-mfcc-feats[5.5.1182~1-e02e3]:main():compute-mfcc-feats.cc:182) Processed features for key common_voice_lt_36954000
WARNING (compute-mfcc-feats[5.5.1182~1-e02e3]:Read():wave-reader.cc:304) Expected 199296 bytes of wave data, but read only 198144 bytes. Truncated file?
VLOG[2] (compute-mfcc-feats[5.5.1182~1-e02e3]:main():compute-mfcc-feats.cc:182) Processed features for key common_voice_lt_36954001
WARNING (compute-mfcc-feats[5.5.1182~1-e02e3]:Read():wave-reader.cc:304) Expected 225792 bytes of wave data, but read only 224640 bytes. Truncated file?
VLOG[2] (compute-mfcc-feats[5.5.1182~1-e02e3]:main():compute-mfcc-feats.cc:182) Processed features for key common_voice_lt_36954002
WARNING (compute-mfcc-feats[5.5.1182~1-e02e3]:Read():wave-reader.cc:304) Expected 259200 bytes of wave data, but read only 258048 bytes. Truncated file?
VLOG[2] (compute-mfcc-feats[5.5.1182~1-e02e3]:main():compute-mfcc-feats.cc:182) Processed features for key common_voice_lt_36954003
WARNING (compute-mfcc-feats[5.5.1182~1-e02e3]:Read():wave-reader.cc:304) Expected 168192 bytes of wave data, but read only 167040 bytes. Truncated file?
VLOG[2] (compute-mfcc-feats[5.5.1182~1-e02e3]:main():compute-mfcc-feats.cc:182) Processed features for key common_voice_lt_36954009
WARNING (compute-mfcc-feats[5.5.1182~1-e02e3]:Read():wave-reader.cc:304) Expected 202752 bytes of wave data, but read only 201600 bytes. Truncated file?
VLOG[2] (compute-mfcc-feats[5.5.1182~1-e02e3]:main():compute-mfcc-feats.cc:182) Processed features for key common_voice_lt_36954010
WARNING (compute-mfcc-feats[5.5.1182~1-e02e3]:Read():wave-reader.cc:304) Expected 131328 bytes of wave data, but read only 130176 bytes. Truncated file?
LOG (compute-mfcc-feats[5.5.1182~1-e02e3]:main():compute-mfcc-feats.cc:181) Processed 1900 utterances
VLOG[2] (compute-mfcc-feats[5.5.1182~1-e02e3]:main():compute-mfcc-feats.cc:182) Processed features for key common_voice_lt_36954011
WARNING (compute-mfcc-feats[5.5.1182~1-e02e3]:Read():wave-reader.cc:304) Expected 155520 bytes of wave data, but read only 154368 bytes. Truncated file?
VLOG[2] (compute-mfcc-feats[5.5.1182~1-e02e3]:main():compute-mfcc-feats.cc:182) Processed features for key common_voice_lt_36954012
WARNING (compute-mfcc-feats[5.5.1182~1-e02e3]:Read():wave-reader.cc:304) Expected 157824 bytes of wave data, but read only 156672 bytes. Truncated file?
VLOG[2] (compute-mfcc-feats[5.5.1182~1-e02e3]:main():compute-mfcc-feats.cc:182) Processed features for key common_voice_lt_36954013
WARNING (compute-mfcc-feats[5.5.1182~1-e02e3]:Read():wave-reader.cc:304) Expected 149760 bytes of wave data, but read only 148608 bytes. Truncated file?
VLOG[2] (compute-mfcc-feats[5.5.1182~1-e02e3]:main():compute-mfcc-feats.cc:182) Processed features for key common_voice_lt_36954014
WARNING (compute-mfcc-feats[5.5.1182~1-e02e3]:Read():wave-reader.cc:304) Expected 138240 bytes of wave data, but read only 137088 bytes. Truncated file?
VLOG[2] (compute-mfcc-feats[5.5.1182~1-e02e3]:main():compute-mfcc-feats.cc:182) Processed features for key common_voice_lt_36954015
WARNING (compute-mfcc-feats[5.5.1182~1-e02e3]:Read():wave-reader.cc:304) Expected 243072 bytes of wave data, but read only 241920 bytes. Truncated file?
VLOG[2] (compute-mfcc-feats[5.5.1182~1-e02e3]:main():compute-mfcc-feats.cc:182) Processed features for key common_voice_lt_36954016
WARNING (compute-mfcc-feats[5.5.1182~1-e02e3]:Read():wave-reader.cc:304) Expected 237312 bytes of wave data, but read only 236160 bytes. Truncated file?
VLOG[2] (compute-mfcc-feats[5.5.1182~1-e02e3]:main():compute-mfcc-feats.cc:182) Processed features for key common_voice_lt_36954017
WARNING (compute-mfcc-feats[5.5.1182~1-e02e3]:Read():wave-reader.cc:304) Expected 262656 bytes of wave data, but read only 261504 bytes. Truncated file?
VLOG[2] (compute-mfcc-feats[5.5.1182~1-e02e3]:main():compute-mfcc-feats.cc:182) Processed features for key common_voice_lt_36954018
WARNING (compute-mfcc-feats[5.5.1182~1-e02e3]:Read():wave-reader.cc:304) Expected 191232 bytes of wave data, but read only 190080 bytes. Truncated file?
VLOG[2] (compute-mfcc-feats[5.5.1182~1-e02e3]:main():compute-mfcc-feats.cc:182) Processed features for key common_voice_lt_36954028
WARNING (compute-mfcc-feats[5.5.1182~1-e02e3]:Read():wave-reader.cc:304) Expected 236160 bytes of wave data, but read only 235008 bytes. Truncated file?
VLOG[2] (compute-mfcc-feats[5.5.1182~1-e02e3]:main():compute-mfcc-feats.cc:182) Processed features for key common_voice_lt_36954029
WARNING (compute-mfcc-feats[5.5.1182~1-e02e3]:Read():wave-reader.cc:304) Expected 95616 bytes of wave data, but read only 94464 bytes. Truncated file?
LOG (compute-mfcc-feats[5.5.1182~1-e02e3]:main():compute-mfcc-feats.cc:181) Processed 1910 utterances
VLOG[2] (compute-mfcc-feats[5.5.1182~1-e02e3]:main():compute-mfcc-feats.cc:182) Processed features for key common_voice_lt_36954030
WARNING (compute-mfcc-feats[5.5.1182~1-e02e3]:Read():wave-reader.cc:304) Expected 241920 bytes of wave data, but read only 240768 bytes. Truncated file?
VLOG[2] (compute-mfcc-feats[5.5.1182~1-e02e3]:main():compute-mfcc-feats.cc:182) Processed features for key common_voice_lt_36954031
WARNING (compute-mfcc-feats[5.5.1182~1-e02e3]:Read():wave-reader.cc:304) Expected 193536 bytes of wave data, but read only 192384 bytes. Truncated file?
VLOG[2] (compute-mfcc-feats[5.5.1182~1-e02e3]:main():compute-mfcc-feats.cc:182) Processed features for key common_voice_lt_36954032
WARNING (compute-mfcc-feats[5.5.1182~1-e02e3]:Read():wave-reader.cc:304) Expected 237312 bytes of wave data, but read only 236160 bytes. Truncated file?
VLOG[2] (compute-mfcc-feats[5.5.1182~1-e02e3]:main():compute-mfcc-feats.cc:182) Processed features for key common_voice_lt_36954042
WARNING (compute-mfcc-feats[5.5.1182~1-e02e3]:Read():wave-reader.cc:304) Expected 185472 bytes of wave data, but read only 184320 bytes. Truncated file?
VLOG[2] (compute-mfcc-feats[5.5.1182~1-e02e3]:main():compute-mfcc-feats.cc:182) Processed features for key common_voice_lt_36954043
WARNING (compute-mfcc-feats[5.5.1182~1-e02e3]:Read():wave-reader.cc:304) Expected 153216 bytes of wave data, but read only 152064 bytes. Truncated file?
VLOG[2] (compute-mfcc-feats[5.5.1182~1-e02e3]:main():compute-mfcc-feats.cc:182) Processed features for key common_voice_lt_36954044
WARNING (compute-mfcc-feats[5.5.1182~1-e02e3]:Read():wave-reader.cc:304) Expected 134784 bytes of wave data, but read only 133632 bytes. Truncated file?
VLOG[2] (compute-mfcc-feats[5.5.1182~1-e02e3]:main():compute-mfcc-feats.cc:182) Processed features for key common_voice_lt_36954045
WARNING (compute-mfcc-feats[5.5.1182~1-e02e3]:Read():wave-reader.cc:304) Expected 130176 bytes of wave data, but read only 129024 bytes. Truncated file?
VLOG[2] (compute-mfcc-feats[5.5.1182~1-e02e3]:main():compute-mfcc-feats.cc:182) Processed features for key common_voice_lt_36954047
WARNING (compute-mfcc-feats[5.5.1182~1-e02e3]:Read():wave-reader.cc:304) Expected 182016 bytes of wave data, but read only 180864 bytes. Truncated file?
VLOG[2] (compute-mfcc-feats[5.5.1182~1-e02e3]:main():compute-mfcc-feats.cc:182) Processed features for key common_voice_lt_36954048
WARNING (compute-mfcc-feats[5.5.1182~1-e02e3]:Read():wave-reader.cc:304) Expected 222336 bytes of wave data, but read only 221184 bytes. Truncated file?
VLOG[2] (compute-mfcc-feats[5.5.1182~1-e02e3]:main():compute-mfcc-feats.cc:182) Processed features for key common_voice_lt_36954049
WARNING (compute-mfcc-feats[5.5.1182~1-e02e3]:Read():wave-reader.cc:304) Expected 256896 bytes of wave data, but read only 255744 bytes. Truncated file?
LOG (compute-mfcc-feats[5.5.1182~1-e02e3]:main():compute-mfcc-feats.cc:181) Processed 1920 utterances
VLOG[2] (compute-mfcc-feats[5.5.1182~1-e02e3]:main():compute-mfcc-feats.cc:182) Processed features for key common_voice_lt_36954050
WARNING (compute-mfcc-feats[5.5.1182~1-e02e3]:Read():wave-reader.cc:304) Expected 288000 bytes of wave data, but read only 286848 bytes. Truncated file?
VLOG[2] (compute-mfcc-feats[5.5.1182~1-e02e3]:main():compute-mfcc-feats.cc:182) Processed features for key common_voice_lt_36954051
WARNING (compute-mfcc-feats[5.5.1182~1-e02e3]:Read():wave-reader.cc:304) Expected 169344 bytes of wave data, but read only 168192 bytes. Truncated file?
VLOG[2] (compute-mfcc-feats[5.5.1182~1-e02e3]:main():compute-mfcc-feats.cc:182) Processed features for key common_voice_lt_36954052
WARNING (compute-mfcc-feats[5.5.1182~1-e02e3]:Read():wave-reader.cc:304) Expected 115200 bytes of wave data, but read only 114048 bytes. Truncated file?
VLOG[2] (compute-mfcc-feats[5.5.1182~1-e02e3]:main():compute-mfcc-feats.cc:182) Processed features for key common_voice_lt_36954053
WARNING (compute-mfcc-feats[5.5.1182~1-e02e3]:Read():wave-reader.cc:304) Expected 110592 bytes of wave data, but read only 109440 bytes. Truncated file?
VLOG[2] (compute-mfcc-feats[5.5.1182~1-e02e3]:main():compute-mfcc-feats.cc:182) Processed features for key common_voice_lt_36954054
WARNING (compute-mfcc-feats[5.5.1182~1-e02e3]:Read():wave-reader.cc:304) Expected 112896 bytes of wave data, but read only 111744 bytes. Truncated file?
VLOG[2] (compute-mfcc-feats[5.5.1182~1-e02e3]:main():compute-mfcc-feats.cc:182) Processed features for key common_voice_lt_36954056
WARNING (compute-mfcc-feats[5.5.1182~1-e02e3]:Read():wave-reader.cc:304) Expected 132480 bytes of wave data, but read only 131328 bytes. Truncated file?
VLOG[2] (compute-mfcc-feats[5.5.1182~1-e02e3]:main():compute-mfcc-feats.cc:182) Processed features for key common_voice_lt_36954057
WARNING (compute-mfcc-feats[5.5.1182~1-e02e3]:Read():wave-reader.cc:304) Expected 124416 bytes of wave data, but read only 123264 bytes. Truncated file?
VLOG[2] (compute-mfcc-feats[5.5.1182~1-e02e3]:main():compute-mfcc-feats.cc:182) Processed features for key common_voice_lt_36954059
WARNING (compute-mfcc-feats[5.5.1182~1-e02e3]:Read():wave-reader.cc:304) Expected 139392 bytes of wave data, but read only 138240 bytes. Truncated file?
VLOG[2] (compute-mfcc-feats[5.5.1182~1-e02e3]:main():compute-mfcc-feats.cc:182) Processed features for key common_voice_lt_36954060
WARNING (compute-mfcc-feats[5.5.1182~1-e02e3]:Read():wave-reader.cc:304) Expected 135936 bytes of wave data, but read only 134784 bytes. Truncated file?
VLOG[2] (compute-mfcc-feats[5.5.1182~1-e02e3]:main():compute-mfcc-feats.cc:182) Processed features for key common_voice_lt_36954062
WARNING (compute-mfcc-feats[5.5.1182~1-e02e3]:Read():wave-reader.cc:304) Expected 162432 bytes of wave data, but read only 161280 bytes. Truncated file?
LOG (compute-mfcc-feats[5.5.1182~1-e02e3]:main():compute-mfcc-feats.cc:181) Processed 1930 utterances
VLOG[2] (compute-mfcc-feats[5.5.1182~1-e02e3]:main():compute-mfcc-feats.cc:182) Processed features for key common_voice_lt_36954064
WARNING (compute-mfcc-feats[5.5.1182~1-e02e3]:Read():wave-reader.cc:304) Expected 179712 bytes of wave data, but read only 178560 bytes. Truncated file?
VLOG[2] (compute-mfcc-feats[5.5.1182~1-e02e3]:main():compute-mfcc-feats.cc:182) Processed features for key common_voice_lt_36954065
WARNING (compute-mfcc-feats[5.5.1182~1-e02e3]:Read():wave-reader.cc:304) Expected 167040 bytes of wave data, but read only 165888 bytes. Truncated file?
VLOG[2] (compute-mfcc-feats[5.5.1182~1-e02e3]:main():compute-mfcc-feats.cc:182) Processed features for key common_voice_lt_36954078
WARNING (compute-mfcc-feats[5.5.1182~1-e02e3]:Read():wave-reader.cc:304) Expected 262656 bytes of wave data, but read only 261504 bytes. Truncated file?
VLOG[2] (compute-mfcc-feats[5.5.1182~1-e02e3]:main():compute-mfcc-feats.cc:182) Processed features for key common_voice_lt_36954079
WARNING (compute-mfcc-feats[5.5.1182~1-e02e3]:Read():wave-reader.cc:304) Expected 243072 bytes of wave data, but read only 241920 bytes. Truncated file?
VLOG[2] (compute-mfcc-feats[5.5.1182~1-e02e3]:main():compute-mfcc-feats.cc:182) Processed features for key common_voice_lt_36954080
WARNING (compute-mfcc-feats[5.5.1182~1-e02e3]:Read():wave-reader.cc:304) Expected 312192 bytes of wave data, but read only 311040 bytes. Truncated file?
VLOG[2] (compute-mfcc-feats[5.5.1182~1-e02e3]:main():compute-mfcc-feats.cc:182) Processed features for key common_voice_lt_36954081
WARNING (compute-mfcc-feats[5.5.1182~1-e02e3]:Read():wave-reader.cc:304) Expected 276480 bytes of wave data, but read only 275328 bytes. Truncated file?
VLOG[2] (compute-mfcc-feats[5.5.1182~1-e02e3]:main():compute-mfcc-feats.cc:182) Processed features for key common_voice_lt_36954082
WARNING (compute-mfcc-feats[5.5.1182~1-e02e3]:Read():wave-reader.cc:304) Expected 254592 bytes of wave data, but read only 253440 bytes. Truncated file?
VLOG[2] (compute-mfcc-feats[5.5.1182~1-e02e3]:main():compute-mfcc-feats.cc:182) Processed features for key common_voice_lt_36954083
WARNING (compute-mfcc-feats[5.5.1182~1-e02e3]:Read():wave-reader.cc:304) Expected 200448 bytes of wave data, but read only 199296 bytes. Truncated file?
VLOG[2] (compute-mfcc-feats[5.5.1182~1-e02e3]:main():compute-mfcc-feats.cc:182) Processed features for key common_voice_lt_36954084
WARNING (compute-mfcc-feats[5.5.1182~1-e02e3]:Read():wave-reader.cc:304) Expected 187776 bytes of wave data, but read only 186624 bytes. Truncated file?
VLOG[2] (compute-mfcc-feats[5.5.1182~1-e02e3]:main():compute-mfcc-feats.cc:182) Processed features for key common_voice_lt_36954085
WARNING (compute-mfcc-feats[5.5.1182~1-e02e3]:Read():wave-reader.cc:304) Expected 92160 bytes of wave data, but read only 91008 bytes. Truncated file?
LOG (compute-mfcc-feats[5.5.1182~1-e02e3]:main():compute-mfcc-feats.cc:181) Processed 1940 utterances
VLOG[2] (compute-mfcc-feats[5.5.1182~1-e02e3]:main():compute-mfcc-feats.cc:182) Processed features for key common_voice_lt_36954086
WARNING (compute-mfcc-feats[5.5.1182~1-e02e3]:Read():wave-reader.cc:304) Expected 184320 bytes of wave data, but read only 183168 bytes. Truncated file?
VLOG[2] (compute-mfcc-feats[5.5.1182~1-e02e3]:main():compute-mfcc-feats.cc:182) Processed features for key common_voice_lt_36954087
WARNING (compute-mfcc-feats[5.5.1182~1-e02e3]:Read():wave-reader.cc:304) Expected 243072 bytes of wave data, but read only 241920 bytes. Truncated file?
VLOG[2] (compute-mfcc-feats[5.5.1182~1-e02e3]:main():compute-mfcc-feats.cc:182) Processed features for key common_voice_lt_36954093
WARNING (compute-mfcc-feats[5.5.1182~1-e02e3]:Read():wave-reader.cc:304) Expected 210816 bytes of wave data, but read only 209664 bytes. Truncated file?
VLOG[2] (compute-mfcc-feats[5.5.1182~1-e02e3]:main():compute-mfcc-feats.cc:182) Processed features for key common_voice_lt_36954094
WARNING (compute-mfcc-feats[5.5.1182~1-e02e3]:Read():wave-reader.cc:304) Expected 149760 bytes of wave data, but read only 148608 bytes. Truncated file?
VLOG[2] (compute-mfcc-feats[5.5.1182~1-e02e3]:main():compute-mfcc-feats.cc:182) Processed features for key common_voice_lt_36954096
WARNING (compute-mfcc-feats[5.5.1182~1-e02e3]:Read():wave-reader.cc:304) Expected 266112 bytes of wave data, but read only 264960 bytes. Truncated file?
VLOG[2] (compute-mfcc-feats[5.5.1182~1-e02e3]:main():compute-mfcc-feats.cc:182) Processed features for key common_voice_lt_36954097
WARNING (compute-mfcc-feats[5.5.1182~1-e02e3]:Read():wave-reader.cc:304) Expected 118656 bytes of wave data, but read only 117504 bytes. Truncated file?
VLOG[2] (compute-mfcc-feats[5.5.1182~1-e02e3]:main():compute-mfcc-feats.cc:182) Processed features for key common_voice_lt_36954103
WARNING (compute-mfcc-feats[5.5.1182~1-e02e3]:Read():wave-reader.cc:304) Expected 266112 bytes of wave data, but read only 264960 bytes. Truncated file?
VLOG[2] (compute-mfcc-feats[5.5.1182~1-e02e3]:main():compute-mfcc-feats.cc:182) Processed features for key common_voice_lt_36954104
WARNING (compute-mfcc-feats[5.5.1182~1-e02e3]:Read():wave-reader.cc:304) Expected 122112 bytes of wave data, but read only 120960 bytes. Truncated file?
VLOG[2] (compute-mfcc-feats[5.5.1182~1-e02e3]:main():compute-mfcc-feats.cc:182) Processed features for key common_voice_lt_36954105
WARNING (compute-mfcc-feats[5.5.1182~1-e02e3]:Read():wave-reader.cc:304) Expected 155520 bytes of wave data, but read only 154368 bytes. Truncated file?
VLOG[2] (compute-mfcc-feats[5.5.1182~1-e02e3]:main():compute-mfcc-feats.cc:182) Processed features for key common_voice_lt_36954106
WARNING (compute-mfcc-feats[5.5.1182~1-e02e3]:Read():wave-reader.cc:304) Expected 222336 bytes of wave data, but read only 221184 bytes. Truncated file?
LOG (compute-mfcc-feats[5.5.1182~1-e02e3]:main():compute-mfcc-feats.cc:181) Processed 1950 utterances
VLOG[2] (compute-mfcc-feats[5.5.1182~1-e02e3]:main():compute-mfcc-feats.cc:182) Processed features for key common_voice_lt_36954107
WARNING (compute-mfcc-feats[5.5.1182~1-e02e3]:Read():wave-reader.cc:304) Expected 147456 bytes of wave data, but read only 146304 bytes. Truncated file?
VLOG[2] (compute-mfcc-feats[5.5.1182~1-e02e3]:main():compute-mfcc-feats.cc:182) Processed features for key common_voice_lt_36954113
WARNING (compute-mfcc-feats[5.5.1182~1-e02e3]:Read():wave-reader.cc:304) Expected 161280 bytes of wave data, but read only 160128 bytes. Truncated file?
VLOG[2] (compute-mfcc-feats[5.5.1182~1-e02e3]:main():compute-mfcc-feats.cc:182) Processed features for key common_voice_lt_36954114
WARNING (compute-mfcc-feats[5.5.1182~1-e02e3]:Read():wave-reader.cc:304) Expected 288000 bytes of wave data, but read only 286848 bytes. Truncated file?
VLOG[2] (compute-mfcc-feats[5.5.1182~1-e02e3]:main():compute-mfcc-feats.cc:182) Processed features for key common_voice_lt_36954115
WARNING (compute-mfcc-feats[5.5.1182~1-e02e3]:Read():wave-reader.cc:304) Expected 216576 bytes of wave data, but read only 215424 bytes. Truncated file?
VLOG[2] (compute-mfcc-feats[5.5.1182~1-e02e3]:main():compute-mfcc-feats.cc:182) Processed features for key common_voice_lt_36954117
WARNING (compute-mfcc-feats[5.5.1182~1-e02e3]:Read():wave-reader.cc:304) Expected 216576 bytes of wave data, but read only 215424 bytes. Truncated file?
VLOG[2] (compute-mfcc-feats[5.5.1182~1-e02e3]:main():compute-mfcc-feats.cc:182) Processed features for key common_voice_lt_36954118
WARNING (compute-mfcc-feats[5.5.1182~1-e02e3]:Read():wave-reader.cc:304) Expected 218880 bytes of wave data, but read only 217728 bytes. Truncated file?
VLOG[2] (compute-mfcc-feats[5.5.1182~1-e02e3]:main():compute-mfcc-feats.cc:182) Processed features for key common_voice_lt_36954119
WARNING (compute-mfcc-feats[5.5.1182~1-e02e3]:Read():wave-reader.cc:304) Expected 213120 bytes of wave data, but read only 211968 bytes. Truncated file?
VLOG[2] (compute-mfcc-feats[5.5.1182~1-e02e3]:main():compute-mfcc-feats.cc:182) Processed features for key common_voice_lt_36954120
WARNING (compute-mfcc-feats[5.5.1182~1-e02e3]:Read():wave-reader.cc:304) Expected 144000 bytes of wave data, but read only 142848 bytes. Truncated file?
VLOG[2] (compute-mfcc-feats[5.5.1182~1-e02e3]:main():compute-mfcc-feats.cc:182) Processed features for key common_voice_lt_36954121
WARNING (compute-mfcc-feats[5.5.1182~1-e02e3]:Read():wave-reader.cc:304) Expected 169344 bytes of wave data, but read only 168192 bytes. Truncated file?
VLOG[2] (compute-mfcc-feats[5.5.1182~1-e02e3]:main():compute-mfcc-feats.cc:182) Processed features for key common_voice_lt_36954122
WARNING (compute-mfcc-feats[5.5.1182~1-e02e3]:Read():wave-reader.cc:304) Expected 205056 bytes of wave data, but read only 203904 bytes. Truncated file?
LOG (compute-mfcc-feats[5.5.1182~1-e02e3]:main():compute-mfcc-feats.cc:181) Processed 1960 utterances
VLOG[2] (compute-mfcc-feats[5.5.1182~1-e02e3]:main():compute-mfcc-feats.cc:182) Processed features for key common_voice_lt_36954133
WARNING (compute-mfcc-feats[5.5.1182~1-e02e3]:Read():wave-reader.cc:304) Expected 231552 bytes of wave data, but read only 230400 bytes. Truncated file?
VLOG[2] (compute-mfcc-feats[5.5.1182~1-e02e3]:main():compute-mfcc-feats.cc:182) Processed features for key common_voice_lt_36954134
WARNING (compute-mfcc-feats[5.5.1182~1-e02e3]:Read():wave-reader.cc:304) Expected 145152 bytes of wave data, but read only 144000 bytes. Truncated file?
VLOG[2] (compute-mfcc-feats[5.5.1182~1-e02e3]:main():compute-mfcc-feats.cc:182) Processed features for key common_voice_lt_36954135
WARNING (compute-mfcc-feats[5.5.1182~1-e02e3]:Read():wave-reader.cc:304) Expected 153216 bytes of wave data, but read only 152064 bytes. Truncated file?
VLOG[2] (compute-mfcc-feats[5.5.1182~1-e02e3]:main():compute-mfcc-feats.cc:182) Processed features for key common_voice_lt_36954136
WARNING (compute-mfcc-feats[5.5.1182~1-e02e3]:Read():wave-reader.cc:304) Expected 179712 bytes of wave data, but read only 178560 bytes. Truncated file?
VLOG[2] (compute-mfcc-feats[5.5.1182~1-e02e3]:main():compute-mfcc-feats.cc:182) Processed features for key common_voice_lt_36954137
WARNING (compute-mfcc-feats[5.5.1182~1-e02e3]:Read():wave-reader.cc:304) Expected 146304 bytes of wave data, but read only 145152 bytes. Truncated file?
VLOG[2] (compute-mfcc-feats[5.5.1182~1-e02e3]:main():compute-mfcc-feats.cc:182) Processed features for key common_voice_lt_36954151
WARNING (compute-mfcc-feats[5.5.1182~1-e02e3]:Read():wave-reader.cc:304) Expected 199296 bytes of wave data, but read only 198144 bytes. Truncated file?
VLOG[2] (compute-mfcc-feats[5.5.1182~1-e02e3]:main():compute-mfcc-feats.cc:182) Processed features for key common_voice_lt_36954153
WARNING (compute-mfcc-feats[5.5.1182~1-e02e3]:Read():wave-reader.cc:304) Expected 218880 bytes of wave data, but read only 217728 bytes. Truncated file?
VLOG[2] (compute-mfcc-feats[5.5.1182~1-e02e3]:main():compute-mfcc-feats.cc:182) Processed features for key common_voice_lt_36954155
WARNING (compute-mfcc-feats[5.5.1182~1-e02e3]:Read():wave-reader.cc:304) Expected 131328 bytes of wave data, but read only 130176 bytes. Truncated file?
VLOG[2] (compute-mfcc-feats[5.5.1182~1-e02e3]:main():compute-mfcc-feats.cc:182) Processed features for key common_voice_lt_36954157
WARNING (compute-mfcc-feats[5.5.1182~1-e02e3]:Read():wave-reader.cc:304) Expected 148608 bytes of wave data, but read only 147456 bytes. Truncated file?
VLOG[2] (compute-mfcc-feats[5.5.1182~1-e02e3]:main():compute-mfcc-feats.cc:182) Processed features for key common_voice_lt_36954158
WARNING (compute-mfcc-feats[5.5.1182~1-e02e3]:Read():wave-reader.cc:304) Expected 270720 bytes of wave data, but read only 269568 bytes. Truncated file?
LOG (compute-mfcc-feats[5.5.1182~1-e02e3]:main():compute-mfcc-feats.cc:181) Processed 1970 utterances
VLOG[2] (compute-mfcc-feats[5.5.1182~1-e02e3]:main():compute-mfcc-feats.cc:182) Processed features for key common_voice_lt_36954160
WARNING (compute-mfcc-feats[5.5.1182~1-e02e3]:Read():wave-reader.cc:304) Expected 153216 bytes of wave data, but read only 152064 bytes. Truncated file?
VLOG[2] (compute-mfcc-feats[5.5.1182~1-e02e3]:main():compute-mfcc-feats.cc:182) Processed features for key common_voice_lt_36954161
WARNING (compute-mfcc-feats[5.5.1182~1-e02e3]:Read():wave-reader.cc:304) Expected 155520 bytes of wave data, but read only 154368 bytes. Truncated file?
VLOG[2] (compute-mfcc-feats[5.5.1182~1-e02e3]:main():compute-mfcc-feats.cc:182) Processed features for key common_voice_lt_36954165
WARNING (compute-mfcc-feats[5.5.1182~1-e02e3]:Read():wave-reader.cc:304) Expected 221184 bytes of wave data, but read only 220032 bytes. Truncated file?
VLOG[2] (compute-mfcc-feats[5.5.1182~1-e02e3]:main():compute-mfcc-feats.cc:182) Processed features for key common_voice_lt_36954177
WARNING (compute-mfcc-feats[5.5.1182~1-e02e3]:Read():wave-reader.cc:304) Expected 104832 bytes of wave data, but read only 103680 bytes. Truncated file?
VLOG[2] (compute-mfcc-feats[5.5.1182~1-e02e3]:main():compute-mfcc-feats.cc:182) Processed features for key common_voice_lt_36954178
WARNING (compute-mfcc-feats[5.5.1182~1-e02e3]:Read():wave-reader.cc:304) Expected 133632 bytes of wave data, but read only 132480 bytes. Truncated file?
VLOG[2] (compute-mfcc-feats[5.5.1182~1-e02e3]:main():compute-mfcc-feats.cc:182) Processed features for key common_voice_lt_36954179
WARNING (compute-mfcc-feats[5.5.1182~1-e02e3]:Read():wave-reader.cc:304) Expected 100224 bytes of wave data, but read only 99072 bytes. Truncated file?
VLOG[2] (compute-mfcc-feats[5.5.1182~1-e02e3]:main():compute-mfcc-feats.cc:182) Processed features for key common_voice_lt_36954180
WARNING (compute-mfcc-feats[5.5.1182~1-e02e3]:Read():wave-reader.cc:304) Expected 154368 bytes of wave data, but read only 153216 bytes. Truncated file?
VLOG[2] (compute-mfcc-feats[5.5.1182~1-e02e3]:main():compute-mfcc-feats.cc:182) Processed features for key common_voice_lt_36954181
WARNING (compute-mfcc-feats[5.5.1182~1-e02e3]:Read():wave-reader.cc:304) Expected 139392 bytes of wave data, but read only 138240 bytes. Truncated file?
VLOG[2] (compute-mfcc-feats[5.5.1182~1-e02e3]:main():compute-mfcc-feats.cc:182) Processed features for key common_voice_lt_36954190
WARNING (compute-mfcc-feats[5.5.1182~1-e02e3]:Read():wave-reader.cc:304) Expected 161280 bytes of wave data, but read only 160128 bytes. Truncated file?
VLOG[2] (compute-mfcc-feats[5.5.1182~1-e02e3]:main():compute-mfcc-feats.cc:182) Processed features for key common_voice_lt_36954191
WARNING (compute-mfcc-feats[5.5.1182~1-e02e3]:Read():wave-reader.cc:304) Expected 155520 bytes of wave data, but read only 154368 bytes. Truncated file?
LOG (compute-mfcc-feats[5.5.1182~1-e02e3]:main():compute-mfcc-feats.cc:181) Processed 1980 utterances
VLOG[2] (compute-mfcc-feats[5.5.1182~1-e02e3]:main():compute-mfcc-feats.cc:182) Processed features for key common_voice_lt_36954192
WARNING (compute-mfcc-feats[5.5.1182~1-e02e3]:Read():wave-reader.cc:304) Expected 120960 bytes of wave data, but read only 119808 bytes. Truncated file?
VLOG[2] (compute-mfcc-feats[5.5.1182~1-e02e3]:main():compute-mfcc-feats.cc:182) Processed features for key common_voice_lt_36954193
WARNING (compute-mfcc-feats[5.5.1182~1-e02e3]:Read():wave-reader.cc:304) Expected 158976 bytes of wave data, but read only 157824 bytes. Truncated file?
VLOG[2] (compute-mfcc-feats[5.5.1182~1-e02e3]:main():compute-mfcc-feats.cc:182) Processed features for key common_voice_lt_36954194
WARNING (compute-mfcc-feats[5.5.1182~1-e02e3]:Read():wave-reader.cc:304) Expected 132480 bytes of wave data, but read only 131328 bytes. Truncated file?
VLOG[2] (compute-mfcc-feats[5.5.1182~1-e02e3]:main():compute-mfcc-feats.cc:182) Processed features for key common_voice_lt_36954207
WARNING (compute-mfcc-feats[5.5.1182~1-e02e3]:Read():wave-reader.cc:304) Expected 222336 bytes of wave data, but read only 221184 bytes. Truncated file?
VLOG[2] (compute-mfcc-feats[5.5.1182~1-e02e3]:main():compute-mfcc-feats.cc:182) Processed features for key common_voice_lt_36954208
WARNING (compute-mfcc-feats[5.5.1182~1-e02e3]:Read():wave-reader.cc:304) Expected 126720 bytes of wave data, but read only 125568 bytes. Truncated file?
VLOG[2] (compute-mfcc-feats[5.5.1182~1-e02e3]:main():compute-mfcc-feats.cc:182) Processed features for key common_voice_lt_36954209
WARNING (compute-mfcc-feats[5.5.1182~1-e02e3]:Read():wave-reader.cc:304) Expected 118656 bytes of wave data, but read only 117504 bytes. Truncated file?
VLOG[2] (compute-mfcc-feats[5.5.1182~1-e02e3]:main():compute-mfcc-feats.cc:182) Processed features for key common_voice_lt_36954210
WARNING (compute-mfcc-feats[5.5.1182~1-e02e3]:Read():wave-reader.cc:304) Expected 196992 bytes of wave data, but read only 195840 bytes. Truncated file?
VLOG[2] (compute-mfcc-feats[5.5.1182~1-e02e3]:main():compute-mfcc-feats.cc:182) Processed features for key common_voice_lt_36954211
WARNING (compute-mfcc-feats[5.5.1182~1-e02e3]:Read():wave-reader.cc:304) Expected 111744 bytes of wave data, but read only 110592 bytes. Truncated file?
VLOG[2] (compute-mfcc-feats[5.5.1182~1-e02e3]:main():compute-mfcc-feats.cc:182) Processed features for key common_voice_lt_36954212
WARNING (compute-mfcc-feats[5.5.1182~1-e02e3]:Read():wave-reader.cc:304) Expected 138240 bytes of wave data, but read only 137088 bytes. Truncated file?
VLOG[2] (compute-mfcc-feats[5.5.1182~1-e02e3]:main():compute-mfcc-feats.cc:182) Processed features for key common_voice_lt_36954213
WARNING (compute-mfcc-feats[5.5.1182~1-e02e3]:Read():wave-reader.cc:304) Expected 192384 bytes of wave data, but read only 191232 bytes. Truncated file?
LOG (compute-mfcc-feats[5.5.1182~1-e02e3]:main():compute-mfcc-feats.cc:181) Processed 1990 utterances
VLOG[2] (compute-mfcc-feats[5.5.1182~1-e02e3]:main():compute-mfcc-feats.cc:182) Processed features for key common_voice_lt_36954214
WARNING (compute-mfcc-feats[5.5.1182~1-e02e3]:Read():wave-reader.cc:304) Expected 172800 bytes of wave data, but read only 171648 bytes. Truncated file?
VLOG[2] (compute-mfcc-feats[5.5.1182~1-e02e3]:main():compute-mfcc-feats.cc:182) Processed features for key common_voice_lt_36954215
WARNING (compute-mfcc-feats[5.5.1182~1-e02e3]:Read():wave-reader.cc:304) Expected 109440 bytes of wave data, but read only 108288 bytes. Truncated file?
VLOG[2] (compute-mfcc-feats[5.5.1182~1-e02e3]:main():compute-mfcc-feats.cc:182) Processed features for key common_voice_lt_36954216
WARNING (compute-mfcc-feats[5.5.1182~1-e02e3]:Read():wave-reader.cc:304) Expected 225792 bytes of wave data, but read only 224640 bytes. Truncated file?
VLOG[2] (compute-mfcc-feats[5.5.1182~1-e02e3]:main():compute-mfcc-feats.cc:182) Processed features for key common_voice_lt_36954217
WARNING (compute-mfcc-feats[5.5.1182~1-e02e3]:Read():wave-reader.cc:304) Expected 155520 bytes of wave data, but read only 154368 bytes. Truncated file?
VLOG[2] (compute-mfcc-feats[5.5.1182~1-e02e3]:main():compute-mfcc-feats.cc:182) Processed features for key common_voice_lt_36954218
WARNING (compute-mfcc-feats[5.5.1182~1-e02e3]:Read():wave-reader.cc:304) Expected 185472 bytes of wave data, but read only 184320 bytes. Truncated file?
VLOG[2] (compute-mfcc-feats[5.5.1182~1-e02e3]:main():compute-mfcc-feats.cc:182) Processed features for key common_voice_lt_36954219
WARNING (compute-mfcc-feats[5.5.1182~1-e02e3]:Read():wave-reader.cc:304) Expected 207360 bytes of wave data, but read only 206208 bytes. Truncated file?
VLOG[2] (compute-mfcc-feats[5.5.1182~1-e02e3]:main():compute-mfcc-feats.cc:182) Processed features for key common_voice_lt_36954220
WARNING (compute-mfcc-feats[5.5.1182~1-e02e3]:Read():wave-reader.cc:304) Expected 124416 bytes of wave data, but read only 123264 bytes. Truncated file?
VLOG[2] (compute-mfcc-feats[5.5.1182~1-e02e3]:main():compute-mfcc-feats.cc:182) Processed features for key common_voice_lt_36954221
WARNING (compute-mfcc-feats[5.5.1182~1-e02e3]:Read():wave-reader.cc:304) Expected 100224 bytes of wave data, but read only 99072 bytes. Truncated file?
VLOG[2] (compute-mfcc-feats[5.5.1182~1-e02e3]:main():compute-mfcc-feats.cc:182) Processed features for key common_voice_lt_36954222
WARNING (compute-mfcc-feats[5.5.1182~1-e02e3]:Read():wave-reader.cc:304) Expected 142848 bytes of wave data, but read only 141696 bytes. Truncated file?
VLOG[2] (compute-mfcc-feats[5.5.1182~1-e02e3]:main():compute-mfcc-feats.cc:182) Processed features for key common_voice_lt_36954223
WARNING (compute-mfcc-feats[5.5.1182~1-e02e3]:Read():wave-reader.cc:304) Expected 152064 bytes of wave data, but read only 150912 bytes. Truncated file?
LOG (compute-mfcc-feats[5.5.1182~1-e02e3]:main():compute-mfcc-feats.cc:181) Processed 2000 utterances
VLOG[2] (compute-mfcc-feats[5.5.1182~1-e02e3]:main():compute-mfcc-feats.cc:182) Processed features for key common_voice_lt_36954224
WARNING (compute-mfcc-feats[5.5.1182~1-e02e3]:Read():wave-reader.cc:304) Expected 120960 bytes of wave data, but read only 119808 bytes. Truncated file?
VLOG[2] (compute-mfcc-feats[5.5.1182~1-e02e3]:main():compute-mfcc-feats.cc:182) Processed features for key common_voice_lt_36954225
WARNING (compute-mfcc-feats[5.5.1182~1-e02e3]:Read():wave-reader.cc:304) Expected 139392 bytes of wave data, but read only 138240 bytes. Truncated file?
VLOG[2] (compute-mfcc-feats[5.5.1182~1-e02e3]:main():compute-mfcc-feats.cc:182) Processed features for key common_voice_lt_36954226
WARNING (compute-mfcc-feats[5.5.1182~1-e02e3]:Read():wave-reader.cc:304) Expected 208512 bytes of wave data, but read only 207360 bytes. Truncated file?
VLOG[2] (compute-mfcc-feats[5.5.1182~1-e02e3]:main():compute-mfcc-feats.cc:182) Processed features for key common_voice_lt_36954229
WARNING (compute-mfcc-feats[5.5.1182~1-e02e3]:Read():wave-reader.cc:304) Expected 185472 bytes of wave data, but read only 184320 bytes. Truncated file?
VLOG[2] (compute-mfcc-feats[5.5.1182~1-e02e3]:main():compute-mfcc-feats.cc:182) Processed features for key common_voice_lt_36954230
WARNING (compute-mfcc-feats[5.5.1182~1-e02e3]:Read():wave-reader.cc:304) Expected 241920 bytes of wave data, but read only 240768 bytes. Truncated file?
VLOG[2] (compute-mfcc-feats[5.5.1182~1-e02e3]:main():compute-mfcc-feats.cc:182) Processed features for key common_voice_lt_36954231
WARNING (compute-mfcc-feats[5.5.1182~1-e02e3]:Read():wave-reader.cc:304) Expected 164736 bytes of wave data, but read only 163584 bytes. Truncated file?
VLOG[2] (compute-mfcc-feats[5.5.1182~1-e02e3]:main():compute-mfcc-feats.cc:182) Processed features for key common_voice_lt_36954232
WARNING (compute-mfcc-feats[5.5.1182~1-e02e3]:Read():wave-reader.cc:304) Expected 167040 bytes of wave data, but read only 165888 bytes. Truncated file?
VLOG[2] (compute-mfcc-feats[5.5.1182~1-e02e3]:main():compute-mfcc-feats.cc:182) Processed features for key common_voice_lt_36954236
WARNING (compute-mfcc-feats[5.5.1182~1-e02e3]:Read():wave-reader.cc:304) Expected 202752 bytes of wave data, but read only 201600 bytes. Truncated file?
VLOG[2] (compute-mfcc-feats[5.5.1182~1-e02e3]:main():compute-mfcc-feats.cc:182) Processed features for key common_voice_lt_36954237
WARNING (compute-mfcc-feats[5.5.1182~1-e02e3]:Read():wave-reader.cc:304) Expected 224640 bytes of wave data, but read only 223488 bytes. Truncated file?
VLOG[2] (compute-mfcc-feats[5.5.1182~1-e02e3]:main():compute-mfcc-feats.cc:182) Processed features for key common_voice_lt_36954238
WARNING (compute-mfcc-feats[5.5.1182~1-e02e3]:Read():wave-reader.cc:304) Expected 308736 bytes of wave data, but read only 307584 bytes. Truncated file?
LOG (compute-mfcc-feats[5.5.1182~1-e02e3]:main():compute-mfcc-feats.cc:181) Processed 2010 utterances
VLOG[2] (compute-mfcc-feats[5.5.1182~1-e02e3]:main():compute-mfcc-feats.cc:182) Processed features for key common_voice_lt_36954239
WARNING (compute-mfcc-feats[5.5.1182~1-e02e3]:Read():wave-reader.cc:304) Expected 158976 bytes of wave data, but read only 157824 bytes. Truncated file?
VLOG[2] (compute-mfcc-feats[5.5.1182~1-e02e3]:main():compute-mfcc-feats.cc:182) Processed features for key common_voice_lt_36954240
WARNING (compute-mfcc-feats[5.5.1182~1-e02e3]:Read():wave-reader.cc:304) Expected 104832 bytes of wave data, but read only 103680 bytes. Truncated file?
VLOG[2] (compute-mfcc-feats[5.5.1182~1-e02e3]:main():compute-mfcc-feats.cc:182) Processed features for key common_voice_lt_36954243
WARNING (compute-mfcc-feats[5.5.1182~1-e02e3]:Read():wave-reader.cc:304) Expected 126720 bytes of wave data, but read only 125568 bytes. Truncated file?
VLOG[2] (compute-mfcc-feats[5.5.1182~1-e02e3]:main():compute-mfcc-feats.cc:182) Processed features for key common_voice_lt_36954244
WARNING (compute-mfcc-feats[5.5.1182~1-e02e3]:Read():wave-reader.cc:304) Expected 172800 bytes of wave data, but read only 171648 bytes. Truncated file?
VLOG[2] (compute-mfcc-feats[5.5.1182~1-e02e3]:main():compute-mfcc-feats.cc:182) Processed features for key common_voice_lt_36954245
WARNING (compute-mfcc-feats[5.5.1182~1-e02e3]:Read():wave-reader.cc:304) Expected 149760 bytes of wave data, but read only 148608 bytes. Truncated file?
VLOG[2] (compute-mfcc-feats[5.5.1182~1-e02e3]:main():compute-mfcc-feats.cc:182) Processed features for key common_voice_lt_36954246
WARNING (compute-mfcc-feats[5.5.1182~1-e02e3]:Read():wave-reader.cc:304) Expected 124416 bytes of wave data, but read only 123264 bytes. Truncated file?
VLOG[2] (compute-mfcc-feats[5.5.1182~1-e02e3]:main():compute-mfcc-feats.cc:182) Processed features for key common_voice_lt_36954247
WARNING (compute-mfcc-feats[5.5.1182~1-e02e3]:Read():wave-reader.cc:304) Expected 205056 bytes of wave data, but read only 203904 bytes. Truncated file?
VLOG[2] (compute-mfcc-feats[5.5.1182~1-e02e3]:main():compute-mfcc-feats.cc:182) Processed features for key common_voice_lt_36954667
WARNING (compute-mfcc-feats[5.5.1182~1-e02e3]:Read():wave-reader.cc:304) Expected 187776 bytes of wave data, but read only 186624 bytes. Truncated file?
VLOG[2] (compute-mfcc-feats[5.5.1182~1-e02e3]:main():compute-mfcc-feats.cc:182) Processed features for key common_voice_lt_36954668
WARNING (compute-mfcc-feats[5.5.1182~1-e02e3]:Read():wave-reader.cc:304) Expected 132480 bytes of wave data, but read only 131328 bytes. Truncated file?
VLOG[2] (compute-mfcc-feats[5.5.1182~1-e02e3]:main():compute-mfcc-feats.cc:182) Processed features for key common_voice_lt_36954670
WARNING (compute-mfcc-feats[5.5.1182~1-e02e3]:Read():wave-reader.cc:304) Expected 182016 bytes of wave data, but read only 180864 bytes. Truncated file?
LOG (compute-mfcc-feats[5.5.1182~1-e02e3]:main():compute-mfcc-feats.cc:181) Processed 2020 utterances
VLOG[2] (compute-mfcc-feats[5.5.1182~1-e02e3]:main():compute-mfcc-feats.cc:182) Processed features for key common_voice_lt_36954672
WARNING (compute-mfcc-feats[5.5.1182~1-e02e3]:Read():wave-reader.cc:304) Expected 149760 bytes of wave data, but read only 148608 bytes. Truncated file?
VLOG[2] (compute-mfcc-feats[5.5.1182~1-e02e3]:main():compute-mfcc-feats.cc:182) Processed features for key common_voice_lt_36954673
WARNING (compute-mfcc-feats[5.5.1182~1-e02e3]:Read():wave-reader.cc:304) Expected 176256 bytes of wave data, but read only 175104 bytes. Truncated file?
VLOG[2] (compute-mfcc-feats[5.5.1182~1-e02e3]:main():compute-mfcc-feats.cc:182) Processed features for key common_voice_lt_36954675
WARNING (compute-mfcc-feats[5.5.1182~1-e02e3]:Read():wave-reader.cc:304) Expected 176256 bytes of wave data, but read only 175104 bytes. Truncated file?
VLOG[2] (compute-mfcc-feats[5.5.1182~1-e02e3]:main():compute-mfcc-feats.cc:182) Processed features for key common_voice_lt_36954676
WARNING (compute-mfcc-feats[5.5.1182~1-e02e3]:Read():wave-reader.cc:304) Expected 141696 bytes of wave data, but read only 140544 bytes. Truncated file?
VLOG[2] (compute-mfcc-feats[5.5.1182~1-e02e3]:main():compute-mfcc-feats.cc:182) Processed features for key common_voice_lt_36954677
WARNING (compute-mfcc-feats[5.5.1182~1-e02e3]:Read():wave-reader.cc:304) Expected 185472 bytes of wave data, but read only 184320 bytes. Truncated file?
VLOG[2] (compute-mfcc-feats[5.5.1182~1-e02e3]:main():compute-mfcc-feats.cc:182) Processed features for key common_voice_lt_36954678
WARNING (compute-mfcc-feats[5.5.1182~1-e02e3]:Read():wave-reader.cc:304) Expected 207360 bytes of wave data, but read only 206208 bytes. Truncated file?
VLOG[2] (compute-mfcc-feats[5.5.1182~1-e02e3]:main():compute-mfcc-feats.cc:182) Processed features for key common_voice_lt_36954679
WARNING (compute-mfcc-feats[5.5.1182~1-e02e3]:Read():wave-reader.cc:304) Expected 210816 bytes of wave data, but read only 209664 bytes. Truncated file?
VLOG[2] (compute-mfcc-feats[5.5.1182~1-e02e3]:main():compute-mfcc-feats.cc:182) Processed features for key common_voice_lt_36954686
WARNING (compute-mfcc-feats[5.5.1182~1-e02e3]:Read():wave-reader.cc:304) Expected 135936 bytes of wave data, but read only 134784 bytes. Truncated file?
VLOG[2] (compute-mfcc-feats[5.5.1182~1-e02e3]:main():compute-mfcc-feats.cc:182) Processed features for key common_voice_lt_36954687
WARNING (compute-mfcc-feats[5.5.1182~1-e02e3]:Read():wave-reader.cc:304) Expected 158976 bytes of wave data, but read only 157824 bytes. Truncated file?
VLOG[2] (compute-mfcc-feats[5.5.1182~1-e02e3]:main():compute-mfcc-feats.cc:182) Processed features for key common_voice_lt_36954688
WARNING (compute-mfcc-feats[5.5.1182~1-e02e3]:Read():wave-reader.cc:304) Expected 97920 bytes of wave data, but read only 96768 bytes. Truncated file?
LOG (compute-mfcc-feats[5.5.1182~1-e02e3]:main():compute-mfcc-feats.cc:181) Processed 2030 utterances
VLOG[2] (compute-mfcc-feats[5.5.1182~1-e02e3]:main():compute-mfcc-feats.cc:182) Processed features for key common_voice_lt_36954689
WARNING (compute-mfcc-feats[5.5.1182~1-e02e3]:Read():wave-reader.cc:304) Expected 190080 bytes of wave data, but read only 188928 bytes. Truncated file?
VLOG[2] (compute-mfcc-feats[5.5.1182~1-e02e3]:main():compute-mfcc-feats.cc:182) Processed features for key common_voice_lt_36954690
WARNING (compute-mfcc-feats[5.5.1182~1-e02e3]:Read():wave-reader.cc:304) Expected 222336 bytes of wave data, but read only 221184 bytes. Truncated file?
VLOG[2] (compute-mfcc-feats[5.5.1182~1-e02e3]:main():compute-mfcc-feats.cc:182) Processed features for key common_voice_lt_36954692
WARNING (compute-mfcc-feats[5.5.1182~1-e02e3]:Read():wave-reader.cc:304) Expected 115200 bytes of wave data, but read only 114048 bytes. Truncated file?
VLOG[2] (compute-mfcc-feats[5.5.1182~1-e02e3]:main():compute-mfcc-feats.cc:182) Processed features for key common_voice_lt_36954693
WARNING (compute-mfcc-feats[5.5.1182~1-e02e3]:Read():wave-reader.cc:304) Expected 193536 bytes of wave data, but read only 192384 bytes. Truncated file?
VLOG[2] (compute-mfcc-feats[5.5.1182~1-e02e3]:main():compute-mfcc-feats.cc:182) Processed features for key common_voice_lt_36954695
WARNING (compute-mfcc-feats[5.5.1182~1-e02e3]:Read():wave-reader.cc:304) Expected 122112 bytes of wave data, but read only 120960 bytes. Truncated file?
VLOG[2] (compute-mfcc-feats[5.5.1182~1-e02e3]:main():compute-mfcc-feats.cc:182) Processed features for key common_voice_lt_36954696
WARNING (compute-mfcc-feats[5.5.1182~1-e02e3]:Read():wave-reader.cc:304) Expected 132480 bytes of wave data, but read only 131328 bytes. Truncated file?
VLOG[2] (compute-mfcc-feats[5.5.1182~1-e02e3]:main():compute-mfcc-feats.cc:182) Processed features for key common_voice_lt_36954701
WARNING (compute-mfcc-feats[5.5.1182~1-e02e3]:Read():wave-reader.cc:304) Expected 115200 bytes of wave data, but read only 114048 bytes. Truncated file?
VLOG[2] (compute-mfcc-feats[5.5.1182~1-e02e3]:main():compute-mfcc-feats.cc:182) Processed features for key common_voice_lt_36954703
WARNING (compute-mfcc-feats[5.5.1182~1-e02e3]:Read():wave-reader.cc:304) Expected 179712 bytes of wave data, but read only 178560 bytes. Truncated file?
VLOG[2] (compute-mfcc-feats[5.5.1182~1-e02e3]:main():compute-mfcc-feats.cc:182) Processed features for key common_voice_lt_36954704
WARNING (compute-mfcc-feats[5.5.1182~1-e02e3]:Read():wave-reader.cc:304) Expected 124416 bytes of wave data, but read only 123264 bytes. Truncated file?
VLOG[2] (compute-mfcc-feats[5.5.1182~1-e02e3]:main():compute-mfcc-feats.cc:182) Processed features for key common_voice_lt_36954705
WARNING (compute-mfcc-feats[5.5.1182~1-e02e3]:Read():wave-reader.cc:304) Expected 158976 bytes of wave data, but read only 157824 bytes. Truncated file?
LOG (compute-mfcc-feats[5.5.1182~1-e02e3]:main():compute-mfcc-feats.cc:181) Processed 2040 utterances
VLOG[2] (compute-mfcc-feats[5.5.1182~1-e02e3]:main():compute-mfcc-feats.cc:182) Processed features for key common_voice_lt_36954706
WARNING (compute-mfcc-feats[5.5.1182~1-e02e3]:Read():wave-reader.cc:304) Expected 133632 bytes of wave data, but read only 132480 bytes. Truncated file?
VLOG[2] (compute-mfcc-feats[5.5.1182~1-e02e3]:main():compute-mfcc-feats.cc:182) Processed features for key common_voice_lt_36954712
WARNING (compute-mfcc-feats[5.5.1182~1-e02e3]:Read():wave-reader.cc:304) Expected 178560 bytes of wave data, but read only 177408 bytes. Truncated file?
VLOG[2] (compute-mfcc-feats[5.5.1182~1-e02e3]:main():compute-mfcc-feats.cc:182) Processed features for key common_voice_lt_36954713
WARNING (compute-mfcc-feats[5.5.1182~1-e02e3]:Read():wave-reader.cc:304) Expected 168192 bytes of wave data, but read only 167040 bytes. Truncated file?
VLOG[2] (compute-mfcc-feats[5.5.1182~1-e02e3]:main():compute-mfcc-feats.cc:182) Processed features for key common_voice_lt_36954714
WARNING (compute-mfcc-feats[5.5.1182~1-e02e3]:Read():wave-reader.cc:304) Expected 218880 bytes of wave data, but read only 217728 bytes. Truncated file?
VLOG[2] (compute-mfcc-feats[5.5.1182~1-e02e3]:main():compute-mfcc-feats.cc:182) Processed features for key common_voice_lt_36954715
WARNING (compute-mfcc-feats[5.5.1182~1-e02e3]:Read():wave-reader.cc:304) Expected 224640 bytes of wave data, but read only 223488 bytes. Truncated file?
VLOG[2] (compute-mfcc-feats[5.5.1182~1-e02e3]:main():compute-mfcc-feats.cc:182) Processed features for key common_voice_lt_36954716
WARNING (compute-mfcc-feats[5.5.1182~1-e02e3]:Read():wave-reader.cc:304) Expected 259200 bytes of wave data, but read only 258048 bytes. Truncated file?
VLOG[2] (compute-mfcc-feats[5.5.1182~1-e02e3]:main():compute-mfcc-feats.cc:182) Processed features for key common_voice_lt_36954717
WARNING (compute-mfcc-feats[5.5.1182~1-e02e3]:Read():wave-reader.cc:304) Expected 145152 bytes of wave data, but read only 144000 bytes. Truncated file?
VLOG[2] (compute-mfcc-feats[5.5.1182~1-e02e3]:main():compute-mfcc-feats.cc:182) Processed features for key common_voice_lt_36954718
WARNING (compute-mfcc-feats[5.5.1182~1-e02e3]:Read():wave-reader.cc:304) Expected 270720 bytes of wave data, but read only 269568 bytes. Truncated file?
VLOG[2] (compute-mfcc-feats[5.5.1182~1-e02e3]:main():compute-mfcc-feats.cc:182) Processed features for key common_voice_lt_36954719
WARNING (compute-mfcc-feats[5.5.1182~1-e02e3]:Read():wave-reader.cc:304) Expected 158976 bytes of wave data, but read only 157824 bytes. Truncated file?
VLOG[2] (compute-mfcc-feats[5.5.1182~1-e02e3]:main():compute-mfcc-feats.cc:182) Processed features for key common_voice_lt_36954720
WARNING (compute-mfcc-feats[5.5.1182~1-e02e3]:Read():wave-reader.cc:304) Expected 145152 bytes of wave data, but read only 144000 bytes. Truncated file?
LOG (compute-mfcc-feats[5.5.1182~1-e02e3]:main():compute-mfcc-feats.cc:181) Processed 2050 utterances
VLOG[2] (compute-mfcc-feats[5.5.1182~1-e02e3]:main():compute-mfcc-feats.cc:182) Processed features for key common_voice_lt_36954721
WARNING (compute-mfcc-feats[5.5.1182~1-e02e3]:Read():wave-reader.cc:304) Expected 161280 bytes of wave data, but read only 160128 bytes. Truncated file?
VLOG[2] (compute-mfcc-feats[5.5.1182~1-e02e3]:main():compute-mfcc-feats.cc:182) Processed features for key common_voice_lt_36954727
WARNING (compute-mfcc-feats[5.5.1182~1-e02e3]:Read():wave-reader.cc:304) Expected 218880 bytes of wave data, but read only 217728 bytes. Truncated file?
VLOG[2] (compute-mfcc-feats[5.5.1182~1-e02e3]:main():compute-mfcc-feats.cc:182) Processed features for key common_voice_lt_36954728
WARNING (compute-mfcc-feats[5.5.1182~1-e02e3]:Read():wave-reader.cc:304) Expected 202752 bytes of wave data, but read only 201600 bytes. Truncated file?
VLOG[2] (compute-mfcc-feats[5.5.1182~1-e02e3]:main():compute-mfcc-feats.cc:182) Processed features for key common_voice_lt_36954729
WARNING (compute-mfcc-feats[5.5.1182~1-e02e3]:Read():wave-reader.cc:304) Expected 285696 bytes of wave data, but read only 284544 bytes. Truncated file?
VLOG[2] (compute-mfcc-feats[5.5.1182~1-e02e3]:main():compute-mfcc-feats.cc:182) Processed features for key common_voice_lt_36954730
WARNING (compute-mfcc-feats[5.5.1182~1-e02e3]:Read():wave-reader.cc:304) Expected 162432 bytes of wave data, but read only 161280 bytes. Truncated file?
VLOG[2] (compute-mfcc-feats[5.5.1182~1-e02e3]:main():compute-mfcc-feats.cc:182) Processed features for key common_voice_lt_36954731
WARNING (compute-mfcc-feats[5.5.1182~1-e02e3]:Read():wave-reader.cc:304) Expected 164736 bytes of wave data, but read only 163584 bytes. Truncated file?
VLOG[2] (compute-mfcc-feats[5.5.1182~1-e02e3]:main():compute-mfcc-feats.cc:182) Processed features for key common_voice_lt_36954732
WARNING (compute-mfcc-feats[5.5.1182~1-e02e3]:Read():wave-reader.cc:304) Expected 213120 bytes of wave data, but read only 211968 bytes. Truncated file?
VLOG[2] (compute-mfcc-feats[5.5.1182~1-e02e3]:main():compute-mfcc-feats.cc:182) Processed features for key common_voice_lt_36954733
WARNING (compute-mfcc-feats[5.5.1182~1-e02e3]:Read():wave-reader.cc:304) Expected 253440 bytes of wave data, but read only 252288 bytes. Truncated file?
VLOG[2] (compute-mfcc-feats[5.5.1182~1-e02e3]:main():compute-mfcc-feats.cc:182) Processed features for key common_voice_lt_36954734
WARNING (compute-mfcc-feats[5.5.1182~1-e02e3]:Read():wave-reader.cc:304) Expected 153216 bytes of wave data, but read only 152064 bytes. Truncated file?
VLOG[2] (compute-mfcc-feats[5.5.1182~1-e02e3]:main():compute-mfcc-feats.cc:182) Processed features for key common_voice_lt_36954736
WARNING (compute-mfcc-feats[5.5.1182~1-e02e3]:Read():wave-reader.cc:304) Expected 199296 bytes of wave data, but read only 198144 bytes. Truncated file?
LOG (compute-mfcc-feats[5.5.1182~1-e02e3]:main():compute-mfcc-feats.cc:181) Processed 2060 utterances
VLOG[2] (compute-mfcc-feats[5.5.1182~1-e02e3]:main():compute-mfcc-feats.cc:182) Processed features for key common_voice_lt_36954747
WARNING (compute-mfcc-feats[5.5.1182~1-e02e3]:Read():wave-reader.cc:304) Expected 225792 bytes of wave data, but read only 224640 bytes. Truncated file?
VLOG[2] (compute-mfcc-feats[5.5.1182~1-e02e3]:main():compute-mfcc-feats.cc:182) Processed features for key common_voice_lt_36954748
WARNING (compute-mfcc-feats[5.5.1182~1-e02e3]:Read():wave-reader.cc:304) Expected 162432 bytes of wave data, but read only 161280 bytes. Truncated file?
VLOG[2] (compute-mfcc-feats[5.5.1182~1-e02e3]:main():compute-mfcc-feats.cc:182) Processed features for key common_voice_lt_36954749
WARNING (compute-mfcc-feats[5.5.1182~1-e02e3]:Read():wave-reader.cc:304) Expected 124416 bytes of wave data, but read only 123264 bytes. Truncated file?
VLOG[2] (compute-mfcc-feats[5.5.1182~1-e02e3]:main():compute-mfcc-feats.cc:182) Processed features for key common_voice_lt_36954750
WARNING (compute-mfcc-feats[5.5.1182~1-e02e3]:Read():wave-reader.cc:304) Expected 89856 bytes of wave data, but read only 88704 bytes. Truncated file?
VLOG[2] (compute-mfcc-feats[5.5.1182~1-e02e3]:main():compute-mfcc-feats.cc:182) Processed features for key common_voice_lt_36954751
WARNING (compute-mfcc-feats[5.5.1182~1-e02e3]:Read():wave-reader.cc:304) Expected 208512 bytes of wave data, but read only 207360 bytes. Truncated file?
VLOG[2] (compute-mfcc-feats[5.5.1182~1-e02e3]:main():compute-mfcc-feats.cc:182) Processed features for key common_voice_lt_36954755
WARNING (compute-mfcc-feats[5.5.1182~1-e02e3]:Read():wave-reader.cc:304) Expected 135936 bytes of wave data, but read only 134784 bytes. Truncated file?
VLOG[2] (compute-mfcc-feats[5.5.1182~1-e02e3]:main():compute-mfcc-feats.cc:182) Processed features for key common_voice_lt_36954756
WARNING (compute-mfcc-feats[5.5.1182~1-e02e3]:Read():wave-reader.cc:304) Expected 202752 bytes of wave data, but read only 201600 bytes. Truncated file?
VLOG[2] (compute-mfcc-feats[5.5.1182~1-e02e3]:main():compute-mfcc-feats.cc:182) Processed features for key common_voice_lt_36954758
WARNING (compute-mfcc-feats[5.5.1182~1-e02e3]:Read():wave-reader.cc:304) Expected 168192 bytes of wave data, but read only 167040 bytes. Truncated file?
VLOG[2] (compute-mfcc-feats[5.5.1182~1-e02e3]:main():compute-mfcc-feats.cc:182) Processed features for key common_voice_lt_36954759
WARNING (compute-mfcc-feats[5.5.1182~1-e02e3]:Read():wave-reader.cc:304) Expected 135936 bytes of wave data, but read only 134784 bytes. Truncated file?
VLOG[2] (compute-mfcc-feats[5.5.1182~1-e02e3]:main():compute-mfcc-feats.cc:182) Processed features for key common_voice_lt_36954761
WARNING (compute-mfcc-feats[5.5.1182~1-e02e3]:Read():wave-reader.cc:304) Expected 231552 bytes of wave data, but read only 230400 bytes. Truncated file?
LOG (compute-mfcc-feats[5.5.1182~1-e02e3]:main():compute-mfcc-feats.cc:181) Processed 2070 utterances
VLOG[2] (compute-mfcc-feats[5.5.1182~1-e02e3]:main():compute-mfcc-feats.cc:182) Processed features for key common_voice_lt_36954762
WARNING (compute-mfcc-feats[5.5.1182~1-e02e3]:Read():wave-reader.cc:304) Expected 156672 bytes of wave data, but read only 155520 bytes. Truncated file?
VLOG[2] (compute-mfcc-feats[5.5.1182~1-e02e3]:main():compute-mfcc-feats.cc:182) Processed features for key common_voice_lt_36954763
WARNING (compute-mfcc-feats[5.5.1182~1-e02e3]:Read():wave-reader.cc:304) Expected 135936 bytes of wave data, but read only 134784 bytes. Truncated file?
VLOG[2] (compute-mfcc-feats[5.5.1182~1-e02e3]:main():compute-mfcc-feats.cc:182) Processed features for key common_voice_lt_36954764
WARNING (compute-mfcc-feats[5.5.1182~1-e02e3]:Read():wave-reader.cc:304) Expected 101376 bytes of wave data, but read only 100224 bytes. Truncated file?
VLOG[2] (compute-mfcc-feats[5.5.1182~1-e02e3]:main():compute-mfcc-feats.cc:182) Processed features for key common_voice_lt_36954765
WARNING (compute-mfcc-feats[5.5.1182~1-e02e3]:Read():wave-reader.cc:304) Expected 110592 bytes of wave data, but read only 109440 bytes. Truncated file?
VLOG[2] (compute-mfcc-feats[5.5.1182~1-e02e3]:main():compute-mfcc-feats.cc:182) Processed features for key common_voice_lt_36954766
WARNING (compute-mfcc-feats[5.5.1182~1-e02e3]:Read():wave-reader.cc:304) Expected 84096 bytes of wave data, but read only 82944 bytes. Truncated file?
VLOG[2] (compute-mfcc-feats[5.5.1182~1-e02e3]:main():compute-mfcc-feats.cc:182) Processed features for key common_voice_lt_36954767
WARNING (compute-mfcc-feats[5.5.1182~1-e02e3]:Read():wave-reader.cc:304) Expected 99072 bytes of wave data, but read only 97920 bytes. Truncated file?
VLOG[2] (compute-mfcc-feats[5.5.1182~1-e02e3]:main():compute-mfcc-feats.cc:182) Processed features for key common_voice_lt_36954768
WARNING (compute-mfcc-feats[5.5.1182~1-e02e3]:Read():wave-reader.cc:304) Expected 254592 bytes of wave data, but read only 253440 bytes. Truncated file?
VLOG[2] (compute-mfcc-feats[5.5.1182~1-e02e3]:main():compute-mfcc-feats.cc:182) Processed features for key common_voice_lt_36954769
WARNING (compute-mfcc-feats[5.5.1182~1-e02e3]:Read():wave-reader.cc:304) Expected 282240 bytes of wave data, but read only 281088 bytes. Truncated file?
VLOG[2] (compute-mfcc-feats[5.5.1182~1-e02e3]:main():compute-mfcc-feats.cc:182) Processed features for key common_voice_lt_36954770
WARNING (compute-mfcc-feats[5.5.1182~1-e02e3]:Read():wave-reader.cc:304) Expected 222336 bytes of wave data, but read only 221184 bytes. Truncated file?
VLOG[2] (compute-mfcc-feats[5.5.1182~1-e02e3]:main():compute-mfcc-feats.cc:182) Processed features for key common_voice_lt_36954771
WARNING (compute-mfcc-feats[5.5.1182~1-e02e3]:Read():wave-reader.cc:304) Expected 133632 bytes of wave data, but read only 132480 bytes. Truncated file?
LOG (compute-mfcc-feats[5.5.1182~1-e02e3]:main():compute-mfcc-feats.cc:181) Processed 2080 utterances
VLOG[2] (compute-mfcc-feats[5.5.1182~1-e02e3]:main():compute-mfcc-feats.cc:182) Processed features for key common_voice_lt_36954772
WARNING (compute-mfcc-feats[5.5.1182~1-e02e3]:Read():wave-reader.cc:304) Expected 147456 bytes of wave data, but read only 146304 bytes. Truncated file?
VLOG[2] (compute-mfcc-feats[5.5.1182~1-e02e3]:main():compute-mfcc-feats.cc:182) Processed features for key common_voice_lt_36954773
WARNING (compute-mfcc-feats[5.5.1182~1-e02e3]:Read():wave-reader.cc:304) Expected 138240 bytes of wave data, but read only 137088 bytes. Truncated file?
VLOG[2] (compute-mfcc-feats[5.5.1182~1-e02e3]:main():compute-mfcc-feats.cc:182) Processed features for key common_voice_lt_36954778
WARNING (compute-mfcc-feats[5.5.1182~1-e02e3]:Read():wave-reader.cc:304) Expected 162432 bytes of wave data, but read only 161280 bytes. Truncated file?
VLOG[2] (compute-mfcc-feats[5.5.1182~1-e02e3]:main():compute-mfcc-feats.cc:182) Processed features for key common_voice_lt_36954779
WARNING (compute-mfcc-feats[5.5.1182~1-e02e3]:Read():wave-reader.cc:304) Expected 95616 bytes of wave data, but read only 94464 bytes. Truncated file?
VLOG[2] (compute-mfcc-feats[5.5.1182~1-e02e3]:main():compute-mfcc-feats.cc:182) Processed features for key common_voice_lt_36954781
WARNING (compute-mfcc-feats[5.5.1182~1-e02e3]:Read():wave-reader.cc:304) Expected 145152 bytes of wave data, but read only 144000 bytes. Truncated file?
VLOG[2] (compute-mfcc-feats[5.5.1182~1-e02e3]:main():compute-mfcc-feats.cc:182) Processed features for key common_voice_lt_36954782
WARNING (compute-mfcc-feats[5.5.1182~1-e02e3]:Read():wave-reader.cc:304) Expected 124416 bytes of wave data, but read only 123264 bytes. Truncated file?
VLOG[2] (compute-mfcc-feats[5.5.1182~1-e02e3]:main():compute-mfcc-feats.cc:182) Processed features for key common_voice_lt_36954783
WARNING (compute-mfcc-feats[5.5.1182~1-e02e3]:Read():wave-reader.cc:304) Expected 103680 bytes of wave data, but read only 102528 bytes. Truncated file?
VLOG[2] (compute-mfcc-feats[5.5.1182~1-e02e3]:main():compute-mfcc-feats.cc:182) Processed features for key common_voice_lt_36954784
WARNING (compute-mfcc-feats[5.5.1182~1-e02e3]:Read():wave-reader.cc:304) Expected 118656 bytes of wave data, but read only 117504 bytes. Truncated file?
VLOG[2] (compute-mfcc-feats[5.5.1182~1-e02e3]:main():compute-mfcc-feats.cc:182) Processed features for key common_voice_lt_36954785
WARNING (compute-mfcc-feats[5.5.1182~1-e02e3]:Read():wave-reader.cc:304) Expected 112896 bytes of wave data, but read only 111744 bytes. Truncated file?
VLOG[2] (compute-mfcc-feats[5.5.1182~1-e02e3]:main():compute-mfcc-feats.cc:182) Processed features for key common_voice_lt_36954786
WARNING (compute-mfcc-feats[5.5.1182~1-e02e3]:Read():wave-reader.cc:304) Expected 260352 bytes of wave data, but read only 259200 bytes. Truncated file?
LOG (compute-mfcc-feats[5.5.1182~1-e02e3]:main():compute-mfcc-feats.cc:181) Processed 2090 utterances
VLOG[2] (compute-mfcc-feats[5.5.1182~1-e02e3]:main():compute-mfcc-feats.cc:182) Processed features for key common_voice_lt_36954787
WARNING (compute-mfcc-feats[5.5.1182~1-e02e3]:Read():wave-reader.cc:304) Expected 133632 bytes of wave data, but read only 132480 bytes. Truncated file?
VLOG[2] (compute-mfcc-feats[5.5.1182~1-e02e3]:main():compute-mfcc-feats.cc:182) Processed features for key common_voice_lt_36954788
WARNING (compute-mfcc-feats[5.5.1182~1-e02e3]:Read():wave-reader.cc:304) Expected 225792 bytes of wave data, but read only 224640 bytes. Truncated file?
VLOG[2] (compute-mfcc-feats[5.5.1182~1-e02e3]:main():compute-mfcc-feats.cc:182) Processed features for key common_voice_lt_36954789
WARNING (compute-mfcc-feats[5.5.1182~1-e02e3]:Read():wave-reader.cc:304) Expected 153216 bytes of wave data, but read only 152064 bytes. Truncated file?
VLOG[2] (compute-mfcc-feats[5.5.1182~1-e02e3]:main():compute-mfcc-feats.cc:182) Processed features for key common_voice_lt_36954790
WARNING (compute-mfcc-feats[5.5.1182~1-e02e3]:Read():wave-reader.cc:304) Expected 161280 bytes of wave data, but read only 160128 bytes. Truncated file?
VLOG[2] (compute-mfcc-feats[5.5.1182~1-e02e3]:main():compute-mfcc-feats.cc:182) Processed features for key common_voice_lt_36954791
WARNING (compute-mfcc-feats[5.5.1182~1-e02e3]:Read():wave-reader.cc:304) Expected 179712 bytes of wave data, but read only 178560 bytes. Truncated file?
VLOG[2] (compute-mfcc-feats[5.5.1182~1-e02e3]:main():compute-mfcc-feats.cc:182) Processed features for key common_voice_lt_36954792
WARNING (compute-mfcc-feats[5.5.1182~1-e02e3]:Read():wave-reader.cc:304) Expected 178560 bytes of wave data, but read only 177408 bytes. Truncated file?
VLOG[2] (compute-mfcc-feats[5.5.1182~1-e02e3]:main():compute-mfcc-feats.cc:182) Processed features for key common_voice_lt_36954793
WARNING (compute-mfcc-feats[5.5.1182~1-e02e3]:Read():wave-reader.cc:304) Expected 199296 bytes of wave data, but read only 198144 bytes. Truncated file?
VLOG[2] (compute-mfcc-feats[5.5.1182~1-e02e3]:main():compute-mfcc-feats.cc:182) Processed features for key common_voice_lt_36954794
WARNING (compute-mfcc-feats[5.5.1182~1-e02e3]:Read():wave-reader.cc:304) Expected 139392 bytes of wave data, but read only 138240 bytes. Truncated file?
VLOG[2] (compute-mfcc-feats[5.5.1182~1-e02e3]:main():compute-mfcc-feats.cc:182) Processed features for key common_voice_lt_36954795
WARNING (compute-mfcc-feats[5.5.1182~1-e02e3]:Read():wave-reader.cc:304) Expected 236160 bytes of wave data, but read only 235008 bytes. Truncated file?
VLOG[2] (compute-mfcc-feats[5.5.1182~1-e02e3]:main():compute-mfcc-feats.cc:182) Processed features for key common_voice_lt_36954796
WARNING (compute-mfcc-feats[5.5.1182~1-e02e3]:Read():wave-reader.cc:304) Expected 201600 bytes of wave data, but read only 200448 bytes. Truncated file?
LOG (compute-mfcc-feats[5.5.1182~1-e02e3]:main():compute-mfcc-feats.cc:181) Processed 2100 utterances
VLOG[2] (compute-mfcc-feats[5.5.1182~1-e02e3]:main():compute-mfcc-feats.cc:182) Processed features for key common_voice_lt_36954797
WARNING (compute-mfcc-feats[5.5.1182~1-e02e3]:Read():wave-reader.cc:304) Expected 133632 bytes of wave data, but read only 132480 bytes. Truncated file?
VLOG[2] (compute-mfcc-feats[5.5.1182~1-e02e3]:main():compute-mfcc-feats.cc:182) Processed features for key common_voice_lt_36954798
WARNING (compute-mfcc-feats[5.5.1182~1-e02e3]:Read():wave-reader.cc:304) Expected 271872 bytes of wave data, but read only 270720 bytes. Truncated file?
VLOG[2] (compute-mfcc-feats[5.5.1182~1-e02e3]:main():compute-mfcc-feats.cc:182) Processed features for key common_voice_lt_36954799
WARNING (compute-mfcc-feats[5.5.1182~1-e02e3]:Read():wave-reader.cc:304) Expected 172800 bytes of wave data, but read only 171648 bytes. Truncated file?
VLOG[2] (compute-mfcc-feats[5.5.1182~1-e02e3]:main():compute-mfcc-feats.cc:182) Processed features for key common_voice_lt_36954800
WARNING (compute-mfcc-feats[5.5.1182~1-e02e3]:Read():wave-reader.cc:304) Expected 164736 bytes of wave data, but read only 163584 bytes. Truncated file?
VLOG[2] (compute-mfcc-feats[5.5.1182~1-e02e3]:main():compute-mfcc-feats.cc:182) Processed features for key common_voice_lt_36954801
WARNING (compute-mfcc-feats[5.5.1182~1-e02e3]:Read():wave-reader.cc:304) Expected 205056 bytes of wave data, but read only 203904 bytes. Truncated file?
VLOG[2] (compute-mfcc-feats[5.5.1182~1-e02e3]:main():compute-mfcc-feats.cc:182) Processed features for key common_voice_lt_36954802
WARNING (compute-mfcc-feats[5.5.1182~1-e02e3]:Read():wave-reader.cc:304) Expected 297216 bytes of wave data, but read only 296064 bytes. Truncated file?
VLOG[2] (compute-mfcc-feats[5.5.1182~1-e02e3]:main():compute-mfcc-feats.cc:182) Processed features for key common_voice_lt_36954803
WARNING (compute-mfcc-feats[5.5.1182~1-e02e3]:Read():wave-reader.cc:304) Expected 164736 bytes of wave data, but read only 163584 bytes. Truncated file?
VLOG[2] (compute-mfcc-feats[5.5.1182~1-e02e3]:main():compute-mfcc-feats.cc:182) Processed features for key common_voice_lt_36954804
WARNING (compute-mfcc-feats[5.5.1182~1-e02e3]:Read():wave-reader.cc:304) Expected 210816 bytes of wave data, but read only 209664 bytes. Truncated file?
VLOG[2] (compute-mfcc-feats[5.5.1182~1-e02e3]:main():compute-mfcc-feats.cc:182) Processed features for key common_voice_lt_36954805
WARNING (compute-mfcc-feats[5.5.1182~1-e02e3]:Read():wave-reader.cc:304) Expected 122112 bytes of wave data, but read only 120960 bytes. Truncated file?
VLOG[2] (compute-mfcc-feats[5.5.1182~1-e02e3]:main():compute-mfcc-feats.cc:182) Processed features for key common_voice_lt_36954806
WARNING (compute-mfcc-feats[5.5.1182~1-e02e3]:Read():wave-reader.cc:304) Expected 239616 bytes of wave data, but read only 238464 bytes. Truncated file?
LOG (compute-mfcc-feats[5.5.1182~1-e02e3]:main():compute-mfcc-feats.cc:181) Processed 2110 utterances
VLOG[2] (compute-mfcc-feats[5.5.1182~1-e02e3]:main():compute-mfcc-feats.cc:182) Processed features for key common_voice_lt_36954807
WARNING (compute-mfcc-feats[5.5.1182~1-e02e3]:Read():wave-reader.cc:304) Expected 116352 bytes of wave data, but read only 115200 bytes. Truncated file?
VLOG[2] (compute-mfcc-feats[5.5.1182~1-e02e3]:main():compute-mfcc-feats.cc:182) Processed features for key common_voice_lt_36954813
WARNING (compute-mfcc-feats[5.5.1182~1-e02e3]:Read():wave-reader.cc:304) Expected 109440 bytes of wave data, but read only 108288 bytes. Truncated file?
VLOG[2] (compute-mfcc-feats[5.5.1182~1-e02e3]:main():compute-mfcc-feats.cc:182) Processed features for key common_voice_lt_36954814
WARNING (compute-mfcc-feats[5.5.1182~1-e02e3]:Read():wave-reader.cc:304) Expected 115200 bytes of wave data, but read only 114048 bytes. Truncated file?
VLOG[2] (compute-mfcc-feats[5.5.1182~1-e02e3]:main():compute-mfcc-feats.cc:182) Processed features for key common_voice_lt_36954815
WARNING (compute-mfcc-feats[5.5.1182~1-e02e3]:Read():wave-reader.cc:304) Expected 132480 bytes of wave data, but read only 131328 bytes. Truncated file?
VLOG[2] (compute-mfcc-feats[5.5.1182~1-e02e3]:main():compute-mfcc-feats.cc:182) Processed features for key common_voice_lt_36954816
WARNING (compute-mfcc-feats[5.5.1182~1-e02e3]:Read():wave-reader.cc:304) Expected 168192 bytes of wave data, but read only 167040 bytes. Truncated file?
VLOG[2] (compute-mfcc-feats[5.5.1182~1-e02e3]:main():compute-mfcc-feats.cc:182) Processed features for key common_voice_lt_36954817
WARNING (compute-mfcc-feats[5.5.1182~1-e02e3]:Read():wave-reader.cc:304) Expected 201600 bytes of wave data, but read only 200448 bytes. Truncated file?
VLOG[2] (compute-mfcc-feats[5.5.1182~1-e02e3]:main():compute-mfcc-feats.cc:182) Processed features for key common_voice_lt_36954818
WARNING (compute-mfcc-feats[5.5.1182~1-e02e3]:Read():wave-reader.cc:304) Expected 216576 bytes of wave data, but read only 215424 bytes. Truncated file?
VLOG[2] (compute-mfcc-feats[5.5.1182~1-e02e3]:main():compute-mfcc-feats.cc:182) Processed features for key common_voice_lt_36954819
WARNING (compute-mfcc-feats[5.5.1182~1-e02e3]:Read():wave-reader.cc:304) Expected 195840 bytes of wave data, but read only 194688 bytes. Truncated file?
VLOG[2] (compute-mfcc-feats[5.5.1182~1-e02e3]:main():compute-mfcc-feats.cc:182) Processed features for key common_voice_lt_36954820
WARNING (compute-mfcc-feats[5.5.1182~1-e02e3]:Read():wave-reader.cc:304) Expected 182016 bytes of wave data, but read only 180864 bytes. Truncated file?
VLOG[2] (compute-mfcc-feats[5.5.1182~1-e02e3]:main():compute-mfcc-feats.cc:182) Processed features for key common_voice_lt_36954821
WARNING (compute-mfcc-feats[5.5.1182~1-e02e3]:Read():wave-reader.cc:304) Expected 162432 bytes of wave data, but read only 161280 bytes. Truncated file?
LOG (compute-mfcc-feats[5.5.1182~1-e02e3]:main():compute-mfcc-feats.cc:181) Processed 2120 utterances
VLOG[2] (compute-mfcc-feats[5.5.1182~1-e02e3]:main():compute-mfcc-feats.cc:182) Processed features for key common_voice_lt_36954822
WARNING (compute-mfcc-feats[5.5.1182~1-e02e3]:Read():wave-reader.cc:304) Expected 222336 bytes of wave data, but read only 221184 bytes. Truncated file?
VLOG[2] (compute-mfcc-feats[5.5.1182~1-e02e3]:main():compute-mfcc-feats.cc:182) Processed features for key common_voice_lt_36954823
WARNING (compute-mfcc-feats[5.5.1182~1-e02e3]:Read():wave-reader.cc:304) Expected 126720 bytes of wave data, but read only 125568 bytes. Truncated file?
VLOG[2] (compute-mfcc-feats[5.5.1182~1-e02e3]:main():compute-mfcc-feats.cc:182) Processed features for key common_voice_lt_36954824
WARNING (compute-mfcc-feats[5.5.1182~1-e02e3]:Read():wave-reader.cc:304) Expected 92160 bytes of wave data, but read only 91008 bytes. Truncated file?
VLOG[2] (compute-mfcc-feats[5.5.1182~1-e02e3]:main():compute-mfcc-feats.cc:182) Processed features for key common_voice_lt_36954825
WARNING (compute-mfcc-feats[5.5.1182~1-e02e3]:Read():wave-reader.cc:304) Expected 126720 bytes of wave data, but read only 125568 bytes. Truncated file?
VLOG[2] (compute-mfcc-feats[5.5.1182~1-e02e3]:main():compute-mfcc-feats.cc:182) Processed features for key common_voice_lt_36954826
WARNING (compute-mfcc-feats[5.5.1182~1-e02e3]:Read():wave-reader.cc:304) Expected 190080 bytes of wave data, but read only 188928 bytes. Truncated file?
VLOG[2] (compute-mfcc-feats[5.5.1182~1-e02e3]:main():compute-mfcc-feats.cc:182) Processed features for key common_voice_lt_36954828
WARNING (compute-mfcc-feats[5.5.1182~1-e02e3]:Read():wave-reader.cc:304) Expected 220032 bytes of wave data, but read only 218880 bytes. Truncated file?
VLOG[2] (compute-mfcc-feats[5.5.1182~1-e02e3]:main():compute-mfcc-feats.cc:182) Processed features for key common_voice_lt_36954829
WARNING (compute-mfcc-feats[5.5.1182~1-e02e3]:Read():wave-reader.cc:304) Expected 139392 bytes of wave data, but read only 138240 bytes. Truncated file?
VLOG[2] (compute-mfcc-feats[5.5.1182~1-e02e3]:main():compute-mfcc-feats.cc:182) Processed features for key common_voice_lt_36954830
WARNING (compute-mfcc-feats[5.5.1182~1-e02e3]:Read():wave-reader.cc:304) Expected 190080 bytes of wave data, but read only 188928 bytes. Truncated file?
VLOG[2] (compute-mfcc-feats[5.5.1182~1-e02e3]:main():compute-mfcc-feats.cc:182) Processed features for key common_voice_lt_36954831
WARNING (compute-mfcc-feats[5.5.1182~1-e02e3]:Read():wave-reader.cc:304) Expected 164736 bytes of wave data, but read only 163584 bytes. Truncated file?
VLOG[2] (compute-mfcc-feats[5.5.1182~1-e02e3]:main():compute-mfcc-feats.cc:182) Processed features for key common_voice_lt_36954832
WARNING (compute-mfcc-feats[5.5.1182~1-e02e3]:Read():wave-reader.cc:304) Expected 322560 bytes of wave data, but read only 321408 bytes. Truncated file?
LOG (compute-mfcc-feats[5.5.1182~1-e02e3]:main():compute-mfcc-feats.cc:181) Processed 2130 utterances
VLOG[2] (compute-mfcc-feats[5.5.1182~1-e02e3]:main():compute-mfcc-feats.cc:182) Processed features for key common_voice_lt_36954833
WARNING (compute-mfcc-feats[5.5.1182~1-e02e3]:Read():wave-reader.cc:304) Expected 270720 bytes of wave data, but read only 269568 bytes. Truncated file?
VLOG[2] (compute-mfcc-feats[5.5.1182~1-e02e3]:main():compute-mfcc-feats.cc:182) Processed features for key common_voice_lt_36954834
WARNING (compute-mfcc-feats[5.5.1182~1-e02e3]:Read():wave-reader.cc:304) Expected 144000 bytes of wave data, but read only 142848 bytes. Truncated file?
VLOG[2] (compute-mfcc-feats[5.5.1182~1-e02e3]:main():compute-mfcc-feats.cc:182) Processed features for key common_voice_lt_36954835
WARNING (compute-mfcc-feats[5.5.1182~1-e02e3]:Read():wave-reader.cc:304) Expected 285696 bytes of wave data, but read only 284544 bytes. Truncated file?
VLOG[2] (compute-mfcc-feats[5.5.1182~1-e02e3]:main():compute-mfcc-feats.cc:182) Processed features for key common_voice_lt_36954836
WARNING (compute-mfcc-feats[5.5.1182~1-e02e3]:Read():wave-reader.cc:304) Expected 196992 bytes of wave data, but read only 195840 bytes. Truncated file?
VLOG[2] (compute-mfcc-feats[5.5.1182~1-e02e3]:main():compute-mfcc-feats.cc:182) Processed features for key common_voice_lt_36954837
WARNING (compute-mfcc-feats[5.5.1182~1-e02e3]:Read():wave-reader.cc:304) Expected 216576 bytes of wave data, but read only 215424 bytes. Truncated file?
VLOG[2] (compute-mfcc-feats[5.5.1182~1-e02e3]:main():compute-mfcc-feats.cc:182) Processed features for key common_voice_lt_36954838
WARNING (compute-mfcc-feats[5.5.1182~1-e02e3]:Read():wave-reader.cc:304) Expected 110592 bytes of wave data, but read only 109440 bytes. Truncated file?
VLOG[2] (compute-mfcc-feats[5.5.1182~1-e02e3]:main():compute-mfcc-feats.cc:182) Processed features for key common_voice_lt_36954839
WARNING (compute-mfcc-feats[5.5.1182~1-e02e3]:Read():wave-reader.cc:304) Expected 178560 bytes of wave data, but read only 177408 bytes. Truncated file?
VLOG[2] (compute-mfcc-feats[5.5.1182~1-e02e3]:main():compute-mfcc-feats.cc:182) Processed features for key common_voice_lt_36954840
WARNING (compute-mfcc-feats[5.5.1182~1-e02e3]:Read():wave-reader.cc:304) Expected 141696 bytes of wave data, but read only 140544 bytes. Truncated file?
VLOG[2] (compute-mfcc-feats[5.5.1182~1-e02e3]:main():compute-mfcc-feats.cc:182) Processed features for key common_voice_lt_36954841
WARNING (compute-mfcc-feats[5.5.1182~1-e02e3]:Read():wave-reader.cc:304) Expected 135936 bytes of wave data, but read only 134784 bytes. Truncated file?
VLOG[2] (compute-mfcc-feats[5.5.1182~1-e02e3]:main():compute-mfcc-feats.cc:182) Processed features for key common_voice_lt_36954842
WARNING (compute-mfcc-feats[5.5.1182~1-e02e3]:Read():wave-reader.cc:304) Expected 149760 bytes of wave data, but read only 148608 bytes. Truncated file?
LOG (compute-mfcc-feats[5.5.1182~1-e02e3]:main():compute-mfcc-feats.cc:181) Processed 2140 utterances
VLOG[2] (compute-mfcc-feats[5.5.1182~1-e02e3]:main():compute-mfcc-feats.cc:182) Processed features for key common_voice_lt_36954843
WARNING (compute-mfcc-feats[5.5.1182~1-e02e3]:Read():wave-reader.cc:304) Expected 170496 bytes of wave data, but read only 169344 bytes. Truncated file?
VLOG[2] (compute-mfcc-feats[5.5.1182~1-e02e3]:main():compute-mfcc-feats.cc:182) Processed features for key common_voice_lt_36954844
WARNING (compute-mfcc-feats[5.5.1182~1-e02e3]:Read():wave-reader.cc:304) Expected 248832 bytes of wave data, but read only 247680 bytes. Truncated file?
VLOG[2] (compute-mfcc-feats[5.5.1182~1-e02e3]:main():compute-mfcc-feats.cc:182) Processed features for key common_voice_lt_36954845
WARNING (compute-mfcc-feats[5.5.1182~1-e02e3]:Read():wave-reader.cc:304) Expected 158976 bytes of wave data, but read only 157824 bytes. Truncated file?
VLOG[2] (compute-mfcc-feats[5.5.1182~1-e02e3]:main():compute-mfcc-feats.cc:182) Processed features for key common_voice_lt_36954846
WARNING (compute-mfcc-feats[5.5.1182~1-e02e3]:Read():wave-reader.cc:304) Expected 251136 bytes of wave data, but read only 249984 bytes. Truncated file?
VLOG[2] (compute-mfcc-feats[5.5.1182~1-e02e3]:main():compute-mfcc-feats.cc:182) Processed features for key common_voice_lt_36954847
WARNING (compute-mfcc-feats[5.5.1182~1-e02e3]:Read():wave-reader.cc:304) Expected 127872 bytes of wave data, but read only 126720 bytes. Truncated file?
VLOG[2] (compute-mfcc-feats[5.5.1182~1-e02e3]:main():compute-mfcc-feats.cc:182) Processed features for key common_voice_lt_36954848
WARNING (compute-mfcc-feats[5.5.1182~1-e02e3]:Read():wave-reader.cc:304) Expected 251136 bytes of wave data, but read only 249984 bytes. Truncated file?
VLOG[2] (compute-mfcc-feats[5.5.1182~1-e02e3]:main():compute-mfcc-feats.cc:182) Processed features for key common_voice_lt_36954849
WARNING (compute-mfcc-feats[5.5.1182~1-e02e3]:Read():wave-reader.cc:304) Expected 233856 bytes of wave data, but read only 232704 bytes. Truncated file?
VLOG[2] (compute-mfcc-feats[5.5.1182~1-e02e3]:main():compute-mfcc-feats.cc:182) Processed features for key common_voice_lt_36954850
WARNING (compute-mfcc-feats[5.5.1182~1-e02e3]:Read():wave-reader.cc:304) Expected 190080 bytes of wave data, but read only 188928 bytes. Truncated file?
VLOG[2] (compute-mfcc-feats[5.5.1182~1-e02e3]:main():compute-mfcc-feats.cc:182) Processed features for key common_voice_lt_36954851
WARNING (compute-mfcc-feats[5.5.1182~1-e02e3]:Read():wave-reader.cc:304) Expected 218880 bytes of wave data, but read only 217728 bytes. Truncated file?
VLOG[2] (compute-mfcc-feats[5.5.1182~1-e02e3]:main():compute-mfcc-feats.cc:182) Processed features for key common_voice_lt_36954852
WARNING (compute-mfcc-feats[5.5.1182~1-e02e3]:Read():wave-reader.cc:304) Expected 187776 bytes of wave data, but read only 186624 bytes. Truncated file?
LOG (compute-mfcc-feats[5.5.1182~1-e02e3]:main():compute-mfcc-feats.cc:181) Processed 2150 utterances
VLOG[2] (compute-mfcc-feats[5.5.1182~1-e02e3]:main():compute-mfcc-feats.cc:182) Processed features for key common_voice_lt_36954859
WARNING (compute-mfcc-feats[5.5.1182~1-e02e3]:Read():wave-reader.cc:304) Expected 176256 bytes of wave data, but read only 175104 bytes. Truncated file?
VLOG[2] (compute-mfcc-feats[5.5.1182~1-e02e3]:main():compute-mfcc-feats.cc:182) Processed features for key common_voice_lt_36954860
WARNING (compute-mfcc-feats[5.5.1182~1-e02e3]:Read():wave-reader.cc:304) Expected 122112 bytes of wave data, but read only 120960 bytes. Truncated file?
VLOG[2] (compute-mfcc-feats[5.5.1182~1-e02e3]:main():compute-mfcc-feats.cc:182) Processed features for key common_voice_lt_36954861
WARNING (compute-mfcc-feats[5.5.1182~1-e02e3]:Read():wave-reader.cc:304) Expected 271872 bytes of wave data, but read only 270720 bytes. Truncated file?
VLOG[2] (compute-mfcc-feats[5.5.1182~1-e02e3]:main():compute-mfcc-feats.cc:182) Processed features for key common_voice_lt_36954862
WARNING (compute-mfcc-feats[5.5.1182~1-e02e3]:Read():wave-reader.cc:304) Expected 135936 bytes of wave data, but read only 134784 bytes. Truncated file?
VLOG[2] (compute-mfcc-feats[5.5.1182~1-e02e3]:main():compute-mfcc-feats.cc:182) Processed features for key common_voice_lt_36954863
WARNING (compute-mfcc-feats[5.5.1182~1-e02e3]:Read():wave-reader.cc:304) Expected 153216 bytes of wave data, but read only 152064 bytes. Truncated file?
VLOG[2] (compute-mfcc-feats[5.5.1182~1-e02e3]:main():compute-mfcc-feats.cc:182) Processed features for key common_voice_lt_36954864
WARNING (compute-mfcc-feats[5.5.1182~1-e02e3]:Read():wave-reader.cc:304) Expected 222336 bytes of wave data, but read only 221184 bytes. Truncated file?
VLOG[2] (compute-mfcc-feats[5.5.1182~1-e02e3]:main():compute-mfcc-feats.cc:182) Processed features for key common_voice_lt_36954865
WARNING (compute-mfcc-feats[5.5.1182~1-e02e3]:Read():wave-reader.cc:304) Expected 245376 bytes of wave data, but read only 244224 bytes. Truncated file?
VLOG[2] (compute-mfcc-feats[5.5.1182~1-e02e3]:main():compute-mfcc-feats.cc:182) Processed features for key common_voice_lt_36954866
WARNING (compute-mfcc-feats[5.5.1182~1-e02e3]:Read():wave-reader.cc:304) Expected 133632 bytes of wave data, but read only 132480 bytes. Truncated file?
VLOG[2] (compute-mfcc-feats[5.5.1182~1-e02e3]:main():compute-mfcc-feats.cc:182) Processed features for key common_voice_lt_36954867
WARNING (compute-mfcc-feats[5.5.1182~1-e02e3]:Read():wave-reader.cc:304) Expected 150912 bytes of wave data, but read only 149760 bytes. Truncated file?
VLOG[2] (compute-mfcc-feats[5.5.1182~1-e02e3]:main():compute-mfcc-feats.cc:182) Processed features for key common_voice_lt_36954868
WARNING (compute-mfcc-feats[5.5.1182~1-e02e3]:Read():wave-reader.cc:304) Expected 199296 bytes of wave data, but read only 198144 bytes. Truncated file?
LOG (compute-mfcc-feats[5.5.1182~1-e02e3]:main():compute-mfcc-feats.cc:181) Processed 2160 utterances
VLOG[2] (compute-mfcc-feats[5.5.1182~1-e02e3]:main():compute-mfcc-feats.cc:182) Processed features for key common_voice_lt_36954869
WARNING (compute-mfcc-feats[5.5.1182~1-e02e3]:Read():wave-reader.cc:304) Expected 253440 bytes of wave data, but read only 252288 bytes. Truncated file?
VLOG[2] (compute-mfcc-feats[5.5.1182~1-e02e3]:main():compute-mfcc-feats.cc:182) Processed features for key common_voice_lt_36954870
WARNING (compute-mfcc-feats[5.5.1182~1-e02e3]:Read():wave-reader.cc:304) Expected 187776 bytes of wave data, but read only 186624 bytes. Truncated file?
VLOG[2] (compute-mfcc-feats[5.5.1182~1-e02e3]:main():compute-mfcc-feats.cc:182) Processed features for key common_voice_lt_36954871
WARNING (compute-mfcc-feats[5.5.1182~1-e02e3]:Read():wave-reader.cc:304) Expected 124416 bytes of wave data, but read only 123264 bytes. Truncated file?
VLOG[2] (compute-mfcc-feats[5.5.1182~1-e02e3]:main():compute-mfcc-feats.cc:182) Processed features for key common_voice_lt_36954872
WARNING (compute-mfcc-feats[5.5.1182~1-e02e3]:Read():wave-reader.cc:304) Expected 283392 bytes of wave data, but read only 282240 bytes. Truncated file?
VLOG[2] (compute-mfcc-feats[5.5.1182~1-e02e3]:main():compute-mfcc-feats.cc:182) Processed features for key common_voice_lt_36954874
WARNING (compute-mfcc-feats[5.5.1182~1-e02e3]:Read():wave-reader.cc:304) Expected 164736 bytes of wave data, but read only 163584 bytes. Truncated file?
VLOG[2] (compute-mfcc-feats[5.5.1182~1-e02e3]:main():compute-mfcc-feats.cc:182) Processed features for key common_voice_lt_36954875
WARNING (compute-mfcc-feats[5.5.1182~1-e02e3]:Read():wave-reader.cc:304) Expected 124416 bytes of wave data, but read only 123264 bytes. Truncated file?
VLOG[2] (compute-mfcc-feats[5.5.1182~1-e02e3]:main():compute-mfcc-feats.cc:182) Processed features for key common_voice_lt_36954876
WARNING (compute-mfcc-feats[5.5.1182~1-e02e3]:Read():wave-reader.cc:304) Expected 141696 bytes of wave data, but read only 140544 bytes. Truncated file?
VLOG[2] (compute-mfcc-feats[5.5.1182~1-e02e3]:main():compute-mfcc-feats.cc:182) Processed features for key common_voice_lt_36954882
WARNING (compute-mfcc-feats[5.5.1182~1-e02e3]:Read():wave-reader.cc:304) Expected 139392 bytes of wave data, but read only 138240 bytes. Truncated file?
VLOG[2] (compute-mfcc-feats[5.5.1182~1-e02e3]:main():compute-mfcc-feats.cc:182) Processed features for key common_voice_lt_36954883
WARNING (compute-mfcc-feats[5.5.1182~1-e02e3]:Read():wave-reader.cc:304) Expected 214272 bytes of wave data, but read only 213120 bytes. Truncated file?
VLOG[2] (compute-mfcc-feats[5.5.1182~1-e02e3]:main():compute-mfcc-feats.cc:182) Processed features for key common_voice_lt_36954884
WARNING (compute-mfcc-feats[5.5.1182~1-e02e3]:Read():wave-reader.cc:304) Expected 84096 bytes of wave data, but read only 82944 bytes. Truncated file?
LOG (compute-mfcc-feats[5.5.1182~1-e02e3]:main():compute-mfcc-feats.cc:181) Processed 2170 utterances
VLOG[2] (compute-mfcc-feats[5.5.1182~1-e02e3]:main():compute-mfcc-feats.cc:182) Processed features for key common_voice_lt_36954885
WARNING (compute-mfcc-feats[5.5.1182~1-e02e3]:Read():wave-reader.cc:304) Expected 187776 bytes of wave data, but read only 186624 bytes. Truncated file?
VLOG[2] (compute-mfcc-feats[5.5.1182~1-e02e3]:main():compute-mfcc-feats.cc:182) Processed features for key common_voice_lt_36954886
WARNING (compute-mfcc-feats[5.5.1182~1-e02e3]:Read():wave-reader.cc:304) Expected 214272 bytes of wave data, but read only 213120 bytes. Truncated file?
VLOG[2] (compute-mfcc-feats[5.5.1182~1-e02e3]:main():compute-mfcc-feats.cc:182) Processed features for key common_voice_lt_36954887
WARNING (compute-mfcc-feats[5.5.1182~1-e02e3]:Read():wave-reader.cc:304) Expected 214272 bytes of wave data, but read only 213120 bytes. Truncated file?
VLOG[2] (compute-mfcc-feats[5.5.1182~1-e02e3]:main():compute-mfcc-feats.cc:182) Processed features for key common_voice_lt_36954888
WARNING (compute-mfcc-feats[5.5.1182~1-e02e3]:Read():wave-reader.cc:304) Expected 139392 bytes of wave data, but read only 138240 bytes. Truncated file?
VLOG[2] (compute-mfcc-feats[5.5.1182~1-e02e3]:main():compute-mfcc-feats.cc:182) Processed features for key common_voice_lt_36954889
WARNING (compute-mfcc-feats[5.5.1182~1-e02e3]:Read():wave-reader.cc:304) Expected 167040 bytes of wave data, but read only 165888 bytes. Truncated file?
VLOG[2] (compute-mfcc-feats[5.5.1182~1-e02e3]:main():compute-mfcc-feats.cc:182) Processed features for key common_voice_lt_36954890
WARNING (compute-mfcc-feats[5.5.1182~1-e02e3]:Read():wave-reader.cc:304) Expected 126720 bytes of wave data, but read only 125568 bytes. Truncated file?
VLOG[2] (compute-mfcc-feats[5.5.1182~1-e02e3]:main():compute-mfcc-feats.cc:182) Processed features for key common_voice_lt_36954891
WARNING (compute-mfcc-feats[5.5.1182~1-e02e3]:Read():wave-reader.cc:304) Expected 164736 bytes of wave data, but read only 163584 bytes. Truncated file?
VLOG[2] (compute-mfcc-feats[5.5.1182~1-e02e3]:main():compute-mfcc-feats.cc:182) Processed features for key common_voice_lt_36954897
WARNING (compute-mfcc-feats[5.5.1182~1-e02e3]:Read():wave-reader.cc:304) Expected 176256 bytes of wave data, but read only 175104 bytes. Truncated file?
VLOG[2] (compute-mfcc-feats[5.5.1182~1-e02e3]:main():compute-mfcc-feats.cc:182) Processed features for key common_voice_lt_36954898
WARNING (compute-mfcc-feats[5.5.1182~1-e02e3]:Read():wave-reader.cc:304) Expected 132480 bytes of wave data, but read only 131328 bytes. Truncated file?
VLOG[2] (compute-mfcc-feats[5.5.1182~1-e02e3]:main():compute-mfcc-feats.cc:182) Processed features for key common_voice_lt_36954899
WARNING (compute-mfcc-feats[5.5.1182~1-e02e3]:Read():wave-reader.cc:304) Expected 161280 bytes of wave data, but read only 160128 bytes. Truncated file?
LOG (compute-mfcc-feats[5.5.1182~1-e02e3]:main():compute-mfcc-feats.cc:181) Processed 2180 utterances
VLOG[2] (compute-mfcc-feats[5.5.1182~1-e02e3]:main():compute-mfcc-feats.cc:182) Processed features for key common_voice_lt_36954900
WARNING (compute-mfcc-feats[5.5.1182~1-e02e3]:Read():wave-reader.cc:304) Expected 205056 bytes of wave data, but read only 203904 bytes. Truncated file?
VLOG[2] (compute-mfcc-feats[5.5.1182~1-e02e3]:main():compute-mfcc-feats.cc:182) Processed features for key common_voice_lt_36954901
WARNING (compute-mfcc-feats[5.5.1182~1-e02e3]:Read():wave-reader.cc:304) Expected 230400 bytes of wave data, but read only 229248 bytes. Truncated file?
VLOG[2] (compute-mfcc-feats[5.5.1182~1-e02e3]:main():compute-mfcc-feats.cc:182) Processed features for key common_voice_lt_36954903
WARNING (compute-mfcc-feats[5.5.1182~1-e02e3]:Read():wave-reader.cc:304) Expected 144000 bytes of wave data, but read only 142848 bytes. Truncated file?
VLOG[2] (compute-mfcc-feats[5.5.1182~1-e02e3]:main():compute-mfcc-feats.cc:182) Processed features for key common_voice_lt_36954905
WARNING (compute-mfcc-feats[5.5.1182~1-e02e3]:Read():wave-reader.cc:304) Expected 124416 bytes of wave data, but read only 123264 bytes. Truncated file?
VLOG[2] (compute-mfcc-feats[5.5.1182~1-e02e3]:main():compute-mfcc-feats.cc:182) Processed features for key common_voice_lt_36954906
WARNING (compute-mfcc-feats[5.5.1182~1-e02e3]:Read():wave-reader.cc:304) Expected 126720 bytes of wave data, but read only 125568 bytes. Truncated file?
VLOG[2] (compute-mfcc-feats[5.5.1182~1-e02e3]:main():compute-mfcc-feats.cc:182) Processed features for key common_voice_lt_36954907
WARNING (compute-mfcc-feats[5.5.1182~1-e02e3]:Read():wave-reader.cc:304) Expected 210816 bytes of wave data, but read only 209664 bytes. Truncated file?
VLOG[2] (compute-mfcc-feats[5.5.1182~1-e02e3]:main():compute-mfcc-feats.cc:182) Processed features for key common_voice_lt_36954908
WARNING (compute-mfcc-feats[5.5.1182~1-e02e3]:Read():wave-reader.cc:304) Expected 135936 bytes of wave data, but read only 134784 bytes. Truncated file?
VLOG[2] (compute-mfcc-feats[5.5.1182~1-e02e3]:main():compute-mfcc-feats.cc:182) Processed features for key common_voice_lt_36954909
WARNING (compute-mfcc-feats[5.5.1182~1-e02e3]:Read():wave-reader.cc:304) Expected 135936 bytes of wave data, but read only 134784 bytes. Truncated file?
VLOG[2] (compute-mfcc-feats[5.5.1182~1-e02e3]:main():compute-mfcc-feats.cc:182) Processed features for key common_voice_lt_36954910
WARNING (compute-mfcc-feats[5.5.1182~1-e02e3]:Read():wave-reader.cc:304) Expected 147456 bytes of wave data, but read only 146304 bytes. Truncated file?
VLOG[2] (compute-mfcc-feats[5.5.1182~1-e02e3]:main():compute-mfcc-feats.cc:182) Processed features for key common_voice_lt_36954911
WARNING (compute-mfcc-feats[5.5.1182~1-e02e3]:Read():wave-reader.cc:304) Expected 241920 bytes of wave data, but read only 240768 bytes. Truncated file?
LOG (compute-mfcc-feats[5.5.1182~1-e02e3]:main():compute-mfcc-feats.cc:181) Processed 2190 utterances
VLOG[2] (compute-mfcc-feats[5.5.1182~1-e02e3]:main():compute-mfcc-feats.cc:182) Processed features for key common_voice_lt_36954913
WARNING (compute-mfcc-feats[5.5.1182~1-e02e3]:Read():wave-reader.cc:304) Expected 239616 bytes of wave data, but read only 238464 bytes. Truncated file?
VLOG[2] (compute-mfcc-feats[5.5.1182~1-e02e3]:main():compute-mfcc-feats.cc:182) Processed features for key common_voice_lt_36954914
WARNING (compute-mfcc-feats[5.5.1182~1-e02e3]:Read():wave-reader.cc:304) Expected 155520 bytes of wave data, but read only 154368 bytes. Truncated file?
VLOG[2] (compute-mfcc-feats[5.5.1182~1-e02e3]:main():compute-mfcc-feats.cc:182) Processed features for key common_voice_lt_36954915
WARNING (compute-mfcc-feats[5.5.1182~1-e02e3]:Read():wave-reader.cc:304) Expected 178560 bytes of wave data, but read only 177408 bytes. Truncated file?
VLOG[2] (compute-mfcc-feats[5.5.1182~1-e02e3]:main():compute-mfcc-feats.cc:182) Processed features for key common_voice_lt_36954916
WARNING (compute-mfcc-feats[5.5.1182~1-e02e3]:Read():wave-reader.cc:304) Expected 236160 bytes of wave data, but read only 235008 bytes. Truncated file?
VLOG[2] (compute-mfcc-feats[5.5.1182~1-e02e3]:main():compute-mfcc-feats.cc:182) Processed features for key common_voice_lt_36954922
WARNING (compute-mfcc-feats[5.5.1182~1-e02e3]:Read():wave-reader.cc:304) Expected 213120 bytes of wave data, but read only 211968 bytes. Truncated file?
VLOG[2] (compute-mfcc-feats[5.5.1182~1-e02e3]:main():compute-mfcc-feats.cc:182) Processed features for key common_voice_lt_36954924
WARNING (compute-mfcc-feats[5.5.1182~1-e02e3]:Read():wave-reader.cc:304) Expected 179712 bytes of wave data, but read only 178560 bytes. Truncated file?
VLOG[2] (compute-mfcc-feats[5.5.1182~1-e02e3]:main():compute-mfcc-feats.cc:182) Processed features for key common_voice_lt_36954925
WARNING (compute-mfcc-feats[5.5.1182~1-e02e3]:Read():wave-reader.cc:304) Expected 176256 bytes of wave data, but read only 175104 bytes. Truncated file?
VLOG[2] (compute-mfcc-feats[5.5.1182~1-e02e3]:main():compute-mfcc-feats.cc:182) Processed features for key common_voice_lt_36954926
WARNING (compute-mfcc-feats[5.5.1182~1-e02e3]:Read():wave-reader.cc:304) Expected 187776 bytes of wave data, but read only 186624 bytes. Truncated file?
VLOG[2] (compute-mfcc-feats[5.5.1182~1-e02e3]:main():compute-mfcc-feats.cc:182) Processed features for key common_voice_lt_36954927
WARNING (compute-mfcc-feats[5.5.1182~1-e02e3]:Read():wave-reader.cc:304) Expected 158976 bytes of wave data, but read only 157824 bytes. Truncated file?
VLOG[2] (compute-mfcc-feats[5.5.1182~1-e02e3]:main():compute-mfcc-feats.cc:182) Processed features for key common_voice_lt_36954928
WARNING (compute-mfcc-feats[5.5.1182~1-e02e3]:Read():wave-reader.cc:304) Expected 314496 bytes of wave data, but read only 313344 bytes. Truncated file?
LOG (compute-mfcc-feats[5.5.1182~1-e02e3]:main():compute-mfcc-feats.cc:181) Processed 2200 utterances
VLOG[2] (compute-mfcc-feats[5.5.1182~1-e02e3]:main():compute-mfcc-feats.cc:182) Processed features for key common_voice_lt_36954929
WARNING (compute-mfcc-feats[5.5.1182~1-e02e3]:Read():wave-reader.cc:304) Expected 193536 bytes of wave data, but read only 192384 bytes. Truncated file?
VLOG[2] (compute-mfcc-feats[5.5.1182~1-e02e3]:main():compute-mfcc-feats.cc:182) Processed features for key common_voice_lt_36954930
WARNING (compute-mfcc-feats[5.5.1182~1-e02e3]:Read():wave-reader.cc:304) Expected 195840 bytes of wave data, but read only 194688 bytes. Truncated file?
VLOG[2] (compute-mfcc-feats[5.5.1182~1-e02e3]:main():compute-mfcc-feats.cc:182) Processed features for key common_voice_lt_36954931
WARNING (compute-mfcc-feats[5.5.1182~1-e02e3]:Read():wave-reader.cc:304) Expected 233856 bytes of wave data, but read only 232704 bytes. Truncated file?
VLOG[2] (compute-mfcc-feats[5.5.1182~1-e02e3]:main():compute-mfcc-feats.cc:182) Processed features for key common_voice_lt_36954932
WARNING (compute-mfcc-feats[5.5.1182~1-e02e3]:Read():wave-reader.cc:304) Expected 126720 bytes of wave data, but read only 125568 bytes. Truncated file?
VLOG[2] (compute-mfcc-feats[5.5.1182~1-e02e3]:main():compute-mfcc-feats.cc:182) Processed features for key common_voice_lt_36954933
WARNING (compute-mfcc-feats[5.5.1182~1-e02e3]:Read():wave-reader.cc:304) Expected 145152 bytes of wave data, but read only 144000 bytes. Truncated file?
VLOG[2] (compute-mfcc-feats[5.5.1182~1-e02e3]:main():compute-mfcc-feats.cc:182) Processed features for key common_voice_lt_36954939
WARNING (compute-mfcc-feats[5.5.1182~1-e02e3]:Read():wave-reader.cc:304) Expected 122112 bytes of wave data, but read only 120960 bytes. Truncated file?
VLOG[2] (compute-mfcc-feats[5.5.1182~1-e02e3]:main():compute-mfcc-feats.cc:182) Processed features for key common_voice_lt_36954940
WARNING (compute-mfcc-feats[5.5.1182~1-e02e3]:Read():wave-reader.cc:304) Expected 155520 bytes of wave data, but read only 154368 bytes. Truncated file?
VLOG[2] (compute-mfcc-feats[5.5.1182~1-e02e3]:main():compute-mfcc-feats.cc:182) Processed features for key common_voice_lt_36954941
WARNING (compute-mfcc-feats[5.5.1182~1-e02e3]:Read():wave-reader.cc:304) Expected 190080 bytes of wave data, but read only 188928 bytes. Truncated file?
VLOG[2] (compute-mfcc-feats[5.5.1182~1-e02e3]:main():compute-mfcc-feats.cc:182) Processed features for key common_voice_lt_36954942
WARNING (compute-mfcc-feats[5.5.1182~1-e02e3]:Read():wave-reader.cc:304) Expected 130176 bytes of wave data, but read only 129024 bytes. Truncated file?
VLOG[2] (compute-mfcc-feats[5.5.1182~1-e02e3]:main():compute-mfcc-feats.cc:182) Processed features for key common_voice_lt_36954943
WARNING (compute-mfcc-feats[5.5.1182~1-e02e3]:Read():wave-reader.cc:304) Expected 120960 bytes of wave data, but read only 119808 bytes. Truncated file?
LOG (compute-mfcc-feats[5.5.1182~1-e02e3]:main():compute-mfcc-feats.cc:181) Processed 2210 utterances
VLOG[2] (compute-mfcc-feats[5.5.1182~1-e02e3]:main():compute-mfcc-feats.cc:182) Processed features for key common_voice_lt_36954944
WARNING (compute-mfcc-feats[5.5.1182~1-e02e3]:Read():wave-reader.cc:304) Expected 228096 bytes of wave data, but read only 226944 bytes. Truncated file?
VLOG[2] (compute-mfcc-feats[5.5.1182~1-e02e3]:main():compute-mfcc-feats.cc:182) Processed features for key common_voice_lt_36954945
WARNING (compute-mfcc-feats[5.5.1182~1-e02e3]:Read():wave-reader.cc:304) Expected 138240 bytes of wave data, but read only 137088 bytes. Truncated file?
VLOG[2] (compute-mfcc-feats[5.5.1182~1-e02e3]:main():compute-mfcc-feats.cc:182) Processed features for key common_voice_lt_36954946
WARNING (compute-mfcc-feats[5.5.1182~1-e02e3]:Read():wave-reader.cc:304) Expected 135936 bytes of wave data, but read only 134784 bytes. Truncated file?
VLOG[2] (compute-mfcc-feats[5.5.1182~1-e02e3]:main():compute-mfcc-feats.cc:182) Processed features for key common_voice_lt_36954947
WARNING (compute-mfcc-feats[5.5.1182~1-e02e3]:Read():wave-reader.cc:304) Expected 127872 bytes of wave data, but read only 126720 bytes. Truncated file?
VLOG[2] (compute-mfcc-feats[5.5.1182~1-e02e3]:main():compute-mfcc-feats.cc:182) Processed features for key common_voice_lt_36954948
WARNING (compute-mfcc-feats[5.5.1182~1-e02e3]:Read():wave-reader.cc:304) Expected 118656 bytes of wave data, but read only 117504 bytes. Truncated file?
VLOG[2] (compute-mfcc-feats[5.5.1182~1-e02e3]:main():compute-mfcc-feats.cc:182) Processed features for key common_voice_lt_36954954
WARNING (compute-mfcc-feats[5.5.1182~1-e02e3]:Read():wave-reader.cc:304) Expected 115200 bytes of wave data, but read only 114048 bytes. Truncated file?
VLOG[2] (compute-mfcc-feats[5.5.1182~1-e02e3]:main():compute-mfcc-feats.cc:182) Processed features for key common_voice_lt_36954956
WARNING (compute-mfcc-feats[5.5.1182~1-e02e3]:Read():wave-reader.cc:304) Expected 138240 bytes of wave data, but read only 137088 bytes. Truncated file?
VLOG[2] (compute-mfcc-feats[5.5.1182~1-e02e3]:main():compute-mfcc-feats.cc:182) Processed features for key common_voice_lt_36954957
WARNING (compute-mfcc-feats[5.5.1182~1-e02e3]:Read():wave-reader.cc:304) Expected 155520 bytes of wave data, but read only 154368 bytes. Truncated file?
VLOG[2] (compute-mfcc-feats[5.5.1182~1-e02e3]:main():compute-mfcc-feats.cc:182) Processed features for key common_voice_lt_36954958
WARNING (compute-mfcc-feats[5.5.1182~1-e02e3]:Read():wave-reader.cc:304) Expected 149760 bytes of wave data, but read only 148608 bytes. Truncated file?
VLOG[2] (compute-mfcc-feats[5.5.1182~1-e02e3]:main():compute-mfcc-feats.cc:182) Processed features for key common_voice_lt_36954959
WARNING (compute-mfcc-feats[5.5.1182~1-e02e3]:Read():wave-reader.cc:304) Expected 118656 bytes of wave data, but read only 117504 bytes. Truncated file?
LOG (compute-mfcc-feats[5.5.1182~1-e02e3]:main():compute-mfcc-feats.cc:181) Processed 2220 utterances
VLOG[2] (compute-mfcc-feats[5.5.1182~1-e02e3]:main():compute-mfcc-feats.cc:182) Processed features for key common_voice_lt_36954960
WARNING (compute-mfcc-feats[5.5.1182~1-e02e3]:Read():wave-reader.cc:304) Expected 130176 bytes of wave data, but read only 129024 bytes. Truncated file?
VLOG[2] (compute-mfcc-feats[5.5.1182~1-e02e3]:main():compute-mfcc-feats.cc:182) Processed features for key common_voice_lt_36954961
WARNING (compute-mfcc-feats[5.5.1182~1-e02e3]:Read():wave-reader.cc:304) Expected 110592 bytes of wave data, but read only 109440 bytes. Truncated file?
VLOG[2] (compute-mfcc-feats[5.5.1182~1-e02e3]:main():compute-mfcc-feats.cc:182) Processed features for key common_voice_lt_36954962
WARNING (compute-mfcc-feats[5.5.1182~1-e02e3]:Read():wave-reader.cc:304) Expected 149760 bytes of wave data, but read only 148608 bytes. Truncated file?
VLOG[2] (compute-mfcc-feats[5.5.1182~1-e02e3]:main():compute-mfcc-feats.cc:182) Processed features for key common_voice_lt_36954963
WARNING (compute-mfcc-feats[5.5.1182~1-e02e3]:Read():wave-reader.cc:304) Expected 187776 bytes of wave data, but read only 186624 bytes. Truncated file?
VLOG[2] (compute-mfcc-feats[5.5.1182~1-e02e3]:main():compute-mfcc-feats.cc:182) Processed features for key common_voice_lt_36954969
WARNING (compute-mfcc-feats[5.5.1182~1-e02e3]:Read():wave-reader.cc:304) Expected 156672 bytes of wave data, but read only 155520 bytes. Truncated file?
VLOG[2] (compute-mfcc-feats[5.5.1182~1-e02e3]:main():compute-mfcc-feats.cc:182) Processed features for key common_voice_lt_36954970
WARNING (compute-mfcc-feats[5.5.1182~1-e02e3]:Read():wave-reader.cc:304) Expected 110592 bytes of wave data, but read only 109440 bytes. Truncated file?
VLOG[2] (compute-mfcc-feats[5.5.1182~1-e02e3]:main():compute-mfcc-feats.cc:182) Processed features for key common_voice_lt_36954971
WARNING (compute-mfcc-feats[5.5.1182~1-e02e3]:Read():wave-reader.cc:304) Expected 120960 bytes of wave data, but read only 119808 bytes. Truncated file?
VLOG[2] (compute-mfcc-feats[5.5.1182~1-e02e3]:main():compute-mfcc-feats.cc:182) Processed features for key common_voice_lt_36954972
WARNING (compute-mfcc-feats[5.5.1182~1-e02e3]:Read():wave-reader.cc:304) Expected 116352 bytes of wave data, but read only 115200 bytes. Truncated file?
VLOG[2] (compute-mfcc-feats[5.5.1182~1-e02e3]:main():compute-mfcc-feats.cc:182) Processed features for key common_voice_lt_36954973
WARNING (compute-mfcc-feats[5.5.1182~1-e02e3]:Read():wave-reader.cc:304) Expected 138240 bytes of wave data, but read only 137088 bytes. Truncated file?
VLOG[2] (compute-mfcc-feats[5.5.1182~1-e02e3]:main():compute-mfcc-feats.cc:182) Processed features for key common_voice_lt_36954974
WARNING (compute-mfcc-feats[5.5.1182~1-e02e3]:Read():wave-reader.cc:304) Expected 214272 bytes of wave data, but read only 213120 bytes. Truncated file?
LOG (compute-mfcc-feats[5.5.1182~1-e02e3]:main():compute-mfcc-feats.cc:181) Processed 2230 utterances
VLOG[2] (compute-mfcc-feats[5.5.1182~1-e02e3]:main():compute-mfcc-feats.cc:182) Processed features for key common_voice_lt_36954975
WARNING (compute-mfcc-feats[5.5.1182~1-e02e3]:Read():wave-reader.cc:304) Expected 329472 bytes of wave data, but read only 328320 bytes. Truncated file?
VLOG[2] (compute-mfcc-feats[5.5.1182~1-e02e3]:main():compute-mfcc-feats.cc:182) Processed features for key common_voice_lt_36954976
WARNING (compute-mfcc-feats[5.5.1182~1-e02e3]:Read():wave-reader.cc:304) Expected 173952 bytes of wave data, but read only 172800 bytes. Truncated file?
VLOG[2] (compute-mfcc-feats[5.5.1182~1-e02e3]:main():compute-mfcc-feats.cc:182) Processed features for key common_voice_lt_36954977
WARNING (compute-mfcc-feats[5.5.1182~1-e02e3]:Read():wave-reader.cc:304) Expected 145152 bytes of wave data, but read only 144000 bytes. Truncated file?
VLOG[2] (compute-mfcc-feats[5.5.1182~1-e02e3]:main():compute-mfcc-feats.cc:182) Processed features for key common_voice_lt_36954978
WARNING (compute-mfcc-feats[5.5.1182~1-e02e3]:Read():wave-reader.cc:304) Expected 138240 bytes of wave data, but read only 137088 bytes. Truncated file?
VLOG[2] (compute-mfcc-feats[5.5.1182~1-e02e3]:main():compute-mfcc-feats.cc:182) Processed features for key common_voice_lt_36954979
WARNING (compute-mfcc-feats[5.5.1182~1-e02e3]:Read():wave-reader.cc:304) Expected 116352 bytes of wave data, but read only 115200 bytes. Truncated file?
VLOG[2] (compute-mfcc-feats[5.5.1182~1-e02e3]:main():compute-mfcc-feats.cc:182) Processed features for key common_voice_lt_36954980
WARNING (compute-mfcc-feats[5.5.1182~1-e02e3]:Read():wave-reader.cc:304) Expected 124416 bytes of wave data, but read only 123264 bytes. Truncated file?
VLOG[2] (compute-mfcc-feats[5.5.1182~1-e02e3]:main():compute-mfcc-feats.cc:182) Processed features for key common_voice_lt_36954981
WARNING (compute-mfcc-feats[5.5.1182~1-e02e3]:Read():wave-reader.cc:304) Expected 231552 bytes of wave data, but read only 230400 bytes. Truncated file?
VLOG[2] (compute-mfcc-feats[5.5.1182~1-e02e3]:main():compute-mfcc-feats.cc:182) Processed features for key common_voice_lt_36954982
WARNING (compute-mfcc-feats[5.5.1182~1-e02e3]:Read():wave-reader.cc:304) Expected 124416 bytes of wave data, but read only 123264 bytes. Truncated file?
VLOG[2] (compute-mfcc-feats[5.5.1182~1-e02e3]:main():compute-mfcc-feats.cc:182) Processed features for key common_voice_lt_36954983
sox WARN rate: rate clipped 1 samples; decrease volume?
sox WARN dither: dither clipped 1 samples; decrease volume?
WARNING (compute-mfcc-feats[5.5.1182~1-e02e3]:Read():wave-reader.cc:304) Expected 132480 bytes of wave data, but read only 131328 bytes. Truncated file?
VLOG[2] (compute-mfcc-feats[5.5.1182~1-e02e3]:main():compute-mfcc-feats.cc:182) Processed features for key common_voice_lt_36954984
WARNING (compute-mfcc-feats[5.5.1182~1-e02e3]:Read():wave-reader.cc:304) Expected 127872 bytes of wave data, but read only 126720 bytes. Truncated file?
LOG (compute-mfcc-feats[5.5.1182~1-e02e3]:main():compute-mfcc-feats.cc:181) Processed 2240 utterances
VLOG[2] (compute-mfcc-feats[5.5.1182~1-e02e3]:main():compute-mfcc-feats.cc:182) Processed features for key common_voice_lt_36954985
WARNING (compute-mfcc-feats[5.5.1182~1-e02e3]:Read():wave-reader.cc:304) Expected 168192 bytes of wave data, but read only 167040 bytes. Truncated file?
VLOG[2] (compute-mfcc-feats[5.5.1182~1-e02e3]:main():compute-mfcc-feats.cc:182) Processed features for key common_voice_lt_36954986
WARNING (compute-mfcc-feats[5.5.1182~1-e02e3]:Read():wave-reader.cc:304) Expected 239616 bytes of wave data, but read only 238464 bytes. Truncated file?
VLOG[2] (compute-mfcc-feats[5.5.1182~1-e02e3]:main():compute-mfcc-feats.cc:182) Processed features for key common_voice_lt_36954987
WARNING (compute-mfcc-feats[5.5.1182~1-e02e3]:Read():wave-reader.cc:304) Expected 156672 bytes of wave data, but read only 155520 bytes. Truncated file?
VLOG[2] (compute-mfcc-feats[5.5.1182~1-e02e3]:main():compute-mfcc-feats.cc:182) Processed features for key common_voice_lt_36954988
WARNING (compute-mfcc-feats[5.5.1182~1-e02e3]:Read():wave-reader.cc:304) Expected 231552 bytes of wave data, but read only 230400 bytes. Truncated file?
VLOG[2] (compute-mfcc-feats[5.5.1182~1-e02e3]:main():compute-mfcc-feats.cc:182) Processed features for key common_voice_lt_36954989
WARNING (compute-mfcc-feats[5.5.1182~1-e02e3]:Read():wave-reader.cc:304) Expected 110592 bytes of wave data, but read only 109440 bytes. Truncated file?
VLOG[2] (compute-mfcc-feats[5.5.1182~1-e02e3]:main():compute-mfcc-feats.cc:182) Processed features for key common_voice_lt_36954990
WARNING (compute-mfcc-feats[5.5.1182~1-e02e3]:Read():wave-reader.cc:304) Expected 213120 bytes of wave data, but read only 211968 bytes. Truncated file?
VLOG[2] (compute-mfcc-feats[5.5.1182~1-e02e3]:main():compute-mfcc-feats.cc:182) Processed features for key common_voice_lt_36954991
WARNING (compute-mfcc-feats[5.5.1182~1-e02e3]:Read():wave-reader.cc:304) Expected 147456 bytes of wave data, but read only 146304 bytes. Truncated file?
VLOG[2] (compute-mfcc-feats[5.5.1182~1-e02e3]:main():compute-mfcc-feats.cc:182) Processed features for key common_voice_lt_36954992
WARNING (compute-mfcc-feats[5.5.1182~1-e02e3]:Read():wave-reader.cc:304) Expected 158976 bytes of wave data, but read only 157824 bytes. Truncated file?
VLOG[2] (compute-mfcc-feats[5.5.1182~1-e02e3]:main():compute-mfcc-feats.cc:182) Processed features for key common_voice_lt_36954993
WARNING (compute-mfcc-feats[5.5.1182~1-e02e3]:Read():wave-reader.cc:304) Expected 331776 bytes of wave data, but read only 330624 bytes. Truncated file?
VLOG[2] (compute-mfcc-feats[5.5.1182~1-e02e3]:main():compute-mfcc-feats.cc:182) Processed features for key common_voice_lt_36954994
WARNING (compute-mfcc-feats[5.5.1182~1-e02e3]:Read():wave-reader.cc:304) Expected 147456 bytes of wave data, but read only 146304 bytes. Truncated file?
LOG (compute-mfcc-feats[5.5.1182~1-e02e3]:main():compute-mfcc-feats.cc:181) Processed 2250 utterances
VLOG[2] (compute-mfcc-feats[5.5.1182~1-e02e3]:main():compute-mfcc-feats.cc:182) Processed features for key common_voice_lt_36954995
WARNING (compute-mfcc-feats[5.5.1182~1-e02e3]:Read():wave-reader.cc:304) Expected 112896 bytes of wave data, but read only 111744 bytes. Truncated file?
VLOG[2] (compute-mfcc-feats[5.5.1182~1-e02e3]:main():compute-mfcc-feats.cc:182) Processed features for key common_voice_lt_36954996
WARNING (compute-mfcc-feats[5.5.1182~1-e02e3]:Read():wave-reader.cc:304) Expected 155520 bytes of wave data, but read only 154368 bytes. Truncated file?
VLOG[2] (compute-mfcc-feats[5.5.1182~1-e02e3]:main():compute-mfcc-feats.cc:182) Processed features for key common_voice_lt_36954997
WARNING (compute-mfcc-feats[5.5.1182~1-e02e3]:Read():wave-reader.cc:304) Expected 251136 bytes of wave data, but read only 249984 bytes. Truncated file?
VLOG[2] (compute-mfcc-feats[5.5.1182~1-e02e3]:main():compute-mfcc-feats.cc:182) Processed features for key common_voice_lt_36954998
WARNING (compute-mfcc-feats[5.5.1182~1-e02e3]:Read():wave-reader.cc:304) Expected 179712 bytes of wave data, but read only 178560 bytes. Truncated file?
VLOG[2] (compute-mfcc-feats[5.5.1182~1-e02e3]:main():compute-mfcc-feats.cc:182) Processed features for key common_voice_lt_36955000
WARNING (compute-mfcc-feats[5.5.1182~1-e02e3]:Read():wave-reader.cc:304) Expected 247680 bytes of wave data, but read only 246528 bytes. Truncated file?
VLOG[2] (compute-mfcc-feats[5.5.1182~1-e02e3]:main():compute-mfcc-feats.cc:182) Processed features for key common_voice_lt_36955001
WARNING (compute-mfcc-feats[5.5.1182~1-e02e3]:Read():wave-reader.cc:304) Expected 299520 bytes of wave data, but read only 298368 bytes. Truncated file?
VLOG[2] (compute-mfcc-feats[5.5.1182~1-e02e3]:main():compute-mfcc-feats.cc:182) Processed features for key common_voice_lt_36955002
WARNING (compute-mfcc-feats[5.5.1182~1-e02e3]:Read():wave-reader.cc:304) Expected 195840 bytes of wave data, but read only 194688 bytes. Truncated file?
VLOG[2] (compute-mfcc-feats[5.5.1182~1-e02e3]:main():compute-mfcc-feats.cc:182) Processed features for key common_voice_lt_36955003
WARNING (compute-mfcc-feats[5.5.1182~1-e02e3]:Read():wave-reader.cc:304) Expected 248832 bytes of wave data, but read only 247680 bytes. Truncated file?
VLOG[2] (compute-mfcc-feats[5.5.1182~1-e02e3]:main():compute-mfcc-feats.cc:182) Processed features for key common_voice_lt_36955004
WARNING (compute-mfcc-feats[5.5.1182~1-e02e3]:Read():wave-reader.cc:304) Expected 153216 bytes of wave data, but read only 152064 bytes. Truncated file?
VLOG[2] (compute-mfcc-feats[5.5.1182~1-e02e3]:main():compute-mfcc-feats.cc:182) Processed features for key common_voice_lt_36955005
WARNING (compute-mfcc-feats[5.5.1182~1-e02e3]:Read():wave-reader.cc:304) Expected 95616 bytes of wave data, but read only 94464 bytes. Truncated file?
LOG (compute-mfcc-feats[5.5.1182~1-e02e3]:main():compute-mfcc-feats.cc:181) Processed 2260 utterances
VLOG[2] (compute-mfcc-feats[5.5.1182~1-e02e3]:main():compute-mfcc-feats.cc:182) Processed features for key common_voice_lt_36955006
WARNING (compute-mfcc-feats[5.5.1182~1-e02e3]:Read():wave-reader.cc:304) Expected 126720 bytes of wave data, but read only 125568 bytes. Truncated file?
VLOG[2] (compute-mfcc-feats[5.5.1182~1-e02e3]:main():compute-mfcc-feats.cc:182) Processed features for key common_voice_lt_36955007
WARNING (compute-mfcc-feats[5.5.1182~1-e02e3]:Read():wave-reader.cc:304) Expected 161280 bytes of wave data, but read only 160128 bytes. Truncated file?
VLOG[2] (compute-mfcc-feats[5.5.1182~1-e02e3]:main():compute-mfcc-feats.cc:182) Processed features for key common_voice_lt_36955008
WARNING (compute-mfcc-feats[5.5.1182~1-e02e3]:Read():wave-reader.cc:304) Expected 190080 bytes of wave data, but read only 188928 bytes. Truncated file?
VLOG[2] (compute-mfcc-feats[5.5.1182~1-e02e3]:main():compute-mfcc-feats.cc:182) Processed features for key common_voice_lt_36955009
WARNING (compute-mfcc-feats[5.5.1182~1-e02e3]:Read():wave-reader.cc:304) Expected 147456 bytes of wave data, but read only 146304 bytes. Truncated file?
VLOG[2] (compute-mfcc-feats[5.5.1182~1-e02e3]:main():compute-mfcc-feats.cc:182) Processed features for key common_voice_lt_36955010
WARNING (compute-mfcc-feats[5.5.1182~1-e02e3]:Read():wave-reader.cc:304) Expected 150912 bytes of wave data, but read only 149760 bytes. Truncated file?
VLOG[2] (compute-mfcc-feats[5.5.1182~1-e02e3]:main():compute-mfcc-feats.cc:182) Processed features for key common_voice_lt_36955011
WARNING (compute-mfcc-feats[5.5.1182~1-e02e3]:Read():wave-reader.cc:304) Expected 233856 bytes of wave data, but read only 232704 bytes. Truncated file?
VLOG[2] (compute-mfcc-feats[5.5.1182~1-e02e3]:main():compute-mfcc-feats.cc:182) Processed features for key common_voice_lt_36955013
WARNING (compute-mfcc-feats[5.5.1182~1-e02e3]:Read():wave-reader.cc:304) Expected 233856 bytes of wave data, but read only 232704 bytes. Truncated file?
VLOG[2] (compute-mfcc-feats[5.5.1182~1-e02e3]:main():compute-mfcc-feats.cc:182) Processed features for key common_voice_lt_36955014
WARNING (compute-mfcc-feats[5.5.1182~1-e02e3]:Read():wave-reader.cc:304) Expected 139392 bytes of wave data, but read only 138240 bytes. Truncated file?
VLOG[2] (compute-mfcc-feats[5.5.1182~1-e02e3]:main():compute-mfcc-feats.cc:182) Processed features for key common_voice_lt_36955015
WARNING (compute-mfcc-feats[5.5.1182~1-e02e3]:Read():wave-reader.cc:304) Expected 201600 bytes of wave data, but read only 200448 bytes. Truncated file?
VLOG[2] (compute-mfcc-feats[5.5.1182~1-e02e3]:main():compute-mfcc-feats.cc:182) Processed features for key common_voice_lt_36955016
WARNING (compute-mfcc-feats[5.5.1182~1-e02e3]:Read():wave-reader.cc:304) Expected 312192 bytes of wave data, but read only 311040 bytes. Truncated file?
LOG (compute-mfcc-feats[5.5.1182~1-e02e3]:main():compute-mfcc-feats.cc:181) Processed 2270 utterances
VLOG[2] (compute-mfcc-feats[5.5.1182~1-e02e3]:main():compute-mfcc-feats.cc:182) Processed features for key common_voice_lt_36955017
WARNING (compute-mfcc-feats[5.5.1182~1-e02e3]:Read():wave-reader.cc:304) Expected 228096 bytes of wave data, but read only 226944 bytes. Truncated file?
VLOG[2] (compute-mfcc-feats[5.5.1182~1-e02e3]:main():compute-mfcc-feats.cc:182) Processed features for key common_voice_lt_36955018
WARNING (compute-mfcc-feats[5.5.1182~1-e02e3]:Read():wave-reader.cc:304) Expected 241920 bytes of wave data, but read only 240768 bytes. Truncated file?
VLOG[2] (compute-mfcc-feats[5.5.1182~1-e02e3]:main():compute-mfcc-feats.cc:182) Processed features for key common_voice_lt_36955020
WARNING (compute-mfcc-feats[5.5.1182~1-e02e3]:Read():wave-reader.cc:304) Expected 214272 bytes of wave data, but read only 213120 bytes. Truncated file?
VLOG[2] (compute-mfcc-feats[5.5.1182~1-e02e3]:main():compute-mfcc-feats.cc:182) Processed features for key common_voice_lt_36955021
WARNING (compute-mfcc-feats[5.5.1182~1-e02e3]:Read():wave-reader.cc:304) Expected 167040 bytes of wave data, but read only 165888 bytes. Truncated file?
VLOG[2] (compute-mfcc-feats[5.5.1182~1-e02e3]:main():compute-mfcc-feats.cc:182) Processed features for key common_voice_lt_36955022
WARNING (compute-mfcc-feats[5.5.1182~1-e02e3]:Read():wave-reader.cc:304) Expected 153216 bytes of wave data, but read only 152064 bytes. Truncated file?
VLOG[2] (compute-mfcc-feats[5.5.1182~1-e02e3]:main():compute-mfcc-feats.cc:182) Processed features for key common_voice_lt_36955023
WARNING (compute-mfcc-feats[5.5.1182~1-e02e3]:Read():wave-reader.cc:304) Expected 205056 bytes of wave data, but read only 203904 bytes. Truncated file?
VLOG[2] (compute-mfcc-feats[5.5.1182~1-e02e3]:main():compute-mfcc-feats.cc:182) Processed features for key common_voice_lt_36955024
WARNING (compute-mfcc-feats[5.5.1182~1-e02e3]:Read():wave-reader.cc:304) Expected 147456 bytes of wave data, but read only 146304 bytes. Truncated file?
VLOG[2] (compute-mfcc-feats[5.5.1182~1-e02e3]:main():compute-mfcc-feats.cc:182) Processed features for key common_voice_lt_36955025
WARNING (compute-mfcc-feats[5.5.1182~1-e02e3]:Read():wave-reader.cc:304) Expected 109440 bytes of wave data, but read only 108288 bytes. Truncated file?
VLOG[2] (compute-mfcc-feats[5.5.1182~1-e02e3]:main():compute-mfcc-feats.cc:182) Processed features for key common_voice_lt_36955026
WARNING (compute-mfcc-feats[5.5.1182~1-e02e3]:Read():wave-reader.cc:304) Expected 176256 bytes of wave data, but read only 175104 bytes. Truncated file?
VLOG[2] (compute-mfcc-feats[5.5.1182~1-e02e3]:main():compute-mfcc-feats.cc:182) Processed features for key common_voice_lt_36955027
WARNING (compute-mfcc-feats[5.5.1182~1-e02e3]:Read():wave-reader.cc:304) Expected 172800 bytes of wave data, but read only 171648 bytes. Truncated file?
LOG (compute-mfcc-feats[5.5.1182~1-e02e3]:main():compute-mfcc-feats.cc:181) Processed 2280 utterances
VLOG[2] (compute-mfcc-feats[5.5.1182~1-e02e3]:main():compute-mfcc-feats.cc:182) Processed features for key common_voice_lt_36955028
WARNING (compute-mfcc-feats[5.5.1182~1-e02e3]:Read():wave-reader.cc:304) Expected 150912 bytes of wave data, but read only 149760 bytes. Truncated file?
VLOG[2] (compute-mfcc-feats[5.5.1182~1-e02e3]:main():compute-mfcc-feats.cc:182) Processed features for key common_voice_lt_36955029
WARNING (compute-mfcc-feats[5.5.1182~1-e02e3]:Read():wave-reader.cc:304) Expected 195840 bytes of wave data, but read only 194688 bytes. Truncated file?
VLOG[2] (compute-mfcc-feats[5.5.1182~1-e02e3]:main():compute-mfcc-feats.cc:182) Processed features for key common_voice_lt_36955030
WARNING (compute-mfcc-feats[5.5.1182~1-e02e3]:Read():wave-reader.cc:304) Expected 220032 bytes of wave data, but read only 218880 bytes. Truncated file?
VLOG[2] (compute-mfcc-feats[5.5.1182~1-e02e3]:main():compute-mfcc-feats.cc:182) Processed features for key common_voice_lt_36955032
WARNING (compute-mfcc-feats[5.5.1182~1-e02e3]:Read():wave-reader.cc:304) Expected 158976 bytes of wave data, but read only 157824 bytes. Truncated file?
VLOG[2] (compute-mfcc-feats[5.5.1182~1-e02e3]:main():compute-mfcc-feats.cc:182) Processed features for key common_voice_lt_36955033
WARNING (compute-mfcc-feats[5.5.1182~1-e02e3]:Read():wave-reader.cc:304) Expected 135936 bytes of wave data, but read only 134784 bytes. Truncated file?
VLOG[2] (compute-mfcc-feats[5.5.1182~1-e02e3]:main():compute-mfcc-feats.cc:182) Processed features for key common_voice_lt_36955034
WARNING (compute-mfcc-feats[5.5.1182~1-e02e3]:Read():wave-reader.cc:304) Expected 207360 bytes of wave data, but read only 206208 bytes. Truncated file?
VLOG[2] (compute-mfcc-feats[5.5.1182~1-e02e3]:main():compute-mfcc-feats.cc:182) Processed features for key common_voice_lt_36955035
WARNING (compute-mfcc-feats[5.5.1182~1-e02e3]:Read():wave-reader.cc:304) Expected 147456 bytes of wave data, but read only 146304 bytes. Truncated file?
VLOG[2] (compute-mfcc-feats[5.5.1182~1-e02e3]:main():compute-mfcc-feats.cc:182) Processed features for key common_voice_lt_36955036
WARNING (compute-mfcc-feats[5.5.1182~1-e02e3]:Read():wave-reader.cc:304) Expected 184320 bytes of wave data, but read only 183168 bytes. Truncated file?
VLOG[2] (compute-mfcc-feats[5.5.1182~1-e02e3]:main():compute-mfcc-feats.cc:182) Processed features for key common_voice_lt_36955037
WARNING (compute-mfcc-feats[5.5.1182~1-e02e3]:Read():wave-reader.cc:304) Expected 95616 bytes of wave data, but read only 94464 bytes. Truncated file?
VLOG[2] (compute-mfcc-feats[5.5.1182~1-e02e3]:main():compute-mfcc-feats.cc:182) Processed features for key common_voice_lt_36955038
WARNING (compute-mfcc-feats[5.5.1182~1-e02e3]:Read():wave-reader.cc:304) Expected 190080 bytes of wave data, but read only 188928 bytes. Truncated file?
LOG (compute-mfcc-feats[5.5.1182~1-e02e3]:main():compute-mfcc-feats.cc:181) Processed 2290 utterances
VLOG[2] (compute-mfcc-feats[5.5.1182~1-e02e3]:main():compute-mfcc-feats.cc:182) Processed features for key common_voice_lt_36955114
WARNING (compute-mfcc-feats[5.5.1182~1-e02e3]:Read():wave-reader.cc:304) Expected 133632 bytes of wave data, but read only 132480 bytes. Truncated file?
VLOG[2] (compute-mfcc-feats[5.5.1182~1-e02e3]:main():compute-mfcc-feats.cc:182) Processed features for key common_voice_lt_36955115
WARNING (compute-mfcc-feats[5.5.1182~1-e02e3]:Read():wave-reader.cc:304) Expected 213120 bytes of wave data, but read only 211968 bytes. Truncated file?
VLOG[2] (compute-mfcc-feats[5.5.1182~1-e02e3]:main():compute-mfcc-feats.cc:182) Processed features for key common_voice_lt_36955116
WARNING (compute-mfcc-feats[5.5.1182~1-e02e3]:Read():wave-reader.cc:304) Expected 228096 bytes of wave data, but read only 226944 bytes. Truncated file?
VLOG[2] (compute-mfcc-feats[5.5.1182~1-e02e3]:main():compute-mfcc-feats.cc:182) Processed features for key common_voice_lt_36955117
WARNING (compute-mfcc-feats[5.5.1182~1-e02e3]:Read():wave-reader.cc:304) Expected 127872 bytes of wave data, but read only 126720 bytes. Truncated file?
VLOG[2] (compute-mfcc-feats[5.5.1182~1-e02e3]:main():compute-mfcc-feats.cc:182) Processed features for key common_voice_lt_36955118
WARNING (compute-mfcc-feats[5.5.1182~1-e02e3]:Read():wave-reader.cc:304) Expected 248832 bytes of wave data, but read only 247680 bytes. Truncated file?
VLOG[2] (compute-mfcc-feats[5.5.1182~1-e02e3]:main():compute-mfcc-feats.cc:182) Processed features for key common_voice_lt_36955141
WARNING (compute-mfcc-feats[5.5.1182~1-e02e3]:Read():wave-reader.cc:304) Expected 161280 bytes of wave data, but read only 160128 bytes. Truncated file?
VLOG[2] (compute-mfcc-feats[5.5.1182~1-e02e3]:main():compute-mfcc-feats.cc:182) Processed features for key common_voice_lt_36955142
WARNING (compute-mfcc-feats[5.5.1182~1-e02e3]:Read():wave-reader.cc:304) Expected 153216 bytes of wave data, but read only 152064 bytes. Truncated file?
VLOG[2] (compute-mfcc-feats[5.5.1182~1-e02e3]:main():compute-mfcc-feats.cc:182) Processed features for key common_voice_lt_36955143
LOG (compute-mfcc-feats[5.5.1182~1-e02e3]:main():compute-mfcc-feats.cc:185)  Done 2297 out of 2297 utterances.
LOG (copy-feats[5.5.1182~1-e02e3]:main():copy-feats.cc:143) Copied 2297 feature matrices.
# Accounting: time=35 threads=1
# Ended (code 0) at Sun May 10 09:11:57 EEST 2026, elapsed time 35 seconds
