# compute-mfcc-feats --write-utt2dur=ark,t:exp/make_mfcc/train/utt2dur.4 --verbose=2 --config=conf/mfcc.conf scp,p:exp/make_mfcc/train/wav_train.4.scp ark:- | copy-feats --write-num-frames=ark,t:exp/make_mfcc/train/utt2num_frames.4 --compress=true ark:- ark,scp:/root/magistras/kaldi-trunk/egs/lt_magistras/s5/mfcc/raw_mfcc_train.4.ark,/root/magistras/kaldi-trunk/egs/lt_magistras/s5/mfcc/raw_mfcc_train.4.scp 
# Started at Wed Jan 14 11:21:42 EET 2026
#
copy-feats --write-num-frames=ark,t:exp/make_mfcc/train/utt2num_frames.4 --compress=true ark:- ark,scp:/root/magistras/kaldi-trunk/egs/lt_magistras/s5/mfcc/raw_mfcc_train.4.ark,/root/magistras/kaldi-trunk/egs/lt_magistras/s5/mfcc/raw_mfcc_train.4.scp 
compute-mfcc-feats --write-utt2dur=ark,t:exp/make_mfcc/train/utt2dur.4 --verbose=2 --config=conf/mfcc.conf scp,p:exp/make_mfcc/train/wav_train.4.scp ark:- 
WARNING (compute-mfcc-feats[5.5.1182~1-e02e3]:Read():wave-reader.cc:304) Expected 158976 bytes of wave data, but read only 157824 bytes. Truncated file?
VLOG[2] (compute-mfcc-feats[5.5.1182~1-e02e3]:main():compute-mfcc-feats.cc:182) Processed features for key common_voice_lt_25159358
WARNING (compute-mfcc-feats[5.5.1182~1-e02e3]:Read():wave-reader.cc:304) Expected 195840 bytes of wave data, but read only 194688 bytes. Truncated file?
VLOG[2] (compute-mfcc-feats[5.5.1182~1-e02e3]:main():compute-mfcc-feats.cc:182) Processed features for key common_voice_lt_25159359
WARNING (compute-mfcc-feats[5.5.1182~1-e02e3]:Read():wave-reader.cc:304) Expected 120960 bytes of wave data, but read only 119808 bytes. Truncated file?
VLOG[2] (compute-mfcc-feats[5.5.1182~1-e02e3]:main():compute-mfcc-feats.cc:182) Processed features for key common_voice_lt_25159361
WARNING (compute-mfcc-feats[5.5.1182~1-e02e3]:Read():wave-reader.cc:304) Expected 178560 bytes of wave data, but read only 177408 bytes. Truncated file?
VLOG[2] (compute-mfcc-feats[5.5.1182~1-e02e3]:main():compute-mfcc-feats.cc:182) Processed features for key common_voice_lt_25159362
WARNING (compute-mfcc-feats[5.5.1182~1-e02e3]:Read():wave-reader.cc:304) Expected 268416 bytes of wave data, but read only 267264 bytes. Truncated file?
VLOG[2] (compute-mfcc-feats[5.5.1182~1-e02e3]:main():compute-mfcc-feats.cc:182) Processed features for key common_voice_lt_25159369
WARNING (compute-mfcc-feats[5.5.1182~1-e02e3]:Read():wave-reader.cc:304) Expected 139392 bytes of wave data, but read only 138240 bytes. Truncated file?
VLOG[2] (compute-mfcc-feats[5.5.1182~1-e02e3]:main():compute-mfcc-feats.cc:182) Processed features for key common_voice_lt_25159370
WARNING (compute-mfcc-feats[5.5.1182~1-e02e3]:Read():wave-reader.cc:304) Expected 130176 bytes of wave data, but read only 129024 bytes. Truncated file?
VLOG[2] (compute-mfcc-feats[5.5.1182~1-e02e3]:main():compute-mfcc-feats.cc:182) Processed features for key common_voice_lt_25159371
WARNING (compute-mfcc-feats[5.5.1182~1-e02e3]:Read():wave-reader.cc:304) Expected 170496 bytes of wave data, but read only 169344 bytes. Truncated file?
VLOG[2] (compute-mfcc-feats[5.5.1182~1-e02e3]:main():compute-mfcc-feats.cc:182) Processed features for key common_voice_lt_25159372
WARNING (compute-mfcc-feats[5.5.1182~1-e02e3]:Read():wave-reader.cc:304) Expected 138240 bytes of wave data, but read only 137088 bytes. Truncated file?
VLOG[2] (compute-mfcc-feats[5.5.1182~1-e02e3]:main():compute-mfcc-feats.cc:182) Processed features for key common_voice_lt_25159375
WARNING (compute-mfcc-feats[5.5.1182~1-e02e3]:Read():wave-reader.cc:304) Expected 158976 bytes of wave data, but read only 157824 bytes. Truncated file?
LOG (compute-mfcc-feats[5.5.1182~1-e02e3]:main():compute-mfcc-feats.cc:181) Processed 10 utterances
VLOG[2] (compute-mfcc-feats[5.5.1182~1-e02e3]:main():compute-mfcc-feats.cc:182) Processed features for key common_voice_lt_25159376
WARNING (compute-mfcc-feats[5.5.1182~1-e02e3]:Read():wave-reader.cc:304) Expected 124416 bytes of wave data, but read only 123264 bytes. Truncated file?
VLOG[2] (compute-mfcc-feats[5.5.1182~1-e02e3]:main():compute-mfcc-feats.cc:182) Processed features for key common_voice_lt_25159378
WARNING (compute-mfcc-feats[5.5.1182~1-e02e3]:Read():wave-reader.cc:304) Expected 139392 bytes of wave data, but read only 138240 bytes. Truncated file?
VLOG[2] (compute-mfcc-feats[5.5.1182~1-e02e3]:main():compute-mfcc-feats.cc:182) Processed features for key common_voice_lt_25159379
WARNING (compute-mfcc-feats[5.5.1182~1-e02e3]:Read():wave-reader.cc:304) Expected 145152 bytes of wave data, but read only 144000 bytes. Truncated file?
VLOG[2] (compute-mfcc-feats[5.5.1182~1-e02e3]:main():compute-mfcc-feats.cc:182) Processed features for key common_voice_lt_25159385
WARNING (compute-mfcc-feats[5.5.1182~1-e02e3]:Read():wave-reader.cc:304) Expected 97920 bytes of wave data, but read only 96768 bytes. Truncated file?
VLOG[2] (compute-mfcc-feats[5.5.1182~1-e02e3]:main():compute-mfcc-feats.cc:182) Processed features for key common_voice_lt_25159386
WARNING (compute-mfcc-feats[5.5.1182~1-e02e3]:Read():wave-reader.cc:304) Expected 233856 bytes of wave data, but read only 232704 bytes. Truncated file?
VLOG[2] (compute-mfcc-feats[5.5.1182~1-e02e3]:main():compute-mfcc-feats.cc:182) Processed features for key common_voice_lt_25159387
WARNING (compute-mfcc-feats[5.5.1182~1-e02e3]:Read():wave-reader.cc:304) Expected 149760 bytes of wave data, but read only 148608 bytes. Truncated file?
VLOG[2] (compute-mfcc-feats[5.5.1182~1-e02e3]:main():compute-mfcc-feats.cc:182) Processed features for key common_voice_lt_25159388
WARNING (compute-mfcc-feats[5.5.1182~1-e02e3]:Read():wave-reader.cc:304) Expected 149760 bytes of wave data, but read only 148608 bytes. Truncated file?
VLOG[2] (compute-mfcc-feats[5.5.1182~1-e02e3]:main():compute-mfcc-feats.cc:182) Processed features for key common_voice_lt_25159389
WARNING (compute-mfcc-feats[5.5.1182~1-e02e3]:Read():wave-reader.cc:304) Expected 118656 bytes of wave data, but read only 117504 bytes. Truncated file?
VLOG[2] (compute-mfcc-feats[5.5.1182~1-e02e3]:main():compute-mfcc-feats.cc:182) Processed features for key common_voice_lt_25159451
WARNING (compute-mfcc-feats[5.5.1182~1-e02e3]:Read():wave-reader.cc:304) Expected 115200 bytes of wave data, but read only 114048 bytes. Truncated file?
VLOG[2] (compute-mfcc-feats[5.5.1182~1-e02e3]:main():compute-mfcc-feats.cc:182) Processed features for key common_voice_lt_25159452
WARNING (compute-mfcc-feats[5.5.1182~1-e02e3]:Read():wave-reader.cc:304) Expected 222336 bytes of wave data, but read only 221184 bytes. Truncated file?
LOG (compute-mfcc-feats[5.5.1182~1-e02e3]:main():compute-mfcc-feats.cc:181) Processed 20 utterances
VLOG[2] (compute-mfcc-feats[5.5.1182~1-e02e3]:main():compute-mfcc-feats.cc:182) Processed features for key common_voice_lt_25159453
WARNING (compute-mfcc-feats[5.5.1182~1-e02e3]:Read():wave-reader.cc:304) Expected 178560 bytes of wave data, but read only 177408 bytes. Truncated file?
VLOG[2] (compute-mfcc-feats[5.5.1182~1-e02e3]:main():compute-mfcc-feats.cc:182) Processed features for key common_voice_lt_25159454
WARNING (compute-mfcc-feats[5.5.1182~1-e02e3]:Read():wave-reader.cc:304) Expected 126720 bytes of wave data, but read only 125568 bytes. Truncated file?
VLOG[2] (compute-mfcc-feats[5.5.1182~1-e02e3]:main():compute-mfcc-feats.cc:182) Processed features for key common_voice_lt_25159455
WARNING (compute-mfcc-feats[5.5.1182~1-e02e3]:Read():wave-reader.cc:304) Expected 207360 bytes of wave data, but read only 206208 bytes. Truncated file?
VLOG[2] (compute-mfcc-feats[5.5.1182~1-e02e3]:main():compute-mfcc-feats.cc:182) Processed features for key common_voice_lt_25159456
WARNING (compute-mfcc-feats[5.5.1182~1-e02e3]:Read():wave-reader.cc:304) Expected 141696 bytes of wave data, but read only 140544 bytes. Truncated file?
VLOG[2] (compute-mfcc-feats[5.5.1182~1-e02e3]:main():compute-mfcc-feats.cc:182) Processed features for key common_voice_lt_25159457
WARNING (compute-mfcc-feats[5.5.1182~1-e02e3]:Read():wave-reader.cc:304) Expected 138240 bytes of wave data, but read only 137088 bytes. Truncated file?
VLOG[2] (compute-mfcc-feats[5.5.1182~1-e02e3]:main():compute-mfcc-feats.cc:182) Processed features for key common_voice_lt_25159458
WARNING (compute-mfcc-feats[5.5.1182~1-e02e3]:Read():wave-reader.cc:304) Expected 110592 bytes of wave data, but read only 109440 bytes. Truncated file?
VLOG[2] (compute-mfcc-feats[5.5.1182~1-e02e3]:main():compute-mfcc-feats.cc:182) Processed features for key common_voice_lt_25159459
WARNING (compute-mfcc-feats[5.5.1182~1-e02e3]:Read():wave-reader.cc:304) Expected 210816 bytes of wave data, but read only 209664 bytes. Truncated file?
VLOG[2] (compute-mfcc-feats[5.5.1182~1-e02e3]:main():compute-mfcc-feats.cc:182) Processed features for key common_voice_lt_25159460
WARNING (compute-mfcc-feats[5.5.1182~1-e02e3]:Read():wave-reader.cc:304) Expected 155520 bytes of wave data, but read only 154368 bytes. Truncated file?
VLOG[2] (compute-mfcc-feats[5.5.1182~1-e02e3]:main():compute-mfcc-feats.cc:182) Processed features for key common_voice_lt_25159461
WARNING (compute-mfcc-feats[5.5.1182~1-e02e3]:Read():wave-reader.cc:304) Expected 208512 bytes of wave data, but read only 207360 bytes. Truncated file?
VLOG[2] (compute-mfcc-feats[5.5.1182~1-e02e3]:main():compute-mfcc-feats.cc:182) Processed features for key common_voice_lt_25159462
WARNING (compute-mfcc-feats[5.5.1182~1-e02e3]:Read():wave-reader.cc:304) Expected 99072 bytes of wave data, but read only 97920 bytes. Truncated file?
LOG (compute-mfcc-feats[5.5.1182~1-e02e3]:main():compute-mfcc-feats.cc:181) Processed 30 utterances
VLOG[2] (compute-mfcc-feats[5.5.1182~1-e02e3]:main():compute-mfcc-feats.cc:182) Processed features for key common_voice_lt_25159463
WARNING (compute-mfcc-feats[5.5.1182~1-e02e3]:Read():wave-reader.cc:304) Expected 170496 bytes of wave data, but read only 169344 bytes. Truncated file?
VLOG[2] (compute-mfcc-feats[5.5.1182~1-e02e3]:main():compute-mfcc-feats.cc:182) Processed features for key common_voice_lt_25159464
WARNING (compute-mfcc-feats[5.5.1182~1-e02e3]:Read():wave-reader.cc:304) Expected 132480 bytes of wave data, but read only 131328 bytes. Truncated file?
VLOG[2] (compute-mfcc-feats[5.5.1182~1-e02e3]:main():compute-mfcc-feats.cc:182) Processed features for key common_voice_lt_25159465
WARNING (compute-mfcc-feats[5.5.1182~1-e02e3]:Read():wave-reader.cc:304) Expected 149760 bytes of wave data, but read only 148608 bytes. Truncated file?
VLOG[2] (compute-mfcc-feats[5.5.1182~1-e02e3]:main():compute-mfcc-feats.cc:182) Processed features for key common_voice_lt_25159469
WARNING (compute-mfcc-feats[5.5.1182~1-e02e3]:Read():wave-reader.cc:304) Expected 115200 bytes of wave data, but read only 114048 bytes. Truncated file?
VLOG[2] (compute-mfcc-feats[5.5.1182~1-e02e3]:main():compute-mfcc-feats.cc:182) Processed features for key common_voice_lt_25159471
WARNING (compute-mfcc-feats[5.5.1182~1-e02e3]:Read():wave-reader.cc:304) Expected 155520 bytes of wave data, but read only 154368 bytes. Truncated file?
VLOG[2] (compute-mfcc-feats[5.5.1182~1-e02e3]:main():compute-mfcc-feats.cc:182) Processed features for key common_voice_lt_25159472
WARNING (compute-mfcc-feats[5.5.1182~1-e02e3]:Read():wave-reader.cc:304) Expected 149760 bytes of wave data, but read only 148608 bytes. Truncated file?
VLOG[2] (compute-mfcc-feats[5.5.1182~1-e02e3]:main():compute-mfcc-feats.cc:182) Processed features for key common_voice_lt_25159474
WARNING (compute-mfcc-feats[5.5.1182~1-e02e3]:Read():wave-reader.cc:304) Expected 144000 bytes of wave data, but read only 142848 bytes. Truncated file?
VLOG[2] (compute-mfcc-feats[5.5.1182~1-e02e3]:main():compute-mfcc-feats.cc:182) Processed features for key common_voice_lt_25159475
WARNING (compute-mfcc-feats[5.5.1182~1-e02e3]:Read():wave-reader.cc:304) Expected 78336 bytes of wave data, but read only 77184 bytes. Truncated file?
VLOG[2] (compute-mfcc-feats[5.5.1182~1-e02e3]:main():compute-mfcc-feats.cc:182) Processed features for key common_voice_lt_25159476
WARNING (compute-mfcc-feats[5.5.1182~1-e02e3]:Read():wave-reader.cc:304) Expected 133632 bytes of wave data, but read only 132480 bytes. Truncated file?
VLOG[2] (compute-mfcc-feats[5.5.1182~1-e02e3]:main():compute-mfcc-feats.cc:182) Processed features for key common_voice_lt_25159477
WARNING (compute-mfcc-feats[5.5.1182~1-e02e3]:Read():wave-reader.cc:304) Expected 107136 bytes of wave data, but read only 105984 bytes. Truncated file?
LOG (compute-mfcc-feats[5.5.1182~1-e02e3]:main():compute-mfcc-feats.cc:181) Processed 40 utterances
VLOG[2] (compute-mfcc-feats[5.5.1182~1-e02e3]:main():compute-mfcc-feats.cc:182) Processed features for key common_voice_lt_25159478
WARNING (compute-mfcc-feats[5.5.1182~1-e02e3]:Read():wave-reader.cc:304) Expected 147456 bytes of wave data, but read only 146304 bytes. Truncated file?
VLOG[2] (compute-mfcc-feats[5.5.1182~1-e02e3]:main():compute-mfcc-feats.cc:182) Processed features for key common_voice_lt_25159479
WARNING (compute-mfcc-feats[5.5.1182~1-e02e3]:Read():wave-reader.cc:304) Expected 162432 bytes of wave data, but read only 161280 bytes. Truncated file?
VLOG[2] (compute-mfcc-feats[5.5.1182~1-e02e3]:main():compute-mfcc-feats.cc:182) Processed features for key common_voice_lt_25159480
WARNING (compute-mfcc-feats[5.5.1182~1-e02e3]:Read():wave-reader.cc:304) Expected 153216 bytes of wave data, but read only 152064 bytes. Truncated file?
VLOG[2] (compute-mfcc-feats[5.5.1182~1-e02e3]:main():compute-mfcc-feats.cc:182) Processed features for key common_voice_lt_25159486
WARNING (compute-mfcc-feats[5.5.1182~1-e02e3]:Read():wave-reader.cc:304) Expected 104832 bytes of wave data, but read only 103680 bytes. Truncated file?
VLOG[2] (compute-mfcc-feats[5.5.1182~1-e02e3]:main():compute-mfcc-feats.cc:182) Processed features for key common_voice_lt_25159487
WARNING (compute-mfcc-feats[5.5.1182~1-e02e3]:Read():wave-reader.cc:304) Expected 127872 bytes of wave data, but read only 126720 bytes. Truncated file?
VLOG[2] (compute-mfcc-feats[5.5.1182~1-e02e3]:main():compute-mfcc-feats.cc:182) Processed features for key common_voice_lt_25159488
WARNING (compute-mfcc-feats[5.5.1182~1-e02e3]:Read():wave-reader.cc:304) Expected 133632 bytes of wave data, but read only 132480 bytes. Truncated file?
VLOG[2] (compute-mfcc-feats[5.5.1182~1-e02e3]:main():compute-mfcc-feats.cc:182) Processed features for key common_voice_lt_25159489
WARNING (compute-mfcc-feats[5.5.1182~1-e02e3]:Read():wave-reader.cc:304) Expected 153216 bytes of wave data, but read only 152064 bytes. Truncated file?
VLOG[2] (compute-mfcc-feats[5.5.1182~1-e02e3]:main():compute-mfcc-feats.cc:182) Processed features for key common_voice_lt_25159490
WARNING (compute-mfcc-feats[5.5.1182~1-e02e3]:Read():wave-reader.cc:304) Expected 97920 bytes of wave data, but read only 96768 bytes. Truncated file?
VLOG[2] (compute-mfcc-feats[5.5.1182~1-e02e3]:main():compute-mfcc-feats.cc:182) Processed features for key common_voice_lt_25159496
WARNING (compute-mfcc-feats[5.5.1182~1-e02e3]:Read():wave-reader.cc:304) Expected 178560 bytes of wave data, but read only 177408 bytes. Truncated file?
VLOG[2] (compute-mfcc-feats[5.5.1182~1-e02e3]:main():compute-mfcc-feats.cc:182) Processed features for key common_voice_lt_25159497
WARNING (compute-mfcc-feats[5.5.1182~1-e02e3]:Read():wave-reader.cc:304) Expected 195840 bytes of wave data, but read only 194688 bytes. Truncated file?
LOG (compute-mfcc-feats[5.5.1182~1-e02e3]:main():compute-mfcc-feats.cc:181) Processed 50 utterances
VLOG[2] (compute-mfcc-feats[5.5.1182~1-e02e3]:main():compute-mfcc-feats.cc:182) Processed features for key common_voice_lt_25159498
WARNING (compute-mfcc-feats[5.5.1182~1-e02e3]:Read():wave-reader.cc:304) Expected 118656 bytes of wave data, but read only 117504 bytes. Truncated file?
VLOG[2] (compute-mfcc-feats[5.5.1182~1-e02e3]:main():compute-mfcc-feats.cc:182) Processed features for key common_voice_lt_25159499
WARNING (compute-mfcc-feats[5.5.1182~1-e02e3]:Read():wave-reader.cc:304) Expected 153216 bytes of wave data, but read only 152064 bytes. Truncated file?
VLOG[2] (compute-mfcc-feats[5.5.1182~1-e02e3]:main():compute-mfcc-feats.cc:182) Processed features for key common_voice_lt_25159500
WARNING (compute-mfcc-feats[5.5.1182~1-e02e3]:Read():wave-reader.cc:304) Expected 104832 bytes of wave data, but read only 103680 bytes. Truncated file?
VLOG[2] (compute-mfcc-feats[5.5.1182~1-e02e3]:main():compute-mfcc-feats.cc:182) Processed features for key common_voice_lt_25159501
WARNING (compute-mfcc-feats[5.5.1182~1-e02e3]:Read():wave-reader.cc:304) Expected 130176 bytes of wave data, but read only 129024 bytes. Truncated file?
VLOG[2] (compute-mfcc-feats[5.5.1182~1-e02e3]:main():compute-mfcc-feats.cc:182) Processed features for key common_voice_lt_25159502
WARNING (compute-mfcc-feats[5.5.1182~1-e02e3]:Read():wave-reader.cc:304) Expected 191232 bytes of wave data, but read only 190080 bytes. Truncated file?
VLOG[2] (compute-mfcc-feats[5.5.1182~1-e02e3]:main():compute-mfcc-feats.cc:182) Processed features for key common_voice_lt_25159503
WARNING (compute-mfcc-feats[5.5.1182~1-e02e3]:Read():wave-reader.cc:304) Expected 202752 bytes of wave data, but read only 201600 bytes. Truncated file?
VLOG[2] (compute-mfcc-feats[5.5.1182~1-e02e3]:main():compute-mfcc-feats.cc:182) Processed features for key common_voice_lt_25159504
WARNING (compute-mfcc-feats[5.5.1182~1-e02e3]:Read():wave-reader.cc:304) Expected 126720 bytes of wave data, but read only 125568 bytes. Truncated file?
VLOG[2] (compute-mfcc-feats[5.5.1182~1-e02e3]:main():compute-mfcc-feats.cc:182) Processed features for key common_voice_lt_25159505
WARNING (compute-mfcc-feats[5.5.1182~1-e02e3]:Read():wave-reader.cc:304) Expected 237312 bytes of wave data, but read only 236160 bytes. Truncated file?
VLOG[2] (compute-mfcc-feats[5.5.1182~1-e02e3]:main():compute-mfcc-feats.cc:182) Processed features for key common_voice_lt_25159506
WARNING (compute-mfcc-feats[5.5.1182~1-e02e3]:Read():wave-reader.cc:304) Expected 144000 bytes of wave data, but read only 142848 bytes. Truncated file?
VLOG[2] (compute-mfcc-feats[5.5.1182~1-e02e3]:main():compute-mfcc-feats.cc:182) Processed features for key common_voice_lt_25159507
WARNING (compute-mfcc-feats[5.5.1182~1-e02e3]:Read():wave-reader.cc:304) Expected 110592 bytes of wave data, but read only 109440 bytes. Truncated file?
LOG (compute-mfcc-feats[5.5.1182~1-e02e3]:main():compute-mfcc-feats.cc:181) Processed 60 utterances
VLOG[2] (compute-mfcc-feats[5.5.1182~1-e02e3]:main():compute-mfcc-feats.cc:182) Processed features for key common_voice_lt_25159508
WARNING (compute-mfcc-feats[5.5.1182~1-e02e3]:Read():wave-reader.cc:304) Expected 187776 bytes of wave data, but read only 186624 bytes. Truncated file?
VLOG[2] (compute-mfcc-feats[5.5.1182~1-e02e3]:main():compute-mfcc-feats.cc:182) Processed features for key common_voice_lt_25159509
WARNING (compute-mfcc-feats[5.5.1182~1-e02e3]:Read():wave-reader.cc:304) Expected 195840 bytes of wave data, but read only 194688 bytes. Truncated file?
VLOG[2] (compute-mfcc-feats[5.5.1182~1-e02e3]:main():compute-mfcc-feats.cc:182) Processed features for key common_voice_lt_25159510
WARNING (compute-mfcc-feats[5.5.1182~1-e02e3]:Read():wave-reader.cc:304) Expected 314496 bytes of wave data, but read only 313344 bytes. Truncated file?
VLOG[2] (compute-mfcc-feats[5.5.1182~1-e02e3]:main():compute-mfcc-feats.cc:182) Processed features for key common_voice_lt_25159511
WARNING (compute-mfcc-feats[5.5.1182~1-e02e3]:Read():wave-reader.cc:304) Expected 141696 bytes of wave data, but read only 140544 bytes. Truncated file?
VLOG[2] (compute-mfcc-feats[5.5.1182~1-e02e3]:main():compute-mfcc-feats.cc:182) Processed features for key common_voice_lt_25159512
WARNING (compute-mfcc-feats[5.5.1182~1-e02e3]:Read():wave-reader.cc:304) Expected 110592 bytes of wave data, but read only 109440 bytes. Truncated file?
VLOG[2] (compute-mfcc-feats[5.5.1182~1-e02e3]:main():compute-mfcc-feats.cc:182) Processed features for key common_voice_lt_25159513
WARNING (compute-mfcc-feats[5.5.1182~1-e02e3]:Read():wave-reader.cc:304) Expected 274176 bytes of wave data, but read only 273024 bytes. Truncated file?
VLOG[2] (compute-mfcc-feats[5.5.1182~1-e02e3]:main():compute-mfcc-feats.cc:182) Processed features for key common_voice_lt_25159514
WARNING (compute-mfcc-feats[5.5.1182~1-e02e3]:Read():wave-reader.cc:304) Expected 92160 bytes of wave data, but read only 91008 bytes. Truncated file?
VLOG[2] (compute-mfcc-feats[5.5.1182~1-e02e3]:main():compute-mfcc-feats.cc:182) Processed features for key common_voice_lt_25159515
WARNING (compute-mfcc-feats[5.5.1182~1-e02e3]:Read():wave-reader.cc:304) Expected 145152 bytes of wave data, but read only 144000 bytes. Truncated file?
VLOG[2] (compute-mfcc-feats[5.5.1182~1-e02e3]:main():compute-mfcc-feats.cc:182) Processed features for key common_voice_lt_25159516
WARNING (compute-mfcc-feats[5.5.1182~1-e02e3]:Read():wave-reader.cc:304) Expected 87552 bytes of wave data, but read only 86400 bytes. Truncated file?
VLOG[2] (compute-mfcc-feats[5.5.1182~1-e02e3]:main():compute-mfcc-feats.cc:182) Processed features for key common_voice_lt_25159517
WARNING (compute-mfcc-feats[5.5.1182~1-e02e3]:Read():wave-reader.cc:304) Expected 190080 bytes of wave data, but read only 188928 bytes. Truncated file?
LOG (compute-mfcc-feats[5.5.1182~1-e02e3]:main():compute-mfcc-feats.cc:181) Processed 70 utterances
VLOG[2] (compute-mfcc-feats[5.5.1182~1-e02e3]:main():compute-mfcc-feats.cc:182) Processed features for key common_voice_lt_25159518
WARNING (compute-mfcc-feats[5.5.1182~1-e02e3]:Read():wave-reader.cc:304) Expected 161280 bytes of wave data, but read only 160128 bytes. Truncated file?
VLOG[2] (compute-mfcc-feats[5.5.1182~1-e02e3]:main():compute-mfcc-feats.cc:182) Processed features for key common_voice_lt_25159519
WARNING (compute-mfcc-feats[5.5.1182~1-e02e3]:Read():wave-reader.cc:304) Expected 208512 bytes of wave data, but read only 207360 bytes. Truncated file?
VLOG[2] (compute-mfcc-feats[5.5.1182~1-e02e3]:main():compute-mfcc-feats.cc:182) Processed features for key common_voice_lt_25159520
WARNING (compute-mfcc-feats[5.5.1182~1-e02e3]:Read():wave-reader.cc:304) Expected 172800 bytes of wave data, but read only 171648 bytes. Truncated file?
VLOG[2] (compute-mfcc-feats[5.5.1182~1-e02e3]:main():compute-mfcc-feats.cc:182) Processed features for key common_voice_lt_25159521
WARNING (compute-mfcc-feats[5.5.1182~1-e02e3]:Read():wave-reader.cc:304) Expected 276480 bytes of wave data, but read only 275328 bytes. Truncated file?
VLOG[2] (compute-mfcc-feats[5.5.1182~1-e02e3]:main():compute-mfcc-feats.cc:182) Processed features for key common_voice_lt_25159523
WARNING (compute-mfcc-feats[5.5.1182~1-e02e3]:Read():wave-reader.cc:304) Expected 225792 bytes of wave data, but read only 224640 bytes. Truncated file?
VLOG[2] (compute-mfcc-feats[5.5.1182~1-e02e3]:main():compute-mfcc-feats.cc:182) Processed features for key common_voice_lt_25159524
WARNING (compute-mfcc-feats[5.5.1182~1-e02e3]:Read():wave-reader.cc:304) Expected 132480 bytes of wave data, but read only 131328 bytes. Truncated file?
VLOG[2] (compute-mfcc-feats[5.5.1182~1-e02e3]:main():compute-mfcc-feats.cc:182) Processed features for key common_voice_lt_25159525
WARNING (compute-mfcc-feats[5.5.1182~1-e02e3]:Read():wave-reader.cc:304) Expected 176256 bytes of wave data, but read only 175104 bytes. Truncated file?
VLOG[2] (compute-mfcc-feats[5.5.1182~1-e02e3]:main():compute-mfcc-feats.cc:182) Processed features for key common_voice_lt_25159752
WARNING (compute-mfcc-feats[5.5.1182~1-e02e3]:Read():wave-reader.cc:304) Expected 156672 bytes of wave data, but read only 155520 bytes. Truncated file?
VLOG[2] (compute-mfcc-feats[5.5.1182~1-e02e3]:main():compute-mfcc-feats.cc:182) Processed features for key common_voice_lt_25159753
WARNING (compute-mfcc-feats[5.5.1182~1-e02e3]:Read():wave-reader.cc:304) Expected 158976 bytes of wave data, but read only 157824 bytes. Truncated file?
VLOG[2] (compute-mfcc-feats[5.5.1182~1-e02e3]:main():compute-mfcc-feats.cc:182) Processed features for key common_voice_lt_25159754
WARNING (compute-mfcc-feats[5.5.1182~1-e02e3]:Read():wave-reader.cc:304) Expected 184320 bytes of wave data, but read only 183168 bytes. Truncated file?
LOG (compute-mfcc-feats[5.5.1182~1-e02e3]:main():compute-mfcc-feats.cc:181) Processed 80 utterances
VLOG[2] (compute-mfcc-feats[5.5.1182~1-e02e3]:main():compute-mfcc-feats.cc:182) Processed features for key common_voice_lt_25159755
WARNING (compute-mfcc-feats[5.5.1182~1-e02e3]:Read():wave-reader.cc:304) Expected 288000 bytes of wave data, but read only 286848 bytes. Truncated file?
VLOG[2] (compute-mfcc-feats[5.5.1182~1-e02e3]:main():compute-mfcc-feats.cc:182) Processed features for key common_voice_lt_25159756
WARNING (compute-mfcc-feats[5.5.1182~1-e02e3]:Read():wave-reader.cc:304) Expected 173952 bytes of wave data, but read only 172800 bytes. Truncated file?
VLOG[2] (compute-mfcc-feats[5.5.1182~1-e02e3]:main():compute-mfcc-feats.cc:182) Processed features for key common_voice_lt_25159762
WARNING (compute-mfcc-feats[5.5.1182~1-e02e3]:Read():wave-reader.cc:304) Expected 190080 bytes of wave data, but read only 188928 bytes. Truncated file?
VLOG[2] (compute-mfcc-feats[5.5.1182~1-e02e3]:main():compute-mfcc-feats.cc:182) Processed features for key common_voice_lt_25159763
WARNING (compute-mfcc-feats[5.5.1182~1-e02e3]:Read():wave-reader.cc:304) Expected 101376 bytes of wave data, but read only 100224 bytes. Truncated file?
VLOG[2] (compute-mfcc-feats[5.5.1182~1-e02e3]:main():compute-mfcc-feats.cc:182) Processed features for key common_voice_lt_25159764
WARNING (compute-mfcc-feats[5.5.1182~1-e02e3]:Read():wave-reader.cc:304) Expected 274176 bytes of wave data, but read only 273024 bytes. Truncated file?
VLOG[2] (compute-mfcc-feats[5.5.1182~1-e02e3]:main():compute-mfcc-feats.cc:182) Processed features for key common_voice_lt_25159765
WARNING (compute-mfcc-feats[5.5.1182~1-e02e3]:Read():wave-reader.cc:304) Expected 109440 bytes of wave data, but read only 108288 bytes. Truncated file?
VLOG[2] (compute-mfcc-feats[5.5.1182~1-e02e3]:main():compute-mfcc-feats.cc:182) Processed features for key common_voice_lt_25159767
WARNING (compute-mfcc-feats[5.5.1182~1-e02e3]:Read():wave-reader.cc:304) Expected 205056 bytes of wave data, but read only 203904 bytes. Truncated file?
VLOG[2] (compute-mfcc-feats[5.5.1182~1-e02e3]:main():compute-mfcc-feats.cc:182) Processed features for key common_voice_lt_25159768
WARNING (compute-mfcc-feats[5.5.1182~1-e02e3]:Read():wave-reader.cc:304) Expected 205056 bytes of wave data, but read only 203904 bytes. Truncated file?
VLOG[2] (compute-mfcc-feats[5.5.1182~1-e02e3]:main():compute-mfcc-feats.cc:182) Processed features for key common_voice_lt_25159769
WARNING (compute-mfcc-feats[5.5.1182~1-e02e3]:Read():wave-reader.cc:304) Expected 138240 bytes of wave data, but read only 137088 bytes. Truncated file?
VLOG[2] (compute-mfcc-feats[5.5.1182~1-e02e3]:main():compute-mfcc-feats.cc:182) Processed features for key common_voice_lt_25159770
WARNING (compute-mfcc-feats[5.5.1182~1-e02e3]:Read():wave-reader.cc:304) Expected 176256 bytes of wave data, but read only 175104 bytes. Truncated file?
LOG (compute-mfcc-feats[5.5.1182~1-e02e3]:main():compute-mfcc-feats.cc:181) Processed 90 utterances
VLOG[2] (compute-mfcc-feats[5.5.1182~1-e02e3]:main():compute-mfcc-feats.cc:182) Processed features for key common_voice_lt_25159771
WARNING (compute-mfcc-feats[5.5.1182~1-e02e3]:Read():wave-reader.cc:304) Expected 109440 bytes of wave data, but read only 108288 bytes. Truncated file?
VLOG[2] (compute-mfcc-feats[5.5.1182~1-e02e3]:main():compute-mfcc-feats.cc:182) Processed features for key common_voice_lt_25159772
WARNING (compute-mfcc-feats[5.5.1182~1-e02e3]:Read():wave-reader.cc:304) Expected 191232 bytes of wave data, but read only 190080 bytes. Truncated file?
VLOG[2] (compute-mfcc-feats[5.5.1182~1-e02e3]:main():compute-mfcc-feats.cc:182) Processed features for key common_voice_lt_25159773
WARNING (compute-mfcc-feats[5.5.1182~1-e02e3]:Read():wave-reader.cc:304) Expected 196992 bytes of wave data, but read only 195840 bytes. Truncated file?
VLOG[2] (compute-mfcc-feats[5.5.1182~1-e02e3]:main():compute-mfcc-feats.cc:182) Processed features for key common_voice_lt_25159774
WARNING (compute-mfcc-feats[5.5.1182~1-e02e3]:Read():wave-reader.cc:304) Expected 133632 bytes of wave data, but read only 132480 bytes. Truncated file?
VLOG[2] (compute-mfcc-feats[5.5.1182~1-e02e3]:main():compute-mfcc-feats.cc:182) Processed features for key common_voice_lt_25159775
WARNING (compute-mfcc-feats[5.5.1182~1-e02e3]:Read():wave-reader.cc:304) Expected 190080 bytes of wave data, but read only 188928 bytes. Truncated file?
VLOG[2] (compute-mfcc-feats[5.5.1182~1-e02e3]:main():compute-mfcc-feats.cc:182) Processed features for key common_voice_lt_25159776
WARNING (compute-mfcc-feats[5.5.1182~1-e02e3]:Read():wave-reader.cc:304) Expected 156672 bytes of wave data, but read only 155520 bytes. Truncated file?
VLOG[2] (compute-mfcc-feats[5.5.1182~1-e02e3]:main():compute-mfcc-feats.cc:182) Processed features for key common_voice_lt_25159782
WARNING (compute-mfcc-feats[5.5.1182~1-e02e3]:Read():wave-reader.cc:304) Expected 116352 bytes of wave data, but read only 115200 bytes. Truncated file?
VLOG[2] (compute-mfcc-feats[5.5.1182~1-e02e3]:main():compute-mfcc-feats.cc:182) Processed features for key common_voice_lt_25159783
WARNING (compute-mfcc-feats[5.5.1182~1-e02e3]:Read():wave-reader.cc:304) Expected 147456 bytes of wave data, but read only 146304 bytes. Truncated file?
VLOG[2] (compute-mfcc-feats[5.5.1182~1-e02e3]:main():compute-mfcc-feats.cc:182) Processed features for key common_voice_lt_25159784
WARNING (compute-mfcc-feats[5.5.1182~1-e02e3]:Read():wave-reader.cc:304) Expected 147456 bytes of wave data, but read only 146304 bytes. Truncated file?
VLOG[2] (compute-mfcc-feats[5.5.1182~1-e02e3]:main():compute-mfcc-feats.cc:182) Processed features for key common_voice_lt_25159785
WARNING (compute-mfcc-feats[5.5.1182~1-e02e3]:Read():wave-reader.cc:304) Expected 139392 bytes of wave data, but read only 138240 bytes. Truncated file?
LOG (compute-mfcc-feats[5.5.1182~1-e02e3]:main():compute-mfcc-feats.cc:181) Processed 100 utterances
VLOG[2] (compute-mfcc-feats[5.5.1182~1-e02e3]:main():compute-mfcc-feats.cc:182) Processed features for key common_voice_lt_25159786
WARNING (compute-mfcc-feats[5.5.1182~1-e02e3]:Read():wave-reader.cc:304) Expected 127872 bytes of wave data, but read only 126720 bytes. Truncated file?
VLOG[2] (compute-mfcc-feats[5.5.1182~1-e02e3]:main():compute-mfcc-feats.cc:182) Processed features for key common_voice_lt_25159792
WARNING (compute-mfcc-feats[5.5.1182~1-e02e3]:Read():wave-reader.cc:304) Expected 179712 bytes of wave data, but read only 178560 bytes. Truncated file?
VLOG[2] (compute-mfcc-feats[5.5.1182~1-e02e3]:main():compute-mfcc-feats.cc:182) Processed features for key common_voice_lt_25159793
WARNING (compute-mfcc-feats[5.5.1182~1-e02e3]:Read():wave-reader.cc:304) Expected 139392 bytes of wave data, but read only 138240 bytes. Truncated file?
VLOG[2] (compute-mfcc-feats[5.5.1182~1-e02e3]:main():compute-mfcc-feats.cc:182) Processed features for key common_voice_lt_25159794
WARNING (compute-mfcc-feats[5.5.1182~1-e02e3]:Read():wave-reader.cc:304) Expected 185472 bytes of wave data, but read only 184320 bytes. Truncated file?
VLOG[2] (compute-mfcc-feats[5.5.1182~1-e02e3]:main():compute-mfcc-feats.cc:182) Processed features for key common_voice_lt_25159795
WARNING (compute-mfcc-feats[5.5.1182~1-e02e3]:Read():wave-reader.cc:304) Expected 168192 bytes of wave data, but read only 167040 bytes. Truncated file?
VLOG[2] (compute-mfcc-feats[5.5.1182~1-e02e3]:main():compute-mfcc-feats.cc:182) Processed features for key common_voice_lt_25159796
WARNING (compute-mfcc-feats[5.5.1182~1-e02e3]:Read():wave-reader.cc:304) Expected 93312 bytes of wave data, but read only 92160 bytes. Truncated file?
VLOG[2] (compute-mfcc-feats[5.5.1182~1-e02e3]:main():compute-mfcc-feats.cc:182) Processed features for key common_voice_lt_25159802
WARNING (compute-mfcc-feats[5.5.1182~1-e02e3]:Read():wave-reader.cc:304) Expected 225792 bytes of wave data, but read only 224640 bytes. Truncated file?
VLOG[2] (compute-mfcc-feats[5.5.1182~1-e02e3]:main():compute-mfcc-feats.cc:182) Processed features for key common_voice_lt_25159803
WARNING (compute-mfcc-feats[5.5.1182~1-e02e3]:Read():wave-reader.cc:304) Expected 155520 bytes of wave data, but read only 154368 bytes. Truncated file?
VLOG[2] (compute-mfcc-feats[5.5.1182~1-e02e3]:main():compute-mfcc-feats.cc:182) Processed features for key common_voice_lt_25159804
WARNING (compute-mfcc-feats[5.5.1182~1-e02e3]:Read():wave-reader.cc:304) Expected 132480 bytes of wave data, but read only 131328 bytes. Truncated file?
VLOG[2] (compute-mfcc-feats[5.5.1182~1-e02e3]:main():compute-mfcc-feats.cc:182) Processed features for key common_voice_lt_25159805
WARNING (compute-mfcc-feats[5.5.1182~1-e02e3]:Read():wave-reader.cc:304) Expected 122112 bytes of wave data, but read only 120960 bytes. Truncated file?
LOG (compute-mfcc-feats[5.5.1182~1-e02e3]:main():compute-mfcc-feats.cc:181) Processed 110 utterances
VLOG[2] (compute-mfcc-feats[5.5.1182~1-e02e3]:main():compute-mfcc-feats.cc:182) Processed features for key common_voice_lt_25159806
WARNING (compute-mfcc-feats[5.5.1182~1-e02e3]:Read():wave-reader.cc:304) Expected 149760 bytes of wave data, but read only 148608 bytes. Truncated file?
VLOG[2] (compute-mfcc-feats[5.5.1182~1-e02e3]:main():compute-mfcc-feats.cc:182) Processed features for key common_voice_lt_25159807
WARNING (compute-mfcc-feats[5.5.1182~1-e02e3]:Read():wave-reader.cc:304) Expected 149760 bytes of wave data, but read only 148608 bytes. Truncated file?
VLOG[2] (compute-mfcc-feats[5.5.1182~1-e02e3]:main():compute-mfcc-feats.cc:182) Processed features for key common_voice_lt_25159808
WARNING (compute-mfcc-feats[5.5.1182~1-e02e3]:Read():wave-reader.cc:304) Expected 109440 bytes of wave data, but read only 108288 bytes. Truncated file?
VLOG[2] (compute-mfcc-feats[5.5.1182~1-e02e3]:main():compute-mfcc-feats.cc:182) Processed features for key common_voice_lt_25159809
WARNING (compute-mfcc-feats[5.5.1182~1-e02e3]:Read():wave-reader.cc:304) Expected 185472 bytes of wave data, but read only 184320 bytes. Truncated file?
VLOG[2] (compute-mfcc-feats[5.5.1182~1-e02e3]:main():compute-mfcc-feats.cc:182) Processed features for key common_voice_lt_25159810
WARNING (compute-mfcc-feats[5.5.1182~1-e02e3]:Read():wave-reader.cc:304) Expected 115200 bytes of wave data, but read only 114048 bytes. Truncated file?
VLOG[2] (compute-mfcc-feats[5.5.1182~1-e02e3]:main():compute-mfcc-feats.cc:182) Processed features for key common_voice_lt_25159811
WARNING (compute-mfcc-feats[5.5.1182~1-e02e3]:Read():wave-reader.cc:304) Expected 149760 bytes of wave data, but read only 148608 bytes. Truncated file?
VLOG[2] (compute-mfcc-feats[5.5.1182~1-e02e3]:main():compute-mfcc-feats.cc:182) Processed features for key common_voice_lt_25159817
WARNING (compute-mfcc-feats[5.5.1182~1-e02e3]:Read():wave-reader.cc:304) Expected 185472 bytes of wave data, but read only 184320 bytes. Truncated file?
VLOG[2] (compute-mfcc-feats[5.5.1182~1-e02e3]:main():compute-mfcc-feats.cc:182) Processed features for key common_voice_lt_25159818
WARNING (compute-mfcc-feats[5.5.1182~1-e02e3]:Read():wave-reader.cc:304) Expected 104832 bytes of wave data, but read only 103680 bytes. Truncated file?
VLOG[2] (compute-mfcc-feats[5.5.1182~1-e02e3]:main():compute-mfcc-feats.cc:182) Processed features for key common_voice_lt_25159819
WARNING (compute-mfcc-feats[5.5.1182~1-e02e3]:Read():wave-reader.cc:304) Expected 122112 bytes of wave data, but read only 120960 bytes. Truncated file?
VLOG[2] (compute-mfcc-feats[5.5.1182~1-e02e3]:main():compute-mfcc-feats.cc:182) Processed features for key common_voice_lt_25159821
WARNING (compute-mfcc-feats[5.5.1182~1-e02e3]:Read():wave-reader.cc:304) Expected 195840 bytes of wave data, but read only 194688 bytes. Truncated file?
LOG (compute-mfcc-feats[5.5.1182~1-e02e3]:main():compute-mfcc-feats.cc:181) Processed 120 utterances
VLOG[2] (compute-mfcc-feats[5.5.1182~1-e02e3]:main():compute-mfcc-feats.cc:182) Processed features for key common_voice_lt_25159832
WARNING (compute-mfcc-feats[5.5.1182~1-e02e3]:Read():wave-reader.cc:304) Expected 158976 bytes of wave data, but read only 157824 bytes. Truncated file?
VLOG[2] (compute-mfcc-feats[5.5.1182~1-e02e3]:main():compute-mfcc-feats.cc:182) Processed features for key common_voice_lt_25159833
WARNING (compute-mfcc-feats[5.5.1182~1-e02e3]:Read():wave-reader.cc:304) Expected 260352 bytes of wave data, but read only 259200 bytes. Truncated file?
VLOG[2] (compute-mfcc-feats[5.5.1182~1-e02e3]:main():compute-mfcc-feats.cc:182) Processed features for key common_voice_lt_25159834
WARNING (compute-mfcc-feats[5.5.1182~1-e02e3]:Read():wave-reader.cc:304) Expected 256896 bytes of wave data, but read only 255744 bytes. Truncated file?
VLOG[2] (compute-mfcc-feats[5.5.1182~1-e02e3]:main():compute-mfcc-feats.cc:182) Processed features for key common_voice_lt_25159835
WARNING (compute-mfcc-feats[5.5.1182~1-e02e3]:Read():wave-reader.cc:304) Expected 126720 bytes of wave data, but read only 125568 bytes. Truncated file?
VLOG[2] (compute-mfcc-feats[5.5.1182~1-e02e3]:main():compute-mfcc-feats.cc:182) Processed features for key common_voice_lt_25159836
WARNING (compute-mfcc-feats[5.5.1182~1-e02e3]:Read():wave-reader.cc:304) Expected 138240 bytes of wave data, but read only 137088 bytes. Truncated file?
VLOG[2] (compute-mfcc-feats[5.5.1182~1-e02e3]:main():compute-mfcc-feats.cc:182) Processed features for key common_voice_lt_25159839
WARNING (compute-mfcc-feats[5.5.1182~1-e02e3]:Read():wave-reader.cc:304) Expected 120960 bytes of wave data, but read only 119808 bytes. Truncated file?
VLOG[2] (compute-mfcc-feats[5.5.1182~1-e02e3]:main():compute-mfcc-feats.cc:182) Processed features for key common_voice_lt_25159840
WARNING (compute-mfcc-feats[5.5.1182~1-e02e3]:Read():wave-reader.cc:304) Expected 158976 bytes of wave data, but read only 157824 bytes. Truncated file?
VLOG[2] (compute-mfcc-feats[5.5.1182~1-e02e3]:main():compute-mfcc-feats.cc:182) Processed features for key common_voice_lt_25159841
WARNING (compute-mfcc-feats[5.5.1182~1-e02e3]:Read():wave-reader.cc:304) Expected 116352 bytes of wave data, but read only 115200 bytes. Truncated file?
VLOG[2] (compute-mfcc-feats[5.5.1182~1-e02e3]:main():compute-mfcc-feats.cc:182) Processed features for key common_voice_lt_25159842
WARNING (compute-mfcc-feats[5.5.1182~1-e02e3]:Read():wave-reader.cc:304) Expected 167040 bytes of wave data, but read only 165888 bytes. Truncated file?
VLOG[2] (compute-mfcc-feats[5.5.1182~1-e02e3]:main():compute-mfcc-feats.cc:182) Processed features for key common_voice_lt_25159843
WARNING (compute-mfcc-feats[5.5.1182~1-e02e3]:Read():wave-reader.cc:304) Expected 109440 bytes of wave data, but read only 108288 bytes. Truncated file?
LOG (compute-mfcc-feats[5.5.1182~1-e02e3]:main():compute-mfcc-feats.cc:181) Processed 130 utterances
VLOG[2] (compute-mfcc-feats[5.5.1182~1-e02e3]:main():compute-mfcc-feats.cc:182) Processed features for key common_voice_lt_25159844
WARNING (compute-mfcc-feats[5.5.1182~1-e02e3]:Read():wave-reader.cc:304) Expected 207360 bytes of wave data, but read only 206208 bytes. Truncated file?
VLOG[2] (compute-mfcc-feats[5.5.1182~1-e02e3]:main():compute-mfcc-feats.cc:182) Processed features for key common_voice_lt_25159845
WARNING (compute-mfcc-feats[5.5.1182~1-e02e3]:Read():wave-reader.cc:304) Expected 182016 bytes of wave data, but read only 180864 bytes. Truncated file?
VLOG[2] (compute-mfcc-feats[5.5.1182~1-e02e3]:main():compute-mfcc-feats.cc:182) Processed features for key common_voice_lt_25159846
WARNING (compute-mfcc-feats[5.5.1182~1-e02e3]:Read():wave-reader.cc:304) Expected 208512 bytes of wave data, but read only 207360 bytes. Truncated file?
VLOG[2] (compute-mfcc-feats[5.5.1182~1-e02e3]:main():compute-mfcc-feats.cc:182) Processed features for key common_voice_lt_25159847
WARNING (compute-mfcc-feats[5.5.1182~1-e02e3]:Read():wave-reader.cc:304) Expected 170496 bytes of wave data, but read only 169344 bytes. Truncated file?
VLOG[2] (compute-mfcc-feats[5.5.1182~1-e02e3]:main():compute-mfcc-feats.cc:182) Processed features for key common_voice_lt_25159848
WARNING (compute-mfcc-feats[5.5.1182~1-e02e3]:Read():wave-reader.cc:304) Expected 92160 bytes of wave data, but read only 91008 bytes. Truncated file?
VLOG[2] (compute-mfcc-feats[5.5.1182~1-e02e3]:main():compute-mfcc-feats.cc:182) Processed features for key common_voice_lt_25159924
WARNING (compute-mfcc-feats[5.5.1182~1-e02e3]:Read():wave-reader.cc:304) Expected 153216 bytes of wave data, but read only 152064 bytes. Truncated file?
VLOG[2] (compute-mfcc-feats[5.5.1182~1-e02e3]:main():compute-mfcc-feats.cc:182) Processed features for key common_voice_lt_25159925
WARNING (compute-mfcc-feats[5.5.1182~1-e02e3]:Read():wave-reader.cc:304) Expected 127872 bytes of wave data, but read only 126720 bytes. Truncated file?
VLOG[2] (compute-mfcc-feats[5.5.1182~1-e02e3]:main():compute-mfcc-feats.cc:182) Processed features for key common_voice_lt_25159926
WARNING (compute-mfcc-feats[5.5.1182~1-e02e3]:Read():wave-reader.cc:304) Expected 190080 bytes of wave data, but read only 188928 bytes. Truncated file?
VLOG[2] (compute-mfcc-feats[5.5.1182~1-e02e3]:main():compute-mfcc-feats.cc:182) Processed features for key common_voice_lt_25159927
WARNING (compute-mfcc-feats[5.5.1182~1-e02e3]:Read():wave-reader.cc:304) Expected 104832 bytes of wave data, but read only 103680 bytes. Truncated file?
VLOG[2] (compute-mfcc-feats[5.5.1182~1-e02e3]:main():compute-mfcc-feats.cc:182) Processed features for key common_voice_lt_25159928
WARNING (compute-mfcc-feats[5.5.1182~1-e02e3]:Read():wave-reader.cc:304) Expected 133632 bytes of wave data, but read only 132480 bytes. Truncated file?
LOG (compute-mfcc-feats[5.5.1182~1-e02e3]:main():compute-mfcc-feats.cc:181) Processed 140 utterances
VLOG[2] (compute-mfcc-feats[5.5.1182~1-e02e3]:main():compute-mfcc-feats.cc:182) Processed features for key common_voice_lt_25159944
WARNING (compute-mfcc-feats[5.5.1182~1-e02e3]:Read():wave-reader.cc:304) Expected 176256 bytes of wave data, but read only 175104 bytes. Truncated file?
VLOG[2] (compute-mfcc-feats[5.5.1182~1-e02e3]:main():compute-mfcc-feats.cc:182) Processed features for key common_voice_lt_25159945
WARNING (compute-mfcc-feats[5.5.1182~1-e02e3]:Read():wave-reader.cc:304) Expected 133632 bytes of wave data, but read only 132480 bytes. Truncated file?
VLOG[2] (compute-mfcc-feats[5.5.1182~1-e02e3]:main():compute-mfcc-feats.cc:182) Processed features for key common_voice_lt_25159946
WARNING (compute-mfcc-feats[5.5.1182~1-e02e3]:Read():wave-reader.cc:304) Expected 149760 bytes of wave data, but read only 148608 bytes. Truncated file?
VLOG[2] (compute-mfcc-feats[5.5.1182~1-e02e3]:main():compute-mfcc-feats.cc:182) Processed features for key common_voice_lt_25159947
WARNING (compute-mfcc-feats[5.5.1182~1-e02e3]:Read():wave-reader.cc:304) Expected 127872 bytes of wave data, but read only 126720 bytes. Truncated file?
VLOG[2] (compute-mfcc-feats[5.5.1182~1-e02e3]:main():compute-mfcc-feats.cc:182) Processed features for key common_voice_lt_25159948
WARNING (compute-mfcc-feats[5.5.1182~1-e02e3]:Read():wave-reader.cc:304) Expected 214272 bytes of wave data, but read only 213120 bytes. Truncated file?
VLOG[2] (compute-mfcc-feats[5.5.1182~1-e02e3]:main():compute-mfcc-feats.cc:182) Processed features for key common_voice_lt_25159949
WARNING (compute-mfcc-feats[5.5.1182~1-e02e3]:Read():wave-reader.cc:304) Expected 191232 bytes of wave data, but read only 190080 bytes. Truncated file?
VLOG[2] (compute-mfcc-feats[5.5.1182~1-e02e3]:main():compute-mfcc-feats.cc:182) Processed features for key common_voice_lt_25159950
WARNING (compute-mfcc-feats[5.5.1182~1-e02e3]:Read():wave-reader.cc:304) Expected 93312 bytes of wave data, but read only 92160 bytes. Truncated file?
VLOG[2] (compute-mfcc-feats[5.5.1182~1-e02e3]:main():compute-mfcc-feats.cc:182) Processed features for key common_voice_lt_25159951
WARNING (compute-mfcc-feats[5.5.1182~1-e02e3]:Read():wave-reader.cc:304) Expected 253440 bytes of wave data, but read only 252288 bytes. Truncated file?
VLOG[2] (compute-mfcc-feats[5.5.1182~1-e02e3]:main():compute-mfcc-feats.cc:182) Processed features for key common_voice_lt_25159952
WARNING (compute-mfcc-feats[5.5.1182~1-e02e3]:Read():wave-reader.cc:304) Expected 132480 bytes of wave data, but read only 131328 bytes. Truncated file?
VLOG[2] (compute-mfcc-feats[5.5.1182~1-e02e3]:main():compute-mfcc-feats.cc:182) Processed features for key common_voice_lt_25159953
WARNING (compute-mfcc-feats[5.5.1182~1-e02e3]:Read():wave-reader.cc:304) Expected 164736 bytes of wave data, but read only 163584 bytes. Truncated file?
LOG (compute-mfcc-feats[5.5.1182~1-e02e3]:main():compute-mfcc-feats.cc:181) Processed 150 utterances
VLOG[2] (compute-mfcc-feats[5.5.1182~1-e02e3]:main():compute-mfcc-feats.cc:182) Processed features for key common_voice_lt_25159956
WARNING (compute-mfcc-feats[5.5.1182~1-e02e3]:Read():wave-reader.cc:304) Expected 138240 bytes of wave data, but read only 137088 bytes. Truncated file?
VLOG[2] (compute-mfcc-feats[5.5.1182~1-e02e3]:main():compute-mfcc-feats.cc:182) Processed features for key common_voice_lt_25159958
WARNING (compute-mfcc-feats[5.5.1182~1-e02e3]:Read():wave-reader.cc:304) Expected 164736 bytes of wave data, but read only 163584 bytes. Truncated file?
VLOG[2] (compute-mfcc-feats[5.5.1182~1-e02e3]:main():compute-mfcc-feats.cc:182) Processed features for key common_voice_lt_25159961
WARNING (compute-mfcc-feats[5.5.1182~1-e02e3]:Read():wave-reader.cc:304) Expected 193536 bytes of wave data, but read only 192384 bytes. Truncated file?
VLOG[2] (compute-mfcc-feats[5.5.1182~1-e02e3]:main():compute-mfcc-feats.cc:182) Processed features for key common_voice_lt_25159962
WARNING (compute-mfcc-feats[5.5.1182~1-e02e3]:Read():wave-reader.cc:304) Expected 124416 bytes of wave data, but read only 123264 bytes. Truncated file?
VLOG[2] (compute-mfcc-feats[5.5.1182~1-e02e3]:main():compute-mfcc-feats.cc:182) Processed features for key common_voice_lt_25159963
WARNING (compute-mfcc-feats[5.5.1182~1-e02e3]:Read():wave-reader.cc:304) Expected 107136 bytes of wave data, but read only 105984 bytes. Truncated file?
VLOG[2] (compute-mfcc-feats[5.5.1182~1-e02e3]:main():compute-mfcc-feats.cc:182) Processed features for key common_voice_lt_25159964
WARNING (compute-mfcc-feats[5.5.1182~1-e02e3]:Read():wave-reader.cc:304) Expected 158976 bytes of wave data, but read only 157824 bytes. Truncated file?
VLOG[2] (compute-mfcc-feats[5.5.1182~1-e02e3]:main():compute-mfcc-feats.cc:182) Processed features for key common_voice_lt_25159965
WARNING (compute-mfcc-feats[5.5.1182~1-e02e3]:Read():wave-reader.cc:304) Expected 162432 bytes of wave data, but read only 161280 bytes. Truncated file?
VLOG[2] (compute-mfcc-feats[5.5.1182~1-e02e3]:main():compute-mfcc-feats.cc:182) Processed features for key common_voice_lt_25159966
WARNING (compute-mfcc-feats[5.5.1182~1-e02e3]:Read():wave-reader.cc:304) Expected 127872 bytes of wave data, but read only 126720 bytes. Truncated file?
VLOG[2] (compute-mfcc-feats[5.5.1182~1-e02e3]:main():compute-mfcc-feats.cc:182) Processed features for key common_voice_lt_25159967
WARNING (compute-mfcc-feats[5.5.1182~1-e02e3]:Read():wave-reader.cc:304) Expected 147456 bytes of wave data, but read only 146304 bytes. Truncated file?
VLOG[2] (compute-mfcc-feats[5.5.1182~1-e02e3]:main():compute-mfcc-feats.cc:182) Processed features for key common_voice_lt_25159968
WARNING (compute-mfcc-feats[5.5.1182~1-e02e3]:Read():wave-reader.cc:304) Expected 147456 bytes of wave data, but read only 146304 bytes. Truncated file?
LOG (compute-mfcc-feats[5.5.1182~1-e02e3]:main():compute-mfcc-feats.cc:181) Processed 160 utterances
VLOG[2] (compute-mfcc-feats[5.5.1182~1-e02e3]:main():compute-mfcc-feats.cc:182) Processed features for key common_voice_lt_25159974
WARNING (compute-mfcc-feats[5.5.1182~1-e02e3]:Read():wave-reader.cc:304) Expected 191232 bytes of wave data, but read only 190080 bytes. Truncated file?
VLOG[2] (compute-mfcc-feats[5.5.1182~1-e02e3]:main():compute-mfcc-feats.cc:182) Processed features for key common_voice_lt_25159975
WARNING (compute-mfcc-feats[5.5.1182~1-e02e3]:Read():wave-reader.cc:304) Expected 178560 bytes of wave data, but read only 177408 bytes. Truncated file?
VLOG[2] (compute-mfcc-feats[5.5.1182~1-e02e3]:main():compute-mfcc-feats.cc:182) Processed features for key common_voice_lt_25159976
WARNING (compute-mfcc-feats[5.5.1182~1-e02e3]:Read():wave-reader.cc:304) Expected 216576 bytes of wave data, but read only 215424 bytes. Truncated file?
VLOG[2] (compute-mfcc-feats[5.5.1182~1-e02e3]:main():compute-mfcc-feats.cc:182) Processed features for key common_voice_lt_25159977
WARNING (compute-mfcc-feats[5.5.1182~1-e02e3]:Read():wave-reader.cc:304) Expected 167040 bytes of wave data, but read only 165888 bytes. Truncated file?
VLOG[2] (compute-mfcc-feats[5.5.1182~1-e02e3]:main():compute-mfcc-feats.cc:182) Processed features for key common_voice_lt_25159978
WARNING (compute-mfcc-feats[5.5.1182~1-e02e3]:Read():wave-reader.cc:304) Expected 141696 bytes of wave data, but read only 140544 bytes. Truncated file?
VLOG[2] (compute-mfcc-feats[5.5.1182~1-e02e3]:main():compute-mfcc-feats.cc:182) Processed features for key common_voice_lt_25159979
WARNING (compute-mfcc-feats[5.5.1182~1-e02e3]:Read():wave-reader.cc:304) Expected 237312 bytes of wave data, but read only 236160 bytes. Truncated file?
VLOG[2] (compute-mfcc-feats[5.5.1182~1-e02e3]:main():compute-mfcc-feats.cc:182) Processed features for key common_voice_lt_25159980
WARNING (compute-mfcc-feats[5.5.1182~1-e02e3]:Read():wave-reader.cc:304) Expected 138240 bytes of wave data, but read only 137088 bytes. Truncated file?
VLOG[2] (compute-mfcc-feats[5.5.1182~1-e02e3]:main():compute-mfcc-feats.cc:182) Processed features for key common_voice_lt_25159981
WARNING (compute-mfcc-feats[5.5.1182~1-e02e3]:Read():wave-reader.cc:304) Expected 162432 bytes of wave data, but read only 161280 bytes. Truncated file?
VLOG[2] (compute-mfcc-feats[5.5.1182~1-e02e3]:main():compute-mfcc-feats.cc:182) Processed features for key common_voice_lt_25159982
WARNING (compute-mfcc-feats[5.5.1182~1-e02e3]:Read():wave-reader.cc:304) Expected 161280 bytes of wave data, but read only 160128 bytes. Truncated file?
VLOG[2] (compute-mfcc-feats[5.5.1182~1-e02e3]:main():compute-mfcc-feats.cc:182) Processed features for key common_voice_lt_25159983
WARNING (compute-mfcc-feats[5.5.1182~1-e02e3]:Read():wave-reader.cc:304) Expected 149760 bytes of wave data, but read only 148608 bytes. Truncated file?
LOG (compute-mfcc-feats[5.5.1182~1-e02e3]:main():compute-mfcc-feats.cc:181) Processed 170 utterances
VLOG[2] (compute-mfcc-feats[5.5.1182~1-e02e3]:main():compute-mfcc-feats.cc:182) Processed features for key common_voice_lt_25159984
WARNING (compute-mfcc-feats[5.5.1182~1-e02e3]:Read():wave-reader.cc:304) Expected 135936 bytes of wave data, but read only 134784 bytes. Truncated file?
VLOG[2] (compute-mfcc-feats[5.5.1182~1-e02e3]:main():compute-mfcc-feats.cc:182) Processed features for key common_voice_lt_25159985
WARNING (compute-mfcc-feats[5.5.1182~1-e02e3]:Read():wave-reader.cc:304) Expected 138240 bytes of wave data, but read only 137088 bytes. Truncated file?
VLOG[2] (compute-mfcc-feats[5.5.1182~1-e02e3]:main():compute-mfcc-feats.cc:182) Processed features for key common_voice_lt_25159986
WARNING (compute-mfcc-feats[5.5.1182~1-e02e3]:Read():wave-reader.cc:304) Expected 172800 bytes of wave data, but read only 171648 bytes. Truncated file?
VLOG[2] (compute-mfcc-feats[5.5.1182~1-e02e3]:main():compute-mfcc-feats.cc:182) Processed features for key common_voice_lt_25159987
WARNING (compute-mfcc-feats[5.5.1182~1-e02e3]:Read():wave-reader.cc:304) Expected 92160 bytes of wave data, but read only 91008 bytes. Truncated file?
VLOG[2] (compute-mfcc-feats[5.5.1182~1-e02e3]:main():compute-mfcc-feats.cc:182) Processed features for key common_voice_lt_25159988
WARNING (compute-mfcc-feats[5.5.1182~1-e02e3]:Read():wave-reader.cc:304) Expected 109440 bytes of wave data, but read only 108288 bytes. Truncated file?
VLOG[2] (compute-mfcc-feats[5.5.1182~1-e02e3]:main():compute-mfcc-feats.cc:182) Processed features for key common_voice_lt_25159994
WARNING (compute-mfcc-feats[5.5.1182~1-e02e3]:Read():wave-reader.cc:304) Expected 179712 bytes of wave data, but read only 178560 bytes. Truncated file?
VLOG[2] (compute-mfcc-feats[5.5.1182~1-e02e3]:main():compute-mfcc-feats.cc:182) Processed features for key common_voice_lt_25159995
WARNING (compute-mfcc-feats[5.5.1182~1-e02e3]:Read():wave-reader.cc:304) Expected 107136 bytes of wave data, but read only 105984 bytes. Truncated file?
VLOG[2] (compute-mfcc-feats[5.5.1182~1-e02e3]:main():compute-mfcc-feats.cc:182) Processed features for key common_voice_lt_25159996
WARNING (compute-mfcc-feats[5.5.1182~1-e02e3]:Read():wave-reader.cc:304) Expected 107136 bytes of wave data, but read only 105984 bytes. Truncated file?
VLOG[2] (compute-mfcc-feats[5.5.1182~1-e02e3]:main():compute-mfcc-feats.cc:182) Processed features for key common_voice_lt_25159997
WARNING (compute-mfcc-feats[5.5.1182~1-e02e3]:Read():wave-reader.cc:304) Expected 172800 bytes of wave data, but read only 171648 bytes. Truncated file?
VLOG[2] (compute-mfcc-feats[5.5.1182~1-e02e3]:main():compute-mfcc-feats.cc:182) Processed features for key common_voice_lt_25159998
WARNING (compute-mfcc-feats[5.5.1182~1-e02e3]:Read():wave-reader.cc:304) Expected 216576 bytes of wave data, but read only 215424 bytes. Truncated file?
LOG (compute-mfcc-feats[5.5.1182~1-e02e3]:main():compute-mfcc-feats.cc:181) Processed 180 utterances
VLOG[2] (compute-mfcc-feats[5.5.1182~1-e02e3]:main():compute-mfcc-feats.cc:182) Processed features for key common_voice_lt_25159999
WARNING (compute-mfcc-feats[5.5.1182~1-e02e3]:Read():wave-reader.cc:304) Expected 185472 bytes of wave data, but read only 184320 bytes. Truncated file?
VLOG[2] (compute-mfcc-feats[5.5.1182~1-e02e3]:main():compute-mfcc-feats.cc:182) Processed features for key common_voice_lt_25160000
WARNING (compute-mfcc-feats[5.5.1182~1-e02e3]:Read():wave-reader.cc:304) Expected 161280 bytes of wave data, but read only 160128 bytes. Truncated file?
VLOG[2] (compute-mfcc-feats[5.5.1182~1-e02e3]:main():compute-mfcc-feats.cc:182) Processed features for key common_voice_lt_25160001
WARNING (compute-mfcc-feats[5.5.1182~1-e02e3]:Read():wave-reader.cc:304) Expected 164736 bytes of wave data, but read only 163584 bytes. Truncated file?
VLOG[2] (compute-mfcc-feats[5.5.1182~1-e02e3]:main():compute-mfcc-feats.cc:182) Processed features for key common_voice_lt_25160002
WARNING (compute-mfcc-feats[5.5.1182~1-e02e3]:Read():wave-reader.cc:304) Expected 196992 bytes of wave data, but read only 195840 bytes. Truncated file?
VLOG[2] (compute-mfcc-feats[5.5.1182~1-e02e3]:main():compute-mfcc-feats.cc:182) Processed features for key common_voice_lt_25160003
WARNING (compute-mfcc-feats[5.5.1182~1-e02e3]:Read():wave-reader.cc:304) Expected 141696 bytes of wave data, but read only 140544 bytes. Truncated file?
VLOG[2] (compute-mfcc-feats[5.5.1182~1-e02e3]:main():compute-mfcc-feats.cc:182) Processed features for key common_voice_lt_25160004
WARNING (compute-mfcc-feats[5.5.1182~1-e02e3]:Read():wave-reader.cc:304) Expected 120960 bytes of wave data, but read only 119808 bytes. Truncated file?
VLOG[2] (compute-mfcc-feats[5.5.1182~1-e02e3]:main():compute-mfcc-feats.cc:182) Processed features for key common_voice_lt_25160005
WARNING (compute-mfcc-feats[5.5.1182~1-e02e3]:Read():wave-reader.cc:304) Expected 122112 bytes of wave data, but read only 120960 bytes. Truncated file?
VLOG[2] (compute-mfcc-feats[5.5.1182~1-e02e3]:main():compute-mfcc-feats.cc:182) Processed features for key common_voice_lt_25160006
WARNING (compute-mfcc-feats[5.5.1182~1-e02e3]:Read():wave-reader.cc:304) Expected 222336 bytes of wave data, but read only 221184 bytes. Truncated file?
VLOG[2] (compute-mfcc-feats[5.5.1182~1-e02e3]:main():compute-mfcc-feats.cc:182) Processed features for key common_voice_lt_25160007
WARNING (compute-mfcc-feats[5.5.1182~1-e02e3]:Read():wave-reader.cc:304) Expected 149760 bytes of wave data, but read only 148608 bytes. Truncated file?
VLOG[2] (compute-mfcc-feats[5.5.1182~1-e02e3]:main():compute-mfcc-feats.cc:182) Processed features for key common_voice_lt_25160009
WARNING (compute-mfcc-feats[5.5.1182~1-e02e3]:Read():wave-reader.cc:304) Expected 104832 bytes of wave data, but read only 103680 bytes. Truncated file?
LOG (compute-mfcc-feats[5.5.1182~1-e02e3]:main():compute-mfcc-feats.cc:181) Processed 190 utterances
VLOG[2] (compute-mfcc-feats[5.5.1182~1-e02e3]:main():compute-mfcc-feats.cc:182) Processed features for key common_voice_lt_25160010
WARNING (compute-mfcc-feats[5.5.1182~1-e02e3]:Read():wave-reader.cc:304) Expected 199296 bytes of wave data, but read only 198144 bytes. Truncated file?
VLOG[2] (compute-mfcc-feats[5.5.1182~1-e02e3]:main():compute-mfcc-feats.cc:182) Processed features for key common_voice_lt_25160011
WARNING (compute-mfcc-feats[5.5.1182~1-e02e3]:Read():wave-reader.cc:304) Expected 205056 bytes of wave data, but read only 203904 bytes. Truncated file?
VLOG[2] (compute-mfcc-feats[5.5.1182~1-e02e3]:main():compute-mfcc-feats.cc:182) Processed features for key common_voice_lt_25160012
WARNING (compute-mfcc-feats[5.5.1182~1-e02e3]:Read():wave-reader.cc:304) Expected 135936 bytes of wave data, but read only 134784 bytes. Truncated file?
VLOG[2] (compute-mfcc-feats[5.5.1182~1-e02e3]:main():compute-mfcc-feats.cc:182) Processed features for key common_voice_lt_25160013
WARNING (compute-mfcc-feats[5.5.1182~1-e02e3]:Read():wave-reader.cc:304) Expected 124416 bytes of wave data, but read only 123264 bytes. Truncated file?
VLOG[2] (compute-mfcc-feats[5.5.1182~1-e02e3]:main():compute-mfcc-feats.cc:182) Processed features for key common_voice_lt_25160014
WARNING (compute-mfcc-feats[5.5.1182~1-e02e3]:Read():wave-reader.cc:304) Expected 164736 bytes of wave data, but read only 163584 bytes. Truncated file?
VLOG[2] (compute-mfcc-feats[5.5.1182~1-e02e3]:main():compute-mfcc-feats.cc:182) Processed features for key common_voice_lt_25160015
WARNING (compute-mfcc-feats[5.5.1182~1-e02e3]:Read():wave-reader.cc:304) Expected 115200 bytes of wave data, but read only 114048 bytes. Truncated file?
VLOG[2] (compute-mfcc-feats[5.5.1182~1-e02e3]:main():compute-mfcc-feats.cc:182) Processed features for key common_voice_lt_25160016
WARNING (compute-mfcc-feats[5.5.1182~1-e02e3]:Read():wave-reader.cc:304) Expected 141696 bytes of wave data, but read only 140544 bytes. Truncated file?
VLOG[2] (compute-mfcc-feats[5.5.1182~1-e02e3]:main():compute-mfcc-feats.cc:182) Processed features for key common_voice_lt_25160017
WARNING (compute-mfcc-feats[5.5.1182~1-e02e3]:Read():wave-reader.cc:304) Expected 167040 bytes of wave data, but read only 165888 bytes. Truncated file?
VLOG[2] (compute-mfcc-feats[5.5.1182~1-e02e3]:main():compute-mfcc-feats.cc:182) Processed features for key common_voice_lt_25160018
WARNING (compute-mfcc-feats[5.5.1182~1-e02e3]:Read():wave-reader.cc:304) Expected 141696 bytes of wave data, but read only 140544 bytes. Truncated file?
VLOG[2] (compute-mfcc-feats[5.5.1182~1-e02e3]:main():compute-mfcc-feats.cc:182) Processed features for key common_voice_lt_25160054
WARNING (compute-mfcc-feats[5.5.1182~1-e02e3]:Read():wave-reader.cc:304) Expected 130176 bytes of wave data, but read only 129024 bytes. Truncated file?
LOG (compute-mfcc-feats[5.5.1182~1-e02e3]:main():compute-mfcc-feats.cc:181) Processed 200 utterances
VLOG[2] (compute-mfcc-feats[5.5.1182~1-e02e3]:main():compute-mfcc-feats.cc:182) Processed features for key common_voice_lt_25160056
WARNING (compute-mfcc-feats[5.5.1182~1-e02e3]:Read():wave-reader.cc:304) Expected 104832 bytes of wave data, but read only 103680 bytes. Truncated file?
VLOG[2] (compute-mfcc-feats[5.5.1182~1-e02e3]:main():compute-mfcc-feats.cc:182) Processed features for key common_voice_lt_25160057
WARNING (compute-mfcc-feats[5.5.1182~1-e02e3]:Read():wave-reader.cc:304) Expected 187776 bytes of wave data, but read only 186624 bytes. Truncated file?
VLOG[2] (compute-mfcc-feats[5.5.1182~1-e02e3]:main():compute-mfcc-feats.cc:182) Processed features for key common_voice_lt_25160058
WARNING (compute-mfcc-feats[5.5.1182~1-e02e3]:Read():wave-reader.cc:304) Expected 138240 bytes of wave data, but read only 137088 bytes. Truncated file?
VLOG[2] (compute-mfcc-feats[5.5.1182~1-e02e3]:main():compute-mfcc-feats.cc:182) Processed features for key common_voice_lt_25160059
WARNING (compute-mfcc-feats[5.5.1182~1-e02e3]:Read():wave-reader.cc:304) Expected 133632 bytes of wave data, but read only 132480 bytes. Truncated file?
VLOG[2] (compute-mfcc-feats[5.5.1182~1-e02e3]:main():compute-mfcc-feats.cc:182) Processed features for key common_voice_lt_25160060
WARNING (compute-mfcc-feats[5.5.1182~1-e02e3]:Read():wave-reader.cc:304) Expected 104832 bytes of wave data, but read only 103680 bytes. Truncated file?
VLOG[2] (compute-mfcc-feats[5.5.1182~1-e02e3]:main():compute-mfcc-feats.cc:182) Processed features for key common_voice_lt_25160061
WARNING (compute-mfcc-feats[5.5.1182~1-e02e3]:Read():wave-reader.cc:304) Expected 107136 bytes of wave data, but read only 105984 bytes. Truncated file?
VLOG[2] (compute-mfcc-feats[5.5.1182~1-e02e3]:main():compute-mfcc-feats.cc:182) Processed features for key common_voice_lt_25160062
WARNING (compute-mfcc-feats[5.5.1182~1-e02e3]:Read():wave-reader.cc:304) Expected 109440 bytes of wave data, but read only 108288 bytes. Truncated file?
VLOG[2] (compute-mfcc-feats[5.5.1182~1-e02e3]:main():compute-mfcc-feats.cc:182) Processed features for key common_voice_lt_25160063
WARNING (compute-mfcc-feats[5.5.1182~1-e02e3]:Read():wave-reader.cc:304) Expected 133632 bytes of wave data, but read only 132480 bytes. Truncated file?
VLOG[2] (compute-mfcc-feats[5.5.1182~1-e02e3]:main():compute-mfcc-feats.cc:182) Processed features for key common_voice_lt_25160064
WARNING (compute-mfcc-feats[5.5.1182~1-e02e3]:Read():wave-reader.cc:304) Expected 126720 bytes of wave data, but read only 125568 bytes. Truncated file?
VLOG[2] (compute-mfcc-feats[5.5.1182~1-e02e3]:main():compute-mfcc-feats.cc:182) Processed features for key common_voice_lt_25160065
WARNING (compute-mfcc-feats[5.5.1182~1-e02e3]:Read():wave-reader.cc:304) Expected 182016 bytes of wave data, but read only 180864 bytes. Truncated file?
LOG (compute-mfcc-feats[5.5.1182~1-e02e3]:main():compute-mfcc-feats.cc:181) Processed 210 utterances
VLOG[2] (compute-mfcc-feats[5.5.1182~1-e02e3]:main():compute-mfcc-feats.cc:182) Processed features for key common_voice_lt_25160066
WARNING (compute-mfcc-feats[5.5.1182~1-e02e3]:Read():wave-reader.cc:304) Expected 141696 bytes of wave data, but read only 140544 bytes. Truncated file?
VLOG[2] (compute-mfcc-feats[5.5.1182~1-e02e3]:main():compute-mfcc-feats.cc:182) Processed features for key common_voice_lt_25160067
WARNING (compute-mfcc-feats[5.5.1182~1-e02e3]:Read():wave-reader.cc:304) Expected 149760 bytes of wave data, but read only 148608 bytes. Truncated file?
VLOG[2] (compute-mfcc-feats[5.5.1182~1-e02e3]:main():compute-mfcc-feats.cc:182) Processed features for key common_voice_lt_25160068
WARNING (compute-mfcc-feats[5.5.1182~1-e02e3]:Read():wave-reader.cc:304) Expected 126720 bytes of wave data, but read only 125568 bytes. Truncated file?
VLOG[2] (compute-mfcc-feats[5.5.1182~1-e02e3]:main():compute-mfcc-feats.cc:182) Processed features for key common_voice_lt_25160069
WARNING (compute-mfcc-feats[5.5.1182~1-e02e3]:Read():wave-reader.cc:304) Expected 167040 bytes of wave data, but read only 165888 bytes. Truncated file?
VLOG[2] (compute-mfcc-feats[5.5.1182~1-e02e3]:main():compute-mfcc-feats.cc:182) Processed features for key common_voice_lt_25160070
WARNING (compute-mfcc-feats[5.5.1182~1-e02e3]:Read():wave-reader.cc:304) Expected 103680 bytes of wave data, but read only 102528 bytes. Truncated file?
VLOG[2] (compute-mfcc-feats[5.5.1182~1-e02e3]:main():compute-mfcc-feats.cc:182) Processed features for key common_voice_lt_25160071
WARNING (compute-mfcc-feats[5.5.1182~1-e02e3]:Read():wave-reader.cc:304) Expected 144000 bytes of wave data, but read only 142848 bytes. Truncated file?
VLOG[2] (compute-mfcc-feats[5.5.1182~1-e02e3]:main():compute-mfcc-feats.cc:182) Processed features for key common_voice_lt_25160072
WARNING (compute-mfcc-feats[5.5.1182~1-e02e3]:Read():wave-reader.cc:304) Expected 161280 bytes of wave data, but read only 160128 bytes. Truncated file?
VLOG[2] (compute-mfcc-feats[5.5.1182~1-e02e3]:main():compute-mfcc-feats.cc:182) Processed features for key common_voice_lt_25160073
WARNING (compute-mfcc-feats[5.5.1182~1-e02e3]:Read():wave-reader.cc:304) Expected 150912 bytes of wave data, but read only 149760 bytes. Truncated file?
VLOG[2] (compute-mfcc-feats[5.5.1182~1-e02e3]:main():compute-mfcc-feats.cc:182) Processed features for key common_voice_lt_25160074
WARNING (compute-mfcc-feats[5.5.1182~1-e02e3]:Read():wave-reader.cc:304) Expected 107136 bytes of wave data, but read only 105984 bytes. Truncated file?
VLOG[2] (compute-mfcc-feats[5.5.1182~1-e02e3]:main():compute-mfcc-feats.cc:182) Processed features for key common_voice_lt_25160075
WARNING (compute-mfcc-feats[5.5.1182~1-e02e3]:Read():wave-reader.cc:304) Expected 179712 bytes of wave data, but read only 178560 bytes. Truncated file?
LOG (compute-mfcc-feats[5.5.1182~1-e02e3]:main():compute-mfcc-feats.cc:181) Processed 220 utterances
VLOG[2] (compute-mfcc-feats[5.5.1182~1-e02e3]:main():compute-mfcc-feats.cc:182) Processed features for key common_voice_lt_25160076
WARNING (compute-mfcc-feats[5.5.1182~1-e02e3]:Read():wave-reader.cc:304) Expected 139392 bytes of wave data, but read only 138240 bytes. Truncated file?
VLOG[2] (compute-mfcc-feats[5.5.1182~1-e02e3]:main():compute-mfcc-feats.cc:182) Processed features for key common_voice_lt_25160077
WARNING (compute-mfcc-feats[5.5.1182~1-e02e3]:Read():wave-reader.cc:304) Expected 164736 bytes of wave data, but read only 163584 bytes. Truncated file?
VLOG[2] (compute-mfcc-feats[5.5.1182~1-e02e3]:main():compute-mfcc-feats.cc:182) Processed features for key common_voice_lt_25160078
WARNING (compute-mfcc-feats[5.5.1182~1-e02e3]:Read():wave-reader.cc:304) Expected 158976 bytes of wave data, but read only 157824 bytes. Truncated file?
VLOG[2] (compute-mfcc-feats[5.5.1182~1-e02e3]:main():compute-mfcc-feats.cc:182) Processed features for key common_voice_lt_25160079
WARNING (compute-mfcc-feats[5.5.1182~1-e02e3]:Read():wave-reader.cc:304) Expected 162432 bytes of wave data, but read only 161280 bytes. Truncated file?
VLOG[2] (compute-mfcc-feats[5.5.1182~1-e02e3]:main():compute-mfcc-feats.cc:182) Processed features for key common_voice_lt_25160080
WARNING (compute-mfcc-feats[5.5.1182~1-e02e3]:Read():wave-reader.cc:304) Expected 173952 bytes of wave data, but read only 172800 bytes. Truncated file?
VLOG[2] (compute-mfcc-feats[5.5.1182~1-e02e3]:main():compute-mfcc-feats.cc:182) Processed features for key common_voice_lt_25160081
WARNING (compute-mfcc-feats[5.5.1182~1-e02e3]:Read():wave-reader.cc:304) Expected 158976 bytes of wave data, but read only 157824 bytes. Truncated file?
VLOG[2] (compute-mfcc-feats[5.5.1182~1-e02e3]:main():compute-mfcc-feats.cc:182) Processed features for key common_voice_lt_25160082
WARNING (compute-mfcc-feats[5.5.1182~1-e02e3]:Read():wave-reader.cc:304) Expected 187776 bytes of wave data, but read only 186624 bytes. Truncated file?
VLOG[2] (compute-mfcc-feats[5.5.1182~1-e02e3]:main():compute-mfcc-feats.cc:182) Processed features for key common_voice_lt_25160083
WARNING (compute-mfcc-feats[5.5.1182~1-e02e3]:Read():wave-reader.cc:304) Expected 196992 bytes of wave data, but read only 195840 bytes. Truncated file?
VLOG[2] (compute-mfcc-feats[5.5.1182~1-e02e3]:main():compute-mfcc-feats.cc:182) Processed features for key common_voice_lt_25160084
WARNING (compute-mfcc-feats[5.5.1182~1-e02e3]:Read():wave-reader.cc:304) Expected 127872 bytes of wave data, but read only 126720 bytes. Truncated file?
VLOG[2] (compute-mfcc-feats[5.5.1182~1-e02e3]:main():compute-mfcc-feats.cc:182) Processed features for key common_voice_lt_25160085
WARNING (compute-mfcc-feats[5.5.1182~1-e02e3]:Read():wave-reader.cc:304) Expected 191232 bytes of wave data, but read only 190080 bytes. Truncated file?
LOG (compute-mfcc-feats[5.5.1182~1-e02e3]:main():compute-mfcc-feats.cc:181) Processed 230 utterances
VLOG[2] (compute-mfcc-feats[5.5.1182~1-e02e3]:main():compute-mfcc-feats.cc:182) Processed features for key common_voice_lt_25160086
WARNING (compute-mfcc-feats[5.5.1182~1-e02e3]:Read():wave-reader.cc:304) Expected 144000 bytes of wave data, but read only 142848 bytes. Truncated file?
VLOG[2] (compute-mfcc-feats[5.5.1182~1-e02e3]:main():compute-mfcc-feats.cc:182) Processed features for key common_voice_lt_25160087
WARNING (compute-mfcc-feats[5.5.1182~1-e02e3]:Read():wave-reader.cc:304) Expected 107136 bytes of wave data, but read only 105984 bytes. Truncated file?
VLOG[2] (compute-mfcc-feats[5.5.1182~1-e02e3]:main():compute-mfcc-feats.cc:182) Processed features for key common_voice_lt_25160088
WARNING (compute-mfcc-feats[5.5.1182~1-e02e3]:Read():wave-reader.cc:304) Expected 196992 bytes of wave data, but read only 195840 bytes. Truncated file?
VLOG[2] (compute-mfcc-feats[5.5.1182~1-e02e3]:main():compute-mfcc-feats.cc:182) Processed features for key common_voice_lt_25160089
WARNING (compute-mfcc-feats[5.5.1182~1-e02e3]:Read():wave-reader.cc:304) Expected 116352 bytes of wave data, but read only 115200 bytes. Truncated file?
VLOG[2] (compute-mfcc-feats[5.5.1182~1-e02e3]:main():compute-mfcc-feats.cc:182) Processed features for key common_voice_lt_25160090
WARNING (compute-mfcc-feats[5.5.1182~1-e02e3]:Read():wave-reader.cc:304) Expected 112896 bytes of wave data, but read only 111744 bytes. Truncated file?
VLOG[2] (compute-mfcc-feats[5.5.1182~1-e02e3]:main():compute-mfcc-feats.cc:182) Processed features for key common_voice_lt_25160091
WARNING (compute-mfcc-feats[5.5.1182~1-e02e3]:Read():wave-reader.cc:304) Expected 132480 bytes of wave data, but read only 131328 bytes. Truncated file?
VLOG[2] (compute-mfcc-feats[5.5.1182~1-e02e3]:main():compute-mfcc-feats.cc:182) Processed features for key common_voice_lt_25160092
WARNING (compute-mfcc-feats[5.5.1182~1-e02e3]:Read():wave-reader.cc:304) Expected 118656 bytes of wave data, but read only 117504 bytes. Truncated file?
VLOG[2] (compute-mfcc-feats[5.5.1182~1-e02e3]:main():compute-mfcc-feats.cc:182) Processed features for key common_voice_lt_25160093
WARNING (compute-mfcc-feats[5.5.1182~1-e02e3]:Read():wave-reader.cc:304) Expected 141696 bytes of wave data, but read only 140544 bytes. Truncated file?
VLOG[2] (compute-mfcc-feats[5.5.1182~1-e02e3]:main():compute-mfcc-feats.cc:182) Processed features for key common_voice_lt_25160094
WARNING (compute-mfcc-feats[5.5.1182~1-e02e3]:Read():wave-reader.cc:304) Expected 127872 bytes of wave data, but read only 126720 bytes. Truncated file?
VLOG[2] (compute-mfcc-feats[5.5.1182~1-e02e3]:main():compute-mfcc-feats.cc:182) Processed features for key common_voice_lt_25160095
WARNING (compute-mfcc-feats[5.5.1182~1-e02e3]:Read():wave-reader.cc:304) Expected 149760 bytes of wave data, but read only 148608 bytes. Truncated file?
LOG (compute-mfcc-feats[5.5.1182~1-e02e3]:main():compute-mfcc-feats.cc:181) Processed 240 utterances
VLOG[2] (compute-mfcc-feats[5.5.1182~1-e02e3]:main():compute-mfcc-feats.cc:182) Processed features for key common_voice_lt_25160096
WARNING (compute-mfcc-feats[5.5.1182~1-e02e3]:Read():wave-reader.cc:304) Expected 112896 bytes of wave data, but read only 111744 bytes. Truncated file?
VLOG[2] (compute-mfcc-feats[5.5.1182~1-e02e3]:main():compute-mfcc-feats.cc:182) Processed features for key common_voice_lt_25160097
WARNING (compute-mfcc-feats[5.5.1182~1-e02e3]:Read():wave-reader.cc:304) Expected 118656 bytes of wave data, but read only 117504 bytes. Truncated file?
VLOG[2] (compute-mfcc-feats[5.5.1182~1-e02e3]:main():compute-mfcc-feats.cc:182) Processed features for key common_voice_lt_25160098
WARNING (compute-mfcc-feats[5.5.1182~1-e02e3]:Read():wave-reader.cc:304) Expected 93312 bytes of wave data, but read only 92160 bytes. Truncated file?
VLOG[2] (compute-mfcc-feats[5.5.1182~1-e02e3]:main():compute-mfcc-feats.cc:182) Processed features for key common_voice_lt_25160099
WARNING (compute-mfcc-feats[5.5.1182~1-e02e3]:Read():wave-reader.cc:304) Expected 158976 bytes of wave data, but read only 157824 bytes. Truncated file?
VLOG[2] (compute-mfcc-feats[5.5.1182~1-e02e3]:main():compute-mfcc-feats.cc:182) Processed features for key common_voice_lt_25160100
WARNING (compute-mfcc-feats[5.5.1182~1-e02e3]:Read():wave-reader.cc:304) Expected 161280 bytes of wave data, but read only 160128 bytes. Truncated file?
VLOG[2] (compute-mfcc-feats[5.5.1182~1-e02e3]:main():compute-mfcc-feats.cc:182) Processed features for key common_voice_lt_25160101
WARNING (compute-mfcc-feats[5.5.1182~1-e02e3]:Read():wave-reader.cc:304) Expected 147456 bytes of wave data, but read only 146304 bytes. Truncated file?
VLOG[2] (compute-mfcc-feats[5.5.1182~1-e02e3]:main():compute-mfcc-feats.cc:182) Processed features for key common_voice_lt_25160102
WARNING (compute-mfcc-feats[5.5.1182~1-e02e3]:Read():wave-reader.cc:304) Expected 150912 bytes of wave data, but read only 149760 bytes. Truncated file?
VLOG[2] (compute-mfcc-feats[5.5.1182~1-e02e3]:main():compute-mfcc-feats.cc:182) Processed features for key common_voice_lt_25160103
WARNING (compute-mfcc-feats[5.5.1182~1-e02e3]:Read():wave-reader.cc:304) Expected 156672 bytes of wave data, but read only 155520 bytes. Truncated file?
VLOG[2] (compute-mfcc-feats[5.5.1182~1-e02e3]:main():compute-mfcc-feats.cc:182) Processed features for key common_voice_lt_25160104
WARNING (compute-mfcc-feats[5.5.1182~1-e02e3]:Read():wave-reader.cc:304) Expected 112896 bytes of wave data, but read only 111744 bytes. Truncated file?
VLOG[2] (compute-mfcc-feats[5.5.1182~1-e02e3]:main():compute-mfcc-feats.cc:182) Processed features for key common_voice_lt_25160105
WARNING (compute-mfcc-feats[5.5.1182~1-e02e3]:Read():wave-reader.cc:304) Expected 205056 bytes of wave data, but read only 203904 bytes. Truncated file?
LOG (compute-mfcc-feats[5.5.1182~1-e02e3]:main():compute-mfcc-feats.cc:181) Processed 250 utterances
VLOG[2] (compute-mfcc-feats[5.5.1182~1-e02e3]:main():compute-mfcc-feats.cc:182) Processed features for key common_voice_lt_25160106
WARNING (compute-mfcc-feats[5.5.1182~1-e02e3]:Read():wave-reader.cc:304) Expected 147456 bytes of wave data, but read only 146304 bytes. Truncated file?
VLOG[2] (compute-mfcc-feats[5.5.1182~1-e02e3]:main():compute-mfcc-feats.cc:182) Processed features for key common_voice_lt_25160107
WARNING (compute-mfcc-feats[5.5.1182~1-e02e3]:Read():wave-reader.cc:304) Expected 104832 bytes of wave data, but read only 103680 bytes. Truncated file?
VLOG[2] (compute-mfcc-feats[5.5.1182~1-e02e3]:main():compute-mfcc-feats.cc:182) Processed features for key common_voice_lt_25160108
WARNING (compute-mfcc-feats[5.5.1182~1-e02e3]:Read():wave-reader.cc:304) Expected 124416 bytes of wave data, but read only 123264 bytes. Truncated file?
VLOG[2] (compute-mfcc-feats[5.5.1182~1-e02e3]:main():compute-mfcc-feats.cc:182) Processed features for key common_voice_lt_25160209
WARNING (compute-mfcc-feats[5.5.1182~1-e02e3]:Read():wave-reader.cc:304) Expected 137088 bytes of wave data, but read only 135936 bytes. Truncated file?
VLOG[2] (compute-mfcc-feats[5.5.1182~1-e02e3]:main():compute-mfcc-feats.cc:182) Processed features for key common_voice_lt_25160210
WARNING (compute-mfcc-feats[5.5.1182~1-e02e3]:Read():wave-reader.cc:304) Expected 154368 bytes of wave data, but read only 153216 bytes. Truncated file?
VLOG[2] (compute-mfcc-feats[5.5.1182~1-e02e3]:main():compute-mfcc-feats.cc:182) Processed features for key common_voice_lt_25160211
WARNING (compute-mfcc-feats[5.5.1182~1-e02e3]:Read():wave-reader.cc:304) Expected 167040 bytes of wave data, but read only 165888 bytes. Truncated file?
VLOG[2] (compute-mfcc-feats[5.5.1182~1-e02e3]:main():compute-mfcc-feats.cc:182) Processed features for key common_voice_lt_25160212
WARNING (compute-mfcc-feats[5.5.1182~1-e02e3]:Read():wave-reader.cc:304) Expected 112896 bytes of wave data, but read only 111744 bytes. Truncated file?
VLOG[2] (compute-mfcc-feats[5.5.1182~1-e02e3]:main():compute-mfcc-feats.cc:182) Processed features for key common_voice_lt_25160213
WARNING (compute-mfcc-feats[5.5.1182~1-e02e3]:Read():wave-reader.cc:304) Expected 239616 bytes of wave data, but read only 238464 bytes. Truncated file?
VLOG[2] (compute-mfcc-feats[5.5.1182~1-e02e3]:main():compute-mfcc-feats.cc:182) Processed features for key common_voice_lt_25160229
WARNING (compute-mfcc-feats[5.5.1182~1-e02e3]:Read():wave-reader.cc:304) Expected 177408 bytes of wave data, but read only 176256 bytes. Truncated file?
VLOG[2] (compute-mfcc-feats[5.5.1182~1-e02e3]:main():compute-mfcc-feats.cc:182) Processed features for key common_voice_lt_25160230
WARNING (compute-mfcc-feats[5.5.1182~1-e02e3]:Read():wave-reader.cc:304) Expected 167040 bytes of wave data, but read only 165888 bytes. Truncated file?
LOG (compute-mfcc-feats[5.5.1182~1-e02e3]:main():compute-mfcc-feats.cc:181) Processed 260 utterances
VLOG[2] (compute-mfcc-feats[5.5.1182~1-e02e3]:main():compute-mfcc-feats.cc:182) Processed features for key common_voice_lt_25160231
WARNING (compute-mfcc-feats[5.5.1182~1-e02e3]:Read():wave-reader.cc:304) Expected 175104 bytes of wave data, but read only 173952 bytes. Truncated file?
VLOG[2] (compute-mfcc-feats[5.5.1182~1-e02e3]:main():compute-mfcc-feats.cc:182) Processed features for key common_voice_lt_25160232
WARNING (compute-mfcc-feats[5.5.1182~1-e02e3]:Read():wave-reader.cc:304) Expected 109440 bytes of wave data, but read only 108288 bytes. Truncated file?
VLOG[2] (compute-mfcc-feats[5.5.1182~1-e02e3]:main():compute-mfcc-feats.cc:182) Processed features for key common_voice_lt_25160233
WARNING (compute-mfcc-feats[5.5.1182~1-e02e3]:Read():wave-reader.cc:304) Expected 114048 bytes of wave data, but read only 112896 bytes. Truncated file?
VLOG[2] (compute-mfcc-feats[5.5.1182~1-e02e3]:main():compute-mfcc-feats.cc:182) Processed features for key common_voice_lt_25160244
WARNING (compute-mfcc-feats[5.5.1182~1-e02e3]:Read():wave-reader.cc:304) Expected 149760 bytes of wave data, but read only 148608 bytes. Truncated file?
VLOG[2] (compute-mfcc-feats[5.5.1182~1-e02e3]:main():compute-mfcc-feats.cc:182) Processed features for key common_voice_lt_25160245
WARNING (compute-mfcc-feats[5.5.1182~1-e02e3]:Read():wave-reader.cc:304) Expected 175104 bytes of wave data, but read only 173952 bytes. Truncated file?
VLOG[2] (compute-mfcc-feats[5.5.1182~1-e02e3]:main():compute-mfcc-feats.cc:182) Processed features for key common_voice_lt_25160246
WARNING (compute-mfcc-feats[5.5.1182~1-e02e3]:Read():wave-reader.cc:304) Expected 158976 bytes of wave data, but read only 157824 bytes. Truncated file?
VLOG[2] (compute-mfcc-feats[5.5.1182~1-e02e3]:main():compute-mfcc-feats.cc:182) Processed features for key common_voice_lt_25160247
WARNING (compute-mfcc-feats[5.5.1182~1-e02e3]:Read():wave-reader.cc:304) Expected 140544 bytes of wave data, but read only 139392 bytes. Truncated file?
VLOG[2] (compute-mfcc-feats[5.5.1182~1-e02e3]:main():compute-mfcc-feats.cc:182) Processed features for key common_voice_lt_25160248
WARNING (compute-mfcc-feats[5.5.1182~1-e02e3]:Read():wave-reader.cc:304) Expected 165888 bytes of wave data, but read only 164736 bytes. Truncated file?
VLOG[2] (compute-mfcc-feats[5.5.1182~1-e02e3]:main():compute-mfcc-feats.cc:182) Processed features for key common_voice_lt_25160264
WARNING (compute-mfcc-feats[5.5.1182~1-e02e3]:Read():wave-reader.cc:304) Expected 130176 bytes of wave data, but read only 129024 bytes. Truncated file?
VLOG[2] (compute-mfcc-feats[5.5.1182~1-e02e3]:main():compute-mfcc-feats.cc:182) Processed features for key common_voice_lt_25160265
WARNING (compute-mfcc-feats[5.5.1182~1-e02e3]:Read():wave-reader.cc:304) Expected 124416 bytes of wave data, but read only 123264 bytes. Truncated file?
LOG (compute-mfcc-feats[5.5.1182~1-e02e3]:main():compute-mfcc-feats.cc:181) Processed 270 utterances
VLOG[2] (compute-mfcc-feats[5.5.1182~1-e02e3]:main():compute-mfcc-feats.cc:182) Processed features for key common_voice_lt_25160266
WARNING (compute-mfcc-feats[5.5.1182~1-e02e3]:Read():wave-reader.cc:304) Expected 180864 bytes of wave data, but read only 179712 bytes. Truncated file?
VLOG[2] (compute-mfcc-feats[5.5.1182~1-e02e3]:main():compute-mfcc-feats.cc:182) Processed features for key common_voice_lt_25160267
WARNING (compute-mfcc-feats[5.5.1182~1-e02e3]:Read():wave-reader.cc:304) Expected 163584 bytes of wave data, but read only 162432 bytes. Truncated file?
VLOG[2] (compute-mfcc-feats[5.5.1182~1-e02e3]:main():compute-mfcc-feats.cc:182) Processed features for key common_voice_lt_25160279
WARNING (compute-mfcc-feats[5.5.1182~1-e02e3]:Read():wave-reader.cc:304) Expected 148608 bytes of wave data, but read only 147456 bytes. Truncated file?
VLOG[2] (compute-mfcc-feats[5.5.1182~1-e02e3]:main():compute-mfcc-feats.cc:182) Processed features for key common_voice_lt_25160280
WARNING (compute-mfcc-feats[5.5.1182~1-e02e3]:Read():wave-reader.cc:304) Expected 131328 bytes of wave data, but read only 130176 bytes. Truncated file?
VLOG[2] (compute-mfcc-feats[5.5.1182~1-e02e3]:main():compute-mfcc-feats.cc:182) Processed features for key common_voice_lt_25160281
WARNING (compute-mfcc-feats[5.5.1182~1-e02e3]:Read():wave-reader.cc:304) Expected 132480 bytes of wave data, but read only 131328 bytes. Truncated file?
VLOG[2] (compute-mfcc-feats[5.5.1182~1-e02e3]:main():compute-mfcc-feats.cc:182) Processed features for key common_voice_lt_25160282
WARNING (compute-mfcc-feats[5.5.1182~1-e02e3]:Read():wave-reader.cc:304) Expected 306432 bytes of wave data, but read only 305280 bytes. Truncated file?
VLOG[2] (compute-mfcc-feats[5.5.1182~1-e02e3]:main():compute-mfcc-feats.cc:182) Processed features for key common_voice_lt_25160283
WARNING (compute-mfcc-feats[5.5.1182~1-e02e3]:Read():wave-reader.cc:304) Expected 89856 bytes of wave data, but read only 88704 bytes. Truncated file?
VLOG[2] (compute-mfcc-feats[5.5.1182~1-e02e3]:main():compute-mfcc-feats.cc:182) Processed features for key common_voice_lt_25160284
WARNING (compute-mfcc-feats[5.5.1182~1-e02e3]:Read():wave-reader.cc:304) Expected 129024 bytes of wave data, but read only 127872 bytes. Truncated file?
VLOG[2] (compute-mfcc-feats[5.5.1182~1-e02e3]:main():compute-mfcc-feats.cc:182) Processed features for key common_voice_lt_25160286
WARNING (compute-mfcc-feats[5.5.1182~1-e02e3]:Read():wave-reader.cc:304) Expected 208512 bytes of wave data, but read only 207360 bytes. Truncated file?
VLOG[2] (compute-mfcc-feats[5.5.1182~1-e02e3]:main():compute-mfcc-feats.cc:182) Processed features for key common_voice_lt_25160287
WARNING (compute-mfcc-feats[5.5.1182~1-e02e3]:Read():wave-reader.cc:304) Expected 188928 bytes of wave data, but read only 187776 bytes. Truncated file?
LOG (compute-mfcc-feats[5.5.1182~1-e02e3]:main():compute-mfcc-feats.cc:181) Processed 280 utterances
VLOG[2] (compute-mfcc-feats[5.5.1182~1-e02e3]:main():compute-mfcc-feats.cc:182) Processed features for key common_voice_lt_25160288
WARNING (compute-mfcc-feats[5.5.1182~1-e02e3]:Read():wave-reader.cc:304) Expected 180864 bytes of wave data, but read only 179712 bytes. Truncated file?
VLOG[2] (compute-mfcc-feats[5.5.1182~1-e02e3]:main():compute-mfcc-feats.cc:182) Processed features for key common_voice_lt_25160304
WARNING (compute-mfcc-feats[5.5.1182~1-e02e3]:Read():wave-reader.cc:304) Expected 107136 bytes of wave data, but read only 105984 bytes. Truncated file?
VLOG[2] (compute-mfcc-feats[5.5.1182~1-e02e3]:main():compute-mfcc-feats.cc:182) Processed features for key common_voice_lt_25160305
WARNING (compute-mfcc-feats[5.5.1182~1-e02e3]:Read():wave-reader.cc:304) Expected 130176 bytes of wave data, but read only 129024 bytes. Truncated file?
VLOG[2] (compute-mfcc-feats[5.5.1182~1-e02e3]:main():compute-mfcc-feats.cc:182) Processed features for key common_voice_lt_25160306
WARNING (compute-mfcc-feats[5.5.1182~1-e02e3]:Read():wave-reader.cc:304) Expected 274176 bytes of wave data, but read only 273024 bytes. Truncated file?
VLOG[2] (compute-mfcc-feats[5.5.1182~1-e02e3]:main():compute-mfcc-feats.cc:182) Processed features for key common_voice_lt_25160307
WARNING (compute-mfcc-feats[5.5.1182~1-e02e3]:Read():wave-reader.cc:304) Expected 231552 bytes of wave data, but read only 230400 bytes. Truncated file?
VLOG[2] (compute-mfcc-feats[5.5.1182~1-e02e3]:main():compute-mfcc-feats.cc:182) Processed features for key common_voice_lt_25160308
WARNING (compute-mfcc-feats[5.5.1182~1-e02e3]:Read():wave-reader.cc:304) Expected 173952 bytes of wave data, but read only 172800 bytes. Truncated file?
VLOG[2] (compute-mfcc-feats[5.5.1182~1-e02e3]:main():compute-mfcc-feats.cc:182) Processed features for key common_voice_lt_25160332
WARNING (compute-mfcc-feats[5.5.1182~1-e02e3]:Read():wave-reader.cc:304) Expected 116352 bytes of wave data, but read only 115200 bytes. Truncated file?
VLOG[2] (compute-mfcc-feats[5.5.1182~1-e02e3]:main():compute-mfcc-feats.cc:182) Processed features for key common_voice_lt_25160333
WARNING (compute-mfcc-feats[5.5.1182~1-e02e3]:Read():wave-reader.cc:304) Expected 120960 bytes of wave data, but read only 119808 bytes. Truncated file?
VLOG[2] (compute-mfcc-feats[5.5.1182~1-e02e3]:main():compute-mfcc-feats.cc:182) Processed features for key common_voice_lt_25160334
WARNING (compute-mfcc-feats[5.5.1182~1-e02e3]:Read():wave-reader.cc:304) Expected 141696 bytes of wave data, but read only 140544 bytes. Truncated file?
VLOG[2] (compute-mfcc-feats[5.5.1182~1-e02e3]:main():compute-mfcc-feats.cc:182) Processed features for key common_voice_lt_25160335
WARNING (compute-mfcc-feats[5.5.1182~1-e02e3]:Read():wave-reader.cc:304) Expected 167040 bytes of wave data, but read only 165888 bytes. Truncated file?
LOG (compute-mfcc-feats[5.5.1182~1-e02e3]:main():compute-mfcc-feats.cc:181) Processed 290 utterances
VLOG[2] (compute-mfcc-feats[5.5.1182~1-e02e3]:main():compute-mfcc-feats.cc:182) Processed features for key common_voice_lt_25160336
WARNING (compute-mfcc-feats[5.5.1182~1-e02e3]:Read():wave-reader.cc:304) Expected 130176 bytes of wave data, but read only 129024 bytes. Truncated file?
VLOG[2] (compute-mfcc-feats[5.5.1182~1-e02e3]:main():compute-mfcc-feats.cc:182) Processed features for key common_voice_lt_25160337
WARNING (compute-mfcc-feats[5.5.1182~1-e02e3]:Read():wave-reader.cc:304) Expected 147456 bytes of wave data, but read only 146304 bytes. Truncated file?
VLOG[2] (compute-mfcc-feats[5.5.1182~1-e02e3]:main():compute-mfcc-feats.cc:182) Processed features for key common_voice_lt_25160338
WARNING (compute-mfcc-feats[5.5.1182~1-e02e3]:Read():wave-reader.cc:304) Expected 158976 bytes of wave data, but read only 157824 bytes. Truncated file?
VLOG[2] (compute-mfcc-feats[5.5.1182~1-e02e3]:main():compute-mfcc-feats.cc:182) Processed features for key common_voice_lt_25160339
WARNING (compute-mfcc-feats[5.5.1182~1-e02e3]:Read():wave-reader.cc:304) Expected 99072 bytes of wave data, but read only 97920 bytes. Truncated file?
VLOG[2] (compute-mfcc-feats[5.5.1182~1-e02e3]:main():compute-mfcc-feats.cc:182) Processed features for key common_voice_lt_25160340
WARNING (compute-mfcc-feats[5.5.1182~1-e02e3]:Read():wave-reader.cc:304) Expected 161280 bytes of wave data, but read only 160128 bytes. Truncated file?
VLOG[2] (compute-mfcc-feats[5.5.1182~1-e02e3]:main():compute-mfcc-feats.cc:182) Processed features for key common_voice_lt_25160341
WARNING (compute-mfcc-feats[5.5.1182~1-e02e3]:Read():wave-reader.cc:304) Expected 231552 bytes of wave data, but read only 230400 bytes. Truncated file?
VLOG[2] (compute-mfcc-feats[5.5.1182~1-e02e3]:main():compute-mfcc-feats.cc:182) Processed features for key common_voice_lt_25160342
WARNING (compute-mfcc-feats[5.5.1182~1-e02e3]:Read():wave-reader.cc:304) Expected 190080 bytes of wave data, but read only 188928 bytes. Truncated file?
VLOG[2] (compute-mfcc-feats[5.5.1182~1-e02e3]:main():compute-mfcc-feats.cc:182) Processed features for key common_voice_lt_25160343
WARNING (compute-mfcc-feats[5.5.1182~1-e02e3]:Read():wave-reader.cc:304) Expected 110592 bytes of wave data, but read only 109440 bytes. Truncated file?
VLOG[2] (compute-mfcc-feats[5.5.1182~1-e02e3]:main():compute-mfcc-feats.cc:182) Processed features for key common_voice_lt_25160344
WARNING (compute-mfcc-feats[5.5.1182~1-e02e3]:Read():wave-reader.cc:304) Expected 124416 bytes of wave data, but read only 123264 bytes. Truncated file?
VLOG[2] (compute-mfcc-feats[5.5.1182~1-e02e3]:main():compute-mfcc-feats.cc:182) Processed features for key common_voice_lt_25160345
WARNING (compute-mfcc-feats[5.5.1182~1-e02e3]:Read():wave-reader.cc:304) Expected 116352 bytes of wave data, but read only 115200 bytes. Truncated file?
LOG (compute-mfcc-feats[5.5.1182~1-e02e3]:main():compute-mfcc-feats.cc:181) Processed 300 utterances
VLOG[2] (compute-mfcc-feats[5.5.1182~1-e02e3]:main():compute-mfcc-feats.cc:182) Processed features for key common_voice_lt_25160346
WARNING (compute-mfcc-feats[5.5.1182~1-e02e3]:Read():wave-reader.cc:304) Expected 103680 bytes of wave data, but read only 102528 bytes. Truncated file?
VLOG[2] (compute-mfcc-feats[5.5.1182~1-e02e3]:main():compute-mfcc-feats.cc:182) Processed features for key common_voice_lt_25160352
WARNING (compute-mfcc-feats[5.5.1182~1-e02e3]:Read():wave-reader.cc:304) Expected 179712 bytes of wave data, but read only 178560 bytes. Truncated file?
VLOG[2] (compute-mfcc-feats[5.5.1182~1-e02e3]:main():compute-mfcc-feats.cc:182) Processed features for key common_voice_lt_25160353
WARNING (compute-mfcc-feats[5.5.1182~1-e02e3]:Read():wave-reader.cc:304) Expected 138240 bytes of wave data, but read only 137088 bytes. Truncated file?
VLOG[2] (compute-mfcc-feats[5.5.1182~1-e02e3]:main():compute-mfcc-feats.cc:182) Processed features for key common_voice_lt_25160354
WARNING (compute-mfcc-feats[5.5.1182~1-e02e3]:Read():wave-reader.cc:304) Expected 161280 bytes of wave data, but read only 160128 bytes. Truncated file?
VLOG[2] (compute-mfcc-feats[5.5.1182~1-e02e3]:main():compute-mfcc-feats.cc:182) Processed features for key common_voice_lt_25160355
WARNING (compute-mfcc-feats[5.5.1182~1-e02e3]:Read():wave-reader.cc:304) Expected 126720 bytes of wave data, but read only 125568 bytes. Truncated file?
VLOG[2] (compute-mfcc-feats[5.5.1182~1-e02e3]:main():compute-mfcc-feats.cc:182) Processed features for key common_voice_lt_25160356
WARNING (compute-mfcc-feats[5.5.1182~1-e02e3]:Read():wave-reader.cc:304) Expected 107136 bytes of wave data, but read only 105984 bytes. Truncated file?
VLOG[2] (compute-mfcc-feats[5.5.1182~1-e02e3]:main():compute-mfcc-feats.cc:182) Processed features for key common_voice_lt_25160362
WARNING (compute-mfcc-feats[5.5.1182~1-e02e3]:Read():wave-reader.cc:304) Expected 101376 bytes of wave data, but read only 100224 bytes. Truncated file?
VLOG[2] (compute-mfcc-feats[5.5.1182~1-e02e3]:main():compute-mfcc-feats.cc:182) Processed features for key common_voice_lt_25160363
WARNING (compute-mfcc-feats[5.5.1182~1-e02e3]:Read():wave-reader.cc:304) Expected 178560 bytes of wave data, but read only 177408 bytes. Truncated file?
VLOG[2] (compute-mfcc-feats[5.5.1182~1-e02e3]:main():compute-mfcc-feats.cc:182) Processed features for key common_voice_lt_25160364
WARNING (compute-mfcc-feats[5.5.1182~1-e02e3]:Read():wave-reader.cc:304) Expected 144000 bytes of wave data, but read only 142848 bytes. Truncated file?
VLOG[2] (compute-mfcc-feats[5.5.1182~1-e02e3]:main():compute-mfcc-feats.cc:182) Processed features for key common_voice_lt_25160365
WARNING (compute-mfcc-feats[5.5.1182~1-e02e3]:Read():wave-reader.cc:304) Expected 279936 bytes of wave data, but read only 278784 bytes. Truncated file?
LOG (compute-mfcc-feats[5.5.1182~1-e02e3]:main():compute-mfcc-feats.cc:181) Processed 310 utterances
VLOG[2] (compute-mfcc-feats[5.5.1182~1-e02e3]:main():compute-mfcc-feats.cc:182) Processed features for key common_voice_lt_25160366
WARNING (compute-mfcc-feats[5.5.1182~1-e02e3]:Read():wave-reader.cc:304) Expected 216576 bytes of wave data, but read only 215424 bytes. Truncated file?
VLOG[2] (compute-mfcc-feats[5.5.1182~1-e02e3]:main():compute-mfcc-feats.cc:182) Processed features for key common_voice_lt_25160367
WARNING (compute-mfcc-feats[5.5.1182~1-e02e3]:Read():wave-reader.cc:304) Expected 205056 bytes of wave data, but read only 203904 bytes. Truncated file?
VLOG[2] (compute-mfcc-feats[5.5.1182~1-e02e3]:main():compute-mfcc-feats.cc:182) Processed features for key common_voice_lt_25160368
WARNING (compute-mfcc-feats[5.5.1182~1-e02e3]:Read():wave-reader.cc:304) Expected 101376 bytes of wave data, but read only 100224 bytes. Truncated file?
VLOG[2] (compute-mfcc-feats[5.5.1182~1-e02e3]:main():compute-mfcc-feats.cc:182) Processed features for key common_voice_lt_25160369
WARNING (compute-mfcc-feats[5.5.1182~1-e02e3]:Read():wave-reader.cc:304) Expected 173952 bytes of wave data, but read only 172800 bytes. Truncated file?
VLOG[2] (compute-mfcc-feats[5.5.1182~1-e02e3]:main():compute-mfcc-feats.cc:182) Processed features for key common_voice_lt_25160370
WARNING (compute-mfcc-feats[5.5.1182~1-e02e3]:Read():wave-reader.cc:304) Expected 158976 bytes of wave data, but read only 157824 bytes. Truncated file?
VLOG[2] (compute-mfcc-feats[5.5.1182~1-e02e3]:main():compute-mfcc-feats.cc:182) Processed features for key common_voice_lt_25160371
WARNING (compute-mfcc-feats[5.5.1182~1-e02e3]:Read():wave-reader.cc:304) Expected 248832 bytes of wave data, but read only 247680 bytes. Truncated file?
VLOG[2] (compute-mfcc-feats[5.5.1182~1-e02e3]:main():compute-mfcc-feats.cc:182) Processed features for key common_voice_lt_25160377
WARNING (compute-mfcc-feats[5.5.1182~1-e02e3]:Read():wave-reader.cc:304) Expected 239616 bytes of wave data, but read only 238464 bytes. Truncated file?
VLOG[2] (compute-mfcc-feats[5.5.1182~1-e02e3]:main():compute-mfcc-feats.cc:182) Processed features for key common_voice_lt_25160378
WARNING (compute-mfcc-feats[5.5.1182~1-e02e3]:Read():wave-reader.cc:304) Expected 120960 bytes of wave data, but read only 119808 bytes. Truncated file?
VLOG[2] (compute-mfcc-feats[5.5.1182~1-e02e3]:main():compute-mfcc-feats.cc:182) Processed features for key common_voice_lt_25160379
WARNING (compute-mfcc-feats[5.5.1182~1-e02e3]:Read():wave-reader.cc:304) Expected 224640 bytes of wave data, but read only 223488 bytes. Truncated file?
VLOG[2] (compute-mfcc-feats[5.5.1182~1-e02e3]:main():compute-mfcc-feats.cc:182) Processed features for key common_voice_lt_25160380
WARNING (compute-mfcc-feats[5.5.1182~1-e02e3]:Read():wave-reader.cc:304) Expected 156672 bytes of wave data, but read only 155520 bytes. Truncated file?
LOG (compute-mfcc-feats[5.5.1182~1-e02e3]:main():compute-mfcc-feats.cc:181) Processed 320 utterances
VLOG[2] (compute-mfcc-feats[5.5.1182~1-e02e3]:main():compute-mfcc-feats.cc:182) Processed features for key common_voice_lt_25160381
WARNING (compute-mfcc-feats[5.5.1182~1-e02e3]:Read():wave-reader.cc:304) Expected 126720 bytes of wave data, but read only 125568 bytes. Truncated file?
VLOG[2] (compute-mfcc-feats[5.5.1182~1-e02e3]:main():compute-mfcc-feats.cc:182) Processed features for key common_voice_lt_25160382
WARNING (compute-mfcc-feats[5.5.1182~1-e02e3]:Read():wave-reader.cc:304) Expected 135936 bytes of wave data, but read only 134784 bytes. Truncated file?
VLOG[2] (compute-mfcc-feats[5.5.1182~1-e02e3]:main():compute-mfcc-feats.cc:182) Processed features for key common_voice_lt_25160383
WARNING (compute-mfcc-feats[5.5.1182~1-e02e3]:Read():wave-reader.cc:304) Expected 139392 bytes of wave data, but read only 138240 bytes. Truncated file?
VLOG[2] (compute-mfcc-feats[5.5.1182~1-e02e3]:main():compute-mfcc-feats.cc:182) Processed features for key common_voice_lt_25160384
WARNING (compute-mfcc-feats[5.5.1182~1-e02e3]:Read():wave-reader.cc:304) Expected 104832 bytes of wave data, but read only 103680 bytes. Truncated file?
VLOG[2] (compute-mfcc-feats[5.5.1182~1-e02e3]:main():compute-mfcc-feats.cc:182) Processed features for key common_voice_lt_25160385
WARNING (compute-mfcc-feats[5.5.1182~1-e02e3]:Read():wave-reader.cc:304) Expected 158976 bytes of wave data, but read only 157824 bytes. Truncated file?
VLOG[2] (compute-mfcc-feats[5.5.1182~1-e02e3]:main():compute-mfcc-feats.cc:182) Processed features for key common_voice_lt_25160386
WARNING (compute-mfcc-feats[5.5.1182~1-e02e3]:Read():wave-reader.cc:304) Expected 147456 bytes of wave data, but read only 146304 bytes. Truncated file?
VLOG[2] (compute-mfcc-feats[5.5.1182~1-e02e3]:main():compute-mfcc-feats.cc:182) Processed features for key common_voice_lt_25160392
WARNING (compute-mfcc-feats[5.5.1182~1-e02e3]:Read():wave-reader.cc:304) Expected 122112 bytes of wave data, but read only 120960 bytes. Truncated file?
VLOG[2] (compute-mfcc-feats[5.5.1182~1-e02e3]:main():compute-mfcc-feats.cc:182) Processed features for key common_voice_lt_25160393
WARNING (compute-mfcc-feats[5.5.1182~1-e02e3]:Read():wave-reader.cc:304) Expected 162432 bytes of wave data, but read only 161280 bytes. Truncated file?
VLOG[2] (compute-mfcc-feats[5.5.1182~1-e02e3]:main():compute-mfcc-feats.cc:182) Processed features for key common_voice_lt_25160394
WARNING (compute-mfcc-feats[5.5.1182~1-e02e3]:Read():wave-reader.cc:304) Expected 173952 bytes of wave data, but read only 172800 bytes. Truncated file?
VLOG[2] (compute-mfcc-feats[5.5.1182~1-e02e3]:main():compute-mfcc-feats.cc:182) Processed features for key common_voice_lt_25160395
WARNING (compute-mfcc-feats[5.5.1182~1-e02e3]:Read():wave-reader.cc:304) Expected 122112 bytes of wave data, but read only 120960 bytes. Truncated file?
LOG (compute-mfcc-feats[5.5.1182~1-e02e3]:main():compute-mfcc-feats.cc:181) Processed 330 utterances
VLOG[2] (compute-mfcc-feats[5.5.1182~1-e02e3]:main():compute-mfcc-feats.cc:182) Processed features for key common_voice_lt_25160396
WARNING (compute-mfcc-feats[5.5.1182~1-e02e3]:Read():wave-reader.cc:304) Expected 150912 bytes of wave data, but read only 149760 bytes. Truncated file?
VLOG[2] (compute-mfcc-feats[5.5.1182~1-e02e3]:main():compute-mfcc-feats.cc:182) Processed features for key common_voice_lt_25160402
WARNING (compute-mfcc-feats[5.5.1182~1-e02e3]:Read():wave-reader.cc:304) Expected 170496 bytes of wave data, but read only 169344 bytes. Truncated file?
VLOG[2] (compute-mfcc-feats[5.5.1182~1-e02e3]:main():compute-mfcc-feats.cc:182) Processed features for key common_voice_lt_25160403
WARNING (compute-mfcc-feats[5.5.1182~1-e02e3]:Read():wave-reader.cc:304) Expected 97920 bytes of wave data, but read only 96768 bytes. Truncated file?
VLOG[2] (compute-mfcc-feats[5.5.1182~1-e02e3]:main():compute-mfcc-feats.cc:182) Processed features for key common_voice_lt_25160404
WARNING (compute-mfcc-feats[5.5.1182~1-e02e3]:Read():wave-reader.cc:304) Expected 115200 bytes of wave data, but read only 114048 bytes. Truncated file?
VLOG[2] (compute-mfcc-feats[5.5.1182~1-e02e3]:main():compute-mfcc-feats.cc:182) Processed features for key common_voice_lt_25160405
WARNING (compute-mfcc-feats[5.5.1182~1-e02e3]:Read():wave-reader.cc:304) Expected 101376 bytes of wave data, but read only 100224 bytes. Truncated file?
VLOG[2] (compute-mfcc-feats[5.5.1182~1-e02e3]:main():compute-mfcc-feats.cc:182) Processed features for key common_voice_lt_25160406
WARNING (compute-mfcc-feats[5.5.1182~1-e02e3]:Read():wave-reader.cc:304) Expected 145152 bytes of wave data, but read only 144000 bytes. Truncated file?
VLOG[2] (compute-mfcc-feats[5.5.1182~1-e02e3]:main():compute-mfcc-feats.cc:182) Processed features for key common_voice_lt_25160408
WARNING (compute-mfcc-feats[5.5.1182~1-e02e3]:Read():wave-reader.cc:304) Expected 139392 bytes of wave data, but read only 138240 bytes. Truncated file?
VLOG[2] (compute-mfcc-feats[5.5.1182~1-e02e3]:main():compute-mfcc-feats.cc:182) Processed features for key common_voice_lt_25160409
WARNING (compute-mfcc-feats[5.5.1182~1-e02e3]:Read():wave-reader.cc:304) Expected 95616 bytes of wave data, but read only 94464 bytes. Truncated file?
VLOG[2] (compute-mfcc-feats[5.5.1182~1-e02e3]:main():compute-mfcc-feats.cc:182) Processed features for key common_voice_lt_25160410
WARNING (compute-mfcc-feats[5.5.1182~1-e02e3]:Read():wave-reader.cc:304) Expected 104832 bytes of wave data, but read only 103680 bytes. Truncated file?
VLOG[2] (compute-mfcc-feats[5.5.1182~1-e02e3]:main():compute-mfcc-feats.cc:182) Processed features for key common_voice_lt_25160411
WARNING (compute-mfcc-feats[5.5.1182~1-e02e3]:Read():wave-reader.cc:304) Expected 132480 bytes of wave data, but read only 131328 bytes. Truncated file?
LOG (compute-mfcc-feats[5.5.1182~1-e02e3]:main():compute-mfcc-feats.cc:181) Processed 340 utterances
VLOG[2] (compute-mfcc-feats[5.5.1182~1-e02e3]:main():compute-mfcc-feats.cc:182) Processed features for key common_voice_lt_25160421
WARNING (compute-mfcc-feats[5.5.1182~1-e02e3]:Read():wave-reader.cc:304) Expected 193536 bytes of wave data, but read only 192384 bytes. Truncated file?
VLOG[2] (compute-mfcc-feats[5.5.1182~1-e02e3]:main():compute-mfcc-feats.cc:182) Processed features for key common_voice_lt_25160422
WARNING (compute-mfcc-feats[5.5.1182~1-e02e3]:Read():wave-reader.cc:304) Expected 184320 bytes of wave data, but read only 183168 bytes. Truncated file?
VLOG[2] (compute-mfcc-feats[5.5.1182~1-e02e3]:main():compute-mfcc-feats.cc:182) Processed features for key common_voice_lt_25160423
WARNING (compute-mfcc-feats[5.5.1182~1-e02e3]:Read():wave-reader.cc:304) Expected 178560 bytes of wave data, but read only 177408 bytes. Truncated file?
VLOG[2] (compute-mfcc-feats[5.5.1182~1-e02e3]:main():compute-mfcc-feats.cc:182) Processed features for key common_voice_lt_25160425
WARNING (compute-mfcc-feats[5.5.1182~1-e02e3]:Read():wave-reader.cc:304) Expected 139392 bytes of wave data, but read only 138240 bytes. Truncated file?
VLOG[2] (compute-mfcc-feats[5.5.1182~1-e02e3]:main():compute-mfcc-feats.cc:182) Processed features for key common_voice_lt_25160426
WARNING (compute-mfcc-feats[5.5.1182~1-e02e3]:Read():wave-reader.cc:304) Expected 195840 bytes of wave data, but read only 194688 bytes. Truncated file?
VLOG[2] (compute-mfcc-feats[5.5.1182~1-e02e3]:main():compute-mfcc-feats.cc:182) Processed features for key common_voice_lt_25160427
WARNING (compute-mfcc-feats[5.5.1182~1-e02e3]:Read():wave-reader.cc:304) Expected 145152 bytes of wave data, but read only 144000 bytes. Truncated file?
VLOG[2] (compute-mfcc-feats[5.5.1182~1-e02e3]:main():compute-mfcc-feats.cc:182) Processed features for key common_voice_lt_25160428
WARNING (compute-mfcc-feats[5.5.1182~1-e02e3]:Read():wave-reader.cc:304) Expected 139392 bytes of wave data, but read only 138240 bytes. Truncated file?
VLOG[2] (compute-mfcc-feats[5.5.1182~1-e02e3]:main():compute-mfcc-feats.cc:182) Processed features for key common_voice_lt_25160429
WARNING (compute-mfcc-feats[5.5.1182~1-e02e3]:Read():wave-reader.cc:304) Expected 222336 bytes of wave data, but read only 221184 bytes. Truncated file?
VLOG[2] (compute-mfcc-feats[5.5.1182~1-e02e3]:main():compute-mfcc-feats.cc:182) Processed features for key common_voice_lt_25160430
WARNING (compute-mfcc-feats[5.5.1182~1-e02e3]:Read():wave-reader.cc:304) Expected 127872 bytes of wave data, but read only 126720 bytes. Truncated file?
VLOG[2] (compute-mfcc-feats[5.5.1182~1-e02e3]:main():compute-mfcc-feats.cc:182) Processed features for key common_voice_lt_25160436
WARNING (compute-mfcc-feats[5.5.1182~1-e02e3]:Read():wave-reader.cc:304) Expected 139392 bytes of wave data, but read only 138240 bytes. Truncated file?
LOG (compute-mfcc-feats[5.5.1182~1-e02e3]:main():compute-mfcc-feats.cc:181) Processed 350 utterances
VLOG[2] (compute-mfcc-feats[5.5.1182~1-e02e3]:main():compute-mfcc-feats.cc:182) Processed features for key common_voice_lt_25160437
WARNING (compute-mfcc-feats[5.5.1182~1-e02e3]:Read():wave-reader.cc:304) Expected 210816 bytes of wave data, but read only 209664 bytes. Truncated file?
VLOG[2] (compute-mfcc-feats[5.5.1182~1-e02e3]:main():compute-mfcc-feats.cc:182) Processed features for key common_voice_lt_25160438
WARNING (compute-mfcc-feats[5.5.1182~1-e02e3]:Read():wave-reader.cc:304) Expected 132480 bytes of wave data, but read only 131328 bytes. Truncated file?
VLOG[2] (compute-mfcc-feats[5.5.1182~1-e02e3]:main():compute-mfcc-feats.cc:182) Processed features for key common_voice_lt_25160439
WARNING (compute-mfcc-feats[5.5.1182~1-e02e3]:Read():wave-reader.cc:304) Expected 133632 bytes of wave data, but read only 132480 bytes. Truncated file?
VLOG[2] (compute-mfcc-feats[5.5.1182~1-e02e3]:main():compute-mfcc-feats.cc:182) Processed features for key common_voice_lt_25160440
WARNING (compute-mfcc-feats[5.5.1182~1-e02e3]:Read():wave-reader.cc:304) Expected 193536 bytes of wave data, but read only 192384 bytes. Truncated file?
VLOG[2] (compute-mfcc-feats[5.5.1182~1-e02e3]:main():compute-mfcc-feats.cc:182) Processed features for key common_voice_lt_25160446
WARNING (compute-mfcc-feats[5.5.1182~1-e02e3]:Read():wave-reader.cc:304) Expected 138240 bytes of wave data, but read only 137088 bytes. Truncated file?
VLOG[2] (compute-mfcc-feats[5.5.1182~1-e02e3]:main():compute-mfcc-feats.cc:182) Processed features for key common_voice_lt_25160447
WARNING (compute-mfcc-feats[5.5.1182~1-e02e3]:Read():wave-reader.cc:304) Expected 202752 bytes of wave data, but read only 201600 bytes. Truncated file?
VLOG[2] (compute-mfcc-feats[5.5.1182~1-e02e3]:main():compute-mfcc-feats.cc:182) Processed features for key common_voice_lt_25160448
WARNING (compute-mfcc-feats[5.5.1182~1-e02e3]:Read():wave-reader.cc:304) Expected 167040 bytes of wave data, but read only 165888 bytes. Truncated file?
VLOG[2] (compute-mfcc-feats[5.5.1182~1-e02e3]:main():compute-mfcc-feats.cc:182) Processed features for key common_voice_lt_25160449
WARNING (compute-mfcc-feats[5.5.1182~1-e02e3]:Read():wave-reader.cc:304) Expected 144000 bytes of wave data, but read only 142848 bytes. Truncated file?
VLOG[2] (compute-mfcc-feats[5.5.1182~1-e02e3]:main():compute-mfcc-feats.cc:182) Processed features for key common_voice_lt_25160450
WARNING (compute-mfcc-feats[5.5.1182~1-e02e3]:Read():wave-reader.cc:304) Expected 243072 bytes of wave data, but read only 241920 bytes. Truncated file?
VLOG[2] (compute-mfcc-feats[5.5.1182~1-e02e3]:main():compute-mfcc-feats.cc:182) Processed features for key common_voice_lt_25160461
WARNING (compute-mfcc-feats[5.5.1182~1-e02e3]:Read():wave-reader.cc:304) Expected 122112 bytes of wave data, but read only 120960 bytes. Truncated file?
LOG (compute-mfcc-feats[5.5.1182~1-e02e3]:main():compute-mfcc-feats.cc:181) Processed 360 utterances
VLOG[2] (compute-mfcc-feats[5.5.1182~1-e02e3]:main():compute-mfcc-feats.cc:182) Processed features for key common_voice_lt_25160462
WARNING (compute-mfcc-feats[5.5.1182~1-e02e3]:Read():wave-reader.cc:304) Expected 179712 bytes of wave data, but read only 178560 bytes. Truncated file?
VLOG[2] (compute-mfcc-feats[5.5.1182~1-e02e3]:main():compute-mfcc-feats.cc:182) Processed features for key common_voice_lt_25160463
WARNING (compute-mfcc-feats[5.5.1182~1-e02e3]:Read():wave-reader.cc:304) Expected 138240 bytes of wave data, but read only 137088 bytes. Truncated file?
VLOG[2] (compute-mfcc-feats[5.5.1182~1-e02e3]:main():compute-mfcc-feats.cc:182) Processed features for key common_voice_lt_25160464
WARNING (compute-mfcc-feats[5.5.1182~1-e02e3]:Read():wave-reader.cc:304) Expected 122112 bytes of wave data, but read only 120960 bytes. Truncated file?
VLOG[2] (compute-mfcc-feats[5.5.1182~1-e02e3]:main():compute-mfcc-feats.cc:182) Processed features for key common_voice_lt_25160465
WARNING (compute-mfcc-feats[5.5.1182~1-e02e3]:Read():wave-reader.cc:304) Expected 124416 bytes of wave data, but read only 123264 bytes. Truncated file?
VLOG[2] (compute-mfcc-feats[5.5.1182~1-e02e3]:main():compute-mfcc-feats.cc:182) Processed features for key common_voice_lt_25160471
WARNING (compute-mfcc-feats[5.5.1182~1-e02e3]:Read():wave-reader.cc:304) Expected 207360 bytes of wave data, but read only 206208 bytes. Truncated file?
VLOG[2] (compute-mfcc-feats[5.5.1182~1-e02e3]:main():compute-mfcc-feats.cc:182) Processed features for key common_voice_lt_25160472
WARNING (compute-mfcc-feats[5.5.1182~1-e02e3]:Read():wave-reader.cc:304) Expected 156672 bytes of wave data, but read only 155520 bytes. Truncated file?
VLOG[2] (compute-mfcc-feats[5.5.1182~1-e02e3]:main():compute-mfcc-feats.cc:182) Processed features for key common_voice_lt_25160473
WARNING (compute-mfcc-feats[5.5.1182~1-e02e3]:Read():wave-reader.cc:304) Expected 214272 bytes of wave data, but read only 213120 bytes. Truncated file?
VLOG[2] (compute-mfcc-feats[5.5.1182~1-e02e3]:main():compute-mfcc-feats.cc:182) Processed features for key common_voice_lt_25160475
WARNING (compute-mfcc-feats[5.5.1182~1-e02e3]:Read():wave-reader.cc:304) Expected 153216 bytes of wave data, but read only 152064 bytes. Truncated file?
VLOG[2] (compute-mfcc-feats[5.5.1182~1-e02e3]:main():compute-mfcc-feats.cc:182) Processed features for key common_voice_lt_25160486
WARNING (compute-mfcc-feats[5.5.1182~1-e02e3]:Read():wave-reader.cc:304) Expected 172800 bytes of wave data, but read only 171648 bytes. Truncated file?
VLOG[2] (compute-mfcc-feats[5.5.1182~1-e02e3]:main():compute-mfcc-feats.cc:182) Processed features for key common_voice_lt_25160487
WARNING (compute-mfcc-feats[5.5.1182~1-e02e3]:Read():wave-reader.cc:304) Expected 156672 bytes of wave data, but read only 155520 bytes. Truncated file?
LOG (compute-mfcc-feats[5.5.1182~1-e02e3]:main():compute-mfcc-feats.cc:181) Processed 370 utterances
VLOG[2] (compute-mfcc-feats[5.5.1182~1-e02e3]:main():compute-mfcc-feats.cc:182) Processed features for key common_voice_lt_25160488
WARNING (compute-mfcc-feats[5.5.1182~1-e02e3]:Read():wave-reader.cc:304) Expected 138240 bytes of wave data, but read only 137088 bytes. Truncated file?
VLOG[2] (compute-mfcc-feats[5.5.1182~1-e02e3]:main():compute-mfcc-feats.cc:182) Processed features for key common_voice_lt_25160489
WARNING (compute-mfcc-feats[5.5.1182~1-e02e3]:Read():wave-reader.cc:304) Expected 135936 bytes of wave data, but read only 134784 bytes. Truncated file?
VLOG[2] (compute-mfcc-feats[5.5.1182~1-e02e3]:main():compute-mfcc-feats.cc:182) Processed features for key common_voice_lt_25160490
WARNING (compute-mfcc-feats[5.5.1182~1-e02e3]:Read():wave-reader.cc:304) Expected 118656 bytes of wave data, but read only 117504 bytes. Truncated file?
VLOG[2] (compute-mfcc-feats[5.5.1182~1-e02e3]:main():compute-mfcc-feats.cc:182) Processed features for key common_voice_lt_25160547
WARNING (compute-mfcc-feats[5.5.1182~1-e02e3]:Read():wave-reader.cc:304) Expected 138240 bytes of wave data, but read only 137088 bytes. Truncated file?
VLOG[2] (compute-mfcc-feats[5.5.1182~1-e02e3]:main():compute-mfcc-feats.cc:182) Processed features for key common_voice_lt_25160548
WARNING (compute-mfcc-feats[5.5.1182~1-e02e3]:Read():wave-reader.cc:304) Expected 214272 bytes of wave data, but read only 213120 bytes. Truncated file?
VLOG[2] (compute-mfcc-feats[5.5.1182~1-e02e3]:main():compute-mfcc-feats.cc:182) Processed features for key common_voice_lt_25160549
WARNING (compute-mfcc-feats[5.5.1182~1-e02e3]:Read():wave-reader.cc:304) Expected 167040 bytes of wave data, but read only 165888 bytes. Truncated file?
VLOG[2] (compute-mfcc-feats[5.5.1182~1-e02e3]:main():compute-mfcc-feats.cc:182) Processed features for key common_voice_lt_25160550
WARNING (compute-mfcc-feats[5.5.1182~1-e02e3]:Read():wave-reader.cc:304) Expected 107136 bytes of wave data, but read only 105984 bytes. Truncated file?
VLOG[2] (compute-mfcc-feats[5.5.1182~1-e02e3]:main():compute-mfcc-feats.cc:182) Processed features for key common_voice_lt_25160551
WARNING (compute-mfcc-feats[5.5.1182~1-e02e3]:Read():wave-reader.cc:304) Expected 147456 bytes of wave data, but read only 146304 bytes. Truncated file?
VLOG[2] (compute-mfcc-feats[5.5.1182~1-e02e3]:main():compute-mfcc-feats.cc:182) Processed features for key common_voice_lt_25160557
WARNING (compute-mfcc-feats[5.5.1182~1-e02e3]:Read():wave-reader.cc:304) Expected 92160 bytes of wave data, but read only 91008 bytes. Truncated file?
VLOG[2] (compute-mfcc-feats[5.5.1182~1-e02e3]:main():compute-mfcc-feats.cc:182) Processed features for key common_voice_lt_25160558
WARNING (compute-mfcc-feats[5.5.1182~1-e02e3]:Read():wave-reader.cc:304) Expected 179712 bytes of wave data, but read only 178560 bytes. Truncated file?
LOG (compute-mfcc-feats[5.5.1182~1-e02e3]:main():compute-mfcc-feats.cc:181) Processed 380 utterances
VLOG[2] (compute-mfcc-feats[5.5.1182~1-e02e3]:main():compute-mfcc-feats.cc:182) Processed features for key common_voice_lt_25160559
WARNING (compute-mfcc-feats[5.5.1182~1-e02e3]:Read():wave-reader.cc:304) Expected 144000 bytes of wave data, but read only 142848 bytes. Truncated file?
VLOG[2] (compute-mfcc-feats[5.5.1182~1-e02e3]:main():compute-mfcc-feats.cc:182) Processed features for key common_voice_lt_25160560
WARNING (compute-mfcc-feats[5.5.1182~1-e02e3]:Read():wave-reader.cc:304) Expected 147456 bytes of wave data, but read only 146304 bytes. Truncated file?
VLOG[2] (compute-mfcc-feats[5.5.1182~1-e02e3]:main():compute-mfcc-feats.cc:182) Processed features for key common_voice_lt_25160561
WARNING (compute-mfcc-feats[5.5.1182~1-e02e3]:Read():wave-reader.cc:304) Expected 135936 bytes of wave data, but read only 134784 bytes. Truncated file?
VLOG[2] (compute-mfcc-feats[5.5.1182~1-e02e3]:main():compute-mfcc-feats.cc:182) Processed features for key common_voice_lt_25160568
WARNING (compute-mfcc-feats[5.5.1182~1-e02e3]:Read():wave-reader.cc:304) Expected 110592 bytes of wave data, but read only 109440 bytes. Truncated file?
VLOG[2] (compute-mfcc-feats[5.5.1182~1-e02e3]:main():compute-mfcc-feats.cc:182) Processed features for key common_voice_lt_25160569
WARNING (compute-mfcc-feats[5.5.1182~1-e02e3]:Read():wave-reader.cc:304) Expected 120960 bytes of wave data, but read only 119808 bytes. Truncated file?
VLOG[2] (compute-mfcc-feats[5.5.1182~1-e02e3]:main():compute-mfcc-feats.cc:182) Processed features for key common_voice_lt_25160570
WARNING (compute-mfcc-feats[5.5.1182~1-e02e3]:Read():wave-reader.cc:304) Expected 155520 bytes of wave data, but read only 154368 bytes. Truncated file?
VLOG[2] (compute-mfcc-feats[5.5.1182~1-e02e3]:main():compute-mfcc-feats.cc:182) Processed features for key common_voice_lt_25160571
WARNING (compute-mfcc-feats[5.5.1182~1-e02e3]:Read():wave-reader.cc:304) Expected 245376 bytes of wave data, but read only 244224 bytes. Truncated file?
VLOG[2] (compute-mfcc-feats[5.5.1182~1-e02e3]:main():compute-mfcc-feats.cc:182) Processed features for key common_voice_lt_25160573
WARNING (compute-mfcc-feats[5.5.1182~1-e02e3]:Read():wave-reader.cc:304) Expected 133632 bytes of wave data, but read only 132480 bytes. Truncated file?
VLOG[2] (compute-mfcc-feats[5.5.1182~1-e02e3]:main():compute-mfcc-feats.cc:182) Processed features for key common_voice_lt_25160577
WARNING (compute-mfcc-feats[5.5.1182~1-e02e3]:Read():wave-reader.cc:304) Expected 112896 bytes of wave data, but read only 111744 bytes. Truncated file?
VLOG[2] (compute-mfcc-feats[5.5.1182~1-e02e3]:main():compute-mfcc-feats.cc:182) Processed features for key common_voice_lt_25160578
WARNING (compute-mfcc-feats[5.5.1182~1-e02e3]:Read():wave-reader.cc:304) Expected 107136 bytes of wave data, but read only 105984 bytes. Truncated file?
LOG (compute-mfcc-feats[5.5.1182~1-e02e3]:main():compute-mfcc-feats.cc:181) Processed 390 utterances
VLOG[2] (compute-mfcc-feats[5.5.1182~1-e02e3]:main():compute-mfcc-feats.cc:182) Processed features for key common_voice_lt_25160579
WARNING (compute-mfcc-feats[5.5.1182~1-e02e3]:Read():wave-reader.cc:304) Expected 104832 bytes of wave data, but read only 103680 bytes. Truncated file?
VLOG[2] (compute-mfcc-feats[5.5.1182~1-e02e3]:main():compute-mfcc-feats.cc:182) Processed features for key common_voice_lt_25160580
WARNING (compute-mfcc-feats[5.5.1182~1-e02e3]:Read():wave-reader.cc:304) Expected 184320 bytes of wave data, but read only 183168 bytes. Truncated file?
VLOG[2] (compute-mfcc-feats[5.5.1182~1-e02e3]:main():compute-mfcc-feats.cc:182) Processed features for key common_voice_lt_25160581
WARNING (compute-mfcc-feats[5.5.1182~1-e02e3]:Read():wave-reader.cc:304) Expected 161280 bytes of wave data, but read only 160128 bytes. Truncated file?
VLOG[2] (compute-mfcc-feats[5.5.1182~1-e02e3]:main():compute-mfcc-feats.cc:182) Processed features for key common_voice_lt_25160587
WARNING (compute-mfcc-feats[5.5.1182~1-e02e3]:Read():wave-reader.cc:304) Expected 127872 bytes of wave data, but read only 126720 bytes. Truncated file?
VLOG[2] (compute-mfcc-feats[5.5.1182~1-e02e3]:main():compute-mfcc-feats.cc:182) Processed features for key common_voice_lt_25160588
WARNING (compute-mfcc-feats[5.5.1182~1-e02e3]:Read():wave-reader.cc:304) Expected 122112 bytes of wave data, but read only 120960 bytes. Truncated file?
VLOG[2] (compute-mfcc-feats[5.5.1182~1-e02e3]:main():compute-mfcc-feats.cc:182) Processed features for key common_voice_lt_25160590
WARNING (compute-mfcc-feats[5.5.1182~1-e02e3]:Read():wave-reader.cc:304) Expected 190080 bytes of wave data, but read only 188928 bytes. Truncated file?
VLOG[2] (compute-mfcc-feats[5.5.1182~1-e02e3]:main():compute-mfcc-feats.cc:182) Processed features for key common_voice_lt_25160592
WARNING (compute-mfcc-feats[5.5.1182~1-e02e3]:Read():wave-reader.cc:304) Expected 133632 bytes of wave data, but read only 132480 bytes. Truncated file?
VLOG[2] (compute-mfcc-feats[5.5.1182~1-e02e3]:main():compute-mfcc-feats.cc:182) Processed features for key common_voice_lt_25160594
WARNING (compute-mfcc-feats[5.5.1182~1-e02e3]:Read():wave-reader.cc:304) Expected 138240 bytes of wave data, but read only 137088 bytes. Truncated file?
VLOG[2] (compute-mfcc-feats[5.5.1182~1-e02e3]:main():compute-mfcc-feats.cc:182) Processed features for key common_voice_lt_25160597
WARNING (compute-mfcc-feats[5.5.1182~1-e02e3]:Read():wave-reader.cc:304) Expected 135936 bytes of wave data, but read only 134784 bytes. Truncated file?
VLOG[2] (compute-mfcc-feats[5.5.1182~1-e02e3]:main():compute-mfcc-feats.cc:182) Processed features for key common_voice_lt_25160598
WARNING (compute-mfcc-feats[5.5.1182~1-e02e3]:Read():wave-reader.cc:304) Expected 139392 bytes of wave data, but read only 138240 bytes. Truncated file?
LOG (compute-mfcc-feats[5.5.1182~1-e02e3]:main():compute-mfcc-feats.cc:181) Processed 400 utterances
VLOG[2] (compute-mfcc-feats[5.5.1182~1-e02e3]:main():compute-mfcc-feats.cc:182) Processed features for key common_voice_lt_25160599
WARNING (compute-mfcc-feats[5.5.1182~1-e02e3]:Read():wave-reader.cc:304) Expected 103680 bytes of wave data, but read only 102528 bytes. Truncated file?
VLOG[2] (compute-mfcc-feats[5.5.1182~1-e02e3]:main():compute-mfcc-feats.cc:182) Processed features for key common_voice_lt_25160600
WARNING (compute-mfcc-feats[5.5.1182~1-e02e3]:Read():wave-reader.cc:304) Expected 122112 bytes of wave data, but read only 120960 bytes. Truncated file?
VLOG[2] (compute-mfcc-feats[5.5.1182~1-e02e3]:main():compute-mfcc-feats.cc:182) Processed features for key common_voice_lt_25160601
WARNING (compute-mfcc-feats[5.5.1182~1-e02e3]:Read():wave-reader.cc:304) Expected 120960 bytes of wave data, but read only 119808 bytes. Truncated file?
VLOG[2] (compute-mfcc-feats[5.5.1182~1-e02e3]:main():compute-mfcc-feats.cc:182) Processed features for key common_voice_lt_25160607
WARNING (compute-mfcc-feats[5.5.1182~1-e02e3]:Read():wave-reader.cc:304) Expected 173952 bytes of wave data, but read only 172800 bytes. Truncated file?
VLOG[2] (compute-mfcc-feats[5.5.1182~1-e02e3]:main():compute-mfcc-feats.cc:182) Processed features for key common_voice_lt_25160608
WARNING (compute-mfcc-feats[5.5.1182~1-e02e3]:Read():wave-reader.cc:304) Expected 104832 bytes of wave data, but read only 103680 bytes. Truncated file?
VLOG[2] (compute-mfcc-feats[5.5.1182~1-e02e3]:main():compute-mfcc-feats.cc:182) Processed features for key common_voice_lt_25160610
WARNING (compute-mfcc-feats[5.5.1182~1-e02e3]:Read():wave-reader.cc:304) Expected 268416 bytes of wave data, but read only 267264 bytes. Truncated file?
VLOG[2] (compute-mfcc-feats[5.5.1182~1-e02e3]:main():compute-mfcc-feats.cc:182) Processed features for key common_voice_lt_25160611
WARNING (compute-mfcc-feats[5.5.1182~1-e02e3]:Read():wave-reader.cc:304) Expected 196992 bytes of wave data, but read only 195840 bytes. Truncated file?
VLOG[2] (compute-mfcc-feats[5.5.1182~1-e02e3]:main():compute-mfcc-feats.cc:182) Processed features for key common_voice_lt_25160622
WARNING (compute-mfcc-feats[5.5.1182~1-e02e3]:Read():wave-reader.cc:304) Expected 220032 bytes of wave data, but read only 218880 bytes. Truncated file?
VLOG[2] (compute-mfcc-feats[5.5.1182~1-e02e3]:main():compute-mfcc-feats.cc:182) Processed features for key common_voice_lt_25160623
WARNING (compute-mfcc-feats[5.5.1182~1-e02e3]:Read():wave-reader.cc:304) Expected 193536 bytes of wave data, but read only 192384 bytes. Truncated file?
VLOG[2] (compute-mfcc-feats[5.5.1182~1-e02e3]:main():compute-mfcc-feats.cc:182) Processed features for key common_voice_lt_25160624
WARNING (compute-mfcc-feats[5.5.1182~1-e02e3]:Read():wave-reader.cc:304) Expected 127872 bytes of wave data, but read only 126720 bytes. Truncated file?
LOG (compute-mfcc-feats[5.5.1182~1-e02e3]:main():compute-mfcc-feats.cc:181) Processed 410 utterances
VLOG[2] (compute-mfcc-feats[5.5.1182~1-e02e3]:main():compute-mfcc-feats.cc:182) Processed features for key common_voice_lt_25160625
WARNING (compute-mfcc-feats[5.5.1182~1-e02e3]:Read():wave-reader.cc:304) Expected 196992 bytes of wave data, but read only 195840 bytes. Truncated file?
VLOG[2] (compute-mfcc-feats[5.5.1182~1-e02e3]:main():compute-mfcc-feats.cc:182) Processed features for key common_voice_lt_25160627
WARNING (compute-mfcc-feats[5.5.1182~1-e02e3]:Read():wave-reader.cc:304) Expected 176256 bytes of wave data, but read only 175104 bytes. Truncated file?
VLOG[2] (compute-mfcc-feats[5.5.1182~1-e02e3]:main():compute-mfcc-feats.cc:182) Processed features for key common_voice_lt_25160634
WARNING (compute-mfcc-feats[5.5.1182~1-e02e3]:Read():wave-reader.cc:304) Expected 104832 bytes of wave data, but read only 103680 bytes. Truncated file?
VLOG[2] (compute-mfcc-feats[5.5.1182~1-e02e3]:main():compute-mfcc-feats.cc:182) Processed features for key common_voice_lt_25160635
WARNING (compute-mfcc-feats[5.5.1182~1-e02e3]:Read():wave-reader.cc:304) Expected 144000 bytes of wave data, but read only 142848 bytes. Truncated file?
VLOG[2] (compute-mfcc-feats[5.5.1182~1-e02e3]:main():compute-mfcc-feats.cc:182) Processed features for key common_voice_lt_25160636
WARNING (compute-mfcc-feats[5.5.1182~1-e02e3]:Read():wave-reader.cc:304) Expected 95616 bytes of wave data, but read only 94464 bytes. Truncated file?
VLOG[2] (compute-mfcc-feats[5.5.1182~1-e02e3]:main():compute-mfcc-feats.cc:182) Processed features for key common_voice_lt_25160637
WARNING (compute-mfcc-feats[5.5.1182~1-e02e3]:Read():wave-reader.cc:304) Expected 158976 bytes of wave data, but read only 157824 bytes. Truncated file?
VLOG[2] (compute-mfcc-feats[5.5.1182~1-e02e3]:main():compute-mfcc-feats.cc:182) Processed features for key common_voice_lt_25160638
WARNING (compute-mfcc-feats[5.5.1182~1-e02e3]:Read():wave-reader.cc:304) Expected 141696 bytes of wave data, but read only 140544 bytes. Truncated file?
VLOG[2] (compute-mfcc-feats[5.5.1182~1-e02e3]:main():compute-mfcc-feats.cc:182) Processed features for key common_voice_lt_25160639
WARNING (compute-mfcc-feats[5.5.1182~1-e02e3]:Read():wave-reader.cc:304) Expected 135936 bytes of wave data, but read only 134784 bytes. Truncated file?
VLOG[2] (compute-mfcc-feats[5.5.1182~1-e02e3]:main():compute-mfcc-feats.cc:182) Processed features for key common_voice_lt_25160640
WARNING (compute-mfcc-feats[5.5.1182~1-e02e3]:Read():wave-reader.cc:304) Expected 164736 bytes of wave data, but read only 163584 bytes. Truncated file?
VLOG[2] (compute-mfcc-feats[5.5.1182~1-e02e3]:main():compute-mfcc-feats.cc:182) Processed features for key common_voice_lt_25160641
WARNING (compute-mfcc-feats[5.5.1182~1-e02e3]:Read():wave-reader.cc:304) Expected 118656 bytes of wave data, but read only 117504 bytes. Truncated file?
LOG (compute-mfcc-feats[5.5.1182~1-e02e3]:main():compute-mfcc-feats.cc:181) Processed 420 utterances
VLOG[2] (compute-mfcc-feats[5.5.1182~1-e02e3]:main():compute-mfcc-feats.cc:182) Processed features for key common_voice_lt_25160642
WARNING (compute-mfcc-feats[5.5.1182~1-e02e3]:Read():wave-reader.cc:304) Expected 130176 bytes of wave data, but read only 129024 bytes. Truncated file?
VLOG[2] (compute-mfcc-feats[5.5.1182~1-e02e3]:main():compute-mfcc-feats.cc:182) Processed features for key common_voice_lt_25160643
WARNING (compute-mfcc-feats[5.5.1182~1-e02e3]:Read():wave-reader.cc:304) Expected 199296 bytes of wave data, but read only 198144 bytes. Truncated file?
VLOG[2] (compute-mfcc-feats[5.5.1182~1-e02e3]:main():compute-mfcc-feats.cc:182) Processed features for key common_voice_lt_25160659
WARNING (compute-mfcc-feats[5.5.1182~1-e02e3]:Read():wave-reader.cc:304) Expected 144000 bytes of wave data, but read only 142848 bytes. Truncated file?
VLOG[2] (compute-mfcc-feats[5.5.1182~1-e02e3]:main():compute-mfcc-feats.cc:182) Processed features for key common_voice_lt_25160660
WARNING (compute-mfcc-feats[5.5.1182~1-e02e3]:Read():wave-reader.cc:304) Expected 130176 bytes of wave data, but read only 129024 bytes. Truncated file?
VLOG[2] (compute-mfcc-feats[5.5.1182~1-e02e3]:main():compute-mfcc-feats.cc:182) Processed features for key common_voice_lt_25160661
WARNING (compute-mfcc-feats[5.5.1182~1-e02e3]:Read():wave-reader.cc:304) Expected 145152 bytes of wave data, but read only 144000 bytes. Truncated file?
VLOG[2] (compute-mfcc-feats[5.5.1182~1-e02e3]:main():compute-mfcc-feats.cc:182) Processed features for key common_voice_lt_25160662
WARNING (compute-mfcc-feats[5.5.1182~1-e02e3]:Read():wave-reader.cc:304) Expected 172800 bytes of wave data, but read only 171648 bytes. Truncated file?
VLOG[2] (compute-mfcc-feats[5.5.1182~1-e02e3]:main():compute-mfcc-feats.cc:182) Processed features for key common_voice_lt_25160663
WARNING (compute-mfcc-feats[5.5.1182~1-e02e3]:Read():wave-reader.cc:304) Expected 107136 bytes of wave data, but read only 105984 bytes. Truncated file?
VLOG[2] (compute-mfcc-feats[5.5.1182~1-e02e3]:main():compute-mfcc-feats.cc:182) Processed features for key common_voice_lt_25160669
WARNING (compute-mfcc-feats[5.5.1182~1-e02e3]:Read():wave-reader.cc:304) Expected 210816 bytes of wave data, but read only 209664 bytes. Truncated file?
VLOG[2] (compute-mfcc-feats[5.5.1182~1-e02e3]:main():compute-mfcc-feats.cc:182) Processed features for key common_voice_lt_25160670
WARNING (compute-mfcc-feats[5.5.1182~1-e02e3]:Read():wave-reader.cc:304) Expected 164736 bytes of wave data, but read only 163584 bytes. Truncated file?
VLOG[2] (compute-mfcc-feats[5.5.1182~1-e02e3]:main():compute-mfcc-feats.cc:182) Processed features for key common_voice_lt_25160671
WARNING (compute-mfcc-feats[5.5.1182~1-e02e3]:Read():wave-reader.cc:304) Expected 155520 bytes of wave data, but read only 154368 bytes. Truncated file?
LOG (compute-mfcc-feats[5.5.1182~1-e02e3]:main():compute-mfcc-feats.cc:181) Processed 430 utterances
VLOG[2] (compute-mfcc-feats[5.5.1182~1-e02e3]:main():compute-mfcc-feats.cc:182) Processed features for key common_voice_lt_25160672
WARNING (compute-mfcc-feats[5.5.1182~1-e02e3]:Read():wave-reader.cc:304) Expected 116352 bytes of wave data, but read only 115200 bytes. Truncated file?
VLOG[2] (compute-mfcc-feats[5.5.1182~1-e02e3]:main():compute-mfcc-feats.cc:182) Processed features for key common_voice_lt_25160674
WARNING (compute-mfcc-feats[5.5.1182~1-e02e3]:Read():wave-reader.cc:304) Expected 127872 bytes of wave data, but read only 126720 bytes. Truncated file?
VLOG[2] (compute-mfcc-feats[5.5.1182~1-e02e3]:main():compute-mfcc-feats.cc:182) Processed features for key common_voice_lt_25160866
WARNING (compute-mfcc-feats[5.5.1182~1-e02e3]:Read():wave-reader.cc:304) Expected 115200 bytes of wave data, but read only 114048 bytes. Truncated file?
VLOG[2] (compute-mfcc-feats[5.5.1182~1-e02e3]:main():compute-mfcc-feats.cc:182) Processed features for key common_voice_lt_25160869
WARNING (compute-mfcc-feats[5.5.1182~1-e02e3]:Read():wave-reader.cc:304) Expected 89856 bytes of wave data, but read only 88704 bytes. Truncated file?
VLOG[2] (compute-mfcc-feats[5.5.1182~1-e02e3]:main():compute-mfcc-feats.cc:182) Processed features for key common_voice_lt_25160871
WARNING (compute-mfcc-feats[5.5.1182~1-e02e3]:Read():wave-reader.cc:304) Expected 164736 bytes of wave data, but read only 163584 bytes. Truncated file?
VLOG[2] (compute-mfcc-feats[5.5.1182~1-e02e3]:main():compute-mfcc-feats.cc:182) Processed features for key common_voice_lt_25160872
WARNING (compute-mfcc-feats[5.5.1182~1-e02e3]:Read():wave-reader.cc:304) Expected 149760 bytes of wave data, but read only 148608 bytes. Truncated file?
VLOG[2] (compute-mfcc-feats[5.5.1182~1-e02e3]:main():compute-mfcc-feats.cc:182) Processed features for key common_voice_lt_25160874
WARNING (compute-mfcc-feats[5.5.1182~1-e02e3]:Read():wave-reader.cc:304) Expected 112896 bytes of wave data, but read only 111744 bytes. Truncated file?
VLOG[2] (compute-mfcc-feats[5.5.1182~1-e02e3]:main():compute-mfcc-feats.cc:182) Processed features for key common_voice_lt_25160884
WARNING (compute-mfcc-feats[5.5.1182~1-e02e3]:Read():wave-reader.cc:304) Expected 199296 bytes of wave data, but read only 198144 bytes. Truncated file?
VLOG[2] (compute-mfcc-feats[5.5.1182~1-e02e3]:main():compute-mfcc-feats.cc:182) Processed features for key common_voice_lt_25160885
WARNING (compute-mfcc-feats[5.5.1182~1-e02e3]:Read():wave-reader.cc:304) Expected 190080 bytes of wave data, but read only 188928 bytes. Truncated file?
VLOG[2] (compute-mfcc-feats[5.5.1182~1-e02e3]:main():compute-mfcc-feats.cc:182) Processed features for key common_voice_lt_25160886
WARNING (compute-mfcc-feats[5.5.1182~1-e02e3]:Read():wave-reader.cc:304) Expected 179712 bytes of wave data, but read only 178560 bytes. Truncated file?
LOG (compute-mfcc-feats[5.5.1182~1-e02e3]:main():compute-mfcc-feats.cc:181) Processed 440 utterances
VLOG[2] (compute-mfcc-feats[5.5.1182~1-e02e3]:main():compute-mfcc-feats.cc:182) Processed features for key common_voice_lt_25160887
WARNING (compute-mfcc-feats[5.5.1182~1-e02e3]:Read():wave-reader.cc:304) Expected 141696 bytes of wave data, but read only 140544 bytes. Truncated file?
VLOG[2] (compute-mfcc-feats[5.5.1182~1-e02e3]:main():compute-mfcc-feats.cc:182) Processed features for key common_voice_lt_25160888
WARNING (compute-mfcc-feats[5.5.1182~1-e02e3]:Read():wave-reader.cc:304) Expected 135936 bytes of wave data, but read only 134784 bytes. Truncated file?
VLOG[2] (compute-mfcc-feats[5.5.1182~1-e02e3]:main():compute-mfcc-feats.cc:182) Processed features for key common_voice_lt_25160903
WARNING (compute-mfcc-feats[5.5.1182~1-e02e3]:Read():wave-reader.cc:304) Expected 103680 bytes of wave data, but read only 102528 bytes. Truncated file?
VLOG[2] (compute-mfcc-feats[5.5.1182~1-e02e3]:main():compute-mfcc-feats.cc:182) Processed features for key common_voice_lt_25160904
WARNING (compute-mfcc-feats[5.5.1182~1-e02e3]:Read():wave-reader.cc:304) Expected 135936 bytes of wave data, but read only 134784 bytes. Truncated file?
VLOG[2] (compute-mfcc-feats[5.5.1182~1-e02e3]:main():compute-mfcc-feats.cc:182) Processed features for key common_voice_lt_25160905
WARNING (compute-mfcc-feats[5.5.1182~1-e02e3]:Read():wave-reader.cc:304) Expected 176256 bytes of wave data, but read only 175104 bytes. Truncated file?
VLOG[2] (compute-mfcc-feats[5.5.1182~1-e02e3]:main():compute-mfcc-feats.cc:182) Processed features for key common_voice_lt_25160906
WARNING (compute-mfcc-feats[5.5.1182~1-e02e3]:Read():wave-reader.cc:304) Expected 179712 bytes of wave data, but read only 178560 bytes. Truncated file?
VLOG[2] (compute-mfcc-feats[5.5.1182~1-e02e3]:main():compute-mfcc-feats.cc:182) Processed features for key common_voice_lt_25160907
WARNING (compute-mfcc-feats[5.5.1182~1-e02e3]:Read():wave-reader.cc:304) Expected 97920 bytes of wave data, but read only 96768 bytes. Truncated file?
VLOG[2] (compute-mfcc-feats[5.5.1182~1-e02e3]:main():compute-mfcc-feats.cc:182) Processed features for key common_voice_lt_25160925
WARNING (compute-mfcc-feats[5.5.1182~1-e02e3]:Read():wave-reader.cc:304) Expected 112896 bytes of wave data, but read only 111744 bytes. Truncated file?
VLOG[2] (compute-mfcc-feats[5.5.1182~1-e02e3]:main():compute-mfcc-feats.cc:182) Processed features for key common_voice_lt_25160928
WARNING (compute-mfcc-feats[5.5.1182~1-e02e3]:Read():wave-reader.cc:304) Expected 145152 bytes of wave data, but read only 144000 bytes. Truncated file?
VLOG[2] (compute-mfcc-feats[5.5.1182~1-e02e3]:main():compute-mfcc-feats.cc:182) Processed features for key common_voice_lt_25160930
WARNING (compute-mfcc-feats[5.5.1182~1-e02e3]:Read():wave-reader.cc:304) Expected 145152 bytes of wave data, but read only 144000 bytes. Truncated file?
LOG (compute-mfcc-feats[5.5.1182~1-e02e3]:main():compute-mfcc-feats.cc:181) Processed 450 utterances
VLOG[2] (compute-mfcc-feats[5.5.1182~1-e02e3]:main():compute-mfcc-feats.cc:182) Processed features for key common_voice_lt_25160978
WARNING (compute-mfcc-feats[5.5.1182~1-e02e3]:Read():wave-reader.cc:304) Expected 167040 bytes of wave data, but read only 165888 bytes. Truncated file?
VLOG[2] (compute-mfcc-feats[5.5.1182~1-e02e3]:main():compute-mfcc-feats.cc:182) Processed features for key common_voice_lt_25160979
WARNING (compute-mfcc-feats[5.5.1182~1-e02e3]:Read():wave-reader.cc:304) Expected 93312 bytes of wave data, but read only 92160 bytes. Truncated file?
VLOG[2] (compute-mfcc-feats[5.5.1182~1-e02e3]:main():compute-mfcc-feats.cc:182) Processed features for key common_voice_lt_25160980
WARNING (compute-mfcc-feats[5.5.1182~1-e02e3]:Read():wave-reader.cc:304) Expected 230400 bytes of wave data, but read only 229248 bytes. Truncated file?
VLOG[2] (compute-mfcc-feats[5.5.1182~1-e02e3]:main():compute-mfcc-feats.cc:182) Processed features for key common_voice_lt_25160982
WARNING (compute-mfcc-feats[5.5.1182~1-e02e3]:Read():wave-reader.cc:304) Expected 164736 bytes of wave data, but read only 163584 bytes. Truncated file?
VLOG[2] (compute-mfcc-feats[5.5.1182~1-e02e3]:main():compute-mfcc-feats.cc:182) Processed features for key common_voice_lt_25160984
WARNING (compute-mfcc-feats[5.5.1182~1-e02e3]:Read():wave-reader.cc:304) Expected 103680 bytes of wave data, but read only 102528 bytes. Truncated file?
VLOG[2] (compute-mfcc-feats[5.5.1182~1-e02e3]:main():compute-mfcc-feats.cc:182) Processed features for key common_voice_lt_25160997
WARNING (compute-mfcc-feats[5.5.1182~1-e02e3]:Read():wave-reader.cc:304) Expected 99072 bytes of wave data, but read only 97920 bytes. Truncated file?
VLOG[2] (compute-mfcc-feats[5.5.1182~1-e02e3]:main():compute-mfcc-feats.cc:182) Processed features for key common_voice_lt_25160998
WARNING (compute-mfcc-feats[5.5.1182~1-e02e3]:Read():wave-reader.cc:304) Expected 126720 bytes of wave data, but read only 125568 bytes. Truncated file?
VLOG[2] (compute-mfcc-feats[5.5.1182~1-e02e3]:main():compute-mfcc-feats.cc:182) Processed features for key common_voice_lt_25160999
WARNING (compute-mfcc-feats[5.5.1182~1-e02e3]:Read():wave-reader.cc:304) Expected 132480 bytes of wave data, but read only 131328 bytes. Truncated file?
VLOG[2] (compute-mfcc-feats[5.5.1182~1-e02e3]:main():compute-mfcc-feats.cc:182) Processed features for key common_voice_lt_25161000
WARNING (compute-mfcc-feats[5.5.1182~1-e02e3]:Read():wave-reader.cc:304) Expected 103680 bytes of wave data, but read only 102528 bytes. Truncated file?
VLOG[2] (compute-mfcc-feats[5.5.1182~1-e02e3]:main():compute-mfcc-feats.cc:182) Processed features for key common_voice_lt_25161001
WARNING (compute-mfcc-feats[5.5.1182~1-e02e3]:Read():wave-reader.cc:304) Expected 138240 bytes of wave data, but read only 137088 bytes. Truncated file?
LOG (compute-mfcc-feats[5.5.1182~1-e02e3]:main():compute-mfcc-feats.cc:181) Processed 460 utterances
VLOG[2] (compute-mfcc-feats[5.5.1182~1-e02e3]:main():compute-mfcc-feats.cc:182) Processed features for key common_voice_lt_25161007
WARNING (compute-mfcc-feats[5.5.1182~1-e02e3]:Read():wave-reader.cc:304) Expected 112896 bytes of wave data, but read only 111744 bytes. Truncated file?
VLOG[2] (compute-mfcc-feats[5.5.1182~1-e02e3]:main():compute-mfcc-feats.cc:182) Processed features for key common_voice_lt_25161008
WARNING (compute-mfcc-feats[5.5.1182~1-e02e3]:Read():wave-reader.cc:304) Expected 122112 bytes of wave data, but read only 120960 bytes. Truncated file?
VLOG[2] (compute-mfcc-feats[5.5.1182~1-e02e3]:main():compute-mfcc-feats.cc:182) Processed features for key common_voice_lt_25161009
WARNING (compute-mfcc-feats[5.5.1182~1-e02e3]:Read():wave-reader.cc:304) Expected 156672 bytes of wave data, but read only 155520 bytes. Truncated file?
VLOG[2] (compute-mfcc-feats[5.5.1182~1-e02e3]:main():compute-mfcc-feats.cc:182) Processed features for key common_voice_lt_25161010
WARNING (compute-mfcc-feats[5.5.1182~1-e02e3]:Read():wave-reader.cc:304) Expected 122112 bytes of wave data, but read only 120960 bytes. Truncated file?
VLOG[2] (compute-mfcc-feats[5.5.1182~1-e02e3]:main():compute-mfcc-feats.cc:182) Processed features for key common_voice_lt_25161011
WARNING (compute-mfcc-feats[5.5.1182~1-e02e3]:Read():wave-reader.cc:304) Expected 109440 bytes of wave data, but read only 108288 bytes. Truncated file?
VLOG[2] (compute-mfcc-feats[5.5.1182~1-e02e3]:main():compute-mfcc-feats.cc:182) Processed features for key common_voice_lt_25161017
WARNING (compute-mfcc-feats[5.5.1182~1-e02e3]:Read():wave-reader.cc:304) Expected 170496 bytes of wave data, but read only 169344 bytes. Truncated file?
VLOG[2] (compute-mfcc-feats[5.5.1182~1-e02e3]:main():compute-mfcc-feats.cc:182) Processed features for key common_voice_lt_25161018
WARNING (compute-mfcc-feats[5.5.1182~1-e02e3]:Read():wave-reader.cc:304) Expected 92160 bytes of wave data, but read only 91008 bytes. Truncated file?
VLOG[2] (compute-mfcc-feats[5.5.1182~1-e02e3]:main():compute-mfcc-feats.cc:182) Processed features for key common_voice_lt_25161019
WARNING (compute-mfcc-feats[5.5.1182~1-e02e3]:Read():wave-reader.cc:304) Expected 127872 bytes of wave data, but read only 126720 bytes. Truncated file?
VLOG[2] (compute-mfcc-feats[5.5.1182~1-e02e3]:main():compute-mfcc-feats.cc:182) Processed features for key common_voice_lt_25161020
WARNING (compute-mfcc-feats[5.5.1182~1-e02e3]:Read():wave-reader.cc:304) Expected 208512 bytes of wave data, but read only 207360 bytes. Truncated file?
VLOG[2] (compute-mfcc-feats[5.5.1182~1-e02e3]:main():compute-mfcc-feats.cc:182) Processed features for key common_voice_lt_25161021
WARNING (compute-mfcc-feats[5.5.1182~1-e02e3]:Read():wave-reader.cc:304) Expected 89856 bytes of wave data, but read only 88704 bytes. Truncated file?
LOG (compute-mfcc-feats[5.5.1182~1-e02e3]:main():compute-mfcc-feats.cc:181) Processed 470 utterances
VLOG[2] (compute-mfcc-feats[5.5.1182~1-e02e3]:main():compute-mfcc-feats.cc:182) Processed features for key common_voice_lt_25161022
WARNING (compute-mfcc-feats[5.5.1182~1-e02e3]:Read():wave-reader.cc:304) Expected 184320 bytes of wave data, but read only 183168 bytes. Truncated file?
VLOG[2] (compute-mfcc-feats[5.5.1182~1-e02e3]:main():compute-mfcc-feats.cc:182) Processed features for key common_voice_lt_25161023
WARNING (compute-mfcc-feats[5.5.1182~1-e02e3]:Read():wave-reader.cc:304) Expected 109440 bytes of wave data, but read only 108288 bytes. Truncated file?
VLOG[2] (compute-mfcc-feats[5.5.1182~1-e02e3]:main():compute-mfcc-feats.cc:182) Processed features for key common_voice_lt_25161024
WARNING (compute-mfcc-feats[5.5.1182~1-e02e3]:Read():wave-reader.cc:304) Expected 164736 bytes of wave data, but read only 163584 bytes. Truncated file?
VLOG[2] (compute-mfcc-feats[5.5.1182~1-e02e3]:main():compute-mfcc-feats.cc:182) Processed features for key common_voice_lt_25161025
WARNING (compute-mfcc-feats[5.5.1182~1-e02e3]:Read():wave-reader.cc:304) Expected 138240 bytes of wave data, but read only 137088 bytes. Truncated file?
VLOG[2] (compute-mfcc-feats[5.5.1182~1-e02e3]:main():compute-mfcc-feats.cc:182) Processed features for key common_voice_lt_25161026
WARNING (compute-mfcc-feats[5.5.1182~1-e02e3]:Read():wave-reader.cc:304) Expected 89856 bytes of wave data, but read only 88704 bytes. Truncated file?
VLOG[2] (compute-mfcc-feats[5.5.1182~1-e02e3]:main():compute-mfcc-feats.cc:182) Processed features for key common_voice_lt_25161027
WARNING (compute-mfcc-feats[5.5.1182~1-e02e3]:Read():wave-reader.cc:304) Expected 112896 bytes of wave data, but read only 111744 bytes. Truncated file?
VLOG[2] (compute-mfcc-feats[5.5.1182~1-e02e3]:main():compute-mfcc-feats.cc:182) Processed features for key common_voice_lt_25161028
WARNING (compute-mfcc-feats[5.5.1182~1-e02e3]:Read():wave-reader.cc:304) Expected 156672 bytes of wave data, but read only 155520 bytes. Truncated file?
VLOG[2] (compute-mfcc-feats[5.5.1182~1-e02e3]:main():compute-mfcc-feats.cc:182) Processed features for key common_voice_lt_25161029
WARNING (compute-mfcc-feats[5.5.1182~1-e02e3]:Read():wave-reader.cc:304) Expected 167040 bytes of wave data, but read only 165888 bytes. Truncated file?
VLOG[2] (compute-mfcc-feats[5.5.1182~1-e02e3]:main():compute-mfcc-feats.cc:182) Processed features for key common_voice_lt_25161030
WARNING (compute-mfcc-feats[5.5.1182~1-e02e3]:Read():wave-reader.cc:304) Expected 132480 bytes of wave data, but read only 131328 bytes. Truncated file?
VLOG[2] (compute-mfcc-feats[5.5.1182~1-e02e3]:main():compute-mfcc-feats.cc:182) Processed features for key common_voice_lt_25161031
WARNING (compute-mfcc-feats[5.5.1182~1-e02e3]:Read():wave-reader.cc:304) Expected 139392 bytes of wave data, but read only 138240 bytes. Truncated file?
LOG (compute-mfcc-feats[5.5.1182~1-e02e3]:main():compute-mfcc-feats.cc:181) Processed 480 utterances
VLOG[2] (compute-mfcc-feats[5.5.1182~1-e02e3]:main():compute-mfcc-feats.cc:182) Processed features for key common_voice_lt_25161037
WARNING (compute-mfcc-feats[5.5.1182~1-e02e3]:Read():wave-reader.cc:304) Expected 92160 bytes of wave data, but read only 91008 bytes. Truncated file?
VLOG[2] (compute-mfcc-feats[5.5.1182~1-e02e3]:main():compute-mfcc-feats.cc:182) Processed features for key common_voice_lt_25161038
WARNING (compute-mfcc-feats[5.5.1182~1-e02e3]:Read():wave-reader.cc:304) Expected 132480 bytes of wave data, but read only 131328 bytes. Truncated file?
VLOG[2] (compute-mfcc-feats[5.5.1182~1-e02e3]:main():compute-mfcc-feats.cc:182) Processed features for key common_voice_lt_25161040
WARNING (compute-mfcc-feats[5.5.1182~1-e02e3]:Read():wave-reader.cc:304) Expected 138240 bytes of wave data, but read only 137088 bytes. Truncated file?
VLOG[2] (compute-mfcc-feats[5.5.1182~1-e02e3]:main():compute-mfcc-feats.cc:182) Processed features for key common_voice_lt_25161041
WARNING (compute-mfcc-feats[5.5.1182~1-e02e3]:Read():wave-reader.cc:304) Expected 104832 bytes of wave data, but read only 103680 bytes. Truncated file?
VLOG[2] (compute-mfcc-feats[5.5.1182~1-e02e3]:main():compute-mfcc-feats.cc:182) Processed features for key common_voice_lt_25161045
WARNING (compute-mfcc-feats[5.5.1182~1-e02e3]:Read():wave-reader.cc:304) Expected 184320 bytes of wave data, but read only 183168 bytes. Truncated file?
VLOG[2] (compute-mfcc-feats[5.5.1182~1-e02e3]:main():compute-mfcc-feats.cc:182) Processed features for key common_voice_lt_25161046
WARNING (compute-mfcc-feats[5.5.1182~1-e02e3]:Read():wave-reader.cc:304) Expected 127872 bytes of wave data, but read only 126720 bytes. Truncated file?
VLOG[2] (compute-mfcc-feats[5.5.1182~1-e02e3]:main():compute-mfcc-feats.cc:182) Processed features for key common_voice_lt_25161049
WARNING (compute-mfcc-feats[5.5.1182~1-e02e3]:Read():wave-reader.cc:304) Expected 156672 bytes of wave data, but read only 155520 bytes. Truncated file?
VLOG[2] (compute-mfcc-feats[5.5.1182~1-e02e3]:main():compute-mfcc-feats.cc:182) Processed features for key common_voice_lt_25161050
WARNING (compute-mfcc-feats[5.5.1182~1-e02e3]:Read():wave-reader.cc:304) Expected 141696 bytes of wave data, but read only 140544 bytes. Truncated file?
VLOG[2] (compute-mfcc-feats[5.5.1182~1-e02e3]:main():compute-mfcc-feats.cc:182) Processed features for key common_voice_lt_25161052
WARNING (compute-mfcc-feats[5.5.1182~1-e02e3]:Read():wave-reader.cc:304) Expected 205056 bytes of wave data, but read only 203904 bytes. Truncated file?
VLOG[2] (compute-mfcc-feats[5.5.1182~1-e02e3]:main():compute-mfcc-feats.cc:182) Processed features for key common_voice_lt_25161053
WARNING (compute-mfcc-feats[5.5.1182~1-e02e3]:Read():wave-reader.cc:304) Expected 156672 bytes of wave data, but read only 155520 bytes. Truncated file?
LOG (compute-mfcc-feats[5.5.1182~1-e02e3]:main():compute-mfcc-feats.cc:181) Processed 490 utterances
VLOG[2] (compute-mfcc-feats[5.5.1182~1-e02e3]:main():compute-mfcc-feats.cc:182) Processed features for key common_voice_lt_25161054
WARNING (compute-mfcc-feats[5.5.1182~1-e02e3]:Read():wave-reader.cc:304) Expected 89856 bytes of wave data, but read only 88704 bytes. Truncated file?
VLOG[2] (compute-mfcc-feats[5.5.1182~1-e02e3]:main():compute-mfcc-feats.cc:182) Processed features for key common_voice_lt_25161057
WARNING (compute-mfcc-feats[5.5.1182~1-e02e3]:Read():wave-reader.cc:304) Expected 132480 bytes of wave data, but read only 131328 bytes. Truncated file?
VLOG[2] (compute-mfcc-feats[5.5.1182~1-e02e3]:main():compute-mfcc-feats.cc:182) Processed features for key common_voice_lt_25161098
WARNING (compute-mfcc-feats[5.5.1182~1-e02e3]:Read():wave-reader.cc:304) Expected 317952 bytes of wave data, but read only 316800 bytes. Truncated file?
VLOG[2] (compute-mfcc-feats[5.5.1182~1-e02e3]:main():compute-mfcc-feats.cc:182) Processed features for key common_voice_lt_25161102
WARNING (compute-mfcc-feats[5.5.1182~1-e02e3]:Read():wave-reader.cc:304) Expected 89856 bytes of wave data, but read only 88704 bytes. Truncated file?
VLOG[2] (compute-mfcc-feats[5.5.1182~1-e02e3]:main():compute-mfcc-feats.cc:182) Processed features for key common_voice_lt_25161104
WARNING (compute-mfcc-feats[5.5.1182~1-e02e3]:Read():wave-reader.cc:304) Expected 147456 bytes of wave data, but read only 146304 bytes. Truncated file?
VLOG[2] (compute-mfcc-feats[5.5.1182~1-e02e3]:main():compute-mfcc-feats.cc:182) Processed features for key common_voice_lt_25161105
WARNING (compute-mfcc-feats[5.5.1182~1-e02e3]:Read():wave-reader.cc:304) Expected 110592 bytes of wave data, but read only 109440 bytes. Truncated file?
VLOG[2] (compute-mfcc-feats[5.5.1182~1-e02e3]:main():compute-mfcc-feats.cc:182) Processed features for key common_voice_lt_25161146
WARNING (compute-mfcc-feats[5.5.1182~1-e02e3]:Read():wave-reader.cc:304) Expected 270720 bytes of wave data, but read only 269568 bytes. Truncated file?
VLOG[2] (compute-mfcc-feats[5.5.1182~1-e02e3]:main():compute-mfcc-feats.cc:182) Processed features for key common_voice_lt_25161147
WARNING (compute-mfcc-feats[5.5.1182~1-e02e3]:Read():wave-reader.cc:304) Expected 216576 bytes of wave data, but read only 215424 bytes. Truncated file?
VLOG[2] (compute-mfcc-feats[5.5.1182~1-e02e3]:main():compute-mfcc-feats.cc:182) Processed features for key common_voice_lt_25161148
WARNING (compute-mfcc-feats[5.5.1182~1-e02e3]:Read():wave-reader.cc:304) Expected 210816 bytes of wave data, but read only 209664 bytes. Truncated file?
VLOG[2] (compute-mfcc-feats[5.5.1182~1-e02e3]:main():compute-mfcc-feats.cc:182) Processed features for key common_voice_lt_25161149
WARNING (compute-mfcc-feats[5.5.1182~1-e02e3]:Read():wave-reader.cc:304) Expected 99072 bytes of wave data, but read only 97920 bytes. Truncated file?
LOG (compute-mfcc-feats[5.5.1182~1-e02e3]:main():compute-mfcc-feats.cc:181) Processed 500 utterances
VLOG[2] (compute-mfcc-feats[5.5.1182~1-e02e3]:main():compute-mfcc-feats.cc:182) Processed features for key common_voice_lt_25161150
WARNING (compute-mfcc-feats[5.5.1182~1-e02e3]:Read():wave-reader.cc:304) Expected 176256 bytes of wave data, but read only 175104 bytes. Truncated file?
VLOG[2] (compute-mfcc-feats[5.5.1182~1-e02e3]:main():compute-mfcc-feats.cc:182) Processed features for key common_voice_lt_25161189
WARNING (compute-mfcc-feats[5.5.1182~1-e02e3]:Read():wave-reader.cc:304) Expected 141696 bytes of wave data, but read only 140544 bytes. Truncated file?
VLOG[2] (compute-mfcc-feats[5.5.1182~1-e02e3]:main():compute-mfcc-feats.cc:182) Processed features for key common_voice_lt_25161190
WARNING (compute-mfcc-feats[5.5.1182~1-e02e3]:Read():wave-reader.cc:304) Expected 135936 bytes of wave data, but read only 134784 bytes. Truncated file?
VLOG[2] (compute-mfcc-feats[5.5.1182~1-e02e3]:main():compute-mfcc-feats.cc:182) Processed features for key common_voice_lt_25161191
WARNING (compute-mfcc-feats[5.5.1182~1-e02e3]:Read():wave-reader.cc:304) Expected 89856 bytes of wave data, but read only 88704 bytes. Truncated file?
VLOG[2] (compute-mfcc-feats[5.5.1182~1-e02e3]:main():compute-mfcc-feats.cc:182) Processed features for key common_voice_lt_25161192
WARNING (compute-mfcc-feats[5.5.1182~1-e02e3]:Read():wave-reader.cc:304) Expected 190080 bytes of wave data, but read only 188928 bytes. Truncated file?
VLOG[2] (compute-mfcc-feats[5.5.1182~1-e02e3]:main():compute-mfcc-feats.cc:182) Processed features for key common_voice_lt_25161193
WARNING (compute-mfcc-feats[5.5.1182~1-e02e3]:Read():wave-reader.cc:304) Expected 182016 bytes of wave data, but read only 180864 bytes. Truncated file?
VLOG[2] (compute-mfcc-feats[5.5.1182~1-e02e3]:main():compute-mfcc-feats.cc:182) Processed features for key common_voice_lt_25161233
WARNING (compute-mfcc-feats[5.5.1182~1-e02e3]:Read():wave-reader.cc:304) Expected 147456 bytes of wave data, but read only 146304 bytes. Truncated file?
VLOG[2] (compute-mfcc-feats[5.5.1182~1-e02e3]:main():compute-mfcc-feats.cc:182) Processed features for key common_voice_lt_25161234
WARNING (compute-mfcc-feats[5.5.1182~1-e02e3]:Read():wave-reader.cc:304) Expected 126720 bytes of wave data, but read only 125568 bytes. Truncated file?
VLOG[2] (compute-mfcc-feats[5.5.1182~1-e02e3]:main():compute-mfcc-feats.cc:182) Processed features for key common_voice_lt_25161237
WARNING (compute-mfcc-feats[5.5.1182~1-e02e3]:Read():wave-reader.cc:304) Expected 158976 bytes of wave data, but read only 157824 bytes. Truncated file?
VLOG[2] (compute-mfcc-feats[5.5.1182~1-e02e3]:main():compute-mfcc-feats.cc:182) Processed features for key common_voice_lt_25161239
WARNING (compute-mfcc-feats[5.5.1182~1-e02e3]:Read():wave-reader.cc:304) Expected 155520 bytes of wave data, but read only 154368 bytes. Truncated file?
LOG (compute-mfcc-feats[5.5.1182~1-e02e3]:main():compute-mfcc-feats.cc:181) Processed 510 utterances
VLOG[2] (compute-mfcc-feats[5.5.1182~1-e02e3]:main():compute-mfcc-feats.cc:182) Processed features for key common_voice_lt_25161267
WARNING (compute-mfcc-feats[5.5.1182~1-e02e3]:Read():wave-reader.cc:304) Expected 178560 bytes of wave data, but read only 177408 bytes. Truncated file?
VLOG[2] (compute-mfcc-feats[5.5.1182~1-e02e3]:main():compute-mfcc-feats.cc:182) Processed features for key common_voice_lt_25161269
WARNING (compute-mfcc-feats[5.5.1182~1-e02e3]:Read():wave-reader.cc:304) Expected 135936 bytes of wave data, but read only 134784 bytes. Truncated file?
VLOG[2] (compute-mfcc-feats[5.5.1182~1-e02e3]:main():compute-mfcc-feats.cc:182) Processed features for key common_voice_lt_25161272
WARNING (compute-mfcc-feats[5.5.1182~1-e02e3]:Read():wave-reader.cc:304) Expected 162432 bytes of wave data, but read only 161280 bytes. Truncated file?
VLOG[2] (compute-mfcc-feats[5.5.1182~1-e02e3]:main():compute-mfcc-feats.cc:182) Processed features for key common_voice_lt_25161274
WARNING (compute-mfcc-feats[5.5.1182~1-e02e3]:Read():wave-reader.cc:304) Expected 168192 bytes of wave data, but read only 167040 bytes. Truncated file?
VLOG[2] (compute-mfcc-feats[5.5.1182~1-e02e3]:main():compute-mfcc-feats.cc:182) Processed features for key common_voice_lt_25161275
WARNING (compute-mfcc-feats[5.5.1182~1-e02e3]:Read():wave-reader.cc:304) Expected 99072 bytes of wave data, but read only 97920 bytes. Truncated file?
VLOG[2] (compute-mfcc-feats[5.5.1182~1-e02e3]:main():compute-mfcc-feats.cc:182) Processed features for key common_voice_lt_25161286
WARNING (compute-mfcc-feats[5.5.1182~1-e02e3]:Read():wave-reader.cc:304) Expected 162432 bytes of wave data, but read only 161280 bytes. Truncated file?
VLOG[2] (compute-mfcc-feats[5.5.1182~1-e02e3]:main():compute-mfcc-feats.cc:182) Processed features for key common_voice_lt_25161288
WARNING (compute-mfcc-feats[5.5.1182~1-e02e3]:Read():wave-reader.cc:304) Expected 127872 bytes of wave data, but read only 126720 bytes. Truncated file?
VLOG[2] (compute-mfcc-feats[5.5.1182~1-e02e3]:main():compute-mfcc-feats.cc:182) Processed features for key common_voice_lt_25161289
WARNING (compute-mfcc-feats[5.5.1182~1-e02e3]:Read():wave-reader.cc:304) Expected 93312 bytes of wave data, but read only 92160 bytes. Truncated file?
VLOG[2] (compute-mfcc-feats[5.5.1182~1-e02e3]:main():compute-mfcc-feats.cc:182) Processed features for key common_voice_lt_25161290
WARNING (compute-mfcc-feats[5.5.1182~1-e02e3]:Read():wave-reader.cc:304) Expected 176256 bytes of wave data, but read only 175104 bytes. Truncated file?
VLOG[2] (compute-mfcc-feats[5.5.1182~1-e02e3]:main():compute-mfcc-feats.cc:182) Processed features for key common_voice_lt_25161291
WARNING (compute-mfcc-feats[5.5.1182~1-e02e3]:Read():wave-reader.cc:304) Expected 133632 bytes of wave data, but read only 132480 bytes. Truncated file?
LOG (compute-mfcc-feats[5.5.1182~1-e02e3]:main():compute-mfcc-feats.cc:181) Processed 520 utterances
VLOG[2] (compute-mfcc-feats[5.5.1182~1-e02e3]:main():compute-mfcc-feats.cc:182) Processed features for key common_voice_lt_25161306
WARNING (compute-mfcc-feats[5.5.1182~1-e02e3]:Read():wave-reader.cc:304) Expected 185472 bytes of wave data, but read only 184320 bytes. Truncated file?
VLOG[2] (compute-mfcc-feats[5.5.1182~1-e02e3]:main():compute-mfcc-feats.cc:182) Processed features for key common_voice_lt_25161309
WARNING (compute-mfcc-feats[5.5.1182~1-e02e3]:Read():wave-reader.cc:304) Expected 155520 bytes of wave data, but read only 154368 bytes. Truncated file?
VLOG[2] (compute-mfcc-feats[5.5.1182~1-e02e3]:main():compute-mfcc-feats.cc:182) Processed features for key common_voice_lt_25161310
WARNING (compute-mfcc-feats[5.5.1182~1-e02e3]:Read():wave-reader.cc:304) Expected 153216 bytes of wave data, but read only 152064 bytes. Truncated file?
VLOG[2] (compute-mfcc-feats[5.5.1182~1-e02e3]:main():compute-mfcc-feats.cc:182) Processed features for key common_voice_lt_25161312
WARNING (compute-mfcc-feats[5.5.1182~1-e02e3]:Read():wave-reader.cc:304) Expected 95616 bytes of wave data, but read only 94464 bytes. Truncated file?
VLOG[2] (compute-mfcc-feats[5.5.1182~1-e02e3]:main():compute-mfcc-feats.cc:182) Processed features for key common_voice_lt_25161332
WARNING (compute-mfcc-feats[5.5.1182~1-e02e3]:Read():wave-reader.cc:304) Expected 127872 bytes of wave data, but read only 126720 bytes. Truncated file?
VLOG[2] (compute-mfcc-feats[5.5.1182~1-e02e3]:main():compute-mfcc-feats.cc:182) Processed features for key common_voice_lt_25161333
WARNING (compute-mfcc-feats[5.5.1182~1-e02e3]:Read():wave-reader.cc:304) Expected 109440 bytes of wave data, but read only 108288 bytes. Truncated file?
VLOG[2] (compute-mfcc-feats[5.5.1182~1-e02e3]:main():compute-mfcc-feats.cc:182) Processed features for key common_voice_lt_25161334
WARNING (compute-mfcc-feats[5.5.1182~1-e02e3]:Read():wave-reader.cc:304) Expected 104832 bytes of wave data, but read only 103680 bytes. Truncated file?
VLOG[2] (compute-mfcc-feats[5.5.1182~1-e02e3]:main():compute-mfcc-feats.cc:182) Processed features for key common_voice_lt_25161335
WARNING (compute-mfcc-feats[5.5.1182~1-e02e3]:Read():wave-reader.cc:304) Expected 127872 bytes of wave data, but read only 126720 bytes. Truncated file?
VLOG[2] (compute-mfcc-feats[5.5.1182~1-e02e3]:main():compute-mfcc-feats.cc:182) Processed features for key common_voice_lt_25161336
WARNING (compute-mfcc-feats[5.5.1182~1-e02e3]:Read():wave-reader.cc:304) Expected 178560 bytes of wave data, but read only 177408 bytes. Truncated file?
VLOG[2] (compute-mfcc-feats[5.5.1182~1-e02e3]:main():compute-mfcc-feats.cc:182) Processed features for key common_voice_lt_25161348
WARNING (compute-mfcc-feats[5.5.1182~1-e02e3]:Read():wave-reader.cc:304) Expected 173952 bytes of wave data, but read only 172800 bytes. Truncated file?
LOG (compute-mfcc-feats[5.5.1182~1-e02e3]:main():compute-mfcc-feats.cc:181) Processed 530 utterances
VLOG[2] (compute-mfcc-feats[5.5.1182~1-e02e3]:main():compute-mfcc-feats.cc:182) Processed features for key common_voice_lt_25161349
WARNING (compute-mfcc-feats[5.5.1182~1-e02e3]:Read():wave-reader.cc:304) Expected 138240 bytes of wave data, but read only 137088 bytes. Truncated file?
VLOG[2] (compute-mfcc-feats[5.5.1182~1-e02e3]:main():compute-mfcc-feats.cc:182) Processed features for key common_voice_lt_25161350
WARNING (compute-mfcc-feats[5.5.1182~1-e02e3]:Read():wave-reader.cc:304) Expected 135936 bytes of wave data, but read only 134784 bytes. Truncated file?
VLOG[2] (compute-mfcc-feats[5.5.1182~1-e02e3]:main():compute-mfcc-feats.cc:182) Processed features for key common_voice_lt_25161351
WARNING (compute-mfcc-feats[5.5.1182~1-e02e3]:Read():wave-reader.cc:304) Expected 185472 bytes of wave data, but read only 184320 bytes. Truncated file?
VLOG[2] (compute-mfcc-feats[5.5.1182~1-e02e3]:main():compute-mfcc-feats.cc:182) Processed features for key common_voice_lt_25161352
WARNING (compute-mfcc-feats[5.5.1182~1-e02e3]:Read():wave-reader.cc:304) Expected 112896 bytes of wave data, but read only 111744 bytes. Truncated file?
VLOG[2] (compute-mfcc-feats[5.5.1182~1-e02e3]:main():compute-mfcc-feats.cc:182) Processed features for key common_voice_lt_25161360
WARNING (compute-mfcc-feats[5.5.1182~1-e02e3]:Read():wave-reader.cc:304) Expected 161280 bytes of wave data, but read only 160128 bytes. Truncated file?
VLOG[2] (compute-mfcc-feats[5.5.1182~1-e02e3]:main():compute-mfcc-feats.cc:182) Processed features for key common_voice_lt_25161362
WARNING (compute-mfcc-feats[5.5.1182~1-e02e3]:Read():wave-reader.cc:304) Expected 139392 bytes of wave data, but read only 138240 bytes. Truncated file?
VLOG[2] (compute-mfcc-feats[5.5.1182~1-e02e3]:main():compute-mfcc-feats.cc:182) Processed features for key common_voice_lt_25161363
WARNING (compute-mfcc-feats[5.5.1182~1-e02e3]:Read():wave-reader.cc:304) Expected 101376 bytes of wave data, but read only 100224 bytes. Truncated file?
VLOG[2] (compute-mfcc-feats[5.5.1182~1-e02e3]:main():compute-mfcc-feats.cc:182) Processed features for key common_voice_lt_25161365
WARNING (compute-mfcc-feats[5.5.1182~1-e02e3]:Read():wave-reader.cc:304) Expected 126720 bytes of wave data, but read only 125568 bytes. Truncated file?
VLOG[2] (compute-mfcc-feats[5.5.1182~1-e02e3]:main():compute-mfcc-feats.cc:182) Processed features for key common_voice_lt_25161367
WARNING (compute-mfcc-feats[5.5.1182~1-e02e3]:Read():wave-reader.cc:304) Expected 130176 bytes of wave data, but read only 129024 bytes. Truncated file?
VLOG[2] (compute-mfcc-feats[5.5.1182~1-e02e3]:main():compute-mfcc-feats.cc:182) Processed features for key common_voice_lt_25161389
WARNING (compute-mfcc-feats[5.5.1182~1-e02e3]:Read():wave-reader.cc:304) Expected 158976 bytes of wave data, but read only 157824 bytes. Truncated file?
LOG (compute-mfcc-feats[5.5.1182~1-e02e3]:main():compute-mfcc-feats.cc:181) Processed 540 utterances
VLOG[2] (compute-mfcc-feats[5.5.1182~1-e02e3]:main():compute-mfcc-feats.cc:182) Processed features for key common_voice_lt_25161391
WARNING (compute-mfcc-feats[5.5.1182~1-e02e3]:Read():wave-reader.cc:304) Expected 93312 bytes of wave data, but read only 92160 bytes. Truncated file?
VLOG[2] (compute-mfcc-feats[5.5.1182~1-e02e3]:main():compute-mfcc-feats.cc:182) Processed features for key common_voice_lt_25161393
WARNING (compute-mfcc-feats[5.5.1182~1-e02e3]:Read():wave-reader.cc:304) Expected 110592 bytes of wave data, but read only 109440 bytes. Truncated file?
VLOG[2] (compute-mfcc-feats[5.5.1182~1-e02e3]:main():compute-mfcc-feats.cc:182) Processed features for key common_voice_lt_25161395
WARNING (compute-mfcc-feats[5.5.1182~1-e02e3]:Read():wave-reader.cc:304) Expected 138240 bytes of wave data, but read only 137088 bytes. Truncated file?
VLOG[2] (compute-mfcc-feats[5.5.1182~1-e02e3]:main():compute-mfcc-feats.cc:182) Processed features for key common_voice_lt_25161481
WARNING (compute-mfcc-feats[5.5.1182~1-e02e3]:Read():wave-reader.cc:304) Expected 95616 bytes of wave data, but read only 94464 bytes. Truncated file?
VLOG[2] (compute-mfcc-feats[5.5.1182~1-e02e3]:main():compute-mfcc-feats.cc:182) Processed features for key common_voice_lt_25161482
WARNING (compute-mfcc-feats[5.5.1182~1-e02e3]:Read():wave-reader.cc:304) Expected 162432 bytes of wave data, but read only 161280 bytes. Truncated file?
VLOG[2] (compute-mfcc-feats[5.5.1182~1-e02e3]:main():compute-mfcc-feats.cc:182) Processed features for key common_voice_lt_25161483
WARNING (compute-mfcc-feats[5.5.1182~1-e02e3]:Read():wave-reader.cc:304) Expected 236160 bytes of wave data, but read only 235008 bytes. Truncated file?
VLOG[2] (compute-mfcc-feats[5.5.1182~1-e02e3]:main():compute-mfcc-feats.cc:182) Processed features for key common_voice_lt_25161484
WARNING (compute-mfcc-feats[5.5.1182~1-e02e3]:Read():wave-reader.cc:304) Expected 127872 bytes of wave data, but read only 126720 bytes. Truncated file?
VLOG[2] (compute-mfcc-feats[5.5.1182~1-e02e3]:main():compute-mfcc-feats.cc:182) Processed features for key common_voice_lt_25161485
WARNING (compute-mfcc-feats[5.5.1182~1-e02e3]:Read():wave-reader.cc:304) Expected 130176 bytes of wave data, but read only 129024 bytes. Truncated file?
VLOG[2] (compute-mfcc-feats[5.5.1182~1-e02e3]:main():compute-mfcc-feats.cc:182) Processed features for key common_voice_lt_25161488
WARNING (compute-mfcc-feats[5.5.1182~1-e02e3]:Read():wave-reader.cc:304) Expected 126720 bytes of wave data, but read only 125568 bytes. Truncated file?
VLOG[2] (compute-mfcc-feats[5.5.1182~1-e02e3]:main():compute-mfcc-feats.cc:182) Processed features for key common_voice_lt_25161490
WARNING (compute-mfcc-feats[5.5.1182~1-e02e3]:Read():wave-reader.cc:304) Expected 104832 bytes of wave data, but read only 103680 bytes. Truncated file?
LOG (compute-mfcc-feats[5.5.1182~1-e02e3]:main():compute-mfcc-feats.cc:181) Processed 550 utterances
VLOG[2] (compute-mfcc-feats[5.5.1182~1-e02e3]:main():compute-mfcc-feats.cc:182) Processed features for key common_voice_lt_25161491
WARNING (compute-mfcc-feats[5.5.1182~1-e02e3]:Read():wave-reader.cc:304) Expected 133632 bytes of wave data, but read only 132480 bytes. Truncated file?
VLOG[2] (compute-mfcc-feats[5.5.1182~1-e02e3]:main():compute-mfcc-feats.cc:182) Processed features for key common_voice_lt_25161493
WARNING (compute-mfcc-feats[5.5.1182~1-e02e3]:Read():wave-reader.cc:304) Expected 135936 bytes of wave data, but read only 134784 bytes. Truncated file?
VLOG[2] (compute-mfcc-feats[5.5.1182~1-e02e3]:main():compute-mfcc-feats.cc:182) Processed features for key common_voice_lt_25161495
WARNING (compute-mfcc-feats[5.5.1182~1-e02e3]:Read():wave-reader.cc:304) Expected 133632 bytes of wave data, but read only 132480 bytes. Truncated file?
VLOG[2] (compute-mfcc-feats[5.5.1182~1-e02e3]:main():compute-mfcc-feats.cc:182) Processed features for key common_voice_lt_25161520
WARNING (compute-mfcc-feats[5.5.1182~1-e02e3]:Read():wave-reader.cc:304) Expected 178560 bytes of wave data, but read only 177408 bytes. Truncated file?
VLOG[2] (compute-mfcc-feats[5.5.1182~1-e02e3]:main():compute-mfcc-feats.cc:182) Processed features for key common_voice_lt_25161521
WARNING (compute-mfcc-feats[5.5.1182~1-e02e3]:Read():wave-reader.cc:304) Expected 122112 bytes of wave data, but read only 120960 bytes. Truncated file?
VLOG[2] (compute-mfcc-feats[5.5.1182~1-e02e3]:main():compute-mfcc-feats.cc:182) Processed features for key common_voice_lt_25161523
WARNING (compute-mfcc-feats[5.5.1182~1-e02e3]:Read():wave-reader.cc:304) Expected 124416 bytes of wave data, but read only 123264 bytes. Truncated file?
VLOG[2] (compute-mfcc-feats[5.5.1182~1-e02e3]:main():compute-mfcc-feats.cc:182) Processed features for key common_voice_lt_25161524
WARNING (compute-mfcc-feats[5.5.1182~1-e02e3]:Read():wave-reader.cc:304) Expected 239616 bytes of wave data, but read only 238464 bytes. Truncated file?
VLOG[2] (compute-mfcc-feats[5.5.1182~1-e02e3]:main():compute-mfcc-feats.cc:182) Processed features for key common_voice_lt_25161525
WARNING (compute-mfcc-feats[5.5.1182~1-e02e3]:Read():wave-reader.cc:304) Expected 103680 bytes of wave data, but read only 102528 bytes. Truncated file?
VLOG[2] (compute-mfcc-feats[5.5.1182~1-e02e3]:main():compute-mfcc-feats.cc:182) Processed features for key common_voice_lt_25161528
WARNING (compute-mfcc-feats[5.5.1182~1-e02e3]:Read():wave-reader.cc:304) Expected 103680 bytes of wave data, but read only 102528 bytes. Truncated file?
VLOG[2] (compute-mfcc-feats[5.5.1182~1-e02e3]:main():compute-mfcc-feats.cc:182) Processed features for key common_voice_lt_25161529
WARNING (compute-mfcc-feats[5.5.1182~1-e02e3]:Read():wave-reader.cc:304) Expected 112896 bytes of wave data, but read only 111744 bytes. Truncated file?
LOG (compute-mfcc-feats[5.5.1182~1-e02e3]:main():compute-mfcc-feats.cc:181) Processed 560 utterances
VLOG[2] (compute-mfcc-feats[5.5.1182~1-e02e3]:main():compute-mfcc-feats.cc:182) Processed features for key common_voice_lt_25161530
WARNING (compute-mfcc-feats[5.5.1182~1-e02e3]:Read():wave-reader.cc:304) Expected 176256 bytes of wave data, but read only 175104 bytes. Truncated file?
VLOG[2] (compute-mfcc-feats[5.5.1182~1-e02e3]:main():compute-mfcc-feats.cc:182) Processed features for key common_voice_lt_25161531
WARNING (compute-mfcc-feats[5.5.1182~1-e02e3]:Read():wave-reader.cc:304) Expected 95616 bytes of wave data, but read only 94464 bytes. Truncated file?
VLOG[2] (compute-mfcc-feats[5.5.1182~1-e02e3]:main():compute-mfcc-feats.cc:182) Processed features for key common_voice_lt_25161532
WARNING (compute-mfcc-feats[5.5.1182~1-e02e3]:Read():wave-reader.cc:304) Expected 199296 bytes of wave data, but read only 198144 bytes. Truncated file?
VLOG[2] (compute-mfcc-feats[5.5.1182~1-e02e3]:main():compute-mfcc-feats.cc:182) Processed features for key common_voice_lt_25161538
WARNING (compute-mfcc-feats[5.5.1182~1-e02e3]:Read():wave-reader.cc:304) Expected 120960 bytes of wave data, but read only 119808 bytes. Truncated file?
VLOG[2] (compute-mfcc-feats[5.5.1182~1-e02e3]:main():compute-mfcc-feats.cc:182) Processed features for key common_voice_lt_25161539
WARNING (compute-mfcc-feats[5.5.1182~1-e02e3]:Read():wave-reader.cc:304) Expected 214272 bytes of wave data, but read only 213120 bytes. Truncated file?
VLOG[2] (compute-mfcc-feats[5.5.1182~1-e02e3]:main():compute-mfcc-feats.cc:182) Processed features for key common_voice_lt_25161540
WARNING (compute-mfcc-feats[5.5.1182~1-e02e3]:Read():wave-reader.cc:304) Expected 89856 bytes of wave data, but read only 88704 bytes. Truncated file?
VLOG[2] (compute-mfcc-feats[5.5.1182~1-e02e3]:main():compute-mfcc-feats.cc:182) Processed features for key common_voice_lt_25161541
WARNING (compute-mfcc-feats[5.5.1182~1-e02e3]:Read():wave-reader.cc:304) Expected 132480 bytes of wave data, but read only 131328 bytes. Truncated file?
VLOG[2] (compute-mfcc-feats[5.5.1182~1-e02e3]:main():compute-mfcc-feats.cc:182) Processed features for key common_voice_lt_25161542
WARNING (compute-mfcc-feats[5.5.1182~1-e02e3]:Read():wave-reader.cc:304) Expected 147456 bytes of wave data, but read only 146304 bytes. Truncated file?
VLOG[2] (compute-mfcc-feats[5.5.1182~1-e02e3]:main():compute-mfcc-feats.cc:182) Processed features for key common_voice_lt_25161554
WARNING (compute-mfcc-feats[5.5.1182~1-e02e3]:Read():wave-reader.cc:304) Expected 127872 bytes of wave data, but read only 126720 bytes. Truncated file?
VLOG[2] (compute-mfcc-feats[5.5.1182~1-e02e3]:main():compute-mfcc-feats.cc:182) Processed features for key common_voice_lt_25161555
WARNING (compute-mfcc-feats[5.5.1182~1-e02e3]:Read():wave-reader.cc:304) Expected 170496 bytes of wave data, but read only 169344 bytes. Truncated file?
LOG (compute-mfcc-feats[5.5.1182~1-e02e3]:main():compute-mfcc-feats.cc:181) Processed 570 utterances
VLOG[2] (compute-mfcc-feats[5.5.1182~1-e02e3]:main():compute-mfcc-feats.cc:182) Processed features for key common_voice_lt_25161556
WARNING (compute-mfcc-feats[5.5.1182~1-e02e3]:Read():wave-reader.cc:304) Expected 237312 bytes of wave data, but read only 236160 bytes. Truncated file?
VLOG[2] (compute-mfcc-feats[5.5.1182~1-e02e3]:main():compute-mfcc-feats.cc:182) Processed features for key common_voice_lt_25161557
WARNING (compute-mfcc-feats[5.5.1182~1-e02e3]:Read():wave-reader.cc:304) Expected 130176 bytes of wave data, but read only 129024 bytes. Truncated file?
VLOG[2] (compute-mfcc-feats[5.5.1182~1-e02e3]:main():compute-mfcc-feats.cc:182) Processed features for key common_voice_lt_25161558
WARNING (compute-mfcc-feats[5.5.1182~1-e02e3]:Read():wave-reader.cc:304) Expected 201600 bytes of wave data, but read only 200448 bytes. Truncated file?
VLOG[2] (compute-mfcc-feats[5.5.1182~1-e02e3]:main():compute-mfcc-feats.cc:182) Processed features for key common_voice_lt_25161565
WARNING (compute-mfcc-feats[5.5.1182~1-e02e3]:Read():wave-reader.cc:304) Expected 207360 bytes of wave data, but read only 206208 bytes. Truncated file?
VLOG[2] (compute-mfcc-feats[5.5.1182~1-e02e3]:main():compute-mfcc-feats.cc:182) Processed features for key common_voice_lt_25161566
WARNING (compute-mfcc-feats[5.5.1182~1-e02e3]:Read():wave-reader.cc:304) Expected 145152 bytes of wave data, but read only 144000 bytes. Truncated file?
VLOG[2] (compute-mfcc-feats[5.5.1182~1-e02e3]:main():compute-mfcc-feats.cc:182) Processed features for key common_voice_lt_25161567
WARNING (compute-mfcc-feats[5.5.1182~1-e02e3]:Read():wave-reader.cc:304) Expected 122112 bytes of wave data, but read only 120960 bytes. Truncated file?
VLOG[2] (compute-mfcc-feats[5.5.1182~1-e02e3]:main():compute-mfcc-feats.cc:182) Processed features for key common_voice_lt_25161568
WARNING (compute-mfcc-feats[5.5.1182~1-e02e3]:Read():wave-reader.cc:304) Expected 122112 bytes of wave data, but read only 120960 bytes. Truncated file?
VLOG[2] (compute-mfcc-feats[5.5.1182~1-e02e3]:main():compute-mfcc-feats.cc:182) Processed features for key common_voice_lt_25161571
WARNING (compute-mfcc-feats[5.5.1182~1-e02e3]:Read():wave-reader.cc:304) Expected 214272 bytes of wave data, but read only 213120 bytes. Truncated file?
VLOG[2] (compute-mfcc-feats[5.5.1182~1-e02e3]:main():compute-mfcc-feats.cc:182) Processed features for key common_voice_lt_25161572
WARNING (compute-mfcc-feats[5.5.1182~1-e02e3]:Read():wave-reader.cc:304) Expected 103680 bytes of wave data, but read only 102528 bytes. Truncated file?
VLOG[2] (compute-mfcc-feats[5.5.1182~1-e02e3]:main():compute-mfcc-feats.cc:182) Processed features for key common_voice_lt_25161573
WARNING (compute-mfcc-feats[5.5.1182~1-e02e3]:Read():wave-reader.cc:304) Expected 110592 bytes of wave data, but read only 109440 bytes. Truncated file?
LOG (compute-mfcc-feats[5.5.1182~1-e02e3]:main():compute-mfcc-feats.cc:181) Processed 580 utterances
VLOG[2] (compute-mfcc-feats[5.5.1182~1-e02e3]:main():compute-mfcc-feats.cc:182) Processed features for key common_voice_lt_25161574
WARNING (compute-mfcc-feats[5.5.1182~1-e02e3]:Read():wave-reader.cc:304) Expected 130176 bytes of wave data, but read only 129024 bytes. Truncated file?
VLOG[2] (compute-mfcc-feats[5.5.1182~1-e02e3]:main():compute-mfcc-feats.cc:182) Processed features for key common_voice_lt_25161575
WARNING (compute-mfcc-feats[5.5.1182~1-e02e3]:Read():wave-reader.cc:304) Expected 109440 bytes of wave data, but read only 108288 bytes. Truncated file?
VLOG[2] (compute-mfcc-feats[5.5.1182~1-e02e3]:main():compute-mfcc-feats.cc:182) Processed features for key common_voice_lt_25161597
WARNING (compute-mfcc-feats[5.5.1182~1-e02e3]:Read():wave-reader.cc:304) Expected 214272 bytes of wave data, but read only 213120 bytes. Truncated file?
VLOG[2] (compute-mfcc-feats[5.5.1182~1-e02e3]:main():compute-mfcc-feats.cc:182) Processed features for key common_voice_lt_25161598
WARNING (compute-mfcc-feats[5.5.1182~1-e02e3]:Read():wave-reader.cc:304) Expected 145152 bytes of wave data, but read only 144000 bytes. Truncated file?
VLOG[2] (compute-mfcc-feats[5.5.1182~1-e02e3]:main():compute-mfcc-feats.cc:182) Processed features for key common_voice_lt_25161599
WARNING (compute-mfcc-feats[5.5.1182~1-e02e3]:Read():wave-reader.cc:304) Expected 208512 bytes of wave data, but read only 207360 bytes. Truncated file?
VLOG[2] (compute-mfcc-feats[5.5.1182~1-e02e3]:main():compute-mfcc-feats.cc:182) Processed features for key common_voice_lt_25161600
WARNING (compute-mfcc-feats[5.5.1182~1-e02e3]:Read():wave-reader.cc:304) Expected 130176 bytes of wave data, but read only 129024 bytes. Truncated file?
VLOG[2] (compute-mfcc-feats[5.5.1182~1-e02e3]:main():compute-mfcc-feats.cc:182) Processed features for key common_voice_lt_25161601
WARNING (compute-mfcc-feats[5.5.1182~1-e02e3]:Read():wave-reader.cc:304) Expected 92160 bytes of wave data, but read only 91008 bytes. Truncated file?
VLOG[2] (compute-mfcc-feats[5.5.1182~1-e02e3]:main():compute-mfcc-feats.cc:182) Processed features for key common_voice_lt_25161608
WARNING (compute-mfcc-feats[5.5.1182~1-e02e3]:Read():wave-reader.cc:304) Expected 115200 bytes of wave data, but read only 114048 bytes. Truncated file?
VLOG[2] (compute-mfcc-feats[5.5.1182~1-e02e3]:main():compute-mfcc-feats.cc:182) Processed features for key common_voice_lt_25161609
WARNING (compute-mfcc-feats[5.5.1182~1-e02e3]:Read():wave-reader.cc:304) Expected 138240 bytes of wave data, but read only 137088 bytes. Truncated file?
VLOG[2] (compute-mfcc-feats[5.5.1182~1-e02e3]:main():compute-mfcc-feats.cc:182) Processed features for key common_voice_lt_25161610
WARNING (compute-mfcc-feats[5.5.1182~1-e02e3]:Read():wave-reader.cc:304) Expected 170496 bytes of wave data, but read only 169344 bytes. Truncated file?
LOG (compute-mfcc-feats[5.5.1182~1-e02e3]:main():compute-mfcc-feats.cc:181) Processed 590 utterances
VLOG[2] (compute-mfcc-feats[5.5.1182~1-e02e3]:main():compute-mfcc-feats.cc:182) Processed features for key common_voice_lt_25161611
WARNING (compute-mfcc-feats[5.5.1182~1-e02e3]:Read():wave-reader.cc:304) Expected 141696 bytes of wave data, but read only 140544 bytes. Truncated file?
VLOG[2] (compute-mfcc-feats[5.5.1182~1-e02e3]:main():compute-mfcc-feats.cc:182) Processed features for key common_voice_lt_25161612
WARNING (compute-mfcc-feats[5.5.1182~1-e02e3]:Read():wave-reader.cc:304) Expected 190080 bytes of wave data, but read only 188928 bytes. Truncated file?
VLOG[2] (compute-mfcc-feats[5.5.1182~1-e02e3]:main():compute-mfcc-feats.cc:182) Processed features for key common_voice_lt_25161619
WARNING (compute-mfcc-feats[5.5.1182~1-e02e3]:Read():wave-reader.cc:304) Expected 156672 bytes of wave data, but read only 155520 bytes. Truncated file?
VLOG[2] (compute-mfcc-feats[5.5.1182~1-e02e3]:main():compute-mfcc-feats.cc:182) Processed features for key common_voice_lt_25161620
WARNING (compute-mfcc-feats[5.5.1182~1-e02e3]:Read():wave-reader.cc:304) Expected 150912 bytes of wave data, but read only 149760 bytes. Truncated file?
VLOG[2] (compute-mfcc-feats[5.5.1182~1-e02e3]:main():compute-mfcc-feats.cc:182) Processed features for key common_voice_lt_25161621
WARNING (compute-mfcc-feats[5.5.1182~1-e02e3]:Read():wave-reader.cc:304) Expected 156672 bytes of wave data, but read only 155520 bytes. Truncated file?
VLOG[2] (compute-mfcc-feats[5.5.1182~1-e02e3]:main():compute-mfcc-feats.cc:182) Processed features for key common_voice_lt_25161622
WARNING (compute-mfcc-feats[5.5.1182~1-e02e3]:Read():wave-reader.cc:304) Expected 132480 bytes of wave data, but read only 131328 bytes. Truncated file?
VLOG[2] (compute-mfcc-feats[5.5.1182~1-e02e3]:main():compute-mfcc-feats.cc:182) Processed features for key common_voice_lt_25161623
WARNING (compute-mfcc-feats[5.5.1182~1-e02e3]:Read():wave-reader.cc:304) Expected 172800 bytes of wave data, but read only 171648 bytes. Truncated file?
VLOG[2] (compute-mfcc-feats[5.5.1182~1-e02e3]:main():compute-mfcc-feats.cc:182) Processed features for key common_voice_lt_25161628
WARNING (compute-mfcc-feats[5.5.1182~1-e02e3]:Read():wave-reader.cc:304) Expected 133632 bytes of wave data, but read only 132480 bytes. Truncated file?
VLOG[2] (compute-mfcc-feats[5.5.1182~1-e02e3]:main():compute-mfcc-feats.cc:182) Processed features for key common_voice_lt_25161630
WARNING (compute-mfcc-feats[5.5.1182~1-e02e3]:Read():wave-reader.cc:304) Expected 135936 bytes of wave data, but read only 134784 bytes. Truncated file?
VLOG[2] (compute-mfcc-feats[5.5.1182~1-e02e3]:main():compute-mfcc-feats.cc:182) Processed features for key common_voice_lt_25161632
WARNING (compute-mfcc-feats[5.5.1182~1-e02e3]:Read():wave-reader.cc:304) Expected 126720 bytes of wave data, but read only 125568 bytes. Truncated file?
LOG (compute-mfcc-feats[5.5.1182~1-e02e3]:main():compute-mfcc-feats.cc:181) Processed 600 utterances
VLOG[2] (compute-mfcc-feats[5.5.1182~1-e02e3]:main():compute-mfcc-feats.cc:182) Processed features for key common_voice_lt_25161633
WARNING (compute-mfcc-feats[5.5.1182~1-e02e3]:Read():wave-reader.cc:304) Expected 147456 bytes of wave data, but read only 146304 bytes. Truncated file?
VLOG[2] (compute-mfcc-feats[5.5.1182~1-e02e3]:main():compute-mfcc-feats.cc:182) Processed features for key common_voice_lt_25161634
WARNING (compute-mfcc-feats[5.5.1182~1-e02e3]:Read():wave-reader.cc:304) Expected 228096 bytes of wave data, but read only 226944 bytes. Truncated file?
VLOG[2] (compute-mfcc-feats[5.5.1182~1-e02e3]:main():compute-mfcc-feats.cc:182) Processed features for key common_voice_lt_25162444
WARNING (compute-mfcc-feats[5.5.1182~1-e02e3]:Read():wave-reader.cc:304) Expected 158976 bytes of wave data, but read only 157824 bytes. Truncated file?
VLOG[2] (compute-mfcc-feats[5.5.1182~1-e02e3]:main():compute-mfcc-feats.cc:182) Processed features for key common_voice_lt_25162445
WARNING (compute-mfcc-feats[5.5.1182~1-e02e3]:Read():wave-reader.cc:304) Expected 133632 bytes of wave data, but read only 132480 bytes. Truncated file?
VLOG[2] (compute-mfcc-feats[5.5.1182~1-e02e3]:main():compute-mfcc-feats.cc:182) Processed features for key common_voice_lt_25162446
WARNING (compute-mfcc-feats[5.5.1182~1-e02e3]:Read():wave-reader.cc:304) Expected 210816 bytes of wave data, but read only 209664 bytes. Truncated file?
VLOG[2] (compute-mfcc-feats[5.5.1182~1-e02e3]:main():compute-mfcc-feats.cc:182) Processed features for key common_voice_lt_25162447
WARNING (compute-mfcc-feats[5.5.1182~1-e02e3]:Read():wave-reader.cc:304) Expected 158976 bytes of wave data, but read only 157824 bytes. Truncated file?
VLOG[2] (compute-mfcc-feats[5.5.1182~1-e02e3]:main():compute-mfcc-feats.cc:182) Processed features for key common_voice_lt_25162448
WARNING (compute-mfcc-feats[5.5.1182~1-e02e3]:Read():wave-reader.cc:304) Expected 132480 bytes of wave data, but read only 131328 bytes. Truncated file?
VLOG[2] (compute-mfcc-feats[5.5.1182~1-e02e3]:main():compute-mfcc-feats.cc:182) Processed features for key common_voice_lt_25162449
WARNING (compute-mfcc-feats[5.5.1182~1-e02e3]:Read():wave-reader.cc:304) Expected 153216 bytes of wave data, but read only 152064 bytes. Truncated file?
VLOG[2] (compute-mfcc-feats[5.5.1182~1-e02e3]:main():compute-mfcc-feats.cc:182) Processed features for key common_voice_lt_25162450
WARNING (compute-mfcc-feats[5.5.1182~1-e02e3]:Read():wave-reader.cc:304) Expected 141696 bytes of wave data, but read only 140544 bytes. Truncated file?
VLOG[2] (compute-mfcc-feats[5.5.1182~1-e02e3]:main():compute-mfcc-feats.cc:182) Processed features for key common_voice_lt_25162451
WARNING (compute-mfcc-feats[5.5.1182~1-e02e3]:Read():wave-reader.cc:304) Expected 112896 bytes of wave data, but read only 111744 bytes. Truncated file?
LOG (compute-mfcc-feats[5.5.1182~1-e02e3]:main():compute-mfcc-feats.cc:181) Processed 610 utterances
VLOG[2] (compute-mfcc-feats[5.5.1182~1-e02e3]:main():compute-mfcc-feats.cc:182) Processed features for key common_voice_lt_25162452
WARNING (compute-mfcc-feats[5.5.1182~1-e02e3]:Read():wave-reader.cc:304) Expected 158976 bytes of wave data, but read only 157824 bytes. Truncated file?
VLOG[2] (compute-mfcc-feats[5.5.1182~1-e02e3]:main():compute-mfcc-feats.cc:182) Processed features for key common_voice_lt_25162453
WARNING (compute-mfcc-feats[5.5.1182~1-e02e3]:Read():wave-reader.cc:304) Expected 193536 bytes of wave data, but read only 192384 bytes. Truncated file?
VLOG[2] (compute-mfcc-feats[5.5.1182~1-e02e3]:main():compute-mfcc-feats.cc:182) Processed features for key common_voice_lt_25162454
WARNING (compute-mfcc-feats[5.5.1182~1-e02e3]:Read():wave-reader.cc:304) Expected 158976 bytes of wave data, but read only 157824 bytes. Truncated file?
VLOG[2] (compute-mfcc-feats[5.5.1182~1-e02e3]:main():compute-mfcc-feats.cc:182) Processed features for key common_voice_lt_25162455
WARNING (compute-mfcc-feats[5.5.1182~1-e02e3]:Read():wave-reader.cc:304) Expected 176256 bytes of wave data, but read only 175104 bytes. Truncated file?
VLOG[2] (compute-mfcc-feats[5.5.1182~1-e02e3]:main():compute-mfcc-feats.cc:182) Processed features for key common_voice_lt_25162456
WARNING (compute-mfcc-feats[5.5.1182~1-e02e3]:Read():wave-reader.cc:304) Expected 147456 bytes of wave data, but read only 146304 bytes. Truncated file?
VLOG[2] (compute-mfcc-feats[5.5.1182~1-e02e3]:main():compute-mfcc-feats.cc:182) Processed features for key common_voice_lt_25162457
WARNING (compute-mfcc-feats[5.5.1182~1-e02e3]:Read():wave-reader.cc:304) Expected 233856 bytes of wave data, but read only 232704 bytes. Truncated file?
VLOG[2] (compute-mfcc-feats[5.5.1182~1-e02e3]:main():compute-mfcc-feats.cc:182) Processed features for key common_voice_lt_25162458
WARNING (compute-mfcc-feats[5.5.1182~1-e02e3]:Read():wave-reader.cc:304) Expected 127872 bytes of wave data, but read only 126720 bytes. Truncated file?
VLOG[2] (compute-mfcc-feats[5.5.1182~1-e02e3]:main():compute-mfcc-feats.cc:182) Processed features for key common_voice_lt_25162459
WARNING (compute-mfcc-feats[5.5.1182~1-e02e3]:Read():wave-reader.cc:304) Expected 126720 bytes of wave data, but read only 125568 bytes. Truncated file?
VLOG[2] (compute-mfcc-feats[5.5.1182~1-e02e3]:main():compute-mfcc-feats.cc:182) Processed features for key common_voice_lt_25162460
WARNING (compute-mfcc-feats[5.5.1182~1-e02e3]:Read():wave-reader.cc:304) Expected 161280 bytes of wave data, but read only 160128 bytes. Truncated file?
VLOG[2] (compute-mfcc-feats[5.5.1182~1-e02e3]:main():compute-mfcc-feats.cc:182) Processed features for key common_voice_lt_25162461
WARNING (compute-mfcc-feats[5.5.1182~1-e02e3]:Read():wave-reader.cc:304) Expected 133632 bytes of wave data, but read only 132480 bytes. Truncated file?
LOG (compute-mfcc-feats[5.5.1182~1-e02e3]:main():compute-mfcc-feats.cc:181) Processed 620 utterances
VLOG[2] (compute-mfcc-feats[5.5.1182~1-e02e3]:main():compute-mfcc-feats.cc:182) Processed features for key common_voice_lt_25162462
WARNING (compute-mfcc-feats[5.5.1182~1-e02e3]:Read():wave-reader.cc:304) Expected 156672 bytes of wave data, but read only 155520 bytes. Truncated file?
VLOG[2] (compute-mfcc-feats[5.5.1182~1-e02e3]:main():compute-mfcc-feats.cc:182) Processed features for key common_voice_lt_25162463
WARNING (compute-mfcc-feats[5.5.1182~1-e02e3]:Read():wave-reader.cc:304) Expected 115200 bytes of wave data, but read only 114048 bytes. Truncated file?
VLOG[2] (compute-mfcc-feats[5.5.1182~1-e02e3]:main():compute-mfcc-feats.cc:182) Processed features for key common_voice_lt_25162464
WARNING (compute-mfcc-feats[5.5.1182~1-e02e3]:Read():wave-reader.cc:304) Expected 97920 bytes of wave data, but read only 96768 bytes. Truncated file?
VLOG[2] (compute-mfcc-feats[5.5.1182~1-e02e3]:main():compute-mfcc-feats.cc:182) Processed features for key common_voice_lt_25162466
WARNING (compute-mfcc-feats[5.5.1182~1-e02e3]:Read():wave-reader.cc:304) Expected 172800 bytes of wave data, but read only 171648 bytes. Truncated file?
VLOG[2] (compute-mfcc-feats[5.5.1182~1-e02e3]:main():compute-mfcc-feats.cc:182) Processed features for key common_voice_lt_25162467
WARNING (compute-mfcc-feats[5.5.1182~1-e02e3]:Read():wave-reader.cc:304) Expected 120960 bytes of wave data, but read only 119808 bytes. Truncated file?
VLOG[2] (compute-mfcc-feats[5.5.1182~1-e02e3]:main():compute-mfcc-feats.cc:182) Processed features for key common_voice_lt_25162470
WARNING (compute-mfcc-feats[5.5.1182~1-e02e3]:Read():wave-reader.cc:304) Expected 122112 bytes of wave data, but read only 120960 bytes. Truncated file?
VLOG[2] (compute-mfcc-feats[5.5.1182~1-e02e3]:main():compute-mfcc-feats.cc:182) Processed features for key common_voice_lt_25162473
WARNING (compute-mfcc-feats[5.5.1182~1-e02e3]:Read():wave-reader.cc:304) Expected 104832 bytes of wave data, but read only 103680 bytes. Truncated file?
VLOG[2] (compute-mfcc-feats[5.5.1182~1-e02e3]:main():compute-mfcc-feats.cc:182) Processed features for key common_voice_lt_25162474
WARNING (compute-mfcc-feats[5.5.1182~1-e02e3]:Read():wave-reader.cc:304) Expected 87552 bytes of wave data, but read only 86400 bytes. Truncated file?
VLOG[2] (compute-mfcc-feats[5.5.1182~1-e02e3]:main():compute-mfcc-feats.cc:182) Processed features for key common_voice_lt_25162475
WARNING (compute-mfcc-feats[5.5.1182~1-e02e3]:Read():wave-reader.cc:304) Expected 109440 bytes of wave data, but read only 108288 bytes. Truncated file?
VLOG[2] (compute-mfcc-feats[5.5.1182~1-e02e3]:main():compute-mfcc-feats.cc:182) Processed features for key common_voice_lt_25162476
WARNING (compute-mfcc-feats[5.5.1182~1-e02e3]:Read():wave-reader.cc:304) Expected 132480 bytes of wave data, but read only 131328 bytes. Truncated file?
LOG (compute-mfcc-feats[5.5.1182~1-e02e3]:main():compute-mfcc-feats.cc:181) Processed 630 utterances
VLOG[2] (compute-mfcc-feats[5.5.1182~1-e02e3]:main():compute-mfcc-feats.cc:182) Processed features for key common_voice_lt_25162477
WARNING (compute-mfcc-feats[5.5.1182~1-e02e3]:Read():wave-reader.cc:304) Expected 187776 bytes of wave data, but read only 186624 bytes. Truncated file?
VLOG[2] (compute-mfcc-feats[5.5.1182~1-e02e3]:main():compute-mfcc-feats.cc:182) Processed features for key common_voice_lt_25162478
WARNING (compute-mfcc-feats[5.5.1182~1-e02e3]:Read():wave-reader.cc:304) Expected 122112 bytes of wave data, but read only 120960 bytes. Truncated file?
VLOG[2] (compute-mfcc-feats[5.5.1182~1-e02e3]:main():compute-mfcc-feats.cc:182) Processed features for key common_voice_lt_25162479
WARNING (compute-mfcc-feats[5.5.1182~1-e02e3]:Read():wave-reader.cc:304) Expected 162432 bytes of wave data, but read only 161280 bytes. Truncated file?
VLOG[2] (compute-mfcc-feats[5.5.1182~1-e02e3]:main():compute-mfcc-feats.cc:182) Processed features for key common_voice_lt_25162480
WARNING (compute-mfcc-feats[5.5.1182~1-e02e3]:Read():wave-reader.cc:304) Expected 141696 bytes of wave data, but read only 140544 bytes. Truncated file?
VLOG[2] (compute-mfcc-feats[5.5.1182~1-e02e3]:main():compute-mfcc-feats.cc:182) Processed features for key common_voice_lt_25162481
WARNING (compute-mfcc-feats[5.5.1182~1-e02e3]:Read():wave-reader.cc:304) Expected 187776 bytes of wave data, but read only 186624 bytes. Truncated file?
VLOG[2] (compute-mfcc-feats[5.5.1182~1-e02e3]:main():compute-mfcc-feats.cc:182) Processed features for key common_voice_lt_25162482
WARNING (compute-mfcc-feats[5.5.1182~1-e02e3]:Read():wave-reader.cc:304) Expected 225792 bytes of wave data, but read only 224640 bytes. Truncated file?
VLOG[2] (compute-mfcc-feats[5.5.1182~1-e02e3]:main():compute-mfcc-feats.cc:182) Processed features for key common_voice_lt_25162483
WARNING (compute-mfcc-feats[5.5.1182~1-e02e3]:Read():wave-reader.cc:304) Expected 132480 bytes of wave data, but read only 131328 bytes. Truncated file?
VLOG[2] (compute-mfcc-feats[5.5.1182~1-e02e3]:main():compute-mfcc-feats.cc:182) Processed features for key common_voice_lt_25162484
WARNING (compute-mfcc-feats[5.5.1182~1-e02e3]:Read():wave-reader.cc:304) Expected 182016 bytes of wave data, but read only 180864 bytes. Truncated file?
VLOG[2] (compute-mfcc-feats[5.5.1182~1-e02e3]:main():compute-mfcc-feats.cc:182) Processed features for key common_voice_lt_25162485
WARNING (compute-mfcc-feats[5.5.1182~1-e02e3]:Read():wave-reader.cc:304) Expected 156672 bytes of wave data, but read only 155520 bytes. Truncated file?
VLOG[2] (compute-mfcc-feats[5.5.1182~1-e02e3]:main():compute-mfcc-feats.cc:182) Processed features for key common_voice_lt_25162486
WARNING (compute-mfcc-feats[5.5.1182~1-e02e3]:Read():wave-reader.cc:304) Expected 122112 bytes of wave data, but read only 120960 bytes. Truncated file?
LOG (compute-mfcc-feats[5.5.1182~1-e02e3]:main():compute-mfcc-feats.cc:181) Processed 640 utterances
VLOG[2] (compute-mfcc-feats[5.5.1182~1-e02e3]:main():compute-mfcc-feats.cc:182) Processed features for key common_voice_lt_25162487
WARNING (compute-mfcc-feats[5.5.1182~1-e02e3]:Read():wave-reader.cc:304) Expected 107136 bytes of wave data, but read only 105984 bytes. Truncated file?
VLOG[2] (compute-mfcc-feats[5.5.1182~1-e02e3]:main():compute-mfcc-feats.cc:182) Processed features for key common_voice_lt_25162488
WARNING (compute-mfcc-feats[5.5.1182~1-e02e3]:Read():wave-reader.cc:304) Expected 109440 bytes of wave data, but read only 108288 bytes. Truncated file?
VLOG[2] (compute-mfcc-feats[5.5.1182~1-e02e3]:main():compute-mfcc-feats.cc:182) Processed features for key common_voice_lt_25162489
WARNING (compute-mfcc-feats[5.5.1182~1-e02e3]:Read():wave-reader.cc:304) Expected 195840 bytes of wave data, but read only 194688 bytes. Truncated file?
VLOG[2] (compute-mfcc-feats[5.5.1182~1-e02e3]:main():compute-mfcc-feats.cc:182) Processed features for key common_voice_lt_25162490
WARNING (compute-mfcc-feats[5.5.1182~1-e02e3]:Read():wave-reader.cc:304) Expected 191232 bytes of wave data, but read only 190080 bytes. Truncated file?
VLOG[2] (compute-mfcc-feats[5.5.1182~1-e02e3]:main():compute-mfcc-feats.cc:182) Processed features for key common_voice_lt_25162491
WARNING (compute-mfcc-feats[5.5.1182~1-e02e3]:Read():wave-reader.cc:304) Expected 95616 bytes of wave data, but read only 94464 bytes. Truncated file?
VLOG[2] (compute-mfcc-feats[5.5.1182~1-e02e3]:main():compute-mfcc-feats.cc:182) Processed features for key common_voice_lt_25162493
WARNING (compute-mfcc-feats[5.5.1182~1-e02e3]:Read():wave-reader.cc:304) Expected 115200 bytes of wave data, but read only 114048 bytes. Truncated file?
VLOG[2] (compute-mfcc-feats[5.5.1182~1-e02e3]:main():compute-mfcc-feats.cc:182) Processed features for key common_voice_lt_25162494
WARNING (compute-mfcc-feats[5.5.1182~1-e02e3]:Read():wave-reader.cc:304) Expected 120960 bytes of wave data, but read only 119808 bytes. Truncated file?
VLOG[2] (compute-mfcc-feats[5.5.1182~1-e02e3]:main():compute-mfcc-feats.cc:182) Processed features for key common_voice_lt_25162495
WARNING (compute-mfcc-feats[5.5.1182~1-e02e3]:Read():wave-reader.cc:304) Expected 127872 bytes of wave data, but read only 126720 bytes. Truncated file?
VLOG[2] (compute-mfcc-feats[5.5.1182~1-e02e3]:main():compute-mfcc-feats.cc:182) Processed features for key common_voice_lt_25162496
WARNING (compute-mfcc-feats[5.5.1182~1-e02e3]:Read():wave-reader.cc:304) Expected 185472 bytes of wave data, but read only 184320 bytes. Truncated file?
VLOG[2] (compute-mfcc-feats[5.5.1182~1-e02e3]:main():compute-mfcc-feats.cc:182) Processed features for key common_voice_lt_25162497
WARNING (compute-mfcc-feats[5.5.1182~1-e02e3]:Read():wave-reader.cc:304) Expected 172800 bytes of wave data, but read only 171648 bytes. Truncated file?
LOG (compute-mfcc-feats[5.5.1182~1-e02e3]:main():compute-mfcc-feats.cc:181) Processed 650 utterances
VLOG[2] (compute-mfcc-feats[5.5.1182~1-e02e3]:main():compute-mfcc-feats.cc:182) Processed features for key common_voice_lt_25162498
WARNING (compute-mfcc-feats[5.5.1182~1-e02e3]:Read():wave-reader.cc:304) Expected 178560 bytes of wave data, but read only 177408 bytes. Truncated file?
VLOG[2] (compute-mfcc-feats[5.5.1182~1-e02e3]:main():compute-mfcc-feats.cc:182) Processed features for key common_voice_lt_25162499
WARNING (compute-mfcc-feats[5.5.1182~1-e02e3]:Read():wave-reader.cc:304) Expected 101376 bytes of wave data, but read only 100224 bytes. Truncated file?
VLOG[2] (compute-mfcc-feats[5.5.1182~1-e02e3]:main():compute-mfcc-feats.cc:182) Processed features for key common_voice_lt_25162500
WARNING (compute-mfcc-feats[5.5.1182~1-e02e3]:Read():wave-reader.cc:304) Expected 144000 bytes of wave data, but read only 142848 bytes. Truncated file?
VLOG[2] (compute-mfcc-feats[5.5.1182~1-e02e3]:main():compute-mfcc-feats.cc:182) Processed features for key common_voice_lt_25162501
WARNING (compute-mfcc-feats[5.5.1182~1-e02e3]:Read():wave-reader.cc:304) Expected 122112 bytes of wave data, but read only 120960 bytes. Truncated file?
VLOG[2] (compute-mfcc-feats[5.5.1182~1-e02e3]:main():compute-mfcc-feats.cc:182) Processed features for key common_voice_lt_25162502
WARNING (compute-mfcc-feats[5.5.1182~1-e02e3]:Read():wave-reader.cc:304) Expected 228096 bytes of wave data, but read only 226944 bytes. Truncated file?
VLOG[2] (compute-mfcc-feats[5.5.1182~1-e02e3]:main():compute-mfcc-feats.cc:182) Processed features for key common_voice_lt_25162503
WARNING (compute-mfcc-feats[5.5.1182~1-e02e3]:Read():wave-reader.cc:304) Expected 297216 bytes of wave data, but read only 296064 bytes. Truncated file?
VLOG[2] (compute-mfcc-feats[5.5.1182~1-e02e3]:main():compute-mfcc-feats.cc:182) Processed features for key common_voice_lt_25162504
WARNING (compute-mfcc-feats[5.5.1182~1-e02e3]:Read():wave-reader.cc:304) Expected 158976 bytes of wave data, but read only 157824 bytes. Truncated file?
VLOG[2] (compute-mfcc-feats[5.5.1182~1-e02e3]:main():compute-mfcc-feats.cc:182) Processed features for key common_voice_lt_25162505
WARNING (compute-mfcc-feats[5.5.1182~1-e02e3]:Read():wave-reader.cc:304) Expected 150912 bytes of wave data, but read only 149760 bytes. Truncated file?
VLOG[2] (compute-mfcc-feats[5.5.1182~1-e02e3]:main():compute-mfcc-feats.cc:182) Processed features for key common_voice_lt_25162506
WARNING (compute-mfcc-feats[5.5.1182~1-e02e3]:Read():wave-reader.cc:304) Expected 237312 bytes of wave data, but read only 236160 bytes. Truncated file?
VLOG[2] (compute-mfcc-feats[5.5.1182~1-e02e3]:main():compute-mfcc-feats.cc:182) Processed features for key common_voice_lt_25162507
WARNING (compute-mfcc-feats[5.5.1182~1-e02e3]:Read():wave-reader.cc:304) Expected 130176 bytes of wave data, but read only 129024 bytes. Truncated file?
LOG (compute-mfcc-feats[5.5.1182~1-e02e3]:main():compute-mfcc-feats.cc:181) Processed 660 utterances
VLOG[2] (compute-mfcc-feats[5.5.1182~1-e02e3]:main():compute-mfcc-feats.cc:182) Processed features for key common_voice_lt_25162523
WARNING (compute-mfcc-feats[5.5.1182~1-e02e3]:Read():wave-reader.cc:304) Expected 153216 bytes of wave data, but read only 152064 bytes. Truncated file?
VLOG[2] (compute-mfcc-feats[5.5.1182~1-e02e3]:main():compute-mfcc-feats.cc:182) Processed features for key common_voice_lt_25162524
WARNING (compute-mfcc-feats[5.5.1182~1-e02e3]:Read():wave-reader.cc:304) Expected 110592 bytes of wave data, but read only 109440 bytes. Truncated file?
VLOG[2] (compute-mfcc-feats[5.5.1182~1-e02e3]:main():compute-mfcc-feats.cc:182) Processed features for key common_voice_lt_25162525
WARNING (compute-mfcc-feats[5.5.1182~1-e02e3]:Read():wave-reader.cc:304) Expected 115200 bytes of wave data, but read only 114048 bytes. Truncated file?
VLOG[2] (compute-mfcc-feats[5.5.1182~1-e02e3]:main():compute-mfcc-feats.cc:182) Processed features for key common_voice_lt_25162526
WARNING (compute-mfcc-feats[5.5.1182~1-e02e3]:Read():wave-reader.cc:304) Expected 173952 bytes of wave data, but read only 172800 bytes. Truncated file?
VLOG[2] (compute-mfcc-feats[5.5.1182~1-e02e3]:main():compute-mfcc-feats.cc:182) Processed features for key common_voice_lt_25162528
WARNING (compute-mfcc-feats[5.5.1182~1-e02e3]:Read():wave-reader.cc:304) Expected 138240 bytes of wave data, but read only 137088 bytes. Truncated file?
VLOG[2] (compute-mfcc-feats[5.5.1182~1-e02e3]:main():compute-mfcc-feats.cc:182) Processed features for key common_voice_lt_25162533
WARNING (compute-mfcc-feats[5.5.1182~1-e02e3]:Read():wave-reader.cc:304) Expected 145152 bytes of wave data, but read only 144000 bytes. Truncated file?
VLOG[2] (compute-mfcc-feats[5.5.1182~1-e02e3]:main():compute-mfcc-feats.cc:182) Processed features for key common_voice_lt_25162534
WARNING (compute-mfcc-feats[5.5.1182~1-e02e3]:Read():wave-reader.cc:304) Expected 218880 bytes of wave data, but read only 217728 bytes. Truncated file?
VLOG[2] (compute-mfcc-feats[5.5.1182~1-e02e3]:main():compute-mfcc-feats.cc:182) Processed features for key common_voice_lt_25162535
WARNING (compute-mfcc-feats[5.5.1182~1-e02e3]:Read():wave-reader.cc:304) Expected 216576 bytes of wave data, but read only 215424 bytes. Truncated file?
VLOG[2] (compute-mfcc-feats[5.5.1182~1-e02e3]:main():compute-mfcc-feats.cc:182) Processed features for key common_voice_lt_25162536
WARNING (compute-mfcc-feats[5.5.1182~1-e02e3]:Read():wave-reader.cc:304) Expected 120960 bytes of wave data, but read only 119808 bytes. Truncated file?
VLOG[2] (compute-mfcc-feats[5.5.1182~1-e02e3]:main():compute-mfcc-feats.cc:182) Processed features for key common_voice_lt_25162537
WARNING (compute-mfcc-feats[5.5.1182~1-e02e3]:Read():wave-reader.cc:304) Expected 116352 bytes of wave data, but read only 115200 bytes. Truncated file?
LOG (compute-mfcc-feats[5.5.1182~1-e02e3]:main():compute-mfcc-feats.cc:181) Processed 670 utterances
VLOG[2] (compute-mfcc-feats[5.5.1182~1-e02e3]:main():compute-mfcc-feats.cc:182) Processed features for key common_voice_lt_25162540
WARNING (compute-mfcc-feats[5.5.1182~1-e02e3]:Read():wave-reader.cc:304) Expected 124416 bytes of wave data, but read only 123264 bytes. Truncated file?
VLOG[2] (compute-mfcc-feats[5.5.1182~1-e02e3]:main():compute-mfcc-feats.cc:182) Processed features for key common_voice_lt_25162543
WARNING (compute-mfcc-feats[5.5.1182~1-e02e3]:Read():wave-reader.cc:304) Expected 124416 bytes of wave data, but read only 123264 bytes. Truncated file?
VLOG[2] (compute-mfcc-feats[5.5.1182~1-e02e3]:main():compute-mfcc-feats.cc:182) Processed features for key common_voice_lt_25162545
WARNING (compute-mfcc-feats[5.5.1182~1-e02e3]:Read():wave-reader.cc:304) Expected 132480 bytes of wave data, but read only 131328 bytes. Truncated file?
VLOG[2] (compute-mfcc-feats[5.5.1182~1-e02e3]:main():compute-mfcc-feats.cc:182) Processed features for key common_voice_lt_25162546
WARNING (compute-mfcc-feats[5.5.1182~1-e02e3]:Read():wave-reader.cc:304) Expected 112896 bytes of wave data, but read only 111744 bytes. Truncated file?
VLOG[2] (compute-mfcc-feats[5.5.1182~1-e02e3]:main():compute-mfcc-feats.cc:182) Processed features for key common_voice_lt_25162547
WARNING (compute-mfcc-feats[5.5.1182~1-e02e3]:Read():wave-reader.cc:304) Expected 122112 bytes of wave data, but read only 120960 bytes. Truncated file?
VLOG[2] (compute-mfcc-feats[5.5.1182~1-e02e3]:main():compute-mfcc-feats.cc:182) Processed features for key common_voice_lt_25162548
WARNING (compute-mfcc-feats[5.5.1182~1-e02e3]:Read():wave-reader.cc:304) Expected 124416 bytes of wave data, but read only 123264 bytes. Truncated file?
VLOG[2] (compute-mfcc-feats[5.5.1182~1-e02e3]:main():compute-mfcc-feats.cc:182) Processed features for key common_voice_lt_25162549
WARNING (compute-mfcc-feats[5.5.1182~1-e02e3]:Read():wave-reader.cc:304) Expected 202752 bytes of wave data, but read only 201600 bytes. Truncated file?
VLOG[2] (compute-mfcc-feats[5.5.1182~1-e02e3]:main():compute-mfcc-feats.cc:182) Processed features for key common_voice_lt_25162550
WARNING (compute-mfcc-feats[5.5.1182~1-e02e3]:Read():wave-reader.cc:304) Expected 103680 bytes of wave data, but read only 102528 bytes. Truncated file?
VLOG[2] (compute-mfcc-feats[5.5.1182~1-e02e3]:main():compute-mfcc-feats.cc:182) Processed features for key common_voice_lt_25162551
WARNING (compute-mfcc-feats[5.5.1182~1-e02e3]:Read():wave-reader.cc:304) Expected 150912 bytes of wave data, but read only 149760 bytes. Truncated file?
VLOG[2] (compute-mfcc-feats[5.5.1182~1-e02e3]:main():compute-mfcc-feats.cc:182) Processed features for key common_voice_lt_25162552
WARNING (compute-mfcc-feats[5.5.1182~1-e02e3]:Read():wave-reader.cc:304) Expected 170496 bytes of wave data, but read only 169344 bytes. Truncated file?
LOG (compute-mfcc-feats[5.5.1182~1-e02e3]:main():compute-mfcc-feats.cc:181) Processed 680 utterances
VLOG[2] (compute-mfcc-feats[5.5.1182~1-e02e3]:main():compute-mfcc-feats.cc:182) Processed features for key common_voice_lt_25162553
WARNING (compute-mfcc-feats[5.5.1182~1-e02e3]:Read():wave-reader.cc:304) Expected 126720 bytes of wave data, but read only 125568 bytes. Truncated file?
VLOG[2] (compute-mfcc-feats[5.5.1182~1-e02e3]:main():compute-mfcc-feats.cc:182) Processed features for key common_voice_lt_25162554
WARNING (compute-mfcc-feats[5.5.1182~1-e02e3]:Read():wave-reader.cc:304) Expected 112896 bytes of wave data, but read only 111744 bytes. Truncated file?
VLOG[2] (compute-mfcc-feats[5.5.1182~1-e02e3]:main():compute-mfcc-feats.cc:182) Processed features for key common_voice_lt_25162555
WARNING (compute-mfcc-feats[5.5.1182~1-e02e3]:Read():wave-reader.cc:304) Expected 155520 bytes of wave data, but read only 154368 bytes. Truncated file?
VLOG[2] (compute-mfcc-feats[5.5.1182~1-e02e3]:main():compute-mfcc-feats.cc:182) Processed features for key common_voice_lt_25162556
WARNING (compute-mfcc-feats[5.5.1182~1-e02e3]:Read():wave-reader.cc:304) Expected 135936 bytes of wave data, but read only 134784 bytes. Truncated file?
VLOG[2] (compute-mfcc-feats[5.5.1182~1-e02e3]:main():compute-mfcc-feats.cc:182) Processed features for key common_voice_lt_25162557
WARNING (compute-mfcc-feats[5.5.1182~1-e02e3]:Read():wave-reader.cc:304) Expected 190080 bytes of wave data, but read only 188928 bytes. Truncated file?
VLOG[2] (compute-mfcc-feats[5.5.1182~1-e02e3]:main():compute-mfcc-feats.cc:182) Processed features for key common_voice_lt_25162561
WARNING (compute-mfcc-feats[5.5.1182~1-e02e3]:Read():wave-reader.cc:304) Expected 133632 bytes of wave data, but read only 132480 bytes. Truncated file?
VLOG[2] (compute-mfcc-feats[5.5.1182~1-e02e3]:main():compute-mfcc-feats.cc:182) Processed features for key common_voice_lt_25162562
WARNING (compute-mfcc-feats[5.5.1182~1-e02e3]:Read():wave-reader.cc:304) Expected 213120 bytes of wave data, but read only 211968 bytes. Truncated file?
VLOG[2] (compute-mfcc-feats[5.5.1182~1-e02e3]:main():compute-mfcc-feats.cc:182) Processed features for key common_voice_lt_25162564
WARNING (compute-mfcc-feats[5.5.1182~1-e02e3]:Read():wave-reader.cc:304) Expected 95616 bytes of wave data, but read only 94464 bytes. Truncated file?
VLOG[2] (compute-mfcc-feats[5.5.1182~1-e02e3]:main():compute-mfcc-feats.cc:182) Processed features for key common_voice_lt_25162565
WARNING (compute-mfcc-feats[5.5.1182~1-e02e3]:Read():wave-reader.cc:304) Expected 168192 bytes of wave data, but read only 167040 bytes. Truncated file?
VLOG[2] (compute-mfcc-feats[5.5.1182~1-e02e3]:main():compute-mfcc-feats.cc:182) Processed features for key common_voice_lt_25162568
WARNING (compute-mfcc-feats[5.5.1182~1-e02e3]:Read():wave-reader.cc:304) Expected 112896 bytes of wave data, but read only 111744 bytes. Truncated file?
LOG (compute-mfcc-feats[5.5.1182~1-e02e3]:main():compute-mfcc-feats.cc:181) Processed 690 utterances
VLOG[2] (compute-mfcc-feats[5.5.1182~1-e02e3]:main():compute-mfcc-feats.cc:182) Processed features for key common_voice_lt_25162569
WARNING (compute-mfcc-feats[5.5.1182~1-e02e3]:Read():wave-reader.cc:304) Expected 130176 bytes of wave data, but read only 129024 bytes. Truncated file?
VLOG[2] (compute-mfcc-feats[5.5.1182~1-e02e3]:main():compute-mfcc-feats.cc:182) Processed features for key common_voice_lt_25162570
WARNING (compute-mfcc-feats[5.5.1182~1-e02e3]:Read():wave-reader.cc:304) Expected 120960 bytes of wave data, but read only 119808 bytes. Truncated file?
VLOG[2] (compute-mfcc-feats[5.5.1182~1-e02e3]:main():compute-mfcc-feats.cc:182) Processed features for key common_voice_lt_25162571
WARNING (compute-mfcc-feats[5.5.1182~1-e02e3]:Read():wave-reader.cc:304) Expected 167040 bytes of wave data, but read only 165888 bytes. Truncated file?
VLOG[2] (compute-mfcc-feats[5.5.1182~1-e02e3]:main():compute-mfcc-feats.cc:182) Processed features for key common_voice_lt_25162572
WARNING (compute-mfcc-feats[5.5.1182~1-e02e3]:Read():wave-reader.cc:304) Expected 110592 bytes of wave data, but read only 109440 bytes. Truncated file?
VLOG[2] (compute-mfcc-feats[5.5.1182~1-e02e3]:main():compute-mfcc-feats.cc:182) Processed features for key common_voice_lt_25162573
WARNING (compute-mfcc-feats[5.5.1182~1-e02e3]:Read():wave-reader.cc:304) Expected 118656 bytes of wave data, but read only 117504 bytes. Truncated file?
VLOG[2] (compute-mfcc-feats[5.5.1182~1-e02e3]:main():compute-mfcc-feats.cc:182) Processed features for key common_voice_lt_25162574
WARNING (compute-mfcc-feats[5.5.1182~1-e02e3]:Read():wave-reader.cc:304) Expected 195840 bytes of wave data, but read only 194688 bytes. Truncated file?
VLOG[2] (compute-mfcc-feats[5.5.1182~1-e02e3]:main():compute-mfcc-feats.cc:182) Processed features for key common_voice_lt_25162575
WARNING (compute-mfcc-feats[5.5.1182~1-e02e3]:Read():wave-reader.cc:304) Expected 167040 bytes of wave data, but read only 165888 bytes. Truncated file?
VLOG[2] (compute-mfcc-feats[5.5.1182~1-e02e3]:main():compute-mfcc-feats.cc:182) Processed features for key common_voice_lt_25162576
WARNING (compute-mfcc-feats[5.5.1182~1-e02e3]:Read():wave-reader.cc:304) Expected 141696 bytes of wave data, but read only 140544 bytes. Truncated file?
VLOG[2] (compute-mfcc-feats[5.5.1182~1-e02e3]:main():compute-mfcc-feats.cc:182) Processed features for key common_voice_lt_25162577
WARNING (compute-mfcc-feats[5.5.1182~1-e02e3]:Read():wave-reader.cc:304) Expected 167040 bytes of wave data, but read only 165888 bytes. Truncated file?
VLOG[2] (compute-mfcc-feats[5.5.1182~1-e02e3]:main():compute-mfcc-feats.cc:182) Processed features for key common_voice_lt_25162583
WARNING (compute-mfcc-feats[5.5.1182~1-e02e3]:Read():wave-reader.cc:304) Expected 124416 bytes of wave data, but read only 123264 bytes. Truncated file?
LOG (compute-mfcc-feats[5.5.1182~1-e02e3]:main():compute-mfcc-feats.cc:181) Processed 700 utterances
VLOG[2] (compute-mfcc-feats[5.5.1182~1-e02e3]:main():compute-mfcc-feats.cc:182) Processed features for key common_voice_lt_25162584
WARNING (compute-mfcc-feats[5.5.1182~1-e02e3]:Read():wave-reader.cc:304) Expected 116352 bytes of wave data, but read only 115200 bytes. Truncated file?
VLOG[2] (compute-mfcc-feats[5.5.1182~1-e02e3]:main():compute-mfcc-feats.cc:182) Processed features for key common_voice_lt_25162585
WARNING (compute-mfcc-feats[5.5.1182~1-e02e3]:Read():wave-reader.cc:304) Expected 161280 bytes of wave data, but read only 160128 bytes. Truncated file?
VLOG[2] (compute-mfcc-feats[5.5.1182~1-e02e3]:main():compute-mfcc-feats.cc:182) Processed features for key common_voice_lt_25162586
WARNING (compute-mfcc-feats[5.5.1182~1-e02e3]:Read():wave-reader.cc:304) Expected 176256 bytes of wave data, but read only 175104 bytes. Truncated file?
VLOG[2] (compute-mfcc-feats[5.5.1182~1-e02e3]:main():compute-mfcc-feats.cc:182) Processed features for key common_voice_lt_25162587
WARNING (compute-mfcc-feats[5.5.1182~1-e02e3]:Read():wave-reader.cc:304) Expected 107136 bytes of wave data, but read only 105984 bytes. Truncated file?
VLOG[2] (compute-mfcc-feats[5.5.1182~1-e02e3]:main():compute-mfcc-feats.cc:182) Processed features for key common_voice_lt_25162588
WARNING (compute-mfcc-feats[5.5.1182~1-e02e3]:Read():wave-reader.cc:304) Expected 147456 bytes of wave data, but read only 146304 bytes. Truncated file?
VLOG[2] (compute-mfcc-feats[5.5.1182~1-e02e3]:main():compute-mfcc-feats.cc:182) Processed features for key common_voice_lt_25162589
WARNING (compute-mfcc-feats[5.5.1182~1-e02e3]:Read():wave-reader.cc:304) Expected 271872 bytes of wave data, but read only 270720 bytes. Truncated file?
VLOG[2] (compute-mfcc-feats[5.5.1182~1-e02e3]:main():compute-mfcc-feats.cc:182) Processed features for key common_voice_lt_25162590
WARNING (compute-mfcc-feats[5.5.1182~1-e02e3]:Read():wave-reader.cc:304) Expected 173952 bytes of wave data, but read only 172800 bytes. Truncated file?
VLOG[2] (compute-mfcc-feats[5.5.1182~1-e02e3]:main():compute-mfcc-feats.cc:182) Processed features for key common_voice_lt_25162591
WARNING (compute-mfcc-feats[5.5.1182~1-e02e3]:Read():wave-reader.cc:304) Expected 178560 bytes of wave data, but read only 177408 bytes. Truncated file?
VLOG[2] (compute-mfcc-feats[5.5.1182~1-e02e3]:main():compute-mfcc-feats.cc:182) Processed features for key common_voice_lt_25162592
WARNING (compute-mfcc-feats[5.5.1182~1-e02e3]:Read():wave-reader.cc:304) Expected 150912 bytes of wave data, but read only 149760 bytes. Truncated file?
VLOG[2] (compute-mfcc-feats[5.5.1182~1-e02e3]:main():compute-mfcc-feats.cc:182) Processed features for key common_voice_lt_25162593
WARNING (compute-mfcc-feats[5.5.1182~1-e02e3]:Read():wave-reader.cc:304) Expected 179712 bytes of wave data, but read only 178560 bytes. Truncated file?
LOG (compute-mfcc-feats[5.5.1182~1-e02e3]:main():compute-mfcc-feats.cc:181) Processed 710 utterances
VLOG[2] (compute-mfcc-feats[5.5.1182~1-e02e3]:main():compute-mfcc-feats.cc:182) Processed features for key common_voice_lt_25162594
WARNING (compute-mfcc-feats[5.5.1182~1-e02e3]:Read():wave-reader.cc:304) Expected 99072 bytes of wave data, but read only 97920 bytes. Truncated file?
VLOG[2] (compute-mfcc-feats[5.5.1182~1-e02e3]:main():compute-mfcc-feats.cc:182) Processed features for key common_voice_lt_25162595
WARNING (compute-mfcc-feats[5.5.1182~1-e02e3]:Read():wave-reader.cc:304) Expected 126720 bytes of wave data, but read only 125568 bytes. Truncated file?
VLOG[2] (compute-mfcc-feats[5.5.1182~1-e02e3]:main():compute-mfcc-feats.cc:182) Processed features for key common_voice_lt_25162596
WARNING (compute-mfcc-feats[5.5.1182~1-e02e3]:Read():wave-reader.cc:304) Expected 124416 bytes of wave data, but read only 123264 bytes. Truncated file?
VLOG[2] (compute-mfcc-feats[5.5.1182~1-e02e3]:main():compute-mfcc-feats.cc:182) Processed features for key common_voice_lt_25162597
WARNING (compute-mfcc-feats[5.5.1182~1-e02e3]:Read():wave-reader.cc:304) Expected 164736 bytes of wave data, but read only 163584 bytes. Truncated file?
VLOG[2] (compute-mfcc-feats[5.5.1182~1-e02e3]:main():compute-mfcc-feats.cc:182) Processed features for key common_voice_lt_25162598
WARNING (compute-mfcc-feats[5.5.1182~1-e02e3]:Read():wave-reader.cc:304) Expected 161280 bytes of wave data, but read only 160128 bytes. Truncated file?
VLOG[2] (compute-mfcc-feats[5.5.1182~1-e02e3]:main():compute-mfcc-feats.cc:182) Processed features for key common_voice_lt_25162599
WARNING (compute-mfcc-feats[5.5.1182~1-e02e3]:Read():wave-reader.cc:304) Expected 133632 bytes of wave data, but read only 132480 bytes. Truncated file?
VLOG[2] (compute-mfcc-feats[5.5.1182~1-e02e3]:main():compute-mfcc-feats.cc:182) Processed features for key common_voice_lt_25162600
WARNING (compute-mfcc-feats[5.5.1182~1-e02e3]:Read():wave-reader.cc:304) Expected 207360 bytes of wave data, but read only 206208 bytes. Truncated file?
VLOG[2] (compute-mfcc-feats[5.5.1182~1-e02e3]:main():compute-mfcc-feats.cc:182) Processed features for key common_voice_lt_25162601
WARNING (compute-mfcc-feats[5.5.1182~1-e02e3]:Read():wave-reader.cc:304) Expected 195840 bytes of wave data, but read only 194688 bytes. Truncated file?
VLOG[2] (compute-mfcc-feats[5.5.1182~1-e02e3]:main():compute-mfcc-feats.cc:182) Processed features for key common_voice_lt_25162602
WARNING (compute-mfcc-feats[5.5.1182~1-e02e3]:Read():wave-reader.cc:304) Expected 164736 bytes of wave data, but read only 163584 bytes. Truncated file?
VLOG[2] (compute-mfcc-feats[5.5.1182~1-e02e3]:main():compute-mfcc-feats.cc:182) Processed features for key common_voice_lt_25162608
WARNING (compute-mfcc-feats[5.5.1182~1-e02e3]:Read():wave-reader.cc:304) Expected 207360 bytes of wave data, but read only 206208 bytes. Truncated file?
LOG (compute-mfcc-feats[5.5.1182~1-e02e3]:main():compute-mfcc-feats.cc:181) Processed 720 utterances
VLOG[2] (compute-mfcc-feats[5.5.1182~1-e02e3]:main():compute-mfcc-feats.cc:182) Processed features for key common_voice_lt_25162609
WARNING (compute-mfcc-feats[5.5.1182~1-e02e3]:Read():wave-reader.cc:304) Expected 141696 bytes of wave data, but read only 140544 bytes. Truncated file?
VLOG[2] (compute-mfcc-feats[5.5.1182~1-e02e3]:main():compute-mfcc-feats.cc:182) Processed features for key common_voice_lt_25162610
WARNING (compute-mfcc-feats[5.5.1182~1-e02e3]:Read():wave-reader.cc:304) Expected 259200 bytes of wave data, but read only 258048 bytes. Truncated file?
VLOG[2] (compute-mfcc-feats[5.5.1182~1-e02e3]:main():compute-mfcc-feats.cc:182) Processed features for key common_voice_lt_25162611
WARNING (compute-mfcc-feats[5.5.1182~1-e02e3]:Read():wave-reader.cc:304) Expected 147456 bytes of wave data, but read only 146304 bytes. Truncated file?
VLOG[2] (compute-mfcc-feats[5.5.1182~1-e02e3]:main():compute-mfcc-feats.cc:182) Processed features for key common_voice_lt_25162612
WARNING (compute-mfcc-feats[5.5.1182~1-e02e3]:Read():wave-reader.cc:304) Expected 127872 bytes of wave data, but read only 126720 bytes. Truncated file?
VLOG[2] (compute-mfcc-feats[5.5.1182~1-e02e3]:main():compute-mfcc-feats.cc:182) Processed features for key common_voice_lt_25162613
WARNING (compute-mfcc-feats[5.5.1182~1-e02e3]:Read():wave-reader.cc:304) Expected 115200 bytes of wave data, but read only 114048 bytes. Truncated file?
VLOG[2] (compute-mfcc-feats[5.5.1182~1-e02e3]:main():compute-mfcc-feats.cc:182) Processed features for key common_voice_lt_25162614
WARNING (compute-mfcc-feats[5.5.1182~1-e02e3]:Read():wave-reader.cc:304) Expected 193536 bytes of wave data, but read only 192384 bytes. Truncated file?
VLOG[2] (compute-mfcc-feats[5.5.1182~1-e02e3]:main():compute-mfcc-feats.cc:182) Processed features for key common_voice_lt_25162615
WARNING (compute-mfcc-feats[5.5.1182~1-e02e3]:Read():wave-reader.cc:304) Expected 130176 bytes of wave data, but read only 129024 bytes. Truncated file?
VLOG[2] (compute-mfcc-feats[5.5.1182~1-e02e3]:main():compute-mfcc-feats.cc:182) Processed features for key common_voice_lt_25162616
WARNING (compute-mfcc-feats[5.5.1182~1-e02e3]:Read():wave-reader.cc:304) Expected 156672 bytes of wave data, but read only 155520 bytes. Truncated file?
VLOG[2] (compute-mfcc-feats[5.5.1182~1-e02e3]:main():compute-mfcc-feats.cc:182) Processed features for key common_voice_lt_25162617
WARNING (compute-mfcc-feats[5.5.1182~1-e02e3]:Read():wave-reader.cc:304) Expected 201600 bytes of wave data, but read only 200448 bytes. Truncated file?
VLOG[2] (compute-mfcc-feats[5.5.1182~1-e02e3]:main():compute-mfcc-feats.cc:182) Processed features for key common_voice_lt_25170558
WARNING (compute-mfcc-feats[5.5.1182~1-e02e3]:Read():wave-reader.cc:304) Expected 95616 bytes of wave data, but read only 94464 bytes. Truncated file?
LOG (compute-mfcc-feats[5.5.1182~1-e02e3]:main():compute-mfcc-feats.cc:181) Processed 730 utterances
VLOG[2] (compute-mfcc-feats[5.5.1182~1-e02e3]:main():compute-mfcc-feats.cc:182) Processed features for key common_voice_lt_25170559
WARNING (compute-mfcc-feats[5.5.1182~1-e02e3]:Read():wave-reader.cc:304) Expected 108288 bytes of wave data, but read only 107136 bytes. Truncated file?
VLOG[2] (compute-mfcc-feats[5.5.1182~1-e02e3]:main():compute-mfcc-feats.cc:182) Processed features for key common_voice_lt_25170560
WARNING (compute-mfcc-feats[5.5.1182~1-e02e3]:Read():wave-reader.cc:304) Expected 81792 bytes of wave data, but read only 80640 bytes. Truncated file?
VLOG[2] (compute-mfcc-feats[5.5.1182~1-e02e3]:main():compute-mfcc-feats.cc:182) Processed features for key common_voice_lt_25170561
WARNING (compute-mfcc-feats[5.5.1182~1-e02e3]:Read():wave-reader.cc:304) Expected 186624 bytes of wave data, but read only 185472 bytes. Truncated file?
VLOG[2] (compute-mfcc-feats[5.5.1182~1-e02e3]:main():compute-mfcc-feats.cc:182) Processed features for key common_voice_lt_25170562
WARNING (compute-mfcc-feats[5.5.1182~1-e02e3]:Read():wave-reader.cc:304) Expected 175104 bytes of wave data, but read only 173952 bytes. Truncated file?
VLOG[2] (compute-mfcc-feats[5.5.1182~1-e02e3]:main():compute-mfcc-feats.cc:182) Processed features for key common_voice_lt_25170588
WARNING (compute-mfcc-feats[5.5.1182~1-e02e3]:Read():wave-reader.cc:304) Expected 123264 bytes of wave data, but read only 122112 bytes. Truncated file?
VLOG[2] (compute-mfcc-feats[5.5.1182~1-e02e3]:main():compute-mfcc-feats.cc:182) Processed features for key common_voice_lt_25170589
WARNING (compute-mfcc-feats[5.5.1182~1-e02e3]:Read():wave-reader.cc:304) Expected 173952 bytes of wave data, but read only 172800 bytes. Truncated file?
VLOG[2] (compute-mfcc-feats[5.5.1182~1-e02e3]:main():compute-mfcc-feats.cc:182) Processed features for key common_voice_lt_25170590
WARNING (compute-mfcc-feats[5.5.1182~1-e02e3]:Read():wave-reader.cc:304) Expected 132480 bytes of wave data, but read only 131328 bytes. Truncated file?
VLOG[2] (compute-mfcc-feats[5.5.1182~1-e02e3]:main():compute-mfcc-feats.cc:182) Processed features for key common_voice_lt_25170591
WARNING (compute-mfcc-feats[5.5.1182~1-e02e3]:Read():wave-reader.cc:304) Expected 133632 bytes of wave data, but read only 132480 bytes. Truncated file?
VLOG[2] (compute-mfcc-feats[5.5.1182~1-e02e3]:main():compute-mfcc-feats.cc:182) Processed features for key common_voice_lt_25170592
WARNING (compute-mfcc-feats[5.5.1182~1-e02e3]:Read():wave-reader.cc:304) Expected 141696 bytes of wave data, but read only 140544 bytes. Truncated file?
VLOG[2] (compute-mfcc-feats[5.5.1182~1-e02e3]:main():compute-mfcc-feats.cc:182) Processed features for key common_voice_lt_25170598
WARNING (compute-mfcc-feats[5.5.1182~1-e02e3]:Read():wave-reader.cc:304) Expected 92160 bytes of wave data, but read only 91008 bytes. Truncated file?
LOG (compute-mfcc-feats[5.5.1182~1-e02e3]:main():compute-mfcc-feats.cc:181) Processed 740 utterances
VLOG[2] (compute-mfcc-feats[5.5.1182~1-e02e3]:main():compute-mfcc-feats.cc:182) Processed features for key common_voice_lt_25170599
WARNING (compute-mfcc-feats[5.5.1182~1-e02e3]:Read():wave-reader.cc:304) Expected 198144 bytes of wave data, but read only 196992 bytes. Truncated file?
VLOG[2] (compute-mfcc-feats[5.5.1182~1-e02e3]:main():compute-mfcc-feats.cc:182) Processed features for key common_voice_lt_25170600
WARNING (compute-mfcc-feats[5.5.1182~1-e02e3]:Read():wave-reader.cc:304) Expected 270720 bytes of wave data, but read only 269568 bytes. Truncated file?
VLOG[2] (compute-mfcc-feats[5.5.1182~1-e02e3]:main():compute-mfcc-feats.cc:182) Processed features for key common_voice_lt_25170601
WARNING (compute-mfcc-feats[5.5.1182~1-e02e3]:Read():wave-reader.cc:304) Expected 154368 bytes of wave data, but read only 153216 bytes. Truncated file?
VLOG[2] (compute-mfcc-feats[5.5.1182~1-e02e3]:main():compute-mfcc-feats.cc:182) Processed features for key common_voice_lt_25170602
WARNING (compute-mfcc-feats[5.5.1182~1-e02e3]:Read():wave-reader.cc:304) Expected 217728 bytes of wave data, but read only 216576 bytes. Truncated file?
VLOG[2] (compute-mfcc-feats[5.5.1182~1-e02e3]:main():compute-mfcc-feats.cc:182) Processed features for key common_voice_lt_25170626
WARNING (compute-mfcc-feats[5.5.1182~1-e02e3]:Read():wave-reader.cc:304) Expected 235008 bytes of wave data, but read only 233856 bytes. Truncated file?
VLOG[2] (compute-mfcc-feats[5.5.1182~1-e02e3]:main():compute-mfcc-feats.cc:182) Processed features for key common_voice_lt_25170627
WARNING (compute-mfcc-feats[5.5.1182~1-e02e3]:Read():wave-reader.cc:304) Expected 186624 bytes of wave data, but read only 185472 bytes. Truncated file?
VLOG[2] (compute-mfcc-feats[5.5.1182~1-e02e3]:main():compute-mfcc-feats.cc:182) Processed features for key common_voice_lt_25170628
WARNING (compute-mfcc-feats[5.5.1182~1-e02e3]:Read():wave-reader.cc:304) Expected 118656 bytes of wave data, but read only 117504 bytes. Truncated file?
VLOG[2] (compute-mfcc-feats[5.5.1182~1-e02e3]:main():compute-mfcc-feats.cc:182) Processed features for key common_voice_lt_25170629
WARNING (compute-mfcc-feats[5.5.1182~1-e02e3]:Read():wave-reader.cc:304) Expected 168192 bytes of wave data, but read only 167040 bytes. Truncated file?
VLOG[2] (compute-mfcc-feats[5.5.1182~1-e02e3]:main():compute-mfcc-feats.cc:182) Processed features for key common_voice_lt_25170645
WARNING (compute-mfcc-feats[5.5.1182~1-e02e3]:Read():wave-reader.cc:304) Expected 100224 bytes of wave data, but read only 99072 bytes. Truncated file?
VLOG[2] (compute-mfcc-feats[5.5.1182~1-e02e3]:main():compute-mfcc-feats.cc:182) Processed features for key common_voice_lt_25170646
WARNING (compute-mfcc-feats[5.5.1182~1-e02e3]:Read():wave-reader.cc:304) Expected 122112 bytes of wave data, but read only 120960 bytes. Truncated file?
LOG (compute-mfcc-feats[5.5.1182~1-e02e3]:main():compute-mfcc-feats.cc:181) Processed 750 utterances
VLOG[2] (compute-mfcc-feats[5.5.1182~1-e02e3]:main():compute-mfcc-feats.cc:182) Processed features for key common_voice_lt_25170647
WARNING (compute-mfcc-feats[5.5.1182~1-e02e3]:Read():wave-reader.cc:304) Expected 87552 bytes of wave data, but read only 86400 bytes. Truncated file?
VLOG[2] (compute-mfcc-feats[5.5.1182~1-e02e3]:main():compute-mfcc-feats.cc:182) Processed features for key common_voice_lt_25170648
WARNING (compute-mfcc-feats[5.5.1182~1-e02e3]:Read():wave-reader.cc:304) Expected 132480 bytes of wave data, but read only 131328 bytes. Truncated file?
VLOG[2] (compute-mfcc-feats[5.5.1182~1-e02e3]:main():compute-mfcc-feats.cc:182) Processed features for key common_voice_lt_25170649
WARNING (compute-mfcc-feats[5.5.1182~1-e02e3]:Read():wave-reader.cc:304) Expected 92160 bytes of wave data, but read only 91008 bytes. Truncated file?
VLOG[2] (compute-mfcc-feats[5.5.1182~1-e02e3]:main():compute-mfcc-feats.cc:182) Processed features for key common_voice_lt_25170660
WARNING (compute-mfcc-feats[5.5.1182~1-e02e3]:Read():wave-reader.cc:304) Expected 237312 bytes of wave data, but read only 236160 bytes. Truncated file?
VLOG[2] (compute-mfcc-feats[5.5.1182~1-e02e3]:main():compute-mfcc-feats.cc:182) Processed features for key common_voice_lt_25170661
WARNING (compute-mfcc-feats[5.5.1182~1-e02e3]:Read():wave-reader.cc:304) Expected 158976 bytes of wave data, but read only 157824 bytes. Truncated file?
VLOG[2] (compute-mfcc-feats[5.5.1182~1-e02e3]:main():compute-mfcc-feats.cc:182) Processed features for key common_voice_lt_25170662
WARNING (compute-mfcc-feats[5.5.1182~1-e02e3]:Read():wave-reader.cc:304) Expected 188928 bytes of wave data, but read only 187776 bytes. Truncated file?
VLOG[2] (compute-mfcc-feats[5.5.1182~1-e02e3]:main():compute-mfcc-feats.cc:182) Processed features for key common_voice_lt_25170663
WARNING (compute-mfcc-feats[5.5.1182~1-e02e3]:Read():wave-reader.cc:304) Expected 150912 bytes of wave data, but read only 149760 bytes. Truncated file?
VLOG[2] (compute-mfcc-feats[5.5.1182~1-e02e3]:main():compute-mfcc-feats.cc:182) Processed features for key common_voice_lt_25170664
WARNING (compute-mfcc-feats[5.5.1182~1-e02e3]:Read():wave-reader.cc:304) Expected 131328 bytes of wave data, but read only 130176 bytes. Truncated file?
VLOG[2] (compute-mfcc-feats[5.5.1182~1-e02e3]:main():compute-mfcc-feats.cc:182) Processed features for key common_voice_lt_25170675
WARNING (compute-mfcc-feats[5.5.1182~1-e02e3]:Read():wave-reader.cc:304) Expected 134784 bytes of wave data, but read only 133632 bytes. Truncated file?
VLOG[2] (compute-mfcc-feats[5.5.1182~1-e02e3]:main():compute-mfcc-feats.cc:182) Processed features for key common_voice_lt_25170676
WARNING (compute-mfcc-feats[5.5.1182~1-e02e3]:Read():wave-reader.cc:304) Expected 154368 bytes of wave data, but read only 153216 bytes. Truncated file?
LOG (compute-mfcc-feats[5.5.1182~1-e02e3]:main():compute-mfcc-feats.cc:181) Processed 760 utterances
VLOG[2] (compute-mfcc-feats[5.5.1182~1-e02e3]:main():compute-mfcc-feats.cc:182) Processed features for key common_voice_lt_25170677
WARNING (compute-mfcc-feats[5.5.1182~1-e02e3]:Read():wave-reader.cc:304) Expected 240768 bytes of wave data, but read only 239616 bytes. Truncated file?
VLOG[2] (compute-mfcc-feats[5.5.1182~1-e02e3]:main():compute-mfcc-feats.cc:182) Processed features for key common_voice_lt_25170678
WARNING (compute-mfcc-feats[5.5.1182~1-e02e3]:Read():wave-reader.cc:304) Expected 144000 bytes of wave data, but read only 142848 bytes. Truncated file?
VLOG[2] (compute-mfcc-feats[5.5.1182~1-e02e3]:main():compute-mfcc-feats.cc:182) Processed features for key common_voice_lt_25170679
WARNING (compute-mfcc-feats[5.5.1182~1-e02e3]:Read():wave-reader.cc:304) Expected 185472 bytes of wave data, but read only 184320 bytes. Truncated file?
VLOG[2] (compute-mfcc-feats[5.5.1182~1-e02e3]:main():compute-mfcc-feats.cc:182) Processed features for key common_voice_lt_25170710
WARNING (compute-mfcc-feats[5.5.1182~1-e02e3]:Read():wave-reader.cc:304) Expected 203904 bytes of wave data, but read only 202752 bytes. Truncated file?
VLOG[2] (compute-mfcc-feats[5.5.1182~1-e02e3]:main():compute-mfcc-feats.cc:182) Processed features for key common_voice_lt_25170711
WARNING (compute-mfcc-feats[5.5.1182~1-e02e3]:Read():wave-reader.cc:304) Expected 160128 bytes of wave data, but read only 158976 bytes. Truncated file?
VLOG[2] (compute-mfcc-feats[5.5.1182~1-e02e3]:main():compute-mfcc-feats.cc:182) Processed features for key common_voice_lt_25170712
WARNING (compute-mfcc-feats[5.5.1182~1-e02e3]:Read():wave-reader.cc:304) Expected 160128 bytes of wave data, but read only 158976 bytes. Truncated file?
VLOG[2] (compute-mfcc-feats[5.5.1182~1-e02e3]:main():compute-mfcc-feats.cc:182) Processed features for key common_voice_lt_25170713
WARNING (compute-mfcc-feats[5.5.1182~1-e02e3]:Read():wave-reader.cc:304) Expected 126720 bytes of wave data, but read only 125568 bytes. Truncated file?
VLOG[2] (compute-mfcc-feats[5.5.1182~1-e02e3]:main():compute-mfcc-feats.cc:182) Processed features for key common_voice_lt_25170714
WARNING (compute-mfcc-feats[5.5.1182~1-e02e3]:Read():wave-reader.cc:304) Expected 117504 bytes of wave data, but read only 116352 bytes. Truncated file?
VLOG[2] (compute-mfcc-feats[5.5.1182~1-e02e3]:main():compute-mfcc-feats.cc:182) Processed features for key common_voice_lt_25170725
WARNING (compute-mfcc-feats[5.5.1182~1-e02e3]:Read():wave-reader.cc:304) Expected 146304 bytes of wave data, but read only 145152 bytes. Truncated file?
VLOG[2] (compute-mfcc-feats[5.5.1182~1-e02e3]:main():compute-mfcc-feats.cc:182) Processed features for key common_voice_lt_25170726
WARNING (compute-mfcc-feats[5.5.1182~1-e02e3]:Read():wave-reader.cc:304) Expected 291456 bytes of wave data, but read only 290304 bytes. Truncated file?
LOG (compute-mfcc-feats[5.5.1182~1-e02e3]:main():compute-mfcc-feats.cc:181) Processed 770 utterances
VLOG[2] (compute-mfcc-feats[5.5.1182~1-e02e3]:main():compute-mfcc-feats.cc:182) Processed features for key common_voice_lt_25170727
WARNING (compute-mfcc-feats[5.5.1182~1-e02e3]:Read():wave-reader.cc:304) Expected 99072 bytes of wave data, but read only 97920 bytes. Truncated file?
VLOG[2] (compute-mfcc-feats[5.5.1182~1-e02e3]:main():compute-mfcc-feats.cc:182) Processed features for key common_voice_lt_25170728
WARNING (compute-mfcc-feats[5.5.1182~1-e02e3]:Read():wave-reader.cc:304) Expected 111744 bytes of wave data, but read only 110592 bytes. Truncated file?
VLOG[2] (compute-mfcc-feats[5.5.1182~1-e02e3]:main():compute-mfcc-feats.cc:182) Processed features for key common_voice_lt_25170729
WARNING (compute-mfcc-feats[5.5.1182~1-e02e3]:Read():wave-reader.cc:304) Expected 173952 bytes of wave data, but read only 172800 bytes. Truncated file?
VLOG[2] (compute-mfcc-feats[5.5.1182~1-e02e3]:main():compute-mfcc-feats.cc:182) Processed features for key common_voice_lt_25170745
WARNING (compute-mfcc-feats[5.5.1182~1-e02e3]:Read():wave-reader.cc:304) Expected 170496 bytes of wave data, but read only 169344 bytes. Truncated file?
VLOG[2] (compute-mfcc-feats[5.5.1182~1-e02e3]:main():compute-mfcc-feats.cc:182) Processed features for key common_voice_lt_25170746
WARNING (compute-mfcc-feats[5.5.1182~1-e02e3]:Read():wave-reader.cc:304) Expected 92160 bytes of wave data, but read only 91008 bytes. Truncated file?
VLOG[2] (compute-mfcc-feats[5.5.1182~1-e02e3]:main():compute-mfcc-feats.cc:182) Processed features for key common_voice_lt_25170747
WARNING (compute-mfcc-feats[5.5.1182~1-e02e3]:Read():wave-reader.cc:304) Expected 107136 bytes of wave data, but read only 105984 bytes. Truncated file?
VLOG[2] (compute-mfcc-feats[5.5.1182~1-e02e3]:main():compute-mfcc-feats.cc:182) Processed features for key common_voice_lt_25170748
WARNING (compute-mfcc-feats[5.5.1182~1-e02e3]:Read():wave-reader.cc:304) Expected 142848 bytes of wave data, but read only 141696 bytes. Truncated file?
VLOG[2] (compute-mfcc-feats[5.5.1182~1-e02e3]:main():compute-mfcc-feats.cc:182) Processed features for key common_voice_lt_25170749
WARNING (compute-mfcc-feats[5.5.1182~1-e02e3]:Read():wave-reader.cc:304) Expected 117504 bytes of wave data, but read only 116352 bytes. Truncated file?
VLOG[2] (compute-mfcc-feats[5.5.1182~1-e02e3]:main():compute-mfcc-feats.cc:182) Processed features for key common_voice_lt_25170760
WARNING (compute-mfcc-feats[5.5.1182~1-e02e3]:Read():wave-reader.cc:304) Expected 163584 bytes of wave data, but read only 162432 bytes. Truncated file?
VLOG[2] (compute-mfcc-feats[5.5.1182~1-e02e3]:main():compute-mfcc-feats.cc:182) Processed features for key common_voice_lt_25170761
WARNING (compute-mfcc-feats[5.5.1182~1-e02e3]:Read():wave-reader.cc:304) Expected 162432 bytes of wave data, but read only 161280 bytes. Truncated file?
LOG (compute-mfcc-feats[5.5.1182~1-e02e3]:main():compute-mfcc-feats.cc:181) Processed 780 utterances
VLOG[2] (compute-mfcc-feats[5.5.1182~1-e02e3]:main():compute-mfcc-feats.cc:182) Processed features for key common_voice_lt_25170762
WARNING (compute-mfcc-feats[5.5.1182~1-e02e3]:Read():wave-reader.cc:304) Expected 168192 bytes of wave data, but read only 167040 bytes. Truncated file?
VLOG[2] (compute-mfcc-feats[5.5.1182~1-e02e3]:main():compute-mfcc-feats.cc:182) Processed features for key common_voice_lt_25170763
WARNING (compute-mfcc-feats[5.5.1182~1-e02e3]:Read():wave-reader.cc:304) Expected 153216 bytes of wave data, but read only 152064 bytes. Truncated file?
VLOG[2] (compute-mfcc-feats[5.5.1182~1-e02e3]:main():compute-mfcc-feats.cc:182) Processed features for key common_voice_lt_25170765
WARNING (compute-mfcc-feats[5.5.1182~1-e02e3]:Read():wave-reader.cc:304) Expected 108288 bytes of wave data, but read only 107136 bytes. Truncated file?
VLOG[2] (compute-mfcc-feats[5.5.1182~1-e02e3]:main():compute-mfcc-feats.cc:182) Processed features for key common_voice_lt_25170775
WARNING (compute-mfcc-feats[5.5.1182~1-e02e3]:Read():wave-reader.cc:304) Expected 228096 bytes of wave data, but read only 226944 bytes. Truncated file?
VLOG[2] (compute-mfcc-feats[5.5.1182~1-e02e3]:main():compute-mfcc-feats.cc:182) Processed features for key common_voice_lt_25170776
WARNING (compute-mfcc-feats[5.5.1182~1-e02e3]:Read():wave-reader.cc:304) Expected 124416 bytes of wave data, but read only 123264 bytes. Truncated file?
VLOG[2] (compute-mfcc-feats[5.5.1182~1-e02e3]:main():compute-mfcc-feats.cc:182) Processed features for key common_voice_lt_25170777
WARNING (compute-mfcc-feats[5.5.1182~1-e02e3]:Read():wave-reader.cc:304) Expected 163584 bytes of wave data, but read only 162432 bytes. Truncated file?
VLOG[2] (compute-mfcc-feats[5.5.1182~1-e02e3]:main():compute-mfcc-feats.cc:182) Processed features for key common_voice_lt_25170778
WARNING (compute-mfcc-feats[5.5.1182~1-e02e3]:Read():wave-reader.cc:304) Expected 129024 bytes of wave data, but read only 127872 bytes. Truncated file?
VLOG[2] (compute-mfcc-feats[5.5.1182~1-e02e3]:main():compute-mfcc-feats.cc:182) Processed features for key common_voice_lt_25170779
WARNING (compute-mfcc-feats[5.5.1182~1-e02e3]:Read():wave-reader.cc:304) Expected 152064 bytes of wave data, but read only 150912 bytes. Truncated file?
VLOG[2] (compute-mfcc-feats[5.5.1182~1-e02e3]:main():compute-mfcc-feats.cc:182) Processed features for key common_voice_lt_25170785
WARNING (compute-mfcc-feats[5.5.1182~1-e02e3]:Read():wave-reader.cc:304) Expected 126720 bytes of wave data, but read only 125568 bytes. Truncated file?
VLOG[2] (compute-mfcc-feats[5.5.1182~1-e02e3]:main():compute-mfcc-feats.cc:182) Processed features for key common_voice_lt_25170786
WARNING (compute-mfcc-feats[5.5.1182~1-e02e3]:Read():wave-reader.cc:304) Expected 185472 bytes of wave data, but read only 184320 bytes. Truncated file?
LOG (compute-mfcc-feats[5.5.1182~1-e02e3]:main():compute-mfcc-feats.cc:181) Processed 790 utterances
VLOG[2] (compute-mfcc-feats[5.5.1182~1-e02e3]:main():compute-mfcc-feats.cc:182) Processed features for key common_voice_lt_25170787
WARNING (compute-mfcc-feats[5.5.1182~1-e02e3]:Read():wave-reader.cc:304) Expected 108288 bytes of wave data, but read only 107136 bytes. Truncated file?
VLOG[2] (compute-mfcc-feats[5.5.1182~1-e02e3]:main():compute-mfcc-feats.cc:182) Processed features for key common_voice_lt_25170788
WARNING (compute-mfcc-feats[5.5.1182~1-e02e3]:Read():wave-reader.cc:304) Expected 191232 bytes of wave data, but read only 190080 bytes. Truncated file?
VLOG[2] (compute-mfcc-feats[5.5.1182~1-e02e3]:main():compute-mfcc-feats.cc:182) Processed features for key common_voice_lt_25170789
WARNING (compute-mfcc-feats[5.5.1182~1-e02e3]:Read():wave-reader.cc:304) Expected 135936 bytes of wave data, but read only 134784 bytes. Truncated file?
VLOG[2] (compute-mfcc-feats[5.5.1182~1-e02e3]:main():compute-mfcc-feats.cc:182) Processed features for key common_voice_lt_25170795
WARNING (compute-mfcc-feats[5.5.1182~1-e02e3]:Read():wave-reader.cc:304) Expected 135936 bytes of wave data, but read only 134784 bytes. Truncated file?
VLOG[2] (compute-mfcc-feats[5.5.1182~1-e02e3]:main():compute-mfcc-feats.cc:182) Processed features for key common_voice_lt_25170796
WARNING (compute-mfcc-feats[5.5.1182~1-e02e3]:Read():wave-reader.cc:304) Expected 168192 bytes of wave data, but read only 167040 bytes. Truncated file?
VLOG[2] (compute-mfcc-feats[5.5.1182~1-e02e3]:main():compute-mfcc-feats.cc:182) Processed features for key common_voice_lt_25170797
WARNING (compute-mfcc-feats[5.5.1182~1-e02e3]:Read():wave-reader.cc:304) Expected 172800 bytes of wave data, but read only 171648 bytes. Truncated file?
VLOG[2] (compute-mfcc-feats[5.5.1182~1-e02e3]:main():compute-mfcc-feats.cc:182) Processed features for key common_voice_lt_25170798
WARNING (compute-mfcc-feats[5.5.1182~1-e02e3]:Read():wave-reader.cc:304) Expected 155520 bytes of wave data, but read only 154368 bytes. Truncated file?
VLOG[2] (compute-mfcc-feats[5.5.1182~1-e02e3]:main():compute-mfcc-feats.cc:182) Processed features for key common_voice_lt_25170799
WARNING (compute-mfcc-feats[5.5.1182~1-e02e3]:Read():wave-reader.cc:304) Expected 203904 bytes of wave data, but read only 202752 bytes. Truncated file?
VLOG[2] (compute-mfcc-feats[5.5.1182~1-e02e3]:main():compute-mfcc-feats.cc:182) Processed features for key common_voice_lt_25170813
WARNING (compute-mfcc-feats[5.5.1182~1-e02e3]:Read():wave-reader.cc:304) Expected 210816 bytes of wave data, but read only 209664 bytes. Truncated file?
VLOG[2] (compute-mfcc-feats[5.5.1182~1-e02e3]:main():compute-mfcc-feats.cc:182) Processed features for key common_voice_lt_25170814
WARNING (compute-mfcc-feats[5.5.1182~1-e02e3]:Read():wave-reader.cc:304) Expected 85248 bytes of wave data, but read only 84096 bytes. Truncated file?
LOG (compute-mfcc-feats[5.5.1182~1-e02e3]:main():compute-mfcc-feats.cc:181) Processed 800 utterances
VLOG[2] (compute-mfcc-feats[5.5.1182~1-e02e3]:main():compute-mfcc-feats.cc:182) Processed features for key common_voice_lt_25170827
WARNING (compute-mfcc-feats[5.5.1182~1-e02e3]:Read():wave-reader.cc:304) Expected 165888 bytes of wave data, but read only 164736 bytes. Truncated file?
VLOG[2] (compute-mfcc-feats[5.5.1182~1-e02e3]:main():compute-mfcc-feats.cc:182) Processed features for key common_voice_lt_25170828
WARNING (compute-mfcc-feats[5.5.1182~1-e02e3]:Read():wave-reader.cc:304) Expected 112896 bytes of wave data, but read only 111744 bytes. Truncated file?
VLOG[2] (compute-mfcc-feats[5.5.1182~1-e02e3]:main():compute-mfcc-feats.cc:182) Processed features for key common_voice_lt_25170829
WARNING (compute-mfcc-feats[5.5.1182~1-e02e3]:Read():wave-reader.cc:304) Expected 171648 bytes of wave data, but read only 170496 bytes. Truncated file?
VLOG[2] (compute-mfcc-feats[5.5.1182~1-e02e3]:main():compute-mfcc-feats.cc:182) Processed features for key common_voice_lt_25170830
WARNING (compute-mfcc-feats[5.5.1182~1-e02e3]:Read():wave-reader.cc:304) Expected 139392 bytes of wave data, but read only 138240 bytes. Truncated file?
VLOG[2] (compute-mfcc-feats[5.5.1182~1-e02e3]:main():compute-mfcc-feats.cc:182) Processed features for key common_voice_lt_25170831
WARNING (compute-mfcc-feats[5.5.1182~1-e02e3]:Read():wave-reader.cc:304) Expected 134784 bytes of wave data, but read only 133632 bytes. Truncated file?
VLOG[2] (compute-mfcc-feats[5.5.1182~1-e02e3]:main():compute-mfcc-feats.cc:182) Processed features for key common_voice_lt_25170857
WARNING (compute-mfcc-feats[5.5.1182~1-e02e3]:Read():wave-reader.cc:304) Expected 163584 bytes of wave data, but read only 162432 bytes. Truncated file?
VLOG[2] (compute-mfcc-feats[5.5.1182~1-e02e3]:main():compute-mfcc-feats.cc:182) Processed features for key common_voice_lt_25170858
WARNING (compute-mfcc-feats[5.5.1182~1-e02e3]:Read():wave-reader.cc:304) Expected 188928 bytes of wave data, but read only 187776 bytes. Truncated file?
VLOG[2] (compute-mfcc-feats[5.5.1182~1-e02e3]:main():compute-mfcc-feats.cc:182) Processed features for key common_voice_lt_25170859
WARNING (compute-mfcc-feats[5.5.1182~1-e02e3]:Read():wave-reader.cc:304) Expected 120960 bytes of wave data, but read only 119808 bytes. Truncated file?
VLOG[2] (compute-mfcc-feats[5.5.1182~1-e02e3]:main():compute-mfcc-feats.cc:182) Processed features for key common_voice_lt_25170860
WARNING (compute-mfcc-feats[5.5.1182~1-e02e3]:Read():wave-reader.cc:304) Expected 146304 bytes of wave data, but read only 145152 bytes. Truncated file?
VLOG[2] (compute-mfcc-feats[5.5.1182~1-e02e3]:main():compute-mfcc-feats.cc:182) Processed features for key common_voice_lt_25170861
WARNING (compute-mfcc-feats[5.5.1182~1-e02e3]:Read():wave-reader.cc:304) Expected 255744 bytes of wave data, but read only 254592 bytes. Truncated file?
LOG (compute-mfcc-feats[5.5.1182~1-e02e3]:main():compute-mfcc-feats.cc:181) Processed 810 utterances
VLOG[2] (compute-mfcc-feats[5.5.1182~1-e02e3]:main():compute-mfcc-feats.cc:182) Processed features for key common_voice_lt_25170862
WARNING (compute-mfcc-feats[5.5.1182~1-e02e3]:Read():wave-reader.cc:304) Expected 179712 bytes of wave data, but read only 178560 bytes. Truncated file?
VLOG[2] (compute-mfcc-feats[5.5.1182~1-e02e3]:main():compute-mfcc-feats.cc:182) Processed features for key common_voice_lt_25170863
WARNING (compute-mfcc-feats[5.5.1182~1-e02e3]:Read():wave-reader.cc:304) Expected 130176 bytes of wave data, but read only 129024 bytes. Truncated file?
VLOG[2] (compute-mfcc-feats[5.5.1182~1-e02e3]:main():compute-mfcc-feats.cc:182) Processed features for key common_voice_lt_25170865
WARNING (compute-mfcc-feats[5.5.1182~1-e02e3]:Read():wave-reader.cc:304) Expected 142848 bytes of wave data, but read only 141696 bytes. Truncated file?
VLOG[2] (compute-mfcc-feats[5.5.1182~1-e02e3]:main():compute-mfcc-feats.cc:182) Processed features for key common_voice_lt_25170866
WARNING (compute-mfcc-feats[5.5.1182~1-e02e3]:Read():wave-reader.cc:304) Expected 202752 bytes of wave data, but read only 201600 bytes. Truncated file?
VLOG[2] (compute-mfcc-feats[5.5.1182~1-e02e3]:main():compute-mfcc-feats.cc:182) Processed features for key common_voice_lt_25170867
WARNING (compute-mfcc-feats[5.5.1182~1-e02e3]:Read():wave-reader.cc:304) Expected 175104 bytes of wave data, but read only 173952 bytes. Truncated file?
VLOG[2] (compute-mfcc-feats[5.5.1182~1-e02e3]:main():compute-mfcc-feats.cc:182) Processed features for key common_voice_lt_25170868
WARNING (compute-mfcc-feats[5.5.1182~1-e02e3]:Read():wave-reader.cc:304) Expected 230400 bytes of wave data, but read only 229248 bytes. Truncated file?
VLOG[2] (compute-mfcc-feats[5.5.1182~1-e02e3]:main():compute-mfcc-feats.cc:182) Processed features for key common_voice_lt_25170869
WARNING (compute-mfcc-feats[5.5.1182~1-e02e3]:Read():wave-reader.cc:304) Expected 147456 bytes of wave data, but read only 146304 bytes. Truncated file?
VLOG[2] (compute-mfcc-feats[5.5.1182~1-e02e3]:main():compute-mfcc-feats.cc:182) Processed features for key common_voice_lt_25170870
WARNING (compute-mfcc-feats[5.5.1182~1-e02e3]:Read():wave-reader.cc:304) Expected 137088 bytes of wave data, but read only 135936 bytes. Truncated file?
VLOG[2] (compute-mfcc-feats[5.5.1182~1-e02e3]:main():compute-mfcc-feats.cc:182) Processed features for key common_voice_lt_25170871
WARNING (compute-mfcc-feats[5.5.1182~1-e02e3]:Read():wave-reader.cc:304) Expected 213120 bytes of wave data, but read only 211968 bytes. Truncated file?
VLOG[2] (compute-mfcc-feats[5.5.1182~1-e02e3]:main():compute-mfcc-feats.cc:182) Processed features for key common_voice_lt_25170872
WARNING (compute-mfcc-feats[5.5.1182~1-e02e3]:Read():wave-reader.cc:304) Expected 125568 bytes of wave data, but read only 124416 bytes. Truncated file?
LOG (compute-mfcc-feats[5.5.1182~1-e02e3]:main():compute-mfcc-feats.cc:181) Processed 820 utterances
VLOG[2] (compute-mfcc-feats[5.5.1182~1-e02e3]:main():compute-mfcc-feats.cc:182) Processed features for key common_voice_lt_25170873
WARNING (compute-mfcc-feats[5.5.1182~1-e02e3]:Read():wave-reader.cc:304) Expected 163584 bytes of wave data, but read only 162432 bytes. Truncated file?
VLOG[2] (compute-mfcc-feats[5.5.1182~1-e02e3]:main():compute-mfcc-feats.cc:182) Processed features for key common_voice_lt_25170874
WARNING (compute-mfcc-feats[5.5.1182~1-e02e3]:Read():wave-reader.cc:304) Expected 209664 bytes of wave data, but read only 208512 bytes. Truncated file?
VLOG[2] (compute-mfcc-feats[5.5.1182~1-e02e3]:main():compute-mfcc-feats.cc:182) Processed features for key common_voice_lt_25170875
WARNING (compute-mfcc-feats[5.5.1182~1-e02e3]:Read():wave-reader.cc:304) Expected 85248 bytes of wave data, but read only 84096 bytes. Truncated file?
VLOG[2] (compute-mfcc-feats[5.5.1182~1-e02e3]:main():compute-mfcc-feats.cc:182) Processed features for key common_voice_lt_25170876
WARNING (compute-mfcc-feats[5.5.1182~1-e02e3]:Read():wave-reader.cc:304) Expected 140544 bytes of wave data, but read only 139392 bytes. Truncated file?
VLOG[2] (compute-mfcc-feats[5.5.1182~1-e02e3]:main():compute-mfcc-feats.cc:182) Processed features for key common_voice_lt_25170882
WARNING (compute-mfcc-feats[5.5.1182~1-e02e3]:Read():wave-reader.cc:304) Expected 168192 bytes of wave data, but read only 167040 bytes. Truncated file?
VLOG[2] (compute-mfcc-feats[5.5.1182~1-e02e3]:main():compute-mfcc-feats.cc:182) Processed features for key common_voice_lt_25170884
WARNING (compute-mfcc-feats[5.5.1182~1-e02e3]:Read():wave-reader.cc:304) Expected 112896 bytes of wave data, but read only 111744 bytes. Truncated file?
VLOG[2] (compute-mfcc-feats[5.5.1182~1-e02e3]:main():compute-mfcc-feats.cc:182) Processed features for key common_voice_lt_25170885
WARNING (compute-mfcc-feats[5.5.1182~1-e02e3]:Read():wave-reader.cc:304) Expected 208512 bytes of wave data, but read only 207360 bytes. Truncated file?
VLOG[2] (compute-mfcc-feats[5.5.1182~1-e02e3]:main():compute-mfcc-feats.cc:182) Processed features for key common_voice_lt_25170886
WARNING (compute-mfcc-feats[5.5.1182~1-e02e3]:Read():wave-reader.cc:304) Expected 101376 bytes of wave data, but read only 100224 bytes. Truncated file?
VLOG[2] (compute-mfcc-feats[5.5.1182~1-e02e3]:main():compute-mfcc-feats.cc:182) Processed features for key common_voice_lt_25170897
WARNING (compute-mfcc-feats[5.5.1182~1-e02e3]:Read():wave-reader.cc:304) Expected 164736 bytes of wave data, but read only 163584 bytes. Truncated file?
VLOG[2] (compute-mfcc-feats[5.5.1182~1-e02e3]:main():compute-mfcc-feats.cc:182) Processed features for key common_voice_lt_25170898
WARNING (compute-mfcc-feats[5.5.1182~1-e02e3]:Read():wave-reader.cc:304) Expected 144000 bytes of wave data, but read only 142848 bytes. Truncated file?
LOG (compute-mfcc-feats[5.5.1182~1-e02e3]:main():compute-mfcc-feats.cc:181) Processed 830 utterances
VLOG[2] (compute-mfcc-feats[5.5.1182~1-e02e3]:main():compute-mfcc-feats.cc:182) Processed features for key common_voice_lt_25170899
WARNING (compute-mfcc-feats[5.5.1182~1-e02e3]:Read():wave-reader.cc:304) Expected 120960 bytes of wave data, but read only 119808 bytes. Truncated file?
VLOG[2] (compute-mfcc-feats[5.5.1182~1-e02e3]:main():compute-mfcc-feats.cc:182) Processed features for key common_voice_lt_25170900
WARNING (compute-mfcc-feats[5.5.1182~1-e02e3]:Read():wave-reader.cc:304) Expected 177408 bytes of wave data, but read only 176256 bytes. Truncated file?
VLOG[2] (compute-mfcc-feats[5.5.1182~1-e02e3]:main():compute-mfcc-feats.cc:182) Processed features for key common_voice_lt_25170901
WARNING (compute-mfcc-feats[5.5.1182~1-e02e3]:Read():wave-reader.cc:304) Expected 122112 bytes of wave data, but read only 120960 bytes. Truncated file?
VLOG[2] (compute-mfcc-feats[5.5.1182~1-e02e3]:main():compute-mfcc-feats.cc:182) Processed features for key common_voice_lt_25170907
WARNING (compute-mfcc-feats[5.5.1182~1-e02e3]:Read():wave-reader.cc:304) Expected 193536 bytes of wave data, but read only 192384 bytes. Truncated file?
VLOG[2] (compute-mfcc-feats[5.5.1182~1-e02e3]:main():compute-mfcc-feats.cc:182) Processed features for key common_voice_lt_25170908
WARNING (compute-mfcc-feats[5.5.1182~1-e02e3]:Read():wave-reader.cc:304) Expected 103680 bytes of wave data, but read only 102528 bytes. Truncated file?
VLOG[2] (compute-mfcc-feats[5.5.1182~1-e02e3]:main():compute-mfcc-feats.cc:182) Processed features for key common_voice_lt_25170909
WARNING (compute-mfcc-feats[5.5.1182~1-e02e3]:Read():wave-reader.cc:304) Expected 110592 bytes of wave data, but read only 109440 bytes. Truncated file?
VLOG[2] (compute-mfcc-feats[5.5.1182~1-e02e3]:main():compute-mfcc-feats.cc:182) Processed features for key common_voice_lt_25170910
WARNING (compute-mfcc-feats[5.5.1182~1-e02e3]:Read():wave-reader.cc:304) Expected 215424 bytes of wave data, but read only 214272 bytes. Truncated file?
VLOG[2] (compute-mfcc-feats[5.5.1182~1-e02e3]:main():compute-mfcc-feats.cc:182) Processed features for key common_voice_lt_25170911
WARNING (compute-mfcc-feats[5.5.1182~1-e02e3]:Read():wave-reader.cc:304) Expected 107136 bytes of wave data, but read only 105984 bytes. Truncated file?
VLOG[2] (compute-mfcc-feats[5.5.1182~1-e02e3]:main():compute-mfcc-feats.cc:182) Processed features for key common_voice_lt_25170912
WARNING (compute-mfcc-feats[5.5.1182~1-e02e3]:Read():wave-reader.cc:304) Expected 119808 bytes of wave data, but read only 118656 bytes. Truncated file?
VLOG[2] (compute-mfcc-feats[5.5.1182~1-e02e3]:main():compute-mfcc-feats.cc:182) Processed features for key common_voice_lt_25170913
WARNING (compute-mfcc-feats[5.5.1182~1-e02e3]:Read():wave-reader.cc:304) Expected 168192 bytes of wave data, but read only 167040 bytes. Truncated file?
LOG (compute-mfcc-feats[5.5.1182~1-e02e3]:main():compute-mfcc-feats.cc:181) Processed 840 utterances
VLOG[2] (compute-mfcc-feats[5.5.1182~1-e02e3]:main():compute-mfcc-feats.cc:182) Processed features for key common_voice_lt_25170914
WARNING (compute-mfcc-feats[5.5.1182~1-e02e3]:Read():wave-reader.cc:304) Expected 108288 bytes of wave data, but read only 107136 bytes. Truncated file?
VLOG[2] (compute-mfcc-feats[5.5.1182~1-e02e3]:main():compute-mfcc-feats.cc:182) Processed features for key common_voice_lt_25170915
WARNING (compute-mfcc-feats[5.5.1182~1-e02e3]:Read():wave-reader.cc:304) Expected 99072 bytes of wave data, but read only 97920 bytes. Truncated file?
VLOG[2] (compute-mfcc-feats[5.5.1182~1-e02e3]:main():compute-mfcc-feats.cc:182) Processed features for key common_voice_lt_25170916
WARNING (compute-mfcc-feats[5.5.1182~1-e02e3]:Read():wave-reader.cc:304) Expected 172800 bytes of wave data, but read only 171648 bytes. Truncated file?
VLOG[2] (compute-mfcc-feats[5.5.1182~1-e02e3]:main():compute-mfcc-feats.cc:182) Processed features for key common_voice_lt_25170922
WARNING (compute-mfcc-feats[5.5.1182~1-e02e3]:Read():wave-reader.cc:304) Expected 137088 bytes of wave data, but read only 135936 bytes. Truncated file?
VLOG[2] (compute-mfcc-feats[5.5.1182~1-e02e3]:main():compute-mfcc-feats.cc:182) Processed features for key common_voice_lt_25170923
WARNING (compute-mfcc-feats[5.5.1182~1-e02e3]:Read():wave-reader.cc:304) Expected 244224 bytes of wave data, but read only 243072 bytes. Truncated file?
VLOG[2] (compute-mfcc-feats[5.5.1182~1-e02e3]:main():compute-mfcc-feats.cc:182) Processed features for key common_voice_lt_25170924
WARNING (compute-mfcc-feats[5.5.1182~1-e02e3]:Read():wave-reader.cc:304) Expected 200448 bytes of wave data, but read only 199296 bytes. Truncated file?
VLOG[2] (compute-mfcc-feats[5.5.1182~1-e02e3]:main():compute-mfcc-feats.cc:182) Processed features for key common_voice_lt_25170925
WARNING (compute-mfcc-feats[5.5.1182~1-e02e3]:Read():wave-reader.cc:304) Expected 187776 bytes of wave data, but read only 186624 bytes. Truncated file?
VLOG[2] (compute-mfcc-feats[5.5.1182~1-e02e3]:main():compute-mfcc-feats.cc:182) Processed features for key common_voice_lt_25170926
WARNING (compute-mfcc-feats[5.5.1182~1-e02e3]:Read():wave-reader.cc:304) Expected 93312 bytes of wave data, but read only 92160 bytes. Truncated file?
VLOG[2] (compute-mfcc-feats[5.5.1182~1-e02e3]:main():compute-mfcc-feats.cc:182) Processed features for key common_voice_lt_25170932
WARNING (compute-mfcc-feats[5.5.1182~1-e02e3]:Read():wave-reader.cc:304) Expected 122112 bytes of wave data, but read only 120960 bytes. Truncated file?
VLOG[2] (compute-mfcc-feats[5.5.1182~1-e02e3]:main():compute-mfcc-feats.cc:182) Processed features for key common_voice_lt_25170933
WARNING (compute-mfcc-feats[5.5.1182~1-e02e3]:Read():wave-reader.cc:304) Expected 207360 bytes of wave data, but read only 206208 bytes. Truncated file?
LOG (compute-mfcc-feats[5.5.1182~1-e02e3]:main():compute-mfcc-feats.cc:181) Processed 850 utterances
VLOG[2] (compute-mfcc-feats[5.5.1182~1-e02e3]:main():compute-mfcc-feats.cc:182) Processed features for key common_voice_lt_25170934
WARNING (compute-mfcc-feats[5.5.1182~1-e02e3]:Read():wave-reader.cc:304) Expected 216576 bytes of wave data, but read only 215424 bytes. Truncated file?
VLOG[2] (compute-mfcc-feats[5.5.1182~1-e02e3]:main():compute-mfcc-feats.cc:182) Processed features for key common_voice_lt_25170935
WARNING (compute-mfcc-feats[5.5.1182~1-e02e3]:Read():wave-reader.cc:304) Expected 103680 bytes of wave data, but read only 102528 bytes. Truncated file?
VLOG[2] (compute-mfcc-feats[5.5.1182~1-e02e3]:main():compute-mfcc-feats.cc:182) Processed features for key common_voice_lt_25170936
WARNING (compute-mfcc-feats[5.5.1182~1-e02e3]:Read():wave-reader.cc:304) Expected 125568 bytes of wave data, but read only 124416 bytes. Truncated file?
VLOG[2] (compute-mfcc-feats[5.5.1182~1-e02e3]:main():compute-mfcc-feats.cc:182) Processed features for key common_voice_lt_25170942
WARNING (compute-mfcc-feats[5.5.1182~1-e02e3]:Read():wave-reader.cc:304) Expected 150912 bytes of wave data, but read only 149760 bytes. Truncated file?
VLOG[2] (compute-mfcc-feats[5.5.1182~1-e02e3]:main():compute-mfcc-feats.cc:182) Processed features for key common_voice_lt_25170943
WARNING (compute-mfcc-feats[5.5.1182~1-e02e3]:Read():wave-reader.cc:304) Expected 307584 bytes of wave data, but read only 306432 bytes. Truncated file?
VLOG[2] (compute-mfcc-feats[5.5.1182~1-e02e3]:main():compute-mfcc-feats.cc:182) Processed features for key common_voice_lt_25170944
WARNING (compute-mfcc-feats[5.5.1182~1-e02e3]:Read():wave-reader.cc:304) Expected 191232 bytes of wave data, but read only 190080 bytes. Truncated file?
VLOG[2] (compute-mfcc-feats[5.5.1182~1-e02e3]:main():compute-mfcc-feats.cc:182) Processed features for key common_voice_lt_25170945
WARNING (compute-mfcc-feats[5.5.1182~1-e02e3]:Read():wave-reader.cc:304) Expected 169344 bytes of wave data, but read only 168192 bytes. Truncated file?
VLOG[2] (compute-mfcc-feats[5.5.1182~1-e02e3]:main():compute-mfcc-feats.cc:182) Processed features for key common_voice_lt_25170946
WARNING (compute-mfcc-feats[5.5.1182~1-e02e3]:Read():wave-reader.cc:304) Expected 229248 bytes of wave data, but read only 228096 bytes. Truncated file?
VLOG[2] (compute-mfcc-feats[5.5.1182~1-e02e3]:main():compute-mfcc-feats.cc:182) Processed features for key common_voice_lt_25170947
WARNING (compute-mfcc-feats[5.5.1182~1-e02e3]:Read():wave-reader.cc:304) Expected 150912 bytes of wave data, but read only 149760 bytes. Truncated file?
VLOG[2] (compute-mfcc-feats[5.5.1182~1-e02e3]:main():compute-mfcc-feats.cc:182) Processed features for key common_voice_lt_25170948
WARNING (compute-mfcc-feats[5.5.1182~1-e02e3]:Read():wave-reader.cc:304) Expected 185472 bytes of wave data, but read only 184320 bytes. Truncated file?
LOG (compute-mfcc-feats[5.5.1182~1-e02e3]:main():compute-mfcc-feats.cc:181) Processed 860 utterances
VLOG[2] (compute-mfcc-feats[5.5.1182~1-e02e3]:main():compute-mfcc-feats.cc:182) Processed features for key common_voice_lt_25170950
WARNING (compute-mfcc-feats[5.5.1182~1-e02e3]:Read():wave-reader.cc:304) Expected 216576 bytes of wave data, but read only 215424 bytes. Truncated file?
VLOG[2] (compute-mfcc-feats[5.5.1182~1-e02e3]:main():compute-mfcc-feats.cc:182) Processed features for key common_voice_lt_25170951
WARNING (compute-mfcc-feats[5.5.1182~1-e02e3]:Read():wave-reader.cc:304) Expected 76032 bytes of wave data, but read only 74880 bytes. Truncated file?
VLOG[2] (compute-mfcc-feats[5.5.1182~1-e02e3]:main():compute-mfcc-feats.cc:182) Processed features for key common_voice_lt_25170962
WARNING (compute-mfcc-feats[5.5.1182~1-e02e3]:Read():wave-reader.cc:304) Expected 177408 bytes of wave data, but read only 176256 bytes. Truncated file?
VLOG[2] (compute-mfcc-feats[5.5.1182~1-e02e3]:main():compute-mfcc-feats.cc:182) Processed features for key common_voice_lt_25170963
WARNING (compute-mfcc-feats[5.5.1182~1-e02e3]:Read():wave-reader.cc:304) Expected 153216 bytes of wave data, but read only 152064 bytes. Truncated file?
VLOG[2] (compute-mfcc-feats[5.5.1182~1-e02e3]:main():compute-mfcc-feats.cc:182) Processed features for key common_voice_lt_25170964
WARNING (compute-mfcc-feats[5.5.1182~1-e02e3]:Read():wave-reader.cc:304) Expected 116352 bytes of wave data, but read only 115200 bytes. Truncated file?
VLOG[2] (compute-mfcc-feats[5.5.1182~1-e02e3]:main():compute-mfcc-feats.cc:182) Processed features for key common_voice_lt_25170965
WARNING (compute-mfcc-feats[5.5.1182~1-e02e3]:Read():wave-reader.cc:304) Expected 259200 bytes of wave data, but read only 258048 bytes. Truncated file?
VLOG[2] (compute-mfcc-feats[5.5.1182~1-e02e3]:main():compute-mfcc-feats.cc:182) Processed features for key common_voice_lt_25170966
WARNING (compute-mfcc-feats[5.5.1182~1-e02e3]:Read():wave-reader.cc:304) Expected 104832 bytes of wave data, but read only 103680 bytes. Truncated file?
VLOG[2] (compute-mfcc-feats[5.5.1182~1-e02e3]:main():compute-mfcc-feats.cc:182) Processed features for key common_voice_lt_25170968
WARNING (compute-mfcc-feats[5.5.1182~1-e02e3]:Read():wave-reader.cc:304) Expected 207360 bytes of wave data, but read only 206208 bytes. Truncated file?
VLOG[2] (compute-mfcc-feats[5.5.1182~1-e02e3]:main():compute-mfcc-feats.cc:182) Processed features for key common_voice_lt_25170969
WARNING (compute-mfcc-feats[5.5.1182~1-e02e3]:Read():wave-reader.cc:304) Expected 109440 bytes of wave data, but read only 108288 bytes. Truncated file?
VLOG[2] (compute-mfcc-feats[5.5.1182~1-e02e3]:main():compute-mfcc-feats.cc:182) Processed features for key common_voice_lt_25170970
WARNING (compute-mfcc-feats[5.5.1182~1-e02e3]:Read():wave-reader.cc:304) Expected 124416 bytes of wave data, but read only 123264 bytes. Truncated file?
LOG (compute-mfcc-feats[5.5.1182~1-e02e3]:main():compute-mfcc-feats.cc:181) Processed 870 utterances
VLOG[2] (compute-mfcc-feats[5.5.1182~1-e02e3]:main():compute-mfcc-feats.cc:182) Processed features for key common_voice_lt_25170971
WARNING (compute-mfcc-feats[5.5.1182~1-e02e3]:Read():wave-reader.cc:304) Expected 147456 bytes of wave data, but read only 146304 bytes. Truncated file?
VLOG[2] (compute-mfcc-feats[5.5.1182~1-e02e3]:main():compute-mfcc-feats.cc:182) Processed features for key common_voice_lt_25170972
WARNING (compute-mfcc-feats[5.5.1182~1-e02e3]:Read():wave-reader.cc:304) Expected 123264 bytes of wave data, but read only 122112 bytes. Truncated file?
VLOG[2] (compute-mfcc-feats[5.5.1182~1-e02e3]:main():compute-mfcc-feats.cc:182) Processed features for key common_voice_lt_25180044
WARNING (compute-mfcc-feats[5.5.1182~1-e02e3]:Read():wave-reader.cc:304) Expected 93312 bytes of wave data, but read only 92160 bytes. Truncated file?
VLOG[2] (compute-mfcc-feats[5.5.1182~1-e02e3]:main():compute-mfcc-feats.cc:182) Processed features for key common_voice_lt_25180046
WARNING (compute-mfcc-feats[5.5.1182~1-e02e3]:Read():wave-reader.cc:304) Expected 207360 bytes of wave data, but read only 206208 bytes. Truncated file?
VLOG[2] (compute-mfcc-feats[5.5.1182~1-e02e3]:main():compute-mfcc-feats.cc:182) Processed features for key common_voice_lt_25180048
WARNING (compute-mfcc-feats[5.5.1182~1-e02e3]:Read():wave-reader.cc:304) Expected 141696 bytes of wave data, but read only 140544 bytes. Truncated file?
VLOG[2] (compute-mfcc-feats[5.5.1182~1-e02e3]:main():compute-mfcc-feats.cc:182) Processed features for key common_voice_lt_25180049
WARNING (compute-mfcc-feats[5.5.1182~1-e02e3]:Read():wave-reader.cc:304) Expected 124416 bytes of wave data, but read only 123264 bytes. Truncated file?
VLOG[2] (compute-mfcc-feats[5.5.1182~1-e02e3]:main():compute-mfcc-feats.cc:182) Processed features for key common_voice_lt_25236337
WARNING (compute-mfcc-feats[5.5.1182~1-e02e3]:Read():wave-reader.cc:304) Expected 211968 bytes of wave data, but read only 210816 bytes. Truncated file?
VLOG[2] (compute-mfcc-feats[5.5.1182~1-e02e3]:main():compute-mfcc-feats.cc:182) Processed features for key common_voice_lt_25236338
WARNING (compute-mfcc-feats[5.5.1182~1-e02e3]:Read():wave-reader.cc:304) Expected 118656 bytes of wave data, but read only 117504 bytes. Truncated file?
VLOG[2] (compute-mfcc-feats[5.5.1182~1-e02e3]:main():compute-mfcc-feats.cc:182) Processed features for key common_voice_lt_25236339
WARNING (compute-mfcc-feats[5.5.1182~1-e02e3]:Read():wave-reader.cc:304) Expected 92160 bytes of wave data, but read only 91008 bytes. Truncated file?
VLOG[2] (compute-mfcc-feats[5.5.1182~1-e02e3]:main():compute-mfcc-feats.cc:182) Processed features for key common_voice_lt_25236340
WARNING (compute-mfcc-feats[5.5.1182~1-e02e3]:Read():wave-reader.cc:304) Expected 114048 bytes of wave data, but read only 112896 bytes. Truncated file?
LOG (compute-mfcc-feats[5.5.1182~1-e02e3]:main():compute-mfcc-feats.cc:181) Processed 880 utterances
VLOG[2] (compute-mfcc-feats[5.5.1182~1-e02e3]:main():compute-mfcc-feats.cc:182) Processed features for key common_voice_lt_25236341
WARNING (compute-mfcc-feats[5.5.1182~1-e02e3]:Read():wave-reader.cc:304) Expected 85248 bytes of wave data, but read only 84096 bytes. Truncated file?
VLOG[2] (compute-mfcc-feats[5.5.1182~1-e02e3]:main():compute-mfcc-feats.cc:182) Processed features for key common_voice_lt_25236349
WARNING (compute-mfcc-feats[5.5.1182~1-e02e3]:Read():wave-reader.cc:304) Expected 172800 bytes of wave data, but read only 171648 bytes. Truncated file?
VLOG[2] (compute-mfcc-feats[5.5.1182~1-e02e3]:main():compute-mfcc-feats.cc:182) Processed features for key common_voice_lt_25236350
WARNING (compute-mfcc-feats[5.5.1182~1-e02e3]:Read():wave-reader.cc:304) Expected 155520 bytes of wave data, but read only 154368 bytes. Truncated file?
VLOG[2] (compute-mfcc-feats[5.5.1182~1-e02e3]:main():compute-mfcc-feats.cc:182) Processed features for key common_voice_lt_25236351
WARNING (compute-mfcc-feats[5.5.1182~1-e02e3]:Read():wave-reader.cc:304) Expected 135936 bytes of wave data, but read only 134784 bytes. Truncated file?
VLOG[2] (compute-mfcc-feats[5.5.1182~1-e02e3]:main():compute-mfcc-feats.cc:182) Processed features for key common_voice_lt_25236353
WARNING (compute-mfcc-feats[5.5.1182~1-e02e3]:Read():wave-reader.cc:304) Expected 126720 bytes of wave data, but read only 125568 bytes. Truncated file?
VLOG[2] (compute-mfcc-feats[5.5.1182~1-e02e3]:main():compute-mfcc-feats.cc:182) Processed features for key common_voice_lt_25236354
WARNING (compute-mfcc-feats[5.5.1182~1-e02e3]:Read():wave-reader.cc:304) Expected 173952 bytes of wave data, but read only 172800 bytes. Truncated file?
VLOG[2] (compute-mfcc-feats[5.5.1182~1-e02e3]:main():compute-mfcc-feats.cc:182) Processed features for key common_voice_lt_25236355
WARNING (compute-mfcc-feats[5.5.1182~1-e02e3]:Read():wave-reader.cc:304) Expected 107136 bytes of wave data, but read only 105984 bytes. Truncated file?
VLOG[2] (compute-mfcc-feats[5.5.1182~1-e02e3]:main():compute-mfcc-feats.cc:182) Processed features for key common_voice_lt_25236356
WARNING (compute-mfcc-feats[5.5.1182~1-e02e3]:Read():wave-reader.cc:304) Expected 156672 bytes of wave data, but read only 155520 bytes. Truncated file?
VLOG[2] (compute-mfcc-feats[5.5.1182~1-e02e3]:main():compute-mfcc-feats.cc:182) Processed features for key common_voice_lt_25236357
WARNING (compute-mfcc-feats[5.5.1182~1-e02e3]:Read():wave-reader.cc:304) Expected 126720 bytes of wave data, but read only 125568 bytes. Truncated file?
VLOG[2] (compute-mfcc-feats[5.5.1182~1-e02e3]:main():compute-mfcc-feats.cc:182) Processed features for key common_voice_lt_25236358
WARNING (compute-mfcc-feats[5.5.1182~1-e02e3]:Read():wave-reader.cc:304) Expected 112896 bytes of wave data, but read only 111744 bytes. Truncated file?
LOG (compute-mfcc-feats[5.5.1182~1-e02e3]:main():compute-mfcc-feats.cc:181) Processed 890 utterances
VLOG[2] (compute-mfcc-feats[5.5.1182~1-e02e3]:main():compute-mfcc-feats.cc:182) Processed features for key common_voice_lt_25236362
WARNING (compute-mfcc-feats[5.5.1182~1-e02e3]:Read():wave-reader.cc:304) Expected 104832 bytes of wave data, but read only 103680 bytes. Truncated file?
VLOG[2] (compute-mfcc-feats[5.5.1182~1-e02e3]:main():compute-mfcc-feats.cc:182) Processed features for key common_voice_lt_25236363
WARNING (compute-mfcc-feats[5.5.1182~1-e02e3]:Read():wave-reader.cc:304) Expected 137088 bytes of wave data, but read only 135936 bytes. Truncated file?
VLOG[2] (compute-mfcc-feats[5.5.1182~1-e02e3]:main():compute-mfcc-feats.cc:182) Processed features for key common_voice_lt_25236365
WARNING (compute-mfcc-feats[5.5.1182~1-e02e3]:Read():wave-reader.cc:304) Expected 164736 bytes of wave data, but read only 163584 bytes. Truncated file?
VLOG[2] (compute-mfcc-feats[5.5.1182~1-e02e3]:main():compute-mfcc-feats.cc:182) Processed features for key common_voice_lt_25236366
WARNING (compute-mfcc-feats[5.5.1182~1-e02e3]:Read():wave-reader.cc:304) Expected 114048 bytes of wave data, but read only 112896 bytes. Truncated file?
VLOG[2] (compute-mfcc-feats[5.5.1182~1-e02e3]:main():compute-mfcc-feats.cc:182) Processed features for key common_voice_lt_25236368
WARNING (compute-mfcc-feats[5.5.1182~1-e02e3]:Read():wave-reader.cc:304) Expected 274176 bytes of wave data, but read only 273024 bytes. Truncated file?
VLOG[2] (compute-mfcc-feats[5.5.1182~1-e02e3]:main():compute-mfcc-feats.cc:182) Processed features for key common_voice_lt_25236369
WARNING (compute-mfcc-feats[5.5.1182~1-e02e3]:Read():wave-reader.cc:304) Expected 179712 bytes of wave data, but read only 178560 bytes. Truncated file?
VLOG[2] (compute-mfcc-feats[5.5.1182~1-e02e3]:main():compute-mfcc-feats.cc:182) Processed features for key common_voice_lt_25236370
WARNING (compute-mfcc-feats[5.5.1182~1-e02e3]:Read():wave-reader.cc:304) Expected 129024 bytes of wave data, but read only 127872 bytes. Truncated file?
VLOG[2] (compute-mfcc-feats[5.5.1182~1-e02e3]:main():compute-mfcc-feats.cc:182) Processed features for key common_voice_lt_25236371
WARNING (compute-mfcc-feats[5.5.1182~1-e02e3]:Read():wave-reader.cc:304) Expected 126720 bytes of wave data, but read only 125568 bytes. Truncated file?
VLOG[2] (compute-mfcc-feats[5.5.1182~1-e02e3]:main():compute-mfcc-feats.cc:182) Processed features for key common_voice_lt_25236373
WARNING (compute-mfcc-feats[5.5.1182~1-e02e3]:Read():wave-reader.cc:304) Expected 200448 bytes of wave data, but read only 199296 bytes. Truncated file?
VLOG[2] (compute-mfcc-feats[5.5.1182~1-e02e3]:main():compute-mfcc-feats.cc:182) Processed features for key common_voice_lt_25236374
WARNING (compute-mfcc-feats[5.5.1182~1-e02e3]:Read():wave-reader.cc:304) Expected 115200 bytes of wave data, but read only 114048 bytes. Truncated file?
LOG (compute-mfcc-feats[5.5.1182~1-e02e3]:main():compute-mfcc-feats.cc:181) Processed 900 utterances
VLOG[2] (compute-mfcc-feats[5.5.1182~1-e02e3]:main():compute-mfcc-feats.cc:182) Processed features for key common_voice_lt_25236381
WARNING (compute-mfcc-feats[5.5.1182~1-e02e3]:Read():wave-reader.cc:304) Expected 229248 bytes of wave data, but read only 228096 bytes. Truncated file?
VLOG[2] (compute-mfcc-feats[5.5.1182~1-e02e3]:main():compute-mfcc-feats.cc:182) Processed features for key common_voice_lt_25236382
WARNING (compute-mfcc-feats[5.5.1182~1-e02e3]:Read():wave-reader.cc:304) Expected 133632 bytes of wave data, but read only 132480 bytes. Truncated file?
VLOG[2] (compute-mfcc-feats[5.5.1182~1-e02e3]:main():compute-mfcc-feats.cc:182) Processed features for key common_voice_lt_25236383
WARNING (compute-mfcc-feats[5.5.1182~1-e02e3]:Read():wave-reader.cc:304) Expected 202752 bytes of wave data, but read only 201600 bytes. Truncated file?
VLOG[2] (compute-mfcc-feats[5.5.1182~1-e02e3]:main():compute-mfcc-feats.cc:182) Processed features for key common_voice_lt_25236384
WARNING (compute-mfcc-feats[5.5.1182~1-e02e3]:Read():wave-reader.cc:304) Expected 155520 bytes of wave data, but read only 154368 bytes. Truncated file?
VLOG[2] (compute-mfcc-feats[5.5.1182~1-e02e3]:main():compute-mfcc-feats.cc:182) Processed features for key common_voice_lt_25236388
WARNING (compute-mfcc-feats[5.5.1182~1-e02e3]:Read():wave-reader.cc:304) Expected 135936 bytes of wave data, but read only 134784 bytes. Truncated file?
VLOG[2] (compute-mfcc-feats[5.5.1182~1-e02e3]:main():compute-mfcc-feats.cc:182) Processed features for key common_voice_lt_25236389
WARNING (compute-mfcc-feats[5.5.1182~1-e02e3]:Read():wave-reader.cc:304) Expected 84096 bytes of wave data, but read only 82944 bytes. Truncated file?
VLOG[2] (compute-mfcc-feats[5.5.1182~1-e02e3]:main():compute-mfcc-feats.cc:182) Processed features for key common_voice_lt_25236390
LOG (compute-mfcc-feats[5.5.1182~1-e02e3]:main():compute-mfcc-feats.cc:185)  Done 906 out of 906 utterances.
LOG (copy-feats[5.5.1182~1-e02e3]:main():copy-feats.cc:143) Copied 906 feature matrices.
# Accounting: time=16 threads=1
# Ended (code 0) at Wed Jan 14 11:21:58 EET 2026, elapsed time 16 seconds
