# compute-mfcc-feats --write-utt2dur=ark,t:exp/make_mfcc/train/utt2dur.9 --verbose=2 --config=conf/mfcc.conf scp,p:exp/make_mfcc/train/wav_train.9.scp ark:- | copy-feats --write-num-frames=ark,t:exp/make_mfcc/train/utt2num_frames.9 --compress=true ark:- ark,scp:/root/magistras/kaldi-trunk/egs/lt_magistras/s5/mfcc/raw_mfcc_train.9.ark,/root/magistras/kaldi-trunk/egs/lt_magistras/s5/mfcc/raw_mfcc_train.9.scp 
# Started at Wed Jan 14 11:21:42 EET 2026
#
compute-mfcc-feats --write-utt2dur=ark,t:exp/make_mfcc/train/utt2dur.9 --verbose=2 --config=conf/mfcc.conf scp,p:exp/make_mfcc/train/wav_train.9.scp ark:- 
copy-feats --write-num-frames=ark,t:exp/make_mfcc/train/utt2num_frames.9 --compress=true ark:- ark,scp:/root/magistras/kaldi-trunk/egs/lt_magistras/s5/mfcc/raw_mfcc_train.9.ark,/root/magistras/kaldi-trunk/egs/lt_magistras/s5/mfcc/raw_mfcc_train.9.scp 
WARNING (compute-mfcc-feats[5.5.1182~1-e02e3]:Read():wave-reader.cc:304) Expected 153216 bytes of wave data, but read only 152064 bytes. Truncated file?
VLOG[2] (compute-mfcc-feats[5.5.1182~1-e02e3]:main():compute-mfcc-feats.cc:182) Processed features for key common_voice_lt_40724041
WARNING (compute-mfcc-feats[5.5.1182~1-e02e3]:Read():wave-reader.cc:304) Expected 176256 bytes of wave data, but read only 175104 bytes. Truncated file?
VLOG[2] (compute-mfcc-feats[5.5.1182~1-e02e3]:main():compute-mfcc-feats.cc:182) Processed features for key common_voice_lt_40724043
WARNING (compute-mfcc-feats[5.5.1182~1-e02e3]:Read():wave-reader.cc:304) Expected 110592 bytes of wave data, but read only 109440 bytes. Truncated file?
VLOG[2] (compute-mfcc-feats[5.5.1182~1-e02e3]:main():compute-mfcc-feats.cc:182) Processed features for key common_voice_lt_40724049
WARNING (compute-mfcc-feats[5.5.1182~1-e02e3]:Read():wave-reader.cc:304) Expected 158976 bytes of wave data, but read only 157824 bytes. Truncated file?
VLOG[2] (compute-mfcc-feats[5.5.1182~1-e02e3]:main():compute-mfcc-feats.cc:182) Processed features for key common_voice_lt_40724050
WARNING (compute-mfcc-feats[5.5.1182~1-e02e3]:Read():wave-reader.cc:304) Expected 210816 bytes of wave data, but read only 209664 bytes. Truncated file?
VLOG[2] (compute-mfcc-feats[5.5.1182~1-e02e3]:main():compute-mfcc-feats.cc:182) Processed features for key common_voice_lt_40724052
WARNING (compute-mfcc-feats[5.5.1182~1-e02e3]:Read():wave-reader.cc:304) Expected 109440 bytes of wave data, but read only 108288 bytes. Truncated file?
VLOG[2] (compute-mfcc-feats[5.5.1182~1-e02e3]:main():compute-mfcc-feats.cc:182) Processed features for key common_voice_lt_40724053
WARNING (compute-mfcc-feats[5.5.1182~1-e02e3]:Read():wave-reader.cc:304) Expected 138240 bytes of wave data, but read only 137088 bytes. Truncated file?
VLOG[2] (compute-mfcc-feats[5.5.1182~1-e02e3]:main():compute-mfcc-feats.cc:182) Processed features for key common_voice_lt_40724060
WARNING (compute-mfcc-feats[5.5.1182~1-e02e3]:Read():wave-reader.cc:304) Expected 205056 bytes of wave data, but read only 203904 bytes. Truncated file?
VLOG[2] (compute-mfcc-feats[5.5.1182~1-e02e3]:main():compute-mfcc-feats.cc:182) Processed features for key common_voice_lt_40724062
WARNING (compute-mfcc-feats[5.5.1182~1-e02e3]:Read():wave-reader.cc:304) Expected 195840 bytes of wave data, but read only 194688 bytes. Truncated file?
VLOG[2] (compute-mfcc-feats[5.5.1182~1-e02e3]:main():compute-mfcc-feats.cc:182) Processed features for key common_voice_lt_40724063
WARNING (compute-mfcc-feats[5.5.1182~1-e02e3]:Read():wave-reader.cc:304) Expected 135936 bytes of wave data, but read only 134784 bytes. Truncated file?
LOG (compute-mfcc-feats[5.5.1182~1-e02e3]:main():compute-mfcc-feats.cc:181) Processed 10 utterances
VLOG[2] (compute-mfcc-feats[5.5.1182~1-e02e3]:main():compute-mfcc-feats.cc:182) Processed features for key common_voice_lt_40724064
WARNING (compute-mfcc-feats[5.5.1182~1-e02e3]:Read():wave-reader.cc:304) Expected 126720 bytes of wave data, but read only 125568 bytes. Truncated file?
VLOG[2] (compute-mfcc-feats[5.5.1182~1-e02e3]:main():compute-mfcc-feats.cc:182) Processed features for key common_voice_lt_40724066
WARNING (compute-mfcc-feats[5.5.1182~1-e02e3]:Read():wave-reader.cc:304) Expected 144000 bytes of wave data, but read only 142848 bytes. Truncated file?
VLOG[2] (compute-mfcc-feats[5.5.1182~1-e02e3]:main():compute-mfcc-feats.cc:182) Processed features for key common_voice_lt_40724067
WARNING (compute-mfcc-feats[5.5.1182~1-e02e3]:Read():wave-reader.cc:304) Expected 87552 bytes of wave data, but read only 86400 bytes. Truncated file?
VLOG[2] (compute-mfcc-feats[5.5.1182~1-e02e3]:main():compute-mfcc-feats.cc:182) Processed features for key common_voice_lt_40724089
WARNING (compute-mfcc-feats[5.5.1182~1-e02e3]:Read():wave-reader.cc:304) Expected 109440 bytes of wave data, but read only 108288 bytes. Truncated file?
VLOG[2] (compute-mfcc-feats[5.5.1182~1-e02e3]:main():compute-mfcc-feats.cc:182) Processed features for key common_voice_lt_40724092
WARNING (compute-mfcc-feats[5.5.1182~1-e02e3]:Read():wave-reader.cc:304) Expected 199296 bytes of wave data, but read only 198144 bytes. Truncated file?
VLOG[2] (compute-mfcc-feats[5.5.1182~1-e02e3]:main():compute-mfcc-feats.cc:182) Processed features for key common_voice_lt_40724101
WARNING (compute-mfcc-feats[5.5.1182~1-e02e3]:Read():wave-reader.cc:304) Expected 139392 bytes of wave data, but read only 138240 bytes. Truncated file?
VLOG[2] (compute-mfcc-feats[5.5.1182~1-e02e3]:main():compute-mfcc-feats.cc:182) Processed features for key common_voice_lt_40724102
WARNING (compute-mfcc-feats[5.5.1182~1-e02e3]:Read():wave-reader.cc:304) Expected 141696 bytes of wave data, but read only 140544 bytes. Truncated file?
VLOG[2] (compute-mfcc-feats[5.5.1182~1-e02e3]:main():compute-mfcc-feats.cc:182) Processed features for key common_voice_lt_40724103
WARNING (compute-mfcc-feats[5.5.1182~1-e02e3]:Read():wave-reader.cc:304) Expected 161280 bytes of wave data, but read only 160128 bytes. Truncated file?
VLOG[2] (compute-mfcc-feats[5.5.1182~1-e02e3]:main():compute-mfcc-feats.cc:182) Processed features for key common_voice_lt_40724115
WARNING (compute-mfcc-feats[5.5.1182~1-e02e3]:Read():wave-reader.cc:304) Expected 153216 bytes of wave data, but read only 152064 bytes. Truncated file?
VLOG[2] (compute-mfcc-feats[5.5.1182~1-e02e3]:main():compute-mfcc-feats.cc:182) Processed features for key common_voice_lt_40724117
WARNING (compute-mfcc-feats[5.5.1182~1-e02e3]:Read():wave-reader.cc:304) Expected 210816 bytes of wave data, but read only 209664 bytes. Truncated file?
LOG (compute-mfcc-feats[5.5.1182~1-e02e3]:main():compute-mfcc-feats.cc:181) Processed 20 utterances
VLOG[2] (compute-mfcc-feats[5.5.1182~1-e02e3]:main():compute-mfcc-feats.cc:182) Processed features for key common_voice_lt_40724119
WARNING (compute-mfcc-feats[5.5.1182~1-e02e3]:Read():wave-reader.cc:304) Expected 156672 bytes of wave data, but read only 155520 bytes. Truncated file?
VLOG[2] (compute-mfcc-feats[5.5.1182~1-e02e3]:main():compute-mfcc-feats.cc:182) Processed features for key common_voice_lt_40724120
WARNING (compute-mfcc-feats[5.5.1182~1-e02e3]:Read():wave-reader.cc:304) Expected 182016 bytes of wave data, but read only 180864 bytes. Truncated file?
VLOG[2] (compute-mfcc-feats[5.5.1182~1-e02e3]:main():compute-mfcc-feats.cc:182) Processed features for key common_voice_lt_40724634
WARNING (compute-mfcc-feats[5.5.1182~1-e02e3]:Read():wave-reader.cc:304) Expected 110592 bytes of wave data, but read only 109440 bytes. Truncated file?
VLOG[2] (compute-mfcc-feats[5.5.1182~1-e02e3]:main():compute-mfcc-feats.cc:182) Processed features for key common_voice_lt_40724650
WARNING (compute-mfcc-feats[5.5.1182~1-e02e3]:Read():wave-reader.cc:304) Expected 178560 bytes of wave data, but read only 177408 bytes. Truncated file?
VLOG[2] (compute-mfcc-feats[5.5.1182~1-e02e3]:main():compute-mfcc-feats.cc:182) Processed features for key common_voice_lt_40724654
WARNING (compute-mfcc-feats[5.5.1182~1-e02e3]:Read():wave-reader.cc:304) Expected 109440 bytes of wave data, but read only 108288 bytes. Truncated file?
VLOG[2] (compute-mfcc-feats[5.5.1182~1-e02e3]:main():compute-mfcc-feats.cc:182) Processed features for key common_voice_lt_40724655
WARNING (compute-mfcc-feats[5.5.1182~1-e02e3]:Read():wave-reader.cc:304) Expected 118656 bytes of wave data, but read only 117504 bytes. Truncated file?
VLOG[2] (compute-mfcc-feats[5.5.1182~1-e02e3]:main():compute-mfcc-feats.cc:182) Processed features for key common_voice_lt_40724656
WARNING (compute-mfcc-feats[5.5.1182~1-e02e3]:Read():wave-reader.cc:304) Expected 158976 bytes of wave data, but read only 157824 bytes. Truncated file?
VLOG[2] (compute-mfcc-feats[5.5.1182~1-e02e3]:main():compute-mfcc-feats.cc:182) Processed features for key common_voice_lt_40724682
WARNING (compute-mfcc-feats[5.5.1182~1-e02e3]:Read():wave-reader.cc:304) Expected 233856 bytes of wave data, but read only 232704 bytes. Truncated file?
VLOG[2] (compute-mfcc-feats[5.5.1182~1-e02e3]:main():compute-mfcc-feats.cc:182) Processed features for key common_voice_lt_40724683
WARNING (compute-mfcc-feats[5.5.1182~1-e02e3]:Read():wave-reader.cc:304) Expected 158976 bytes of wave data, but read only 157824 bytes. Truncated file?
VLOG[2] (compute-mfcc-feats[5.5.1182~1-e02e3]:main():compute-mfcc-feats.cc:182) Processed features for key common_voice_lt_40724685
WARNING (compute-mfcc-feats[5.5.1182~1-e02e3]:Read():wave-reader.cc:304) Expected 158976 bytes of wave data, but read only 157824 bytes. Truncated file?
LOG (compute-mfcc-feats[5.5.1182~1-e02e3]:main():compute-mfcc-feats.cc:181) Processed 30 utterances
VLOG[2] (compute-mfcc-feats[5.5.1182~1-e02e3]:main():compute-mfcc-feats.cc:182) Processed features for key common_voice_lt_40724696
WARNING (compute-mfcc-feats[5.5.1182~1-e02e3]:Read():wave-reader.cc:304) Expected 141696 bytes of wave data, but read only 140544 bytes. Truncated file?
VLOG[2] (compute-mfcc-feats[5.5.1182~1-e02e3]:main():compute-mfcc-feats.cc:182) Processed features for key common_voice_lt_40724699
WARNING (compute-mfcc-feats[5.5.1182~1-e02e3]:Read():wave-reader.cc:304) Expected 155520 bytes of wave data, but read only 154368 bytes. Truncated file?
VLOG[2] (compute-mfcc-feats[5.5.1182~1-e02e3]:main():compute-mfcc-feats.cc:182) Processed features for key common_voice_lt_40724705
WARNING (compute-mfcc-feats[5.5.1182~1-e02e3]:Read():wave-reader.cc:304) Expected 126720 bytes of wave data, but read only 125568 bytes. Truncated file?
VLOG[2] (compute-mfcc-feats[5.5.1182~1-e02e3]:main():compute-mfcc-feats.cc:182) Processed features for key common_voice_lt_40724718
WARNING (compute-mfcc-feats[5.5.1182~1-e02e3]:Read():wave-reader.cc:304) Expected 150912 bytes of wave data, but read only 149760 bytes. Truncated file?
VLOG[2] (compute-mfcc-feats[5.5.1182~1-e02e3]:main():compute-mfcc-feats.cc:182) Processed features for key common_voice_lt_40724720
WARNING (compute-mfcc-feats[5.5.1182~1-e02e3]:Read():wave-reader.cc:304) Expected 124416 bytes of wave data, but read only 123264 bytes. Truncated file?
VLOG[2] (compute-mfcc-feats[5.5.1182~1-e02e3]:main():compute-mfcc-feats.cc:182) Processed features for key common_voice_lt_40724721
WARNING (compute-mfcc-feats[5.5.1182~1-e02e3]:Read():wave-reader.cc:304) Expected 155520 bytes of wave data, but read only 154368 bytes. Truncated file?
VLOG[2] (compute-mfcc-feats[5.5.1182~1-e02e3]:main():compute-mfcc-feats.cc:182) Processed features for key common_voice_lt_40724740
WARNING (compute-mfcc-feats[5.5.1182~1-e02e3]:Read():wave-reader.cc:304) Expected 168192 bytes of wave data, but read only 167040 bytes. Truncated file?
VLOG[2] (compute-mfcc-feats[5.5.1182~1-e02e3]:main():compute-mfcc-feats.cc:182) Processed features for key common_voice_lt_40724767
WARNING (compute-mfcc-feats[5.5.1182~1-e02e3]:Read():wave-reader.cc:304) Expected 182016 bytes of wave data, but read only 180864 bytes. Truncated file?
VLOG[2] (compute-mfcc-feats[5.5.1182~1-e02e3]:main():compute-mfcc-feats.cc:182) Processed features for key common_voice_lt_40724770
WARNING (compute-mfcc-feats[5.5.1182~1-e02e3]:Read():wave-reader.cc:304) Expected 130176 bytes of wave data, but read only 129024 bytes. Truncated file?
VLOG[2] (compute-mfcc-feats[5.5.1182~1-e02e3]:main():compute-mfcc-feats.cc:182) Processed features for key common_voice_lt_40724771
WARNING (compute-mfcc-feats[5.5.1182~1-e02e3]:Read():wave-reader.cc:304) Expected 112896 bytes of wave data, but read only 111744 bytes. Truncated file?
LOG (compute-mfcc-feats[5.5.1182~1-e02e3]:main():compute-mfcc-feats.cc:181) Processed 40 utterances
VLOG[2] (compute-mfcc-feats[5.5.1182~1-e02e3]:main():compute-mfcc-feats.cc:182) Processed features for key common_voice_lt_40724822
WARNING (compute-mfcc-feats[5.5.1182~1-e02e3]:Read():wave-reader.cc:304) Expected 182016 bytes of wave data, but read only 180864 bytes. Truncated file?
VLOG[2] (compute-mfcc-feats[5.5.1182~1-e02e3]:main():compute-mfcc-feats.cc:182) Processed features for key common_voice_lt_40724823
WARNING (compute-mfcc-feats[5.5.1182~1-e02e3]:Read():wave-reader.cc:304) Expected 237312 bytes of wave data, but read only 236160 bytes. Truncated file?
VLOG[2] (compute-mfcc-feats[5.5.1182~1-e02e3]:main():compute-mfcc-feats.cc:182) Processed features for key common_voice_lt_40724825
WARNING (compute-mfcc-feats[5.5.1182~1-e02e3]:Read():wave-reader.cc:304) Expected 132480 bytes of wave data, but read only 131328 bytes. Truncated file?
VLOG[2] (compute-mfcc-feats[5.5.1182~1-e02e3]:main():compute-mfcc-feats.cc:182) Processed features for key common_voice_lt_40724827
WARNING (compute-mfcc-feats[5.5.1182~1-e02e3]:Read():wave-reader.cc:304) Expected 251136 bytes of wave data, but read only 249984 bytes. Truncated file?
VLOG[2] (compute-mfcc-feats[5.5.1182~1-e02e3]:main():compute-mfcc-feats.cc:182) Processed features for key common_voice_lt_40724853
WARNING (compute-mfcc-feats[5.5.1182~1-e02e3]:Read():wave-reader.cc:304) Expected 167040 bytes of wave data, but read only 165888 bytes. Truncated file?
VLOG[2] (compute-mfcc-feats[5.5.1182~1-e02e3]:main():compute-mfcc-feats.cc:182) Processed features for key common_voice_lt_40724857
WARNING (compute-mfcc-feats[5.5.1182~1-e02e3]:Read():wave-reader.cc:304) Expected 135936 bytes of wave data, but read only 134784 bytes. Truncated file?
VLOG[2] (compute-mfcc-feats[5.5.1182~1-e02e3]:main():compute-mfcc-feats.cc:182) Processed features for key common_voice_lt_40724869
WARNING (compute-mfcc-feats[5.5.1182~1-e02e3]:Read():wave-reader.cc:304) Expected 130176 bytes of wave data, but read only 129024 bytes. Truncated file?
VLOG[2] (compute-mfcc-feats[5.5.1182~1-e02e3]:main():compute-mfcc-feats.cc:182) Processed features for key common_voice_lt_40724872
WARNING (compute-mfcc-feats[5.5.1182~1-e02e3]:Read():wave-reader.cc:304) Expected 115200 bytes of wave data, but read only 114048 bytes. Truncated file?
VLOG[2] (compute-mfcc-feats[5.5.1182~1-e02e3]:main():compute-mfcc-feats.cc:182) Processed features for key common_voice_lt_40724878
WARNING (compute-mfcc-feats[5.5.1182~1-e02e3]:Read():wave-reader.cc:304) Expected 195840 bytes of wave data, but read only 194688 bytes. Truncated file?
VLOG[2] (compute-mfcc-feats[5.5.1182~1-e02e3]:main():compute-mfcc-feats.cc:182) Processed features for key common_voice_lt_40724899
WARNING (compute-mfcc-feats[5.5.1182~1-e02e3]:Read():wave-reader.cc:304) Expected 149760 bytes of wave data, but read only 148608 bytes. Truncated file?
LOG (compute-mfcc-feats[5.5.1182~1-e02e3]:main():compute-mfcc-feats.cc:181) Processed 50 utterances
VLOG[2] (compute-mfcc-feats[5.5.1182~1-e02e3]:main():compute-mfcc-feats.cc:182) Processed features for key common_voice_lt_40724901
WARNING (compute-mfcc-feats[5.5.1182~1-e02e3]:Read():wave-reader.cc:304) Expected 135936 bytes of wave data, but read only 134784 bytes. Truncated file?
VLOG[2] (compute-mfcc-feats[5.5.1182~1-e02e3]:main():compute-mfcc-feats.cc:182) Processed features for key common_voice_lt_40724902
sox WARN rate: rate clipped 1 samples; decrease volume?
sox WARN dither: dither clipped 1 samples; decrease volume?
WARNING (compute-mfcc-feats[5.5.1182~1-e02e3]:Read():wave-reader.cc:304) Expected 139392 bytes of wave data, but read only 138240 bytes. Truncated file?
VLOG[2] (compute-mfcc-feats[5.5.1182~1-e02e3]:main():compute-mfcc-feats.cc:182) Processed features for key common_voice_lt_40726108
WARNING (compute-mfcc-feats[5.5.1182~1-e02e3]:Read():wave-reader.cc:304) Expected 149760 bytes of wave data, but read only 148608 bytes. Truncated file?
VLOG[2] (compute-mfcc-feats[5.5.1182~1-e02e3]:main():compute-mfcc-feats.cc:182) Processed features for key common_voice_lt_40726111
WARNING (compute-mfcc-feats[5.5.1182~1-e02e3]:Read():wave-reader.cc:304) Expected 182016 bytes of wave data, but read only 180864 bytes. Truncated file?
VLOG[2] (compute-mfcc-feats[5.5.1182~1-e02e3]:main():compute-mfcc-feats.cc:182) Processed features for key common_voice_lt_40726113
WARNING (compute-mfcc-feats[5.5.1182~1-e02e3]:Read():wave-reader.cc:304) Expected 184320 bytes of wave data, but read only 183168 bytes. Truncated file?
VLOG[2] (compute-mfcc-feats[5.5.1182~1-e02e3]:main():compute-mfcc-feats.cc:182) Processed features for key common_voice_lt_40726124
WARNING (compute-mfcc-feats[5.5.1182~1-e02e3]:Read():wave-reader.cc:304) Expected 253440 bytes of wave data, but read only 252288 bytes. Truncated file?
VLOG[2] (compute-mfcc-feats[5.5.1182~1-e02e3]:main():compute-mfcc-feats.cc:182) Processed features for key common_voice_lt_40726126
WARNING (compute-mfcc-feats[5.5.1182~1-e02e3]:Read():wave-reader.cc:304) Expected 168192 bytes of wave data, but read only 167040 bytes. Truncated file?
VLOG[2] (compute-mfcc-feats[5.5.1182~1-e02e3]:main():compute-mfcc-feats.cc:182) Processed features for key common_voice_lt_40726127
WARNING (compute-mfcc-feats[5.5.1182~1-e02e3]:Read():wave-reader.cc:304) Expected 176256 bytes of wave data, but read only 175104 bytes. Truncated file?
VLOG[2] (compute-mfcc-feats[5.5.1182~1-e02e3]:main():compute-mfcc-feats.cc:182) Processed features for key common_voice_lt_40726144
WARNING (compute-mfcc-feats[5.5.1182~1-e02e3]:Read():wave-reader.cc:304) Expected 168192 bytes of wave data, but read only 167040 bytes. Truncated file?
VLOG[2] (compute-mfcc-feats[5.5.1182~1-e02e3]:main():compute-mfcc-feats.cc:182) Processed features for key common_voice_lt_40726145
WARNING (compute-mfcc-feats[5.5.1182~1-e02e3]:Read():wave-reader.cc:304) Expected 120960 bytes of wave data, but read only 119808 bytes. Truncated file?
LOG (compute-mfcc-feats[5.5.1182~1-e02e3]:main():compute-mfcc-feats.cc:181) Processed 60 utterances
VLOG[2] (compute-mfcc-feats[5.5.1182~1-e02e3]:main():compute-mfcc-feats.cc:182) Processed features for key common_voice_lt_40726146
WARNING (compute-mfcc-feats[5.5.1182~1-e02e3]:Read():wave-reader.cc:304) Expected 132480 bytes of wave data, but read only 131328 bytes. Truncated file?
VLOG[2] (compute-mfcc-feats[5.5.1182~1-e02e3]:main():compute-mfcc-feats.cc:182) Processed features for key common_voice_lt_40726147
WARNING (compute-mfcc-feats[5.5.1182~1-e02e3]:Read():wave-reader.cc:304) Expected 139392 bytes of wave data, but read only 138240 bytes. Truncated file?
VLOG[2] (compute-mfcc-feats[5.5.1182~1-e02e3]:main():compute-mfcc-feats.cc:182) Processed features for key common_voice_lt_40726184
WARNING (compute-mfcc-feats[5.5.1182~1-e02e3]:Read():wave-reader.cc:304) Expected 155520 bytes of wave data, but read only 154368 bytes. Truncated file?
VLOG[2] (compute-mfcc-feats[5.5.1182~1-e02e3]:main():compute-mfcc-feats.cc:182) Processed features for key common_voice_lt_40726190
WARNING (compute-mfcc-feats[5.5.1182~1-e02e3]:Read():wave-reader.cc:304) Expected 195840 bytes of wave data, but read only 194688 bytes. Truncated file?
VLOG[2] (compute-mfcc-feats[5.5.1182~1-e02e3]:main():compute-mfcc-feats.cc:182) Processed features for key common_voice_lt_40726191
WARNING (compute-mfcc-feats[5.5.1182~1-e02e3]:Read():wave-reader.cc:304) Expected 156672 bytes of wave data, but read only 155520 bytes. Truncated file?
VLOG[2] (compute-mfcc-feats[5.5.1182~1-e02e3]:main():compute-mfcc-feats.cc:182) Processed features for key common_voice_lt_40726193
WARNING (compute-mfcc-feats[5.5.1182~1-e02e3]:Read():wave-reader.cc:304) Expected 144000 bytes of wave data, but read only 142848 bytes. Truncated file?
VLOG[2] (compute-mfcc-feats[5.5.1182~1-e02e3]:main():compute-mfcc-feats.cc:182) Processed features for key common_voice_lt_40726200
WARNING (compute-mfcc-feats[5.5.1182~1-e02e3]:Read():wave-reader.cc:304) Expected 161280 bytes of wave data, but read only 160128 bytes. Truncated file?
VLOG[2] (compute-mfcc-feats[5.5.1182~1-e02e3]:main():compute-mfcc-feats.cc:182) Processed features for key common_voice_lt_40726201
WARNING (compute-mfcc-feats[5.5.1182~1-e02e3]:Read():wave-reader.cc:304) Expected 210816 bytes of wave data, but read only 209664 bytes. Truncated file?
VLOG[2] (compute-mfcc-feats[5.5.1182~1-e02e3]:main():compute-mfcc-feats.cc:182) Processed features for key common_voice_lt_40726202
WARNING (compute-mfcc-feats[5.5.1182~1-e02e3]:Read():wave-reader.cc:304) Expected 156672 bytes of wave data, but read only 155520 bytes. Truncated file?
VLOG[2] (compute-mfcc-feats[5.5.1182~1-e02e3]:main():compute-mfcc-feats.cc:182) Processed features for key common_voice_lt_40726203
sox WARN rate: rate clipped 3 samples; decrease volume?
sox WARN dither: dither clipped 2 samples; decrease volume?
WARNING (compute-mfcc-feats[5.5.1182~1-e02e3]:Read():wave-reader.cc:304) Expected 120960 bytes of wave data, but read only 119808 bytes. Truncated file?
LOG (compute-mfcc-feats[5.5.1182~1-e02e3]:main():compute-mfcc-feats.cc:181) Processed 70 utterances
VLOG[2] (compute-mfcc-feats[5.5.1182~1-e02e3]:main():compute-mfcc-feats.cc:182) Processed features for key common_voice_lt_40726326
WARNING (compute-mfcc-feats[5.5.1182~1-e02e3]:Read():wave-reader.cc:304) Expected 156672 bytes of wave data, but read only 155520 bytes. Truncated file?
VLOG[2] (compute-mfcc-feats[5.5.1182~1-e02e3]:main():compute-mfcc-feats.cc:182) Processed features for key common_voice_lt_40726329
WARNING (compute-mfcc-feats[5.5.1182~1-e02e3]:Read():wave-reader.cc:304) Expected 141696 bytes of wave data, but read only 140544 bytes. Truncated file?
VLOG[2] (compute-mfcc-feats[5.5.1182~1-e02e3]:main():compute-mfcc-feats.cc:182) Processed features for key common_voice_lt_40789218
WARNING (compute-mfcc-feats[5.5.1182~1-e02e3]:Read():wave-reader.cc:304) Expected 158976 bytes of wave data, but read only 157824 bytes. Truncated file?
VLOG[2] (compute-mfcc-feats[5.5.1182~1-e02e3]:main():compute-mfcc-feats.cc:182) Processed features for key common_voice_lt_40789219
WARNING (compute-mfcc-feats[5.5.1182~1-e02e3]:Read():wave-reader.cc:304) Expected 135936 bytes of wave data, but read only 134784 bytes. Truncated file?
VLOG[2] (compute-mfcc-feats[5.5.1182~1-e02e3]:main():compute-mfcc-feats.cc:182) Processed features for key common_voice_lt_40789220
WARNING (compute-mfcc-feats[5.5.1182~1-e02e3]:Read():wave-reader.cc:304) Expected 170496 bytes of wave data, but read only 169344 bytes. Truncated file?
VLOG[2] (compute-mfcc-feats[5.5.1182~1-e02e3]:main():compute-mfcc-feats.cc:182) Processed features for key common_voice_lt_40789221
WARNING (compute-mfcc-feats[5.5.1182~1-e02e3]:Read():wave-reader.cc:304) Expected 167040 bytes of wave data, but read only 165888 bytes. Truncated file?
VLOG[2] (compute-mfcc-feats[5.5.1182~1-e02e3]:main():compute-mfcc-feats.cc:182) Processed features for key common_voice_lt_40789222
WARNING (compute-mfcc-feats[5.5.1182~1-e02e3]:Read():wave-reader.cc:304) Expected 179712 bytes of wave data, but read only 178560 bytes. Truncated file?
VLOG[2] (compute-mfcc-feats[5.5.1182~1-e02e3]:main():compute-mfcc-feats.cc:182) Processed features for key common_voice_lt_40789236
WARNING (compute-mfcc-feats[5.5.1182~1-e02e3]:Read():wave-reader.cc:304) Expected 190080 bytes of wave data, but read only 188928 bytes. Truncated file?
VLOG[2] (compute-mfcc-feats[5.5.1182~1-e02e3]:main():compute-mfcc-feats.cc:182) Processed features for key common_voice_lt_40789259
WARNING (compute-mfcc-feats[5.5.1182~1-e02e3]:Read():wave-reader.cc:304) Expected 132480 bytes of wave data, but read only 131328 bytes. Truncated file?
VLOG[2] (compute-mfcc-feats[5.5.1182~1-e02e3]:main():compute-mfcc-feats.cc:182) Processed features for key common_voice_lt_40789260
WARNING (compute-mfcc-feats[5.5.1182~1-e02e3]:Read():wave-reader.cc:304) Expected 312192 bytes of wave data, but read only 311040 bytes. Truncated file?
LOG (compute-mfcc-feats[5.5.1182~1-e02e3]:main():compute-mfcc-feats.cc:181) Processed 80 utterances
VLOG[2] (compute-mfcc-feats[5.5.1182~1-e02e3]:main():compute-mfcc-feats.cc:182) Processed features for key common_voice_lt_40789261
WARNING (compute-mfcc-feats[5.5.1182~1-e02e3]:Read():wave-reader.cc:304) Expected 182016 bytes of wave data, but read only 180864 bytes. Truncated file?
VLOG[2] (compute-mfcc-feats[5.5.1182~1-e02e3]:main():compute-mfcc-feats.cc:182) Processed features for key common_voice_lt_40789262
WARNING (compute-mfcc-feats[5.5.1182~1-e02e3]:Read():wave-reader.cc:304) Expected 187776 bytes of wave data, but read only 186624 bytes. Truncated file?
VLOG[2] (compute-mfcc-feats[5.5.1182~1-e02e3]:main():compute-mfcc-feats.cc:182) Processed features for key common_voice_lt_40789265
WARNING (compute-mfcc-feats[5.5.1182~1-e02e3]:Read():wave-reader.cc:304) Expected 247680 bytes of wave data, but read only 246528 bytes. Truncated file?
VLOG[2] (compute-mfcc-feats[5.5.1182~1-e02e3]:main():compute-mfcc-feats.cc:182) Processed features for key common_voice_lt_40789266
WARNING (compute-mfcc-feats[5.5.1182~1-e02e3]:Read():wave-reader.cc:304) Expected 176256 bytes of wave data, but read only 175104 bytes. Truncated file?
VLOG[2] (compute-mfcc-feats[5.5.1182~1-e02e3]:main():compute-mfcc-feats.cc:182) Processed features for key common_voice_lt_40789272
WARNING (compute-mfcc-feats[5.5.1182~1-e02e3]:Read():wave-reader.cc:304) Expected 138240 bytes of wave data, but read only 137088 bytes. Truncated file?
VLOG[2] (compute-mfcc-feats[5.5.1182~1-e02e3]:main():compute-mfcc-feats.cc:182) Processed features for key common_voice_lt_40789276
WARNING (compute-mfcc-feats[5.5.1182~1-e02e3]:Read():wave-reader.cc:304) Expected 182016 bytes of wave data, but read only 180864 bytes. Truncated file?
VLOG[2] (compute-mfcc-feats[5.5.1182~1-e02e3]:main():compute-mfcc-feats.cc:182) Processed features for key common_voice_lt_40789284
WARNING (compute-mfcc-feats[5.5.1182~1-e02e3]:Read():wave-reader.cc:304) Expected 116352 bytes of wave data, but read only 115200 bytes. Truncated file?
VLOG[2] (compute-mfcc-feats[5.5.1182~1-e02e3]:main():compute-mfcc-feats.cc:182) Processed features for key common_voice_lt_40789285
WARNING (compute-mfcc-feats[5.5.1182~1-e02e3]:Read():wave-reader.cc:304) Expected 99072 bytes of wave data, but read only 97920 bytes. Truncated file?
VLOG[2] (compute-mfcc-feats[5.5.1182~1-e02e3]:main():compute-mfcc-feats.cc:182) Processed features for key common_voice_lt_40789319
WARNING (compute-mfcc-feats[5.5.1182~1-e02e3]:Read():wave-reader.cc:304) Expected 127872 bytes of wave data, but read only 126720 bytes. Truncated file?
VLOG[2] (compute-mfcc-feats[5.5.1182~1-e02e3]:main():compute-mfcc-feats.cc:182) Processed features for key common_voice_lt_40789320
WARNING (compute-mfcc-feats[5.5.1182~1-e02e3]:Read():wave-reader.cc:304) Expected 145152 bytes of wave data, but read only 144000 bytes. Truncated file?
LOG (compute-mfcc-feats[5.5.1182~1-e02e3]:main():compute-mfcc-feats.cc:181) Processed 90 utterances
VLOG[2] (compute-mfcc-feats[5.5.1182~1-e02e3]:main():compute-mfcc-feats.cc:182) Processed features for key common_voice_lt_40789322
WARNING (compute-mfcc-feats[5.5.1182~1-e02e3]:Read():wave-reader.cc:304) Expected 120960 bytes of wave data, but read only 119808 bytes. Truncated file?
VLOG[2] (compute-mfcc-feats[5.5.1182~1-e02e3]:main():compute-mfcc-feats.cc:182) Processed features for key common_voice_lt_40789323
WARNING (compute-mfcc-feats[5.5.1182~1-e02e3]:Read():wave-reader.cc:304) Expected 135936 bytes of wave data, but read only 134784 bytes. Truncated file?
VLOG[2] (compute-mfcc-feats[5.5.1182~1-e02e3]:main():compute-mfcc-feats.cc:182) Processed features for key common_voice_lt_40789324
WARNING (compute-mfcc-feats[5.5.1182~1-e02e3]:Read():wave-reader.cc:304) Expected 150912 bytes of wave data, but read only 149760 bytes. Truncated file?
VLOG[2] (compute-mfcc-feats[5.5.1182~1-e02e3]:main():compute-mfcc-feats.cc:182) Processed features for key common_voice_lt_40789327
WARNING (compute-mfcc-feats[5.5.1182~1-e02e3]:Read():wave-reader.cc:304) Expected 133632 bytes of wave data, but read only 132480 bytes. Truncated file?
VLOG[2] (compute-mfcc-feats[5.5.1182~1-e02e3]:main():compute-mfcc-feats.cc:182) Processed features for key common_voice_lt_40789328
WARNING (compute-mfcc-feats[5.5.1182~1-e02e3]:Read():wave-reader.cc:304) Expected 147456 bytes of wave data, but read only 146304 bytes. Truncated file?
VLOG[2] (compute-mfcc-feats[5.5.1182~1-e02e3]:main():compute-mfcc-feats.cc:182) Processed features for key common_voice_lt_40789349
WARNING (compute-mfcc-feats[5.5.1182~1-e02e3]:Read():wave-reader.cc:304) Expected 264960 bytes of wave data, but read only 263808 bytes. Truncated file?
VLOG[2] (compute-mfcc-feats[5.5.1182~1-e02e3]:main():compute-mfcc-feats.cc:182) Processed features for key common_voice_lt_40789351
WARNING (compute-mfcc-feats[5.5.1182~1-e02e3]:Read():wave-reader.cc:304) Expected 122112 bytes of wave data, but read only 120960 bytes. Truncated file?
VLOG[2] (compute-mfcc-feats[5.5.1182~1-e02e3]:main():compute-mfcc-feats.cc:182) Processed features for key common_voice_lt_40789361
WARNING (compute-mfcc-feats[5.5.1182~1-e02e3]:Read():wave-reader.cc:304) Expected 164736 bytes of wave data, but read only 163584 bytes. Truncated file?
VLOG[2] (compute-mfcc-feats[5.5.1182~1-e02e3]:main():compute-mfcc-feats.cc:182) Processed features for key common_voice_lt_40789362
WARNING (compute-mfcc-feats[5.5.1182~1-e02e3]:Read():wave-reader.cc:304) Expected 172800 bytes of wave data, but read only 171648 bytes. Truncated file?
VLOG[2] (compute-mfcc-feats[5.5.1182~1-e02e3]:main():compute-mfcc-feats.cc:182) Processed features for key common_voice_lt_40789363
WARNING (compute-mfcc-feats[5.5.1182~1-e02e3]:Read():wave-reader.cc:304) Expected 178560 bytes of wave data, but read only 177408 bytes. Truncated file?
LOG (compute-mfcc-feats[5.5.1182~1-e02e3]:main():compute-mfcc-feats.cc:181) Processed 100 utterances
VLOG[2] (compute-mfcc-feats[5.5.1182~1-e02e3]:main():compute-mfcc-feats.cc:182) Processed features for key common_voice_lt_40789369
WARNING (compute-mfcc-feats[5.5.1182~1-e02e3]:Read():wave-reader.cc:304) Expected 130176 bytes of wave data, but read only 129024 bytes. Truncated file?
VLOG[2] (compute-mfcc-feats[5.5.1182~1-e02e3]:main():compute-mfcc-feats.cc:182) Processed features for key common_voice_lt_40789370
WARNING (compute-mfcc-feats[5.5.1182~1-e02e3]:Read():wave-reader.cc:304) Expected 132480 bytes of wave data, but read only 131328 bytes. Truncated file?
VLOG[2] (compute-mfcc-feats[5.5.1182~1-e02e3]:main():compute-mfcc-feats.cc:182) Processed features for key common_voice_lt_40789371
WARNING (compute-mfcc-feats[5.5.1182~1-e02e3]:Read():wave-reader.cc:304) Expected 193536 bytes of wave data, but read only 192384 bytes. Truncated file?
VLOG[2] (compute-mfcc-feats[5.5.1182~1-e02e3]:main():compute-mfcc-feats.cc:182) Processed features for key common_voice_lt_40789372
WARNING (compute-mfcc-feats[5.5.1182~1-e02e3]:Read():wave-reader.cc:304) Expected 145152 bytes of wave data, but read only 144000 bytes. Truncated file?
VLOG[2] (compute-mfcc-feats[5.5.1182~1-e02e3]:main():compute-mfcc-feats.cc:182) Processed features for key common_voice_lt_40789373
WARNING (compute-mfcc-feats[5.5.1182~1-e02e3]:Read():wave-reader.cc:304) Expected 120960 bytes of wave data, but read only 119808 bytes. Truncated file?
VLOG[2] (compute-mfcc-feats[5.5.1182~1-e02e3]:main():compute-mfcc-feats.cc:182) Processed features for key common_voice_lt_40789379
WARNING (compute-mfcc-feats[5.5.1182~1-e02e3]:Read():wave-reader.cc:304) Expected 153216 bytes of wave data, but read only 152064 bytes. Truncated file?
VLOG[2] (compute-mfcc-feats[5.5.1182~1-e02e3]:main():compute-mfcc-feats.cc:182) Processed features for key common_voice_lt_40789380
WARNING (compute-mfcc-feats[5.5.1182~1-e02e3]:Read():wave-reader.cc:304) Expected 99072 bytes of wave data, but read only 97920 bytes. Truncated file?
VLOG[2] (compute-mfcc-feats[5.5.1182~1-e02e3]:main():compute-mfcc-feats.cc:182) Processed features for key common_voice_lt_40789381
WARNING (compute-mfcc-feats[5.5.1182~1-e02e3]:Read():wave-reader.cc:304) Expected 132480 bytes of wave data, but read only 131328 bytes. Truncated file?
VLOG[2] (compute-mfcc-feats[5.5.1182~1-e02e3]:main():compute-mfcc-feats.cc:182) Processed features for key common_voice_lt_40789382
WARNING (compute-mfcc-feats[5.5.1182~1-e02e3]:Read():wave-reader.cc:304) Expected 190080 bytes of wave data, but read only 188928 bytes. Truncated file?
VLOG[2] (compute-mfcc-feats[5.5.1182~1-e02e3]:main():compute-mfcc-feats.cc:182) Processed features for key common_voice_lt_40789390
WARNING (compute-mfcc-feats[5.5.1182~1-e02e3]:Read():wave-reader.cc:304) Expected 172800 bytes of wave data, but read only 171648 bytes. Truncated file?
LOG (compute-mfcc-feats[5.5.1182~1-e02e3]:main():compute-mfcc-feats.cc:181) Processed 110 utterances
VLOG[2] (compute-mfcc-feats[5.5.1182~1-e02e3]:main():compute-mfcc-feats.cc:182) Processed features for key common_voice_lt_40789391
WARNING (compute-mfcc-feats[5.5.1182~1-e02e3]:Read():wave-reader.cc:304) Expected 176256 bytes of wave data, but read only 175104 bytes. Truncated file?
VLOG[2] (compute-mfcc-feats[5.5.1182~1-e02e3]:main():compute-mfcc-feats.cc:182) Processed features for key common_voice_lt_40789392
WARNING (compute-mfcc-feats[5.5.1182~1-e02e3]:Read():wave-reader.cc:304) Expected 216576 bytes of wave data, but read only 215424 bytes. Truncated file?
VLOG[2] (compute-mfcc-feats[5.5.1182~1-e02e3]:main():compute-mfcc-feats.cc:182) Processed features for key common_voice_lt_40789635
WARNING (compute-mfcc-feats[5.5.1182~1-e02e3]:Read():wave-reader.cc:304) Expected 178560 bytes of wave data, but read only 177408 bytes. Truncated file?
VLOG[2] (compute-mfcc-feats[5.5.1182~1-e02e3]:main():compute-mfcc-feats.cc:182) Processed features for key common_voice_lt_40789639
sox WARN rate: rate clipped 1 samples; decrease volume?
sox WARN dither: dither clipped 1 samples; decrease volume?
WARNING (compute-mfcc-feats[5.5.1182~1-e02e3]:Read():wave-reader.cc:304) Expected 190080 bytes of wave data, but read only 188928 bytes. Truncated file?
VLOG[2] (compute-mfcc-feats[5.5.1182~1-e02e3]:main():compute-mfcc-feats.cc:182) Processed features for key common_voice_lt_40790084
WARNING (compute-mfcc-feats[5.5.1182~1-e02e3]:Read():wave-reader.cc:304) Expected 133632 bytes of wave data, but read only 132480 bytes. Truncated file?
VLOG[2] (compute-mfcc-feats[5.5.1182~1-e02e3]:main():compute-mfcc-feats.cc:182) Processed features for key common_voice_lt_40790086
WARNING (compute-mfcc-feats[5.5.1182~1-e02e3]:Read():wave-reader.cc:304) Expected 139392 bytes of wave data, but read only 138240 bytes. Truncated file?
VLOG[2] (compute-mfcc-feats[5.5.1182~1-e02e3]:main():compute-mfcc-feats.cc:182) Processed features for key common_voice_lt_40790088
WARNING (compute-mfcc-feats[5.5.1182~1-e02e3]:Read():wave-reader.cc:304) Expected 179712 bytes of wave data, but read only 178560 bytes. Truncated file?
VLOG[2] (compute-mfcc-feats[5.5.1182~1-e02e3]:main():compute-mfcc-feats.cc:182) Processed features for key common_voice_lt_40790090
WARNING (compute-mfcc-feats[5.5.1182~1-e02e3]:Read():wave-reader.cc:304) Expected 185472 bytes of wave data, but read only 184320 bytes. Truncated file?
VLOG[2] (compute-mfcc-feats[5.5.1182~1-e02e3]:main():compute-mfcc-feats.cc:182) Processed features for key common_voice_lt_40790115
WARNING (compute-mfcc-feats[5.5.1182~1-e02e3]:Read():wave-reader.cc:304) Expected 145152 bytes of wave data, but read only 144000 bytes. Truncated file?
VLOG[2] (compute-mfcc-feats[5.5.1182~1-e02e3]:main():compute-mfcc-feats.cc:182) Processed features for key common_voice_lt_40790116
WARNING (compute-mfcc-feats[5.5.1182~1-e02e3]:Read():wave-reader.cc:304) Expected 201600 bytes of wave data, but read only 200448 bytes. Truncated file?
LOG (compute-mfcc-feats[5.5.1182~1-e02e3]:main():compute-mfcc-feats.cc:181) Processed 120 utterances
VLOG[2] (compute-mfcc-feats[5.5.1182~1-e02e3]:main():compute-mfcc-feats.cc:182) Processed features for key common_voice_lt_40790140
WARNING (compute-mfcc-feats[5.5.1182~1-e02e3]:Read():wave-reader.cc:304) Expected 202752 bytes of wave data, but read only 201600 bytes. Truncated file?
VLOG[2] (compute-mfcc-feats[5.5.1182~1-e02e3]:main():compute-mfcc-feats.cc:182) Processed features for key common_voice_lt_40790141
WARNING (compute-mfcc-feats[5.5.1182~1-e02e3]:Read():wave-reader.cc:304) Expected 187776 bytes of wave data, but read only 186624 bytes. Truncated file?
VLOG[2] (compute-mfcc-feats[5.5.1182~1-e02e3]:main():compute-mfcc-feats.cc:182) Processed features for key common_voice_lt_40790145
WARNING (compute-mfcc-feats[5.5.1182~1-e02e3]:Read():wave-reader.cc:304) Expected 149760 bytes of wave data, but read only 148608 bytes. Truncated file?
VLOG[2] (compute-mfcc-feats[5.5.1182~1-e02e3]:main():compute-mfcc-feats.cc:182) Processed features for key common_voice_lt_40790146
WARNING (compute-mfcc-feats[5.5.1182~1-e02e3]:Read():wave-reader.cc:304) Expected 218880 bytes of wave data, but read only 217728 bytes. Truncated file?
VLOG[2] (compute-mfcc-feats[5.5.1182~1-e02e3]:main():compute-mfcc-feats.cc:182) Processed features for key common_voice_lt_40790160
WARNING (compute-mfcc-feats[5.5.1182~1-e02e3]:Read():wave-reader.cc:304) Expected 179712 bytes of wave data, but read only 178560 bytes. Truncated file?
VLOG[2] (compute-mfcc-feats[5.5.1182~1-e02e3]:main():compute-mfcc-feats.cc:182) Processed features for key common_voice_lt_40790161
WARNING (compute-mfcc-feats[5.5.1182~1-e02e3]:Read():wave-reader.cc:304) Expected 156672 bytes of wave data, but read only 155520 bytes. Truncated file?
VLOG[2] (compute-mfcc-feats[5.5.1182~1-e02e3]:main():compute-mfcc-feats.cc:182) Processed features for key common_voice_lt_40790162
WARNING (compute-mfcc-feats[5.5.1182~1-e02e3]:Read():wave-reader.cc:304) Expected 164736 bytes of wave data, but read only 163584 bytes. Truncated file?
VLOG[2] (compute-mfcc-feats[5.5.1182~1-e02e3]:main():compute-mfcc-feats.cc:182) Processed features for key common_voice_lt_40790163
WARNING (compute-mfcc-feats[5.5.1182~1-e02e3]:Read():wave-reader.cc:304) Expected 155520 bytes of wave data, but read only 154368 bytes. Truncated file?
VLOG[2] (compute-mfcc-feats[5.5.1182~1-e02e3]:main():compute-mfcc-feats.cc:182) Processed features for key common_voice_lt_40790164
WARNING (compute-mfcc-feats[5.5.1182~1-e02e3]:Read():wave-reader.cc:304) Expected 239616 bytes of wave data, but read only 238464 bytes. Truncated file?
VLOG[2] (compute-mfcc-feats[5.5.1182~1-e02e3]:main():compute-mfcc-feats.cc:182) Processed features for key common_voice_lt_40790175
WARNING (compute-mfcc-feats[5.5.1182~1-e02e3]:Read():wave-reader.cc:304) Expected 147456 bytes of wave data, but read only 146304 bytes. Truncated file?
LOG (compute-mfcc-feats[5.5.1182~1-e02e3]:main():compute-mfcc-feats.cc:181) Processed 130 utterances
VLOG[2] (compute-mfcc-feats[5.5.1182~1-e02e3]:main():compute-mfcc-feats.cc:182) Processed features for key common_voice_lt_40790176
WARNING (compute-mfcc-feats[5.5.1182~1-e02e3]:Read():wave-reader.cc:304) Expected 138240 bytes of wave data, but read only 137088 bytes. Truncated file?
VLOG[2] (compute-mfcc-feats[5.5.1182~1-e02e3]:main():compute-mfcc-feats.cc:182) Processed features for key common_voice_lt_40790177
WARNING (compute-mfcc-feats[5.5.1182~1-e02e3]:Read():wave-reader.cc:304) Expected 162432 bytes of wave data, but read only 161280 bytes. Truncated file?
VLOG[2] (compute-mfcc-feats[5.5.1182~1-e02e3]:main():compute-mfcc-feats.cc:182) Processed features for key common_voice_lt_40790178
WARNING (compute-mfcc-feats[5.5.1182~1-e02e3]:Read():wave-reader.cc:304) Expected 182016 bytes of wave data, but read only 180864 bytes. Truncated file?
VLOG[2] (compute-mfcc-feats[5.5.1182~1-e02e3]:main():compute-mfcc-feats.cc:182) Processed features for key common_voice_lt_40790191
WARNING (compute-mfcc-feats[5.5.1182~1-e02e3]:Read():wave-reader.cc:304) Expected 124416 bytes of wave data, but read only 123264 bytes. Truncated file?
VLOG[2] (compute-mfcc-feats[5.5.1182~1-e02e3]:main():compute-mfcc-feats.cc:182) Processed features for key common_voice_lt_40790193
WARNING (compute-mfcc-feats[5.5.1182~1-e02e3]:Read():wave-reader.cc:304) Expected 164736 bytes of wave data, but read only 163584 bytes. Truncated file?
VLOG[2] (compute-mfcc-feats[5.5.1182~1-e02e3]:main():compute-mfcc-feats.cc:182) Processed features for key common_voice_lt_40790201
WARNING (compute-mfcc-feats[5.5.1182~1-e02e3]:Read():wave-reader.cc:304) Expected 127872 bytes of wave data, but read only 126720 bytes. Truncated file?
VLOG[2] (compute-mfcc-feats[5.5.1182~1-e02e3]:main():compute-mfcc-feats.cc:182) Processed features for key common_voice_lt_40790202
WARNING (compute-mfcc-feats[5.5.1182~1-e02e3]:Read():wave-reader.cc:304) Expected 122112 bytes of wave data, but read only 120960 bytes. Truncated file?
VLOG[2] (compute-mfcc-feats[5.5.1182~1-e02e3]:main():compute-mfcc-feats.cc:182) Processed features for key common_voice_lt_40790203
WARNING (compute-mfcc-feats[5.5.1182~1-e02e3]:Read():wave-reader.cc:304) Expected 138240 bytes of wave data, but read only 137088 bytes. Truncated file?
VLOG[2] (compute-mfcc-feats[5.5.1182~1-e02e3]:main():compute-mfcc-feats.cc:182) Processed features for key common_voice_lt_40790224
WARNING (compute-mfcc-feats[5.5.1182~1-e02e3]:Read():wave-reader.cc:304) Expected 199296 bytes of wave data, but read only 198144 bytes. Truncated file?
VLOG[2] (compute-mfcc-feats[5.5.1182~1-e02e3]:main():compute-mfcc-feats.cc:182) Processed features for key common_voice_lt_40790225
WARNING (compute-mfcc-feats[5.5.1182~1-e02e3]:Read():wave-reader.cc:304) Expected 216576 bytes of wave data, but read only 215424 bytes. Truncated file?
LOG (compute-mfcc-feats[5.5.1182~1-e02e3]:main():compute-mfcc-feats.cc:181) Processed 140 utterances
VLOG[2] (compute-mfcc-feats[5.5.1182~1-e02e3]:main():compute-mfcc-feats.cc:182) Processed features for key common_voice_lt_40790226
WARNING (compute-mfcc-feats[5.5.1182~1-e02e3]:Read():wave-reader.cc:304) Expected 178560 bytes of wave data, but read only 177408 bytes. Truncated file?
VLOG[2] (compute-mfcc-feats[5.5.1182~1-e02e3]:main():compute-mfcc-feats.cc:182) Processed features for key common_voice_lt_40790239
WARNING (compute-mfcc-feats[5.5.1182~1-e02e3]:Read():wave-reader.cc:304) Expected 164736 bytes of wave data, but read only 163584 bytes. Truncated file?
VLOG[2] (compute-mfcc-feats[5.5.1182~1-e02e3]:main():compute-mfcc-feats.cc:182) Processed features for key common_voice_lt_40790240
WARNING (compute-mfcc-feats[5.5.1182~1-e02e3]:Read():wave-reader.cc:304) Expected 196992 bytes of wave data, but read only 195840 bytes. Truncated file?
VLOG[2] (compute-mfcc-feats[5.5.1182~1-e02e3]:main():compute-mfcc-feats.cc:182) Processed features for key common_voice_lt_40790241
WARNING (compute-mfcc-feats[5.5.1182~1-e02e3]:Read():wave-reader.cc:304) Expected 162432 bytes of wave data, but read only 161280 bytes. Truncated file?
VLOG[2] (compute-mfcc-feats[5.5.1182~1-e02e3]:main():compute-mfcc-feats.cc:182) Processed features for key common_voice_lt_40790279
WARNING (compute-mfcc-feats[5.5.1182~1-e02e3]:Read():wave-reader.cc:304) Expected 170496 bytes of wave data, but read only 169344 bytes. Truncated file?
VLOG[2] (compute-mfcc-feats[5.5.1182~1-e02e3]:main():compute-mfcc-feats.cc:182) Processed features for key common_voice_lt_40790280
WARNING (compute-mfcc-feats[5.5.1182~1-e02e3]:Read():wave-reader.cc:304) Expected 120960 bytes of wave data, but read only 119808 bytes. Truncated file?
VLOG[2] (compute-mfcc-feats[5.5.1182~1-e02e3]:main():compute-mfcc-feats.cc:182) Processed features for key common_voice_lt_40790281
WARNING (compute-mfcc-feats[5.5.1182~1-e02e3]:Read():wave-reader.cc:304) Expected 133632 bytes of wave data, but read only 132480 bytes. Truncated file?
VLOG[2] (compute-mfcc-feats[5.5.1182~1-e02e3]:main():compute-mfcc-feats.cc:182) Processed features for key common_voice_lt_40790283
WARNING (compute-mfcc-feats[5.5.1182~1-e02e3]:Read():wave-reader.cc:304) Expected 130176 bytes of wave data, but read only 129024 bytes. Truncated file?
VLOG[2] (compute-mfcc-feats[5.5.1182~1-e02e3]:main():compute-mfcc-feats.cc:182) Processed features for key common_voice_lt_40790296
WARNING (compute-mfcc-feats[5.5.1182~1-e02e3]:Read():wave-reader.cc:304) Expected 245376 bytes of wave data, but read only 244224 bytes. Truncated file?
VLOG[2] (compute-mfcc-feats[5.5.1182~1-e02e3]:main():compute-mfcc-feats.cc:182) Processed features for key common_voice_lt_40790298
WARNING (compute-mfcc-feats[5.5.1182~1-e02e3]:Read():wave-reader.cc:304) Expected 170496 bytes of wave data, but read only 169344 bytes. Truncated file?
LOG (compute-mfcc-feats[5.5.1182~1-e02e3]:main():compute-mfcc-feats.cc:181) Processed 150 utterances
VLOG[2] (compute-mfcc-feats[5.5.1182~1-e02e3]:main():compute-mfcc-feats.cc:182) Processed features for key common_voice_lt_40790299
WARNING (compute-mfcc-feats[5.5.1182~1-e02e3]:Read():wave-reader.cc:304) Expected 228096 bytes of wave data, but read only 226944 bytes. Truncated file?
VLOG[2] (compute-mfcc-feats[5.5.1182~1-e02e3]:main():compute-mfcc-feats.cc:182) Processed features for key common_voice_lt_40790318
WARNING (compute-mfcc-feats[5.5.1182~1-e02e3]:Read():wave-reader.cc:304) Expected 170496 bytes of wave data, but read only 169344 bytes. Truncated file?
VLOG[2] (compute-mfcc-feats[5.5.1182~1-e02e3]:main():compute-mfcc-feats.cc:182) Processed features for key common_voice_lt_40790330
WARNING (compute-mfcc-feats[5.5.1182~1-e02e3]:Read():wave-reader.cc:304) Expected 141696 bytes of wave data, but read only 140544 bytes. Truncated file?
VLOG[2] (compute-mfcc-feats[5.5.1182~1-e02e3]:main():compute-mfcc-feats.cc:182) Processed features for key common_voice_lt_40790333
WARNING (compute-mfcc-feats[5.5.1182~1-e02e3]:Read():wave-reader.cc:304) Expected 168192 bytes of wave data, but read only 167040 bytes. Truncated file?
VLOG[2] (compute-mfcc-feats[5.5.1182~1-e02e3]:main():compute-mfcc-feats.cc:182) Processed features for key common_voice_lt_40790334
WARNING (compute-mfcc-feats[5.5.1182~1-e02e3]:Read():wave-reader.cc:304) Expected 162432 bytes of wave data, but read only 161280 bytes. Truncated file?
VLOG[2] (compute-mfcc-feats[5.5.1182~1-e02e3]:main():compute-mfcc-feats.cc:182) Processed features for key common_voice_lt_40790346
WARNING (compute-mfcc-feats[5.5.1182~1-e02e3]:Read():wave-reader.cc:304) Expected 110592 bytes of wave data, but read only 109440 bytes. Truncated file?
VLOG[2] (compute-mfcc-feats[5.5.1182~1-e02e3]:main():compute-mfcc-feats.cc:182) Processed features for key common_voice_lt_40790347
WARNING (compute-mfcc-feats[5.5.1182~1-e02e3]:Read():wave-reader.cc:304) Expected 141696 bytes of wave data, but read only 140544 bytes. Truncated file?
VLOG[2] (compute-mfcc-feats[5.5.1182~1-e02e3]:main():compute-mfcc-feats.cc:182) Processed features for key common_voice_lt_40790351
WARNING (compute-mfcc-feats[5.5.1182~1-e02e3]:Read():wave-reader.cc:304) Expected 156672 bytes of wave data, but read only 155520 bytes. Truncated file?
VLOG[2] (compute-mfcc-feats[5.5.1182~1-e02e3]:main():compute-mfcc-feats.cc:182) Processed features for key common_voice_lt_40790352
WARNING (compute-mfcc-feats[5.5.1182~1-e02e3]:Read():wave-reader.cc:304) Expected 138240 bytes of wave data, but read only 137088 bytes. Truncated file?
VLOG[2] (compute-mfcc-feats[5.5.1182~1-e02e3]:main():compute-mfcc-feats.cc:182) Processed features for key common_voice_lt_40790371
WARNING (compute-mfcc-feats[5.5.1182~1-e02e3]:Read():wave-reader.cc:304) Expected 184320 bytes of wave data, but read only 183168 bytes. Truncated file?
LOG (compute-mfcc-feats[5.5.1182~1-e02e3]:main():compute-mfcc-feats.cc:181) Processed 160 utterances
VLOG[2] (compute-mfcc-feats[5.5.1182~1-e02e3]:main():compute-mfcc-feats.cc:182) Processed features for key common_voice_lt_40790373
WARNING (compute-mfcc-feats[5.5.1182~1-e02e3]:Read():wave-reader.cc:304) Expected 135936 bytes of wave data, but read only 134784 bytes. Truncated file?
VLOG[2] (compute-mfcc-feats[5.5.1182~1-e02e3]:main():compute-mfcc-feats.cc:182) Processed features for key common_voice_lt_40790375
WARNING (compute-mfcc-feats[5.5.1182~1-e02e3]:Read():wave-reader.cc:304) Expected 149760 bytes of wave data, but read only 148608 bytes. Truncated file?
VLOG[2] (compute-mfcc-feats[5.5.1182~1-e02e3]:main():compute-mfcc-feats.cc:182) Processed features for key common_voice_lt_40790387
WARNING (compute-mfcc-feats[5.5.1182~1-e02e3]:Read():wave-reader.cc:304) Expected 153216 bytes of wave data, but read only 152064 bytes. Truncated file?
VLOG[2] (compute-mfcc-feats[5.5.1182~1-e02e3]:main():compute-mfcc-feats.cc:182) Processed features for key common_voice_lt_40790388
WARNING (compute-mfcc-feats[5.5.1182~1-e02e3]:Read():wave-reader.cc:304) Expected 112896 bytes of wave data, but read only 111744 bytes. Truncated file?
VLOG[2] (compute-mfcc-feats[5.5.1182~1-e02e3]:main():compute-mfcc-feats.cc:182) Processed features for key common_voice_lt_40790389
WARNING (compute-mfcc-feats[5.5.1182~1-e02e3]:Read():wave-reader.cc:304) Expected 214272 bytes of wave data, but read only 213120 bytes. Truncated file?
VLOG[2] (compute-mfcc-feats[5.5.1182~1-e02e3]:main():compute-mfcc-feats.cc:182) Processed features for key common_voice_lt_40790392
WARNING (compute-mfcc-feats[5.5.1182~1-e02e3]:Read():wave-reader.cc:304) Expected 237312 bytes of wave data, but read only 236160 bytes. Truncated file?
VLOG[2] (compute-mfcc-feats[5.5.1182~1-e02e3]:main():compute-mfcc-feats.cc:182) Processed features for key common_voice_lt_40800577
WARNING (compute-mfcc-feats[5.5.1182~1-e02e3]:Read():wave-reader.cc:304) Expected 172800 bytes of wave data, but read only 171648 bytes. Truncated file?
VLOG[2] (compute-mfcc-feats[5.5.1182~1-e02e3]:main():compute-mfcc-feats.cc:182) Processed features for key common_voice_lt_40869111
WARNING (compute-mfcc-feats[5.5.1182~1-e02e3]:Read():wave-reader.cc:304) Expected 237312 bytes of wave data, but read only 236160 bytes. Truncated file?
VLOG[2] (compute-mfcc-feats[5.5.1182~1-e02e3]:main():compute-mfcc-feats.cc:182) Processed features for key common_voice_lt_40869113
WARNING (compute-mfcc-feats[5.5.1182~1-e02e3]:Read():wave-reader.cc:304) Expected 213120 bytes of wave data, but read only 211968 bytes. Truncated file?
VLOG[2] (compute-mfcc-feats[5.5.1182~1-e02e3]:main():compute-mfcc-feats.cc:182) Processed features for key common_voice_lt_40869114
WARNING (compute-mfcc-feats[5.5.1182~1-e02e3]:Read():wave-reader.cc:304) Expected 259200 bytes of wave data, but read only 258048 bytes. Truncated file?
LOG (compute-mfcc-feats[5.5.1182~1-e02e3]:main():compute-mfcc-feats.cc:181) Processed 170 utterances
VLOG[2] (compute-mfcc-feats[5.5.1182~1-e02e3]:main():compute-mfcc-feats.cc:182) Processed features for key common_voice_lt_40869117
WARNING (compute-mfcc-feats[5.5.1182~1-e02e3]:Read():wave-reader.cc:304) Expected 191232 bytes of wave data, but read only 190080 bytes. Truncated file?
VLOG[2] (compute-mfcc-feats[5.5.1182~1-e02e3]:main():compute-mfcc-feats.cc:182) Processed features for key common_voice_lt_40869120
WARNING (compute-mfcc-feats[5.5.1182~1-e02e3]:Read():wave-reader.cc:304) Expected 184320 bytes of wave data, but read only 183168 bytes. Truncated file?
VLOG[2] (compute-mfcc-feats[5.5.1182~1-e02e3]:main():compute-mfcc-feats.cc:182) Processed features for key common_voice_lt_40869121
WARNING (compute-mfcc-feats[5.5.1182~1-e02e3]:Read():wave-reader.cc:304) Expected 308736 bytes of wave data, but read only 307584 bytes. Truncated file?
VLOG[2] (compute-mfcc-feats[5.5.1182~1-e02e3]:main():compute-mfcc-feats.cc:182) Processed features for key common_voice_lt_40869122
WARNING (compute-mfcc-feats[5.5.1182~1-e02e3]:Read():wave-reader.cc:304) Expected 135936 bytes of wave data, but read only 134784 bytes. Truncated file?
VLOG[2] (compute-mfcc-feats[5.5.1182~1-e02e3]:main():compute-mfcc-feats.cc:182) Processed features for key common_voice_lt_40869123
WARNING (compute-mfcc-feats[5.5.1182~1-e02e3]:Read():wave-reader.cc:304) Expected 145152 bytes of wave data, but read only 144000 bytes. Truncated file?
VLOG[2] (compute-mfcc-feats[5.5.1182~1-e02e3]:main():compute-mfcc-feats.cc:182) Processed features for key common_voice_lt_40869126
WARNING (compute-mfcc-feats[5.5.1182~1-e02e3]:Read():wave-reader.cc:304) Expected 228096 bytes of wave data, but read only 226944 bytes. Truncated file?
VLOG[2] (compute-mfcc-feats[5.5.1182~1-e02e3]:main():compute-mfcc-feats.cc:182) Processed features for key common_voice_lt_40869131
WARNING (compute-mfcc-feats[5.5.1182~1-e02e3]:Read():wave-reader.cc:304) Expected 135936 bytes of wave data, but read only 134784 bytes. Truncated file?
VLOG[2] (compute-mfcc-feats[5.5.1182~1-e02e3]:main():compute-mfcc-feats.cc:182) Processed features for key common_voice_lt_40869135
WARNING (compute-mfcc-feats[5.5.1182~1-e02e3]:Read():wave-reader.cc:304) Expected 170496 bytes of wave data, but read only 169344 bytes. Truncated file?
VLOG[2] (compute-mfcc-feats[5.5.1182~1-e02e3]:main():compute-mfcc-feats.cc:182) Processed features for key common_voice_lt_40869136
WARNING (compute-mfcc-feats[5.5.1182~1-e02e3]:Read():wave-reader.cc:304) Expected 144000 bytes of wave data, but read only 142848 bytes. Truncated file?
VLOG[2] (compute-mfcc-feats[5.5.1182~1-e02e3]:main():compute-mfcc-feats.cc:182) Processed features for key common_voice_lt_40869137
WARNING (compute-mfcc-feats[5.5.1182~1-e02e3]:Read():wave-reader.cc:304) Expected 150912 bytes of wave data, but read only 149760 bytes. Truncated file?
LOG (compute-mfcc-feats[5.5.1182~1-e02e3]:main():compute-mfcc-feats.cc:181) Processed 180 utterances
VLOG[2] (compute-mfcc-feats[5.5.1182~1-e02e3]:main():compute-mfcc-feats.cc:182) Processed features for key common_voice_lt_40869139
WARNING (compute-mfcc-feats[5.5.1182~1-e02e3]:Read():wave-reader.cc:304) Expected 132480 bytes of wave data, but read only 131328 bytes. Truncated file?
VLOG[2] (compute-mfcc-feats[5.5.1182~1-e02e3]:main():compute-mfcc-feats.cc:182) Processed features for key common_voice_lt_40869141
WARNING (compute-mfcc-feats[5.5.1182~1-e02e3]:Read():wave-reader.cc:304) Expected 162432 bytes of wave data, but read only 161280 bytes. Truncated file?
VLOG[2] (compute-mfcc-feats[5.5.1182~1-e02e3]:main():compute-mfcc-feats.cc:182) Processed features for key common_voice_lt_40869145
WARNING (compute-mfcc-feats[5.5.1182~1-e02e3]:Read():wave-reader.cc:304) Expected 243072 bytes of wave data, but read only 241920 bytes. Truncated file?
VLOG[2] (compute-mfcc-feats[5.5.1182~1-e02e3]:main():compute-mfcc-feats.cc:182) Processed features for key common_voice_lt_40869147
WARNING (compute-mfcc-feats[5.5.1182~1-e02e3]:Read():wave-reader.cc:304) Expected 228096 bytes of wave data, but read only 226944 bytes. Truncated file?
VLOG[2] (compute-mfcc-feats[5.5.1182~1-e02e3]:main():compute-mfcc-feats.cc:182) Processed features for key common_voice_lt_40869148
WARNING (compute-mfcc-feats[5.5.1182~1-e02e3]:Read():wave-reader.cc:304) Expected 122112 bytes of wave data, but read only 120960 bytes. Truncated file?
VLOG[2] (compute-mfcc-feats[5.5.1182~1-e02e3]:main():compute-mfcc-feats.cc:182) Processed features for key common_voice_lt_40869149
WARNING (compute-mfcc-feats[5.5.1182~1-e02e3]:Read():wave-reader.cc:304) Expected 193536 bytes of wave data, but read only 192384 bytes. Truncated file?
VLOG[2] (compute-mfcc-feats[5.5.1182~1-e02e3]:main():compute-mfcc-feats.cc:182) Processed features for key common_voice_lt_40869150
WARNING (compute-mfcc-feats[5.5.1182~1-e02e3]:Read():wave-reader.cc:304) Expected 153216 bytes of wave data, but read only 152064 bytes. Truncated file?
VLOG[2] (compute-mfcc-feats[5.5.1182~1-e02e3]:main():compute-mfcc-feats.cc:182) Processed features for key common_voice_lt_40869154
WARNING (compute-mfcc-feats[5.5.1182~1-e02e3]:Read():wave-reader.cc:304) Expected 130176 bytes of wave data, but read only 129024 bytes. Truncated file?
VLOG[2] (compute-mfcc-feats[5.5.1182~1-e02e3]:main():compute-mfcc-feats.cc:182) Processed features for key common_voice_lt_40869155
WARNING (compute-mfcc-feats[5.5.1182~1-e02e3]:Read():wave-reader.cc:304) Expected 127872 bytes of wave data, but read only 126720 bytes. Truncated file?
VLOG[2] (compute-mfcc-feats[5.5.1182~1-e02e3]:main():compute-mfcc-feats.cc:182) Processed features for key common_voice_lt_40869156
WARNING (compute-mfcc-feats[5.5.1182~1-e02e3]:Read():wave-reader.cc:304) Expected 170496 bytes of wave data, but read only 169344 bytes. Truncated file?
LOG (compute-mfcc-feats[5.5.1182~1-e02e3]:main():compute-mfcc-feats.cc:181) Processed 190 utterances
VLOG[2] (compute-mfcc-feats[5.5.1182~1-e02e3]:main():compute-mfcc-feats.cc:182) Processed features for key common_voice_lt_40869164
WARNING (compute-mfcc-feats[5.5.1182~1-e02e3]:Read():wave-reader.cc:304) Expected 191232 bytes of wave data, but read only 190080 bytes. Truncated file?
VLOG[2] (compute-mfcc-feats[5.5.1182~1-e02e3]:main():compute-mfcc-feats.cc:182) Processed features for key common_voice_lt_40869165
WARNING (compute-mfcc-feats[5.5.1182~1-e02e3]:Read():wave-reader.cc:304) Expected 110592 bytes of wave data, but read only 109440 bytes. Truncated file?
VLOG[2] (compute-mfcc-feats[5.5.1182~1-e02e3]:main():compute-mfcc-feats.cc:182) Processed features for key common_voice_lt_40869166
WARNING (compute-mfcc-feats[5.5.1182~1-e02e3]:Read():wave-reader.cc:304) Expected 172800 bytes of wave data, but read only 171648 bytes. Truncated file?
VLOG[2] (compute-mfcc-feats[5.5.1182~1-e02e3]:main():compute-mfcc-feats.cc:182) Processed features for key common_voice_lt_40869167
WARNING (compute-mfcc-feats[5.5.1182~1-e02e3]:Read():wave-reader.cc:304) Expected 144000 bytes of wave data, but read only 142848 bytes. Truncated file?
VLOG[2] (compute-mfcc-feats[5.5.1182~1-e02e3]:main():compute-mfcc-feats.cc:182) Processed features for key common_voice_lt_40869169
WARNING (compute-mfcc-feats[5.5.1182~1-e02e3]:Read():wave-reader.cc:304) Expected 133632 bytes of wave data, but read only 132480 bytes. Truncated file?
VLOG[2] (compute-mfcc-feats[5.5.1182~1-e02e3]:main():compute-mfcc-feats.cc:182) Processed features for key common_voice_lt_40869170
WARNING (compute-mfcc-feats[5.5.1182~1-e02e3]:Read():wave-reader.cc:304) Expected 202752 bytes of wave data, but read only 201600 bytes. Truncated file?
VLOG[2] (compute-mfcc-feats[5.5.1182~1-e02e3]:main():compute-mfcc-feats.cc:182) Processed features for key common_voice_lt_40869173
WARNING (compute-mfcc-feats[5.5.1182~1-e02e3]:Read():wave-reader.cc:304) Expected 138240 bytes of wave data, but read only 137088 bytes. Truncated file?
VLOG[2] (compute-mfcc-feats[5.5.1182~1-e02e3]:main():compute-mfcc-feats.cc:182) Processed features for key common_voice_lt_40869174
WARNING (compute-mfcc-feats[5.5.1182~1-e02e3]:Read():wave-reader.cc:304) Expected 168192 bytes of wave data, but read only 167040 bytes. Truncated file?
VLOG[2] (compute-mfcc-feats[5.5.1182~1-e02e3]:main():compute-mfcc-feats.cc:182) Processed features for key common_voice_lt_40869208
WARNING (compute-mfcc-feats[5.5.1182~1-e02e3]:Read():wave-reader.cc:304) Expected 285696 bytes of wave data, but read only 284544 bytes. Truncated file?
VLOG[2] (compute-mfcc-feats[5.5.1182~1-e02e3]:main():compute-mfcc-feats.cc:182) Processed features for key common_voice_lt_40869209
WARNING (compute-mfcc-feats[5.5.1182~1-e02e3]:Read():wave-reader.cc:304) Expected 262656 bytes of wave data, but read only 261504 bytes. Truncated file?
LOG (compute-mfcc-feats[5.5.1182~1-e02e3]:main():compute-mfcc-feats.cc:181) Processed 200 utterances
VLOG[2] (compute-mfcc-feats[5.5.1182~1-e02e3]:main():compute-mfcc-feats.cc:182) Processed features for key common_voice_lt_40869210
WARNING (compute-mfcc-feats[5.5.1182~1-e02e3]:Read():wave-reader.cc:304) Expected 164736 bytes of wave data, but read only 163584 bytes. Truncated file?
VLOG[2] (compute-mfcc-feats[5.5.1182~1-e02e3]:main():compute-mfcc-feats.cc:182) Processed features for key common_voice_lt_40869211
WARNING (compute-mfcc-feats[5.5.1182~1-e02e3]:Read():wave-reader.cc:304) Expected 118656 bytes of wave data, but read only 117504 bytes. Truncated file?
VLOG[2] (compute-mfcc-feats[5.5.1182~1-e02e3]:main():compute-mfcc-feats.cc:182) Processed features for key common_voice_lt_40869212
WARNING (compute-mfcc-feats[5.5.1182~1-e02e3]:Read():wave-reader.cc:304) Expected 213120 bytes of wave data, but read only 211968 bytes. Truncated file?
VLOG[2] (compute-mfcc-feats[5.5.1182~1-e02e3]:main():compute-mfcc-feats.cc:182) Processed features for key common_voice_lt_40869213
WARNING (compute-mfcc-feats[5.5.1182~1-e02e3]:Read():wave-reader.cc:304) Expected 161280 bytes of wave data, but read only 160128 bytes. Truncated file?
VLOG[2] (compute-mfcc-feats[5.5.1182~1-e02e3]:main():compute-mfcc-feats.cc:182) Processed features for key common_voice_lt_40869214
WARNING (compute-mfcc-feats[5.5.1182~1-e02e3]:Read():wave-reader.cc:304) Expected 158976 bytes of wave data, but read only 157824 bytes. Truncated file?
VLOG[2] (compute-mfcc-feats[5.5.1182~1-e02e3]:main():compute-mfcc-feats.cc:182) Processed features for key common_voice_lt_40869215
WARNING (compute-mfcc-feats[5.5.1182~1-e02e3]:Read():wave-reader.cc:304) Expected 135936 bytes of wave data, but read only 134784 bytes. Truncated file?
VLOG[2] (compute-mfcc-feats[5.5.1182~1-e02e3]:main():compute-mfcc-feats.cc:182) Processed features for key common_voice_lt_40869216
WARNING (compute-mfcc-feats[5.5.1182~1-e02e3]:Read():wave-reader.cc:304) Expected 120960 bytes of wave data, but read only 119808 bytes. Truncated file?
VLOG[2] (compute-mfcc-feats[5.5.1182~1-e02e3]:main():compute-mfcc-feats.cc:182) Processed features for key common_voice_lt_40869217
WARNING (compute-mfcc-feats[5.5.1182~1-e02e3]:Read():wave-reader.cc:304) Expected 184320 bytes of wave data, but read only 183168 bytes. Truncated file?
VLOG[2] (compute-mfcc-feats[5.5.1182~1-e02e3]:main():compute-mfcc-feats.cc:182) Processed features for key common_voice_lt_40869219
WARNING (compute-mfcc-feats[5.5.1182~1-e02e3]:Read():wave-reader.cc:304) Expected 139392 bytes of wave data, but read only 138240 bytes. Truncated file?
VLOG[2] (compute-mfcc-feats[5.5.1182~1-e02e3]:main():compute-mfcc-feats.cc:182) Processed features for key common_voice_lt_40869220
WARNING (compute-mfcc-feats[5.5.1182~1-e02e3]:Read():wave-reader.cc:304) Expected 182016 bytes of wave data, but read only 180864 bytes. Truncated file?
LOG (compute-mfcc-feats[5.5.1182~1-e02e3]:main():compute-mfcc-feats.cc:181) Processed 210 utterances
VLOG[2] (compute-mfcc-feats[5.5.1182~1-e02e3]:main():compute-mfcc-feats.cc:182) Processed features for key common_voice_lt_40869221
WARNING (compute-mfcc-feats[5.5.1182~1-e02e3]:Read():wave-reader.cc:304) Expected 147456 bytes of wave data, but read only 146304 bytes. Truncated file?
VLOG[2] (compute-mfcc-feats[5.5.1182~1-e02e3]:main():compute-mfcc-feats.cc:182) Processed features for key common_voice_lt_40869223
WARNING (compute-mfcc-feats[5.5.1182~1-e02e3]:Read():wave-reader.cc:304) Expected 179712 bytes of wave data, but read only 178560 bytes. Truncated file?
VLOG[2] (compute-mfcc-feats[5.5.1182~1-e02e3]:main():compute-mfcc-feats.cc:182) Processed features for key common_voice_lt_40869234
WARNING (compute-mfcc-feats[5.5.1182~1-e02e3]:Read():wave-reader.cc:304) Expected 193536 bytes of wave data, but read only 192384 bytes. Truncated file?
VLOG[2] (compute-mfcc-feats[5.5.1182~1-e02e3]:main():compute-mfcc-feats.cc:182) Processed features for key common_voice_lt_40869236
WARNING (compute-mfcc-feats[5.5.1182~1-e02e3]:Read():wave-reader.cc:304) Expected 150912 bytes of wave data, but read only 149760 bytes. Truncated file?
VLOG[2] (compute-mfcc-feats[5.5.1182~1-e02e3]:main():compute-mfcc-feats.cc:182) Processed features for key common_voice_lt_40869239
WARNING (compute-mfcc-feats[5.5.1182~1-e02e3]:Read():wave-reader.cc:304) Expected 233856 bytes of wave data, but read only 232704 bytes. Truncated file?
VLOG[2] (compute-mfcc-feats[5.5.1182~1-e02e3]:main():compute-mfcc-feats.cc:182) Processed features for key common_voice_lt_40869240
WARNING (compute-mfcc-feats[5.5.1182~1-e02e3]:Read():wave-reader.cc:304) Expected 222336 bytes of wave data, but read only 221184 bytes. Truncated file?
VLOG[2] (compute-mfcc-feats[5.5.1182~1-e02e3]:main():compute-mfcc-feats.cc:182) Processed features for key common_voice_lt_40869241
WARNING (compute-mfcc-feats[5.5.1182~1-e02e3]:Read():wave-reader.cc:304) Expected 145152 bytes of wave data, but read only 144000 bytes. Truncated file?
VLOG[2] (compute-mfcc-feats[5.5.1182~1-e02e3]:main():compute-mfcc-feats.cc:182) Processed features for key common_voice_lt_40869242
WARNING (compute-mfcc-feats[5.5.1182~1-e02e3]:Read():wave-reader.cc:304) Expected 168192 bytes of wave data, but read only 167040 bytes. Truncated file?
VLOG[2] (compute-mfcc-feats[5.5.1182~1-e02e3]:main():compute-mfcc-feats.cc:182) Processed features for key common_voice_lt_40869244
WARNING (compute-mfcc-feats[5.5.1182~1-e02e3]:Read():wave-reader.cc:304) Expected 185472 bytes of wave data, but read only 184320 bytes. Truncated file?
VLOG[2] (compute-mfcc-feats[5.5.1182~1-e02e3]:main():compute-mfcc-feats.cc:182) Processed features for key common_voice_lt_40869246
WARNING (compute-mfcc-feats[5.5.1182~1-e02e3]:Read():wave-reader.cc:304) Expected 199296 bytes of wave data, but read only 198144 bytes. Truncated file?
LOG (compute-mfcc-feats[5.5.1182~1-e02e3]:main():compute-mfcc-feats.cc:181) Processed 220 utterances
VLOG[2] (compute-mfcc-feats[5.5.1182~1-e02e3]:main():compute-mfcc-feats.cc:182) Processed features for key common_voice_lt_40869247
WARNING (compute-mfcc-feats[5.5.1182~1-e02e3]:Read():wave-reader.cc:304) Expected 126720 bytes of wave data, but read only 125568 bytes. Truncated file?
VLOG[2] (compute-mfcc-feats[5.5.1182~1-e02e3]:main():compute-mfcc-feats.cc:182) Processed features for key common_voice_lt_40869248
WARNING (compute-mfcc-feats[5.5.1182~1-e02e3]:Read():wave-reader.cc:304) Expected 122112 bytes of wave data, but read only 120960 bytes. Truncated file?
VLOG[2] (compute-mfcc-feats[5.5.1182~1-e02e3]:main():compute-mfcc-feats.cc:182) Processed features for key common_voice_lt_40869249
WARNING (compute-mfcc-feats[5.5.1182~1-e02e3]:Read():wave-reader.cc:304) Expected 150912 bytes of wave data, but read only 149760 bytes. Truncated file?
VLOG[2] (compute-mfcc-feats[5.5.1182~1-e02e3]:main():compute-mfcc-feats.cc:182) Processed features for key common_voice_lt_40869250
WARNING (compute-mfcc-feats[5.5.1182~1-e02e3]:Read():wave-reader.cc:304) Expected 132480 bytes of wave data, but read only 131328 bytes. Truncated file?
VLOG[2] (compute-mfcc-feats[5.5.1182~1-e02e3]:main():compute-mfcc-feats.cc:182) Processed features for key common_voice_lt_40869251
WARNING (compute-mfcc-feats[5.5.1182~1-e02e3]:Read():wave-reader.cc:304) Expected 97920 bytes of wave data, but read only 96768 bytes. Truncated file?
VLOG[2] (compute-mfcc-feats[5.5.1182~1-e02e3]:main():compute-mfcc-feats.cc:182) Processed features for key common_voice_lt_40869252
WARNING (compute-mfcc-feats[5.5.1182~1-e02e3]:Read():wave-reader.cc:304) Expected 139392 bytes of wave data, but read only 138240 bytes. Truncated file?
VLOG[2] (compute-mfcc-feats[5.5.1182~1-e02e3]:main():compute-mfcc-feats.cc:182) Processed features for key common_voice_lt_40869257
WARNING (compute-mfcc-feats[5.5.1182~1-e02e3]:Read():wave-reader.cc:304) Expected 164736 bytes of wave data, but read only 163584 bytes. Truncated file?
VLOG[2] (compute-mfcc-feats[5.5.1182~1-e02e3]:main():compute-mfcc-feats.cc:182) Processed features for key common_voice_lt_40869259
WARNING (compute-mfcc-feats[5.5.1182~1-e02e3]:Read():wave-reader.cc:304) Expected 193536 bytes of wave data, but read only 192384 bytes. Truncated file?
VLOG[2] (compute-mfcc-feats[5.5.1182~1-e02e3]:main():compute-mfcc-feats.cc:182) Processed features for key common_voice_lt_40869260
WARNING (compute-mfcc-feats[5.5.1182~1-e02e3]:Read():wave-reader.cc:304) Expected 147456 bytes of wave data, but read only 146304 bytes. Truncated file?
VLOG[2] (compute-mfcc-feats[5.5.1182~1-e02e3]:main():compute-mfcc-feats.cc:182) Processed features for key common_voice_lt_40869266
WARNING (compute-mfcc-feats[5.5.1182~1-e02e3]:Read():wave-reader.cc:304) Expected 127872 bytes of wave data, but read only 126720 bytes. Truncated file?
LOG (compute-mfcc-feats[5.5.1182~1-e02e3]:main():compute-mfcc-feats.cc:181) Processed 230 utterances
VLOG[2] (compute-mfcc-feats[5.5.1182~1-e02e3]:main():compute-mfcc-feats.cc:182) Processed features for key common_voice_lt_40869268
WARNING (compute-mfcc-feats[5.5.1182~1-e02e3]:Read():wave-reader.cc:304) Expected 201600 bytes of wave data, but read only 200448 bytes. Truncated file?
VLOG[2] (compute-mfcc-feats[5.5.1182~1-e02e3]:main():compute-mfcc-feats.cc:182) Processed features for key common_voice_lt_40869270
WARNING (compute-mfcc-feats[5.5.1182~1-e02e3]:Read():wave-reader.cc:304) Expected 170496 bytes of wave data, but read only 169344 bytes. Truncated file?
VLOG[2] (compute-mfcc-feats[5.5.1182~1-e02e3]:main():compute-mfcc-feats.cc:182) Processed features for key common_voice_lt_40869277
WARNING (compute-mfcc-feats[5.5.1182~1-e02e3]:Read():wave-reader.cc:304) Expected 184320 bytes of wave data, but read only 183168 bytes. Truncated file?
VLOG[2] (compute-mfcc-feats[5.5.1182~1-e02e3]:main():compute-mfcc-feats.cc:182) Processed features for key common_voice_lt_40869278
WARNING (compute-mfcc-feats[5.5.1182~1-e02e3]:Read():wave-reader.cc:304) Expected 116352 bytes of wave data, but read only 115200 bytes. Truncated file?
VLOG[2] (compute-mfcc-feats[5.5.1182~1-e02e3]:main():compute-mfcc-feats.cc:182) Processed features for key common_voice_lt_40869279
WARNING (compute-mfcc-feats[5.5.1182~1-e02e3]:Read():wave-reader.cc:304) Expected 158976 bytes of wave data, but read only 157824 bytes. Truncated file?
VLOG[2] (compute-mfcc-feats[5.5.1182~1-e02e3]:main():compute-mfcc-feats.cc:182) Processed features for key common_voice_lt_40869280
WARNING (compute-mfcc-feats[5.5.1182~1-e02e3]:Read():wave-reader.cc:304) Expected 230400 bytes of wave data, but read only 229248 bytes. Truncated file?
VLOG[2] (compute-mfcc-feats[5.5.1182~1-e02e3]:main():compute-mfcc-feats.cc:182) Processed features for key common_voice_lt_40869282
WARNING (compute-mfcc-feats[5.5.1182~1-e02e3]:Read():wave-reader.cc:304) Expected 213120 bytes of wave data, but read only 211968 bytes. Truncated file?
VLOG[2] (compute-mfcc-feats[5.5.1182~1-e02e3]:main():compute-mfcc-feats.cc:182) Processed features for key common_voice_lt_40869284
WARNING (compute-mfcc-feats[5.5.1182~1-e02e3]:Read():wave-reader.cc:304) Expected 139392 bytes of wave data, but read only 138240 bytes. Truncated file?
VLOG[2] (compute-mfcc-feats[5.5.1182~1-e02e3]:main():compute-mfcc-feats.cc:182) Processed features for key common_voice_lt_40869288
WARNING (compute-mfcc-feats[5.5.1182~1-e02e3]:Read():wave-reader.cc:304) Expected 120960 bytes of wave data, but read only 119808 bytes. Truncated file?
VLOG[2] (compute-mfcc-feats[5.5.1182~1-e02e3]:main():compute-mfcc-feats.cc:182) Processed features for key common_voice_lt_40869289
WARNING (compute-mfcc-feats[5.5.1182~1-e02e3]:Read():wave-reader.cc:304) Expected 196992 bytes of wave data, but read only 195840 bytes. Truncated file?
LOG (compute-mfcc-feats[5.5.1182~1-e02e3]:main():compute-mfcc-feats.cc:181) Processed 240 utterances
VLOG[2] (compute-mfcc-feats[5.5.1182~1-e02e3]:main():compute-mfcc-feats.cc:182) Processed features for key common_voice_lt_40869301
WARNING (compute-mfcc-feats[5.5.1182~1-e02e3]:Read():wave-reader.cc:304) Expected 122112 bytes of wave data, but read only 120960 bytes. Truncated file?
VLOG[2] (compute-mfcc-feats[5.5.1182~1-e02e3]:main():compute-mfcc-feats.cc:182) Processed features for key common_voice_lt_40869303
WARNING (compute-mfcc-feats[5.5.1182~1-e02e3]:Read():wave-reader.cc:304) Expected 213120 bytes of wave data, but read only 211968 bytes. Truncated file?
VLOG[2] (compute-mfcc-feats[5.5.1182~1-e02e3]:main():compute-mfcc-feats.cc:182) Processed features for key common_voice_lt_40869304
WARNING (compute-mfcc-feats[5.5.1182~1-e02e3]:Read():wave-reader.cc:304) Expected 179712 bytes of wave data, but read only 178560 bytes. Truncated file?
VLOG[2] (compute-mfcc-feats[5.5.1182~1-e02e3]:main():compute-mfcc-feats.cc:182) Processed features for key common_voice_lt_40869306
WARNING (compute-mfcc-feats[5.5.1182~1-e02e3]:Read():wave-reader.cc:304) Expected 208512 bytes of wave data, but read only 207360 bytes. Truncated file?
VLOG[2] (compute-mfcc-feats[5.5.1182~1-e02e3]:main():compute-mfcc-feats.cc:182) Processed features for key common_voice_lt_40869307
WARNING (compute-mfcc-feats[5.5.1182~1-e02e3]:Read():wave-reader.cc:304) Expected 135936 bytes of wave data, but read only 134784 bytes. Truncated file?
VLOG[2] (compute-mfcc-feats[5.5.1182~1-e02e3]:main():compute-mfcc-feats.cc:182) Processed features for key common_voice_lt_40869311
WARNING (compute-mfcc-feats[5.5.1182~1-e02e3]:Read():wave-reader.cc:304) Expected 115200 bytes of wave data, but read only 114048 bytes. Truncated file?
VLOG[2] (compute-mfcc-feats[5.5.1182~1-e02e3]:main():compute-mfcc-feats.cc:182) Processed features for key common_voice_lt_40869312
WARNING (compute-mfcc-feats[5.5.1182~1-e02e3]:Read():wave-reader.cc:304) Expected 153216 bytes of wave data, but read only 152064 bytes. Truncated file?
VLOG[2] (compute-mfcc-feats[5.5.1182~1-e02e3]:main():compute-mfcc-feats.cc:182) Processed features for key common_voice_lt_40869313
WARNING (compute-mfcc-feats[5.5.1182~1-e02e3]:Read():wave-reader.cc:304) Expected 202752 bytes of wave data, but read only 201600 bytes. Truncated file?
VLOG[2] (compute-mfcc-feats[5.5.1182~1-e02e3]:main():compute-mfcc-feats.cc:182) Processed features for key common_voice_lt_40869316
WARNING (compute-mfcc-feats[5.5.1182~1-e02e3]:Read():wave-reader.cc:304) Expected 153216 bytes of wave data, but read only 152064 bytes. Truncated file?
VLOG[2] (compute-mfcc-feats[5.5.1182~1-e02e3]:main():compute-mfcc-feats.cc:182) Processed features for key common_voice_lt_40869319
WARNING (compute-mfcc-feats[5.5.1182~1-e02e3]:Read():wave-reader.cc:304) Expected 230400 bytes of wave data, but read only 229248 bytes. Truncated file?
LOG (compute-mfcc-feats[5.5.1182~1-e02e3]:main():compute-mfcc-feats.cc:181) Processed 250 utterances
VLOG[2] (compute-mfcc-feats[5.5.1182~1-e02e3]:main():compute-mfcc-feats.cc:182) Processed features for key common_voice_lt_40869320
WARNING (compute-mfcc-feats[5.5.1182~1-e02e3]:Read():wave-reader.cc:304) Expected 147456 bytes of wave data, but read only 146304 bytes. Truncated file?
VLOG[2] (compute-mfcc-feats[5.5.1182~1-e02e3]:main():compute-mfcc-feats.cc:182) Processed features for key common_voice_lt_40869321
WARNING (compute-mfcc-feats[5.5.1182~1-e02e3]:Read():wave-reader.cc:304) Expected 109440 bytes of wave data, but read only 108288 bytes. Truncated file?
VLOG[2] (compute-mfcc-feats[5.5.1182~1-e02e3]:main():compute-mfcc-feats.cc:182) Processed features for key common_voice_lt_40869323
WARNING (compute-mfcc-feats[5.5.1182~1-e02e3]:Read():wave-reader.cc:304) Expected 185472 bytes of wave data, but read only 184320 bytes. Truncated file?
VLOG[2] (compute-mfcc-feats[5.5.1182~1-e02e3]:main():compute-mfcc-feats.cc:182) Processed features for key common_voice_lt_40869324
WARNING (compute-mfcc-feats[5.5.1182~1-e02e3]:Read():wave-reader.cc:304) Expected 147456 bytes of wave data, but read only 146304 bytes. Truncated file?
VLOG[2] (compute-mfcc-feats[5.5.1182~1-e02e3]:main():compute-mfcc-feats.cc:182) Processed features for key common_voice_lt_40869327
WARNING (compute-mfcc-feats[5.5.1182~1-e02e3]:Read():wave-reader.cc:304) Expected 107136 bytes of wave data, but read only 105984 bytes. Truncated file?
VLOG[2] (compute-mfcc-feats[5.5.1182~1-e02e3]:main():compute-mfcc-feats.cc:182) Processed features for key common_voice_lt_40869328
WARNING (compute-mfcc-feats[5.5.1182~1-e02e3]:Read():wave-reader.cc:304) Expected 170496 bytes of wave data, but read only 169344 bytes. Truncated file?
VLOG[2] (compute-mfcc-feats[5.5.1182~1-e02e3]:main():compute-mfcc-feats.cc:182) Processed features for key common_voice_lt_40869330
WARNING (compute-mfcc-feats[5.5.1182~1-e02e3]:Read():wave-reader.cc:304) Expected 139392 bytes of wave data, but read only 138240 bytes. Truncated file?
VLOG[2] (compute-mfcc-feats[5.5.1182~1-e02e3]:main():compute-mfcc-feats.cc:182) Processed features for key common_voice_lt_40869331
WARNING (compute-mfcc-feats[5.5.1182~1-e02e3]:Read():wave-reader.cc:304) Expected 156672 bytes of wave data, but read only 155520 bytes. Truncated file?
VLOG[2] (compute-mfcc-feats[5.5.1182~1-e02e3]:main():compute-mfcc-feats.cc:182) Processed features for key common_voice_lt_40869334
WARNING (compute-mfcc-feats[5.5.1182~1-e02e3]:Read():wave-reader.cc:304) Expected 187776 bytes of wave data, but read only 186624 bytes. Truncated file?
VLOG[2] (compute-mfcc-feats[5.5.1182~1-e02e3]:main():compute-mfcc-feats.cc:182) Processed features for key common_voice_lt_40869335
WARNING (compute-mfcc-feats[5.5.1182~1-e02e3]:Read():wave-reader.cc:304) Expected 270720 bytes of wave data, but read only 269568 bytes. Truncated file?
LOG (compute-mfcc-feats[5.5.1182~1-e02e3]:main():compute-mfcc-feats.cc:181) Processed 260 utterances
VLOG[2] (compute-mfcc-feats[5.5.1182~1-e02e3]:main():compute-mfcc-feats.cc:182) Processed features for key common_voice_lt_40869336
WARNING (compute-mfcc-feats[5.5.1182~1-e02e3]:Read():wave-reader.cc:304) Expected 168192 bytes of wave data, but read only 167040 bytes. Truncated file?
VLOG[2] (compute-mfcc-feats[5.5.1182~1-e02e3]:main():compute-mfcc-feats.cc:182) Processed features for key common_voice_lt_40869337
WARNING (compute-mfcc-feats[5.5.1182~1-e02e3]:Read():wave-reader.cc:304) Expected 107136 bytes of wave data, but read only 105984 bytes. Truncated file?
VLOG[2] (compute-mfcc-feats[5.5.1182~1-e02e3]:main():compute-mfcc-feats.cc:182) Processed features for key common_voice_lt_40869338
WARNING (compute-mfcc-feats[5.5.1182~1-e02e3]:Read():wave-reader.cc:304) Expected 254592 bytes of wave data, but read only 253440 bytes. Truncated file?
VLOG[2] (compute-mfcc-feats[5.5.1182~1-e02e3]:main():compute-mfcc-feats.cc:182) Processed features for key common_voice_lt_40869350
WARNING (compute-mfcc-feats[5.5.1182~1-e02e3]:Read():wave-reader.cc:304) Expected 173952 bytes of wave data, but read only 172800 bytes. Truncated file?
VLOG[2] (compute-mfcc-feats[5.5.1182~1-e02e3]:main():compute-mfcc-feats.cc:182) Processed features for key common_voice_lt_40869351
WARNING (compute-mfcc-feats[5.5.1182~1-e02e3]:Read():wave-reader.cc:304) Expected 126720 bytes of wave data, but read only 125568 bytes. Truncated file?
VLOG[2] (compute-mfcc-feats[5.5.1182~1-e02e3]:main():compute-mfcc-feats.cc:182) Processed features for key common_voice_lt_40869352
WARNING (compute-mfcc-feats[5.5.1182~1-e02e3]:Read():wave-reader.cc:304) Expected 156672 bytes of wave data, but read only 155520 bytes. Truncated file?
VLOG[2] (compute-mfcc-feats[5.5.1182~1-e02e3]:main():compute-mfcc-feats.cc:182) Processed features for key common_voice_lt_40869356
WARNING (compute-mfcc-feats[5.5.1182~1-e02e3]:Read():wave-reader.cc:304) Expected 147456 bytes of wave data, but read only 146304 bytes. Truncated file?
VLOG[2] (compute-mfcc-feats[5.5.1182~1-e02e3]:main():compute-mfcc-feats.cc:182) Processed features for key common_voice_lt_40869358
WARNING (compute-mfcc-feats[5.5.1182~1-e02e3]:Read():wave-reader.cc:304) Expected 228096 bytes of wave data, but read only 226944 bytes. Truncated file?
VLOG[2] (compute-mfcc-feats[5.5.1182~1-e02e3]:main():compute-mfcc-feats.cc:182) Processed features for key common_voice_lt_40869359
WARNING (compute-mfcc-feats[5.5.1182~1-e02e3]:Read():wave-reader.cc:304) Expected 187776 bytes of wave data, but read only 186624 bytes. Truncated file?
VLOG[2] (compute-mfcc-feats[5.5.1182~1-e02e3]:main():compute-mfcc-feats.cc:182) Processed features for key common_voice_lt_40869360
WARNING (compute-mfcc-feats[5.5.1182~1-e02e3]:Read():wave-reader.cc:304) Expected 153216 bytes of wave data, but read only 152064 bytes. Truncated file?
LOG (compute-mfcc-feats[5.5.1182~1-e02e3]:main():compute-mfcc-feats.cc:181) Processed 270 utterances
VLOG[2] (compute-mfcc-feats[5.5.1182~1-e02e3]:main():compute-mfcc-feats.cc:182) Processed features for key common_voice_lt_40869361
WARNING (compute-mfcc-feats[5.5.1182~1-e02e3]:Read():wave-reader.cc:304) Expected 172800 bytes of wave data, but read only 171648 bytes. Truncated file?
VLOG[2] (compute-mfcc-feats[5.5.1182~1-e02e3]:main():compute-mfcc-feats.cc:182) Processed features for key common_voice_lt_40869363
WARNING (compute-mfcc-feats[5.5.1182~1-e02e3]:Read():wave-reader.cc:304) Expected 133632 bytes of wave data, but read only 132480 bytes. Truncated file?
VLOG[2] (compute-mfcc-feats[5.5.1182~1-e02e3]:main():compute-mfcc-feats.cc:182) Processed features for key common_voice_lt_40869364
WARNING (compute-mfcc-feats[5.5.1182~1-e02e3]:Read():wave-reader.cc:304) Expected 144000 bytes of wave data, but read only 142848 bytes. Truncated file?
VLOG[2] (compute-mfcc-feats[5.5.1182~1-e02e3]:main():compute-mfcc-feats.cc:182) Processed features for key common_voice_lt_40869367
WARNING (compute-mfcc-feats[5.5.1182~1-e02e3]:Read():wave-reader.cc:304) Expected 101376 bytes of wave data, but read only 100224 bytes. Truncated file?
VLOG[2] (compute-mfcc-feats[5.5.1182~1-e02e3]:main():compute-mfcc-feats.cc:182) Processed features for key common_voice_lt_40869371
WARNING (compute-mfcc-feats[5.5.1182~1-e02e3]:Read():wave-reader.cc:304) Expected 149760 bytes of wave data, but read only 148608 bytes. Truncated file?
VLOG[2] (compute-mfcc-feats[5.5.1182~1-e02e3]:main():compute-mfcc-feats.cc:182) Processed features for key common_voice_lt_40869373
WARNING (compute-mfcc-feats[5.5.1182~1-e02e3]:Read():wave-reader.cc:304) Expected 201600 bytes of wave data, but read only 200448 bytes. Truncated file?
VLOG[2] (compute-mfcc-feats[5.5.1182~1-e02e3]:main():compute-mfcc-feats.cc:182) Processed features for key common_voice_lt_40869375
WARNING (compute-mfcc-feats[5.5.1182~1-e02e3]:Read():wave-reader.cc:304) Expected 164736 bytes of wave data, but read only 163584 bytes. Truncated file?
VLOG[2] (compute-mfcc-feats[5.5.1182~1-e02e3]:main():compute-mfcc-feats.cc:182) Processed features for key common_voice_lt_40869376
WARNING (compute-mfcc-feats[5.5.1182~1-e02e3]:Read():wave-reader.cc:304) Expected 201600 bytes of wave data, but read only 200448 bytes. Truncated file?
VLOG[2] (compute-mfcc-feats[5.5.1182~1-e02e3]:main():compute-mfcc-feats.cc:182) Processed features for key common_voice_lt_40869378
WARNING (compute-mfcc-feats[5.5.1182~1-e02e3]:Read():wave-reader.cc:304) Expected 120960 bytes of wave data, but read only 119808 bytes. Truncated file?
VLOG[2] (compute-mfcc-feats[5.5.1182~1-e02e3]:main():compute-mfcc-feats.cc:182) Processed features for key common_voice_lt_40869380
WARNING (compute-mfcc-feats[5.5.1182~1-e02e3]:Read():wave-reader.cc:304) Expected 173952 bytes of wave data, but read only 172800 bytes. Truncated file?
LOG (compute-mfcc-feats[5.5.1182~1-e02e3]:main():compute-mfcc-feats.cc:181) Processed 280 utterances
VLOG[2] (compute-mfcc-feats[5.5.1182~1-e02e3]:main():compute-mfcc-feats.cc:182) Processed features for key common_voice_lt_40869381
WARNING (compute-mfcc-feats[5.5.1182~1-e02e3]:Read():wave-reader.cc:304) Expected 120960 bytes of wave data, but read only 119808 bytes. Truncated file?
VLOG[2] (compute-mfcc-feats[5.5.1182~1-e02e3]:main():compute-mfcc-feats.cc:182) Processed features for key common_voice_lt_40869382
WARNING (compute-mfcc-feats[5.5.1182~1-e02e3]:Read():wave-reader.cc:304) Expected 147456 bytes of wave data, but read only 146304 bytes. Truncated file?
VLOG[2] (compute-mfcc-feats[5.5.1182~1-e02e3]:main():compute-mfcc-feats.cc:182) Processed features for key common_voice_lt_40869387
WARNING (compute-mfcc-feats[5.5.1182~1-e02e3]:Read():wave-reader.cc:304) Expected 158976 bytes of wave data, but read only 157824 bytes. Truncated file?
VLOG[2] (compute-mfcc-feats[5.5.1182~1-e02e3]:main():compute-mfcc-feats.cc:182) Processed features for key common_voice_lt_40869390
WARNING (compute-mfcc-feats[5.5.1182~1-e02e3]:Read():wave-reader.cc:304) Expected 216576 bytes of wave data, but read only 215424 bytes. Truncated file?
VLOG[2] (compute-mfcc-feats[5.5.1182~1-e02e3]:main():compute-mfcc-feats.cc:182) Processed features for key common_voice_lt_40869395
WARNING (compute-mfcc-feats[5.5.1182~1-e02e3]:Read():wave-reader.cc:304) Expected 213120 bytes of wave data, but read only 211968 bytes. Truncated file?
VLOG[2] (compute-mfcc-feats[5.5.1182~1-e02e3]:main():compute-mfcc-feats.cc:182) Processed features for key common_voice_lt_40869396
WARNING (compute-mfcc-feats[5.5.1182~1-e02e3]:Read():wave-reader.cc:304) Expected 225792 bytes of wave data, but read only 224640 bytes. Truncated file?
VLOG[2] (compute-mfcc-feats[5.5.1182~1-e02e3]:main():compute-mfcc-feats.cc:182) Processed features for key common_voice_lt_40869398
WARNING (compute-mfcc-feats[5.5.1182~1-e02e3]:Read():wave-reader.cc:304) Expected 167040 bytes of wave data, but read only 165888 bytes. Truncated file?
VLOG[2] (compute-mfcc-feats[5.5.1182~1-e02e3]:main():compute-mfcc-feats.cc:182) Processed features for key common_voice_lt_40869399
WARNING (compute-mfcc-feats[5.5.1182~1-e02e3]:Read():wave-reader.cc:304) Expected 153216 bytes of wave data, but read only 152064 bytes. Truncated file?
VLOG[2] (compute-mfcc-feats[5.5.1182~1-e02e3]:main():compute-mfcc-feats.cc:182) Processed features for key common_voice_lt_40869401
WARNING (compute-mfcc-feats[5.5.1182~1-e02e3]:Read():wave-reader.cc:304) Expected 115200 bytes of wave data, but read only 114048 bytes. Truncated file?
VLOG[2] (compute-mfcc-feats[5.5.1182~1-e02e3]:main():compute-mfcc-feats.cc:182) Processed features for key common_voice_lt_40869402
WARNING (compute-mfcc-feats[5.5.1182~1-e02e3]:Read():wave-reader.cc:304) Expected 167040 bytes of wave data, but read only 165888 bytes. Truncated file?
LOG (compute-mfcc-feats[5.5.1182~1-e02e3]:main():compute-mfcc-feats.cc:181) Processed 290 utterances
VLOG[2] (compute-mfcc-feats[5.5.1182~1-e02e3]:main():compute-mfcc-feats.cc:182) Processed features for key common_voice_lt_40869404
WARNING (compute-mfcc-feats[5.5.1182~1-e02e3]:Read():wave-reader.cc:304) Expected 182016 bytes of wave data, but read only 180864 bytes. Truncated file?
VLOG[2] (compute-mfcc-feats[5.5.1182~1-e02e3]:main():compute-mfcc-feats.cc:182) Processed features for key common_voice_lt_40869407
WARNING (compute-mfcc-feats[5.5.1182~1-e02e3]:Read():wave-reader.cc:304) Expected 120960 bytes of wave data, but read only 119808 bytes. Truncated file?
VLOG[2] (compute-mfcc-feats[5.5.1182~1-e02e3]:main():compute-mfcc-feats.cc:182) Processed features for key common_voice_lt_40869408
WARNING (compute-mfcc-feats[5.5.1182~1-e02e3]:Read():wave-reader.cc:304) Expected 167040 bytes of wave data, but read only 165888 bytes. Truncated file?
VLOG[2] (compute-mfcc-feats[5.5.1182~1-e02e3]:main():compute-mfcc-feats.cc:182) Processed features for key common_voice_lt_40869415
WARNING (compute-mfcc-feats[5.5.1182~1-e02e3]:Read():wave-reader.cc:304) Expected 156672 bytes of wave data, but read only 155520 bytes. Truncated file?
VLOG[2] (compute-mfcc-feats[5.5.1182~1-e02e3]:main():compute-mfcc-feats.cc:182) Processed features for key common_voice_lt_40869419
WARNING (compute-mfcc-feats[5.5.1182~1-e02e3]:Read():wave-reader.cc:304) Expected 156672 bytes of wave data, but read only 155520 bytes. Truncated file?
VLOG[2] (compute-mfcc-feats[5.5.1182~1-e02e3]:main():compute-mfcc-feats.cc:182) Processed features for key common_voice_lt_40869423
WARNING (compute-mfcc-feats[5.5.1182~1-e02e3]:Read():wave-reader.cc:304) Expected 193536 bytes of wave data, but read only 192384 bytes. Truncated file?
VLOG[2] (compute-mfcc-feats[5.5.1182~1-e02e3]:main():compute-mfcc-feats.cc:182) Processed features for key common_voice_lt_40869424
WARNING (compute-mfcc-feats[5.5.1182~1-e02e3]:Read():wave-reader.cc:304) Expected 199296 bytes of wave data, but read only 198144 bytes. Truncated file?
VLOG[2] (compute-mfcc-feats[5.5.1182~1-e02e3]:main():compute-mfcc-feats.cc:182) Processed features for key common_voice_lt_40869425
WARNING (compute-mfcc-feats[5.5.1182~1-e02e3]:Read():wave-reader.cc:304) Expected 150912 bytes of wave data, but read only 149760 bytes. Truncated file?
VLOG[2] (compute-mfcc-feats[5.5.1182~1-e02e3]:main():compute-mfcc-feats.cc:182) Processed features for key common_voice_lt_40869428
WARNING (compute-mfcc-feats[5.5.1182~1-e02e3]:Read():wave-reader.cc:304) Expected 145152 bytes of wave data, but read only 144000 bytes. Truncated file?
VLOG[2] (compute-mfcc-feats[5.5.1182~1-e02e3]:main():compute-mfcc-feats.cc:182) Processed features for key common_voice_lt_40869429
WARNING (compute-mfcc-feats[5.5.1182~1-e02e3]:Read():wave-reader.cc:304) Expected 176256 bytes of wave data, but read only 175104 bytes. Truncated file?
LOG (compute-mfcc-feats[5.5.1182~1-e02e3]:main():compute-mfcc-feats.cc:181) Processed 300 utterances
VLOG[2] (compute-mfcc-feats[5.5.1182~1-e02e3]:main():compute-mfcc-feats.cc:182) Processed features for key common_voice_lt_40869431
WARNING (compute-mfcc-feats[5.5.1182~1-e02e3]:Read():wave-reader.cc:304) Expected 182016 bytes of wave data, but read only 180864 bytes. Truncated file?
VLOG[2] (compute-mfcc-feats[5.5.1182~1-e02e3]:main():compute-mfcc-feats.cc:182) Processed features for key common_voice_lt_40869432
WARNING (compute-mfcc-feats[5.5.1182~1-e02e3]:Read():wave-reader.cc:304) Expected 118656 bytes of wave data, but read only 117504 bytes. Truncated file?
VLOG[2] (compute-mfcc-feats[5.5.1182~1-e02e3]:main():compute-mfcc-feats.cc:182) Processed features for key common_voice_lt_40869433
WARNING (compute-mfcc-feats[5.5.1182~1-e02e3]:Read():wave-reader.cc:304) Expected 112896 bytes of wave data, but read only 111744 bytes. Truncated file?
VLOG[2] (compute-mfcc-feats[5.5.1182~1-e02e3]:main():compute-mfcc-feats.cc:182) Processed features for key common_voice_lt_40869434
WARNING (compute-mfcc-feats[5.5.1182~1-e02e3]:Read():wave-reader.cc:304) Expected 145152 bytes of wave data, but read only 144000 bytes. Truncated file?
VLOG[2] (compute-mfcc-feats[5.5.1182~1-e02e3]:main():compute-mfcc-feats.cc:182) Processed features for key common_voice_lt_40869435
WARNING (compute-mfcc-feats[5.5.1182~1-e02e3]:Read():wave-reader.cc:304) Expected 210816 bytes of wave data, but read only 209664 bytes. Truncated file?
VLOG[2] (compute-mfcc-feats[5.5.1182~1-e02e3]:main():compute-mfcc-feats.cc:182) Processed features for key common_voice_lt_40869437
WARNING (compute-mfcc-feats[5.5.1182~1-e02e3]:Read():wave-reader.cc:304) Expected 213120 bytes of wave data, but read only 211968 bytes. Truncated file?
VLOG[2] (compute-mfcc-feats[5.5.1182~1-e02e3]:main():compute-mfcc-feats.cc:182) Processed features for key common_voice_lt_40869438
WARNING (compute-mfcc-feats[5.5.1182~1-e02e3]:Read():wave-reader.cc:304) Expected 133632 bytes of wave data, but read only 132480 bytes. Truncated file?
VLOG[2] (compute-mfcc-feats[5.5.1182~1-e02e3]:main():compute-mfcc-feats.cc:182) Processed features for key common_voice_lt_40869439
WARNING (compute-mfcc-feats[5.5.1182~1-e02e3]:Read():wave-reader.cc:304) Expected 179712 bytes of wave data, but read only 178560 bytes. Truncated file?
VLOG[2] (compute-mfcc-feats[5.5.1182~1-e02e3]:main():compute-mfcc-feats.cc:182) Processed features for key common_voice_lt_40869441
WARNING (compute-mfcc-feats[5.5.1182~1-e02e3]:Read():wave-reader.cc:304) Expected 191232 bytes of wave data, but read only 190080 bytes. Truncated file?
VLOG[2] (compute-mfcc-feats[5.5.1182~1-e02e3]:main():compute-mfcc-feats.cc:182) Processed features for key common_voice_lt_40869443
WARNING (compute-mfcc-feats[5.5.1182~1-e02e3]:Read():wave-reader.cc:304) Expected 179712 bytes of wave data, but read only 178560 bytes. Truncated file?
LOG (compute-mfcc-feats[5.5.1182~1-e02e3]:main():compute-mfcc-feats.cc:181) Processed 310 utterances
VLOG[2] (compute-mfcc-feats[5.5.1182~1-e02e3]:main():compute-mfcc-feats.cc:182) Processed features for key common_voice_lt_40869445
WARNING (compute-mfcc-feats[5.5.1182~1-e02e3]:Read():wave-reader.cc:304) Expected 149760 bytes of wave data, but read only 148608 bytes. Truncated file?
VLOG[2] (compute-mfcc-feats[5.5.1182~1-e02e3]:main():compute-mfcc-feats.cc:182) Processed features for key common_voice_lt_40869446
WARNING (compute-mfcc-feats[5.5.1182~1-e02e3]:Read():wave-reader.cc:304) Expected 158976 bytes of wave data, but read only 157824 bytes. Truncated file?
VLOG[2] (compute-mfcc-feats[5.5.1182~1-e02e3]:main():compute-mfcc-feats.cc:182) Processed features for key common_voice_lt_40869447
WARNING (compute-mfcc-feats[5.5.1182~1-e02e3]:Read():wave-reader.cc:304) Expected 141696 bytes of wave data, but read only 140544 bytes. Truncated file?
VLOG[2] (compute-mfcc-feats[5.5.1182~1-e02e3]:main():compute-mfcc-feats.cc:182) Processed features for key common_voice_lt_40869448
WARNING (compute-mfcc-feats[5.5.1182~1-e02e3]:Read():wave-reader.cc:304) Expected 150912 bytes of wave data, but read only 149760 bytes. Truncated file?
VLOG[2] (compute-mfcc-feats[5.5.1182~1-e02e3]:main():compute-mfcc-feats.cc:182) Processed features for key common_voice_lt_40869449
WARNING (compute-mfcc-feats[5.5.1182~1-e02e3]:Read():wave-reader.cc:304) Expected 179712 bytes of wave data, but read only 178560 bytes. Truncated file?
VLOG[2] (compute-mfcc-feats[5.5.1182~1-e02e3]:main():compute-mfcc-feats.cc:182) Processed features for key common_voice_lt_40869453
WARNING (compute-mfcc-feats[5.5.1182~1-e02e3]:Read():wave-reader.cc:304) Expected 161280 bytes of wave data, but read only 160128 bytes. Truncated file?
VLOG[2] (compute-mfcc-feats[5.5.1182~1-e02e3]:main():compute-mfcc-feats.cc:182) Processed features for key common_voice_lt_40869454
WARNING (compute-mfcc-feats[5.5.1182~1-e02e3]:Read():wave-reader.cc:304) Expected 253440 bytes of wave data, but read only 252288 bytes. Truncated file?
VLOG[2] (compute-mfcc-feats[5.5.1182~1-e02e3]:main():compute-mfcc-feats.cc:182) Processed features for key common_voice_lt_40869455
WARNING (compute-mfcc-feats[5.5.1182~1-e02e3]:Read():wave-reader.cc:304) Expected 176256 bytes of wave data, but read only 175104 bytes. Truncated file?
VLOG[2] (compute-mfcc-feats[5.5.1182~1-e02e3]:main():compute-mfcc-feats.cc:182) Processed features for key common_voice_lt_40869457
WARNING (compute-mfcc-feats[5.5.1182~1-e02e3]:Read():wave-reader.cc:304) Expected 161280 bytes of wave data, but read only 160128 bytes. Truncated file?
VLOG[2] (compute-mfcc-feats[5.5.1182~1-e02e3]:main():compute-mfcc-feats.cc:182) Processed features for key common_voice_lt_40869458
WARNING (compute-mfcc-feats[5.5.1182~1-e02e3]:Read():wave-reader.cc:304) Expected 120960 bytes of wave data, but read only 119808 bytes. Truncated file?
LOG (compute-mfcc-feats[5.5.1182~1-e02e3]:main():compute-mfcc-feats.cc:181) Processed 320 utterances
VLOG[2] (compute-mfcc-feats[5.5.1182~1-e02e3]:main():compute-mfcc-feats.cc:182) Processed features for key common_voice_lt_40869459
WARNING (compute-mfcc-feats[5.5.1182~1-e02e3]:Read():wave-reader.cc:304) Expected 158976 bytes of wave data, but read only 157824 bytes. Truncated file?
VLOG[2] (compute-mfcc-feats[5.5.1182~1-e02e3]:main():compute-mfcc-feats.cc:182) Processed features for key common_voice_lt_40869461
WARNING (compute-mfcc-feats[5.5.1182~1-e02e3]:Read():wave-reader.cc:304) Expected 115200 bytes of wave data, but read only 114048 bytes. Truncated file?
VLOG[2] (compute-mfcc-feats[5.5.1182~1-e02e3]:main():compute-mfcc-feats.cc:182) Processed features for key common_voice_lt_40869462
WARNING (compute-mfcc-feats[5.5.1182~1-e02e3]:Read():wave-reader.cc:304) Expected 153216 bytes of wave data, but read only 152064 bytes. Truncated file?
VLOG[2] (compute-mfcc-feats[5.5.1182~1-e02e3]:main():compute-mfcc-feats.cc:182) Processed features for key common_voice_lt_40869469
WARNING (compute-mfcc-feats[5.5.1182~1-e02e3]:Read():wave-reader.cc:304) Expected 193536 bytes of wave data, but read only 192384 bytes. Truncated file?
VLOG[2] (compute-mfcc-feats[5.5.1182~1-e02e3]:main():compute-mfcc-feats.cc:182) Processed features for key common_voice_lt_40869471
WARNING (compute-mfcc-feats[5.5.1182~1-e02e3]:Read():wave-reader.cc:304) Expected 233856 bytes of wave data, but read only 232704 bytes. Truncated file?
VLOG[2] (compute-mfcc-feats[5.5.1182~1-e02e3]:main():compute-mfcc-feats.cc:182) Processed features for key common_voice_lt_40869474
WARNING (compute-mfcc-feats[5.5.1182~1-e02e3]:Read():wave-reader.cc:304) Expected 150912 bytes of wave data, but read only 149760 bytes. Truncated file?
VLOG[2] (compute-mfcc-feats[5.5.1182~1-e02e3]:main():compute-mfcc-feats.cc:182) Processed features for key common_voice_lt_40869477
WARNING (compute-mfcc-feats[5.5.1182~1-e02e3]:Read():wave-reader.cc:304) Expected 130176 bytes of wave data, but read only 129024 bytes. Truncated file?
VLOG[2] (compute-mfcc-feats[5.5.1182~1-e02e3]:main():compute-mfcc-feats.cc:182) Processed features for key common_voice_lt_40869479
WARNING (compute-mfcc-feats[5.5.1182~1-e02e3]:Read():wave-reader.cc:304) Expected 132480 bytes of wave data, but read only 131328 bytes. Truncated file?
VLOG[2] (compute-mfcc-feats[5.5.1182~1-e02e3]:main():compute-mfcc-feats.cc:182) Processed features for key common_voice_lt_40869480
WARNING (compute-mfcc-feats[5.5.1182~1-e02e3]:Read():wave-reader.cc:304) Expected 145152 bytes of wave data, but read only 144000 bytes. Truncated file?
VLOG[2] (compute-mfcc-feats[5.5.1182~1-e02e3]:main():compute-mfcc-feats.cc:182) Processed features for key common_voice_lt_40869481
WARNING (compute-mfcc-feats[5.5.1182~1-e02e3]:Read():wave-reader.cc:304) Expected 150912 bytes of wave data, but read only 149760 bytes. Truncated file?
LOG (compute-mfcc-feats[5.5.1182~1-e02e3]:main():compute-mfcc-feats.cc:181) Processed 330 utterances
VLOG[2] (compute-mfcc-feats[5.5.1182~1-e02e3]:main():compute-mfcc-feats.cc:182) Processed features for key common_voice_lt_40869492
WARNING (compute-mfcc-feats[5.5.1182~1-e02e3]:Read():wave-reader.cc:304) Expected 184320 bytes of wave data, but read only 183168 bytes. Truncated file?
VLOG[2] (compute-mfcc-feats[5.5.1182~1-e02e3]:main():compute-mfcc-feats.cc:182) Processed features for key common_voice_lt_40869493
WARNING (compute-mfcc-feats[5.5.1182~1-e02e3]:Read():wave-reader.cc:304) Expected 145152 bytes of wave data, but read only 144000 bytes. Truncated file?
VLOG[2] (compute-mfcc-feats[5.5.1182~1-e02e3]:main():compute-mfcc-feats.cc:182) Processed features for key common_voice_lt_40869499
WARNING (compute-mfcc-feats[5.5.1182~1-e02e3]:Read():wave-reader.cc:304) Expected 116352 bytes of wave data, but read only 115200 bytes. Truncated file?
VLOG[2] (compute-mfcc-feats[5.5.1182~1-e02e3]:main():compute-mfcc-feats.cc:182) Processed features for key common_voice_lt_40869502
WARNING (compute-mfcc-feats[5.5.1182~1-e02e3]:Read():wave-reader.cc:304) Expected 231552 bytes of wave data, but read only 230400 bytes. Truncated file?
VLOG[2] (compute-mfcc-feats[5.5.1182~1-e02e3]:main():compute-mfcc-feats.cc:182) Processed features for key common_voice_lt_40869506
WARNING (compute-mfcc-feats[5.5.1182~1-e02e3]:Read():wave-reader.cc:304) Expected 153216 bytes of wave data, but read only 152064 bytes. Truncated file?
VLOG[2] (compute-mfcc-feats[5.5.1182~1-e02e3]:main():compute-mfcc-feats.cc:182) Processed features for key common_voice_lt_40869508
WARNING (compute-mfcc-feats[5.5.1182~1-e02e3]:Read():wave-reader.cc:304) Expected 112896 bytes of wave data, but read only 111744 bytes. Truncated file?
VLOG[2] (compute-mfcc-feats[5.5.1182~1-e02e3]:main():compute-mfcc-feats.cc:182) Processed features for key common_voice_lt_40869510
WARNING (compute-mfcc-feats[5.5.1182~1-e02e3]:Read():wave-reader.cc:304) Expected 184320 bytes of wave data, but read only 183168 bytes. Truncated file?
VLOG[2] (compute-mfcc-feats[5.5.1182~1-e02e3]:main():compute-mfcc-feats.cc:182) Processed features for key common_voice_lt_40869512
WARNING (compute-mfcc-feats[5.5.1182~1-e02e3]:Read():wave-reader.cc:304) Expected 164736 bytes of wave data, but read only 163584 bytes. Truncated file?
VLOG[2] (compute-mfcc-feats[5.5.1182~1-e02e3]:main():compute-mfcc-feats.cc:182) Processed features for key common_voice_lt_40869513
WARNING (compute-mfcc-feats[5.5.1182~1-e02e3]:Read():wave-reader.cc:304) Expected 243072 bytes of wave data, but read only 241920 bytes. Truncated file?
VLOG[2] (compute-mfcc-feats[5.5.1182~1-e02e3]:main():compute-mfcc-feats.cc:182) Processed features for key common_voice_lt_40869564
WARNING (compute-mfcc-feats[5.5.1182~1-e02e3]:Read():wave-reader.cc:304) Expected 260352 bytes of wave data, but read only 259200 bytes. Truncated file?
LOG (compute-mfcc-feats[5.5.1182~1-e02e3]:main():compute-mfcc-feats.cc:181) Processed 340 utterances
VLOG[2] (compute-mfcc-feats[5.5.1182~1-e02e3]:main():compute-mfcc-feats.cc:182) Processed features for key common_voice_lt_40869565
WARNING (compute-mfcc-feats[5.5.1182~1-e02e3]:Read():wave-reader.cc:304) Expected 122112 bytes of wave data, but read only 120960 bytes. Truncated file?
VLOG[2] (compute-mfcc-feats[5.5.1182~1-e02e3]:main():compute-mfcc-feats.cc:182) Processed features for key common_voice_lt_40869568
WARNING (compute-mfcc-feats[5.5.1182~1-e02e3]:Read():wave-reader.cc:304) Expected 150912 bytes of wave data, but read only 149760 bytes. Truncated file?
VLOG[2] (compute-mfcc-feats[5.5.1182~1-e02e3]:main():compute-mfcc-feats.cc:182) Processed features for key common_voice_lt_40869575
WARNING (compute-mfcc-feats[5.5.1182~1-e02e3]:Read():wave-reader.cc:304) Expected 150912 bytes of wave data, but read only 149760 bytes. Truncated file?
VLOG[2] (compute-mfcc-feats[5.5.1182~1-e02e3]:main():compute-mfcc-feats.cc:182) Processed features for key common_voice_lt_40869576
WARNING (compute-mfcc-feats[5.5.1182~1-e02e3]:Read():wave-reader.cc:304) Expected 179712 bytes of wave data, but read only 178560 bytes. Truncated file?
VLOG[2] (compute-mfcc-feats[5.5.1182~1-e02e3]:main():compute-mfcc-feats.cc:182) Processed features for key common_voice_lt_40869577
WARNING (compute-mfcc-feats[5.5.1182~1-e02e3]:Read():wave-reader.cc:304) Expected 173952 bytes of wave data, but read only 172800 bytes. Truncated file?
VLOG[2] (compute-mfcc-feats[5.5.1182~1-e02e3]:main():compute-mfcc-feats.cc:182) Processed features for key common_voice_lt_40869578
WARNING (compute-mfcc-feats[5.5.1182~1-e02e3]:Read():wave-reader.cc:304) Expected 135936 bytes of wave data, but read only 134784 bytes. Truncated file?
VLOG[2] (compute-mfcc-feats[5.5.1182~1-e02e3]:main():compute-mfcc-feats.cc:182) Processed features for key common_voice_lt_40869586
WARNING (compute-mfcc-feats[5.5.1182~1-e02e3]:Read():wave-reader.cc:304) Expected 145152 bytes of wave data, but read only 144000 bytes. Truncated file?
VLOG[2] (compute-mfcc-feats[5.5.1182~1-e02e3]:main():compute-mfcc-feats.cc:182) Processed features for key common_voice_lt_40869587
WARNING (compute-mfcc-feats[5.5.1182~1-e02e3]:Read():wave-reader.cc:304) Expected 201600 bytes of wave data, but read only 200448 bytes. Truncated file?
VLOG[2] (compute-mfcc-feats[5.5.1182~1-e02e3]:main():compute-mfcc-feats.cc:182) Processed features for key common_voice_lt_40869597
WARNING (compute-mfcc-feats[5.5.1182~1-e02e3]:Read():wave-reader.cc:304) Expected 253440 bytes of wave data, but read only 252288 bytes. Truncated file?
VLOG[2] (compute-mfcc-feats[5.5.1182~1-e02e3]:main():compute-mfcc-feats.cc:182) Processed features for key common_voice_lt_40869598
WARNING (compute-mfcc-feats[5.5.1182~1-e02e3]:Read():wave-reader.cc:304) Expected 156672 bytes of wave data, but read only 155520 bytes. Truncated file?
LOG (compute-mfcc-feats[5.5.1182~1-e02e3]:main():compute-mfcc-feats.cc:181) Processed 350 utterances
VLOG[2] (compute-mfcc-feats[5.5.1182~1-e02e3]:main():compute-mfcc-feats.cc:182) Processed features for key common_voice_lt_40869608
WARNING (compute-mfcc-feats[5.5.1182~1-e02e3]:Read():wave-reader.cc:304) Expected 130176 bytes of wave data, but read only 129024 bytes. Truncated file?
VLOG[2] (compute-mfcc-feats[5.5.1182~1-e02e3]:main():compute-mfcc-feats.cc:182) Processed features for key common_voice_lt_40869609
WARNING (compute-mfcc-feats[5.5.1182~1-e02e3]:Read():wave-reader.cc:304) Expected 139392 bytes of wave data, but read only 138240 bytes. Truncated file?
VLOG[2] (compute-mfcc-feats[5.5.1182~1-e02e3]:main():compute-mfcc-feats.cc:182) Processed features for key common_voice_lt_40869610
WARNING (compute-mfcc-feats[5.5.1182~1-e02e3]:Read():wave-reader.cc:304) Expected 147456 bytes of wave data, but read only 146304 bytes. Truncated file?
VLOG[2] (compute-mfcc-feats[5.5.1182~1-e02e3]:main():compute-mfcc-feats.cc:182) Processed features for key common_voice_lt_40869612
WARNING (compute-mfcc-feats[5.5.1182~1-e02e3]:Read():wave-reader.cc:304) Expected 150912 bytes of wave data, but read only 149760 bytes. Truncated file?
VLOG[2] (compute-mfcc-feats[5.5.1182~1-e02e3]:main():compute-mfcc-feats.cc:182) Processed features for key common_voice_lt_40869623
WARNING (compute-mfcc-feats[5.5.1182~1-e02e3]:Read():wave-reader.cc:304) Expected 138240 bytes of wave data, but read only 137088 bytes. Truncated file?
VLOG[2] (compute-mfcc-feats[5.5.1182~1-e02e3]:main():compute-mfcc-feats.cc:182) Processed features for key common_voice_lt_40869625
WARNING (compute-mfcc-feats[5.5.1182~1-e02e3]:Read():wave-reader.cc:304) Expected 162432 bytes of wave data, but read only 161280 bytes. Truncated file?
VLOG[2] (compute-mfcc-feats[5.5.1182~1-e02e3]:main():compute-mfcc-feats.cc:182) Processed features for key common_voice_lt_40869626
WARNING (compute-mfcc-feats[5.5.1182~1-e02e3]:Read():wave-reader.cc:304) Expected 122112 bytes of wave data, but read only 120960 bytes. Truncated file?
VLOG[2] (compute-mfcc-feats[5.5.1182~1-e02e3]:main():compute-mfcc-feats.cc:182) Processed features for key common_voice_lt_40869633
WARNING (compute-mfcc-feats[5.5.1182~1-e02e3]:Read():wave-reader.cc:304) Expected 149760 bytes of wave data, but read only 148608 bytes. Truncated file?
VLOG[2] (compute-mfcc-feats[5.5.1182~1-e02e3]:main():compute-mfcc-feats.cc:182) Processed features for key common_voice_lt_40869636
WARNING (compute-mfcc-feats[5.5.1182~1-e02e3]:Read():wave-reader.cc:304) Expected 138240 bytes of wave data, but read only 137088 bytes. Truncated file?
VLOG[2] (compute-mfcc-feats[5.5.1182~1-e02e3]:main():compute-mfcc-feats.cc:182) Processed features for key common_voice_lt_40869642
WARNING (compute-mfcc-feats[5.5.1182~1-e02e3]:Read():wave-reader.cc:304) Expected 168192 bytes of wave data, but read only 167040 bytes. Truncated file?
LOG (compute-mfcc-feats[5.5.1182~1-e02e3]:main():compute-mfcc-feats.cc:181) Processed 360 utterances
VLOG[2] (compute-mfcc-feats[5.5.1182~1-e02e3]:main():compute-mfcc-feats.cc:182) Processed features for key common_voice_lt_40869645
WARNING (compute-mfcc-feats[5.5.1182~1-e02e3]:Read():wave-reader.cc:304) Expected 179712 bytes of wave data, but read only 178560 bytes. Truncated file?
VLOG[2] (compute-mfcc-feats[5.5.1182~1-e02e3]:main():compute-mfcc-feats.cc:182) Processed features for key common_voice_lt_40869649
WARNING (compute-mfcc-feats[5.5.1182~1-e02e3]:Read():wave-reader.cc:304) Expected 132480 bytes of wave data, but read only 131328 bytes. Truncated file?
VLOG[2] (compute-mfcc-feats[5.5.1182~1-e02e3]:main():compute-mfcc-feats.cc:182) Processed features for key common_voice_lt_40869667
WARNING (compute-mfcc-feats[5.5.1182~1-e02e3]:Read():wave-reader.cc:304) Expected 141696 bytes of wave data, but read only 140544 bytes. Truncated file?
VLOG[2] (compute-mfcc-feats[5.5.1182~1-e02e3]:main():compute-mfcc-feats.cc:182) Processed features for key common_voice_lt_40869668
WARNING (compute-mfcc-feats[5.5.1182~1-e02e3]:Read():wave-reader.cc:304) Expected 147456 bytes of wave data, but read only 146304 bytes. Truncated file?
VLOG[2] (compute-mfcc-feats[5.5.1182~1-e02e3]:main():compute-mfcc-feats.cc:182) Processed features for key common_voice_lt_40869682
WARNING (compute-mfcc-feats[5.5.1182~1-e02e3]:Read():wave-reader.cc:304) Expected 126720 bytes of wave data, but read only 125568 bytes. Truncated file?
VLOG[2] (compute-mfcc-feats[5.5.1182~1-e02e3]:main():compute-mfcc-feats.cc:182) Processed features for key common_voice_lt_40869684
WARNING (compute-mfcc-feats[5.5.1182~1-e02e3]:Read():wave-reader.cc:304) Expected 118656 bytes of wave data, but read only 117504 bytes. Truncated file?
VLOG[2] (compute-mfcc-feats[5.5.1182~1-e02e3]:main():compute-mfcc-feats.cc:182) Processed features for key common_voice_lt_40869685
WARNING (compute-mfcc-feats[5.5.1182~1-e02e3]:Read():wave-reader.cc:304) Expected 228096 bytes of wave data, but read only 226944 bytes. Truncated file?
VLOG[2] (compute-mfcc-feats[5.5.1182~1-e02e3]:main():compute-mfcc-feats.cc:182) Processed features for key common_voice_lt_40869708
WARNING (compute-mfcc-feats[5.5.1182~1-e02e3]:Read():wave-reader.cc:304) Expected 133632 bytes of wave data, but read only 132480 bytes. Truncated file?
VLOG[2] (compute-mfcc-feats[5.5.1182~1-e02e3]:main():compute-mfcc-feats.cc:182) Processed features for key common_voice_lt_40869710
WARNING (compute-mfcc-feats[5.5.1182~1-e02e3]:Read():wave-reader.cc:304) Expected 133632 bytes of wave data, but read only 132480 bytes. Truncated file?
VLOG[2] (compute-mfcc-feats[5.5.1182~1-e02e3]:main():compute-mfcc-feats.cc:182) Processed features for key common_voice_lt_40869711
WARNING (compute-mfcc-feats[5.5.1182~1-e02e3]:Read():wave-reader.cc:304) Expected 144000 bytes of wave data, but read only 142848 bytes. Truncated file?
LOG (compute-mfcc-feats[5.5.1182~1-e02e3]:main():compute-mfcc-feats.cc:181) Processed 370 utterances
VLOG[2] (compute-mfcc-feats[5.5.1182~1-e02e3]:main():compute-mfcc-feats.cc:182) Processed features for key common_voice_lt_40869723
WARNING (compute-mfcc-feats[5.5.1182~1-e02e3]:Read():wave-reader.cc:304) Expected 179712 bytes of wave data, but read only 178560 bytes. Truncated file?
VLOG[2] (compute-mfcc-feats[5.5.1182~1-e02e3]:main():compute-mfcc-feats.cc:182) Processed features for key common_voice_lt_40869725
WARNING (compute-mfcc-feats[5.5.1182~1-e02e3]:Read():wave-reader.cc:304) Expected 115200 bytes of wave data, but read only 114048 bytes. Truncated file?
VLOG[2] (compute-mfcc-feats[5.5.1182~1-e02e3]:main():compute-mfcc-feats.cc:182) Processed features for key common_voice_lt_40869726
WARNING (compute-mfcc-feats[5.5.1182~1-e02e3]:Read():wave-reader.cc:304) Expected 182016 bytes of wave data, but read only 180864 bytes. Truncated file?
VLOG[2] (compute-mfcc-feats[5.5.1182~1-e02e3]:main():compute-mfcc-feats.cc:182) Processed features for key common_voice_lt_40869728
WARNING (compute-mfcc-feats[5.5.1182~1-e02e3]:Read():wave-reader.cc:304) Expected 127872 bytes of wave data, but read only 126720 bytes. Truncated file?
VLOG[2] (compute-mfcc-feats[5.5.1182~1-e02e3]:main():compute-mfcc-feats.cc:182) Processed features for key common_voice_lt_40869730
WARNING (compute-mfcc-feats[5.5.1182~1-e02e3]:Read():wave-reader.cc:304) Expected 139392 bytes of wave data, but read only 138240 bytes. Truncated file?
VLOG[2] (compute-mfcc-feats[5.5.1182~1-e02e3]:main():compute-mfcc-feats.cc:182) Processed features for key common_voice_lt_40869732
WARNING (compute-mfcc-feats[5.5.1182~1-e02e3]:Read():wave-reader.cc:304) Expected 139392 bytes of wave data, but read only 138240 bytes. Truncated file?
VLOG[2] (compute-mfcc-feats[5.5.1182~1-e02e3]:main():compute-mfcc-feats.cc:182) Processed features for key common_voice_lt_40869733
WARNING (compute-mfcc-feats[5.5.1182~1-e02e3]:Read():wave-reader.cc:304) Expected 225792 bytes of wave data, but read only 224640 bytes. Truncated file?
VLOG[2] (compute-mfcc-feats[5.5.1182~1-e02e3]:main():compute-mfcc-feats.cc:182) Processed features for key common_voice_lt_40869734
WARNING (compute-mfcc-feats[5.5.1182~1-e02e3]:Read():wave-reader.cc:304) Expected 167040 bytes of wave data, but read only 165888 bytes. Truncated file?
VLOG[2] (compute-mfcc-feats[5.5.1182~1-e02e3]:main():compute-mfcc-feats.cc:182) Processed features for key common_voice_lt_40869736
WARNING (compute-mfcc-feats[5.5.1182~1-e02e3]:Read():wave-reader.cc:304) Expected 122112 bytes of wave data, but read only 120960 bytes. Truncated file?
VLOG[2] (compute-mfcc-feats[5.5.1182~1-e02e3]:main():compute-mfcc-feats.cc:182) Processed features for key common_voice_lt_40869747
WARNING (compute-mfcc-feats[5.5.1182~1-e02e3]:Read():wave-reader.cc:304) Expected 145152 bytes of wave data, but read only 144000 bytes. Truncated file?
LOG (compute-mfcc-feats[5.5.1182~1-e02e3]:main():compute-mfcc-feats.cc:181) Processed 380 utterances
VLOG[2] (compute-mfcc-feats[5.5.1182~1-e02e3]:main():compute-mfcc-feats.cc:182) Processed features for key common_voice_lt_40869749
WARNING (compute-mfcc-feats[5.5.1182~1-e02e3]:Read():wave-reader.cc:304) Expected 218880 bytes of wave data, but read only 217728 bytes. Truncated file?
VLOG[2] (compute-mfcc-feats[5.5.1182~1-e02e3]:main():compute-mfcc-feats.cc:182) Processed features for key common_voice_lt_40869756
WARNING (compute-mfcc-feats[5.5.1182~1-e02e3]:Read():wave-reader.cc:304) Expected 122112 bytes of wave data, but read only 120960 bytes. Truncated file?
VLOG[2] (compute-mfcc-feats[5.5.1182~1-e02e3]:main():compute-mfcc-feats.cc:182) Processed features for key common_voice_lt_40869758
WARNING (compute-mfcc-feats[5.5.1182~1-e02e3]:Read():wave-reader.cc:304) Expected 133632 bytes of wave data, but read only 132480 bytes. Truncated file?
VLOG[2] (compute-mfcc-feats[5.5.1182~1-e02e3]:main():compute-mfcc-feats.cc:182) Processed features for key common_voice_lt_40869759
WARNING (compute-mfcc-feats[5.5.1182~1-e02e3]:Read():wave-reader.cc:304) Expected 144000 bytes of wave data, but read only 142848 bytes. Truncated file?
VLOG[2] (compute-mfcc-feats[5.5.1182~1-e02e3]:main():compute-mfcc-feats.cc:182) Processed features for key common_voice_lt_40869764
WARNING (compute-mfcc-feats[5.5.1182~1-e02e3]:Read():wave-reader.cc:304) Expected 149760 bytes of wave data, but read only 148608 bytes. Truncated file?
VLOG[2] (compute-mfcc-feats[5.5.1182~1-e02e3]:main():compute-mfcc-feats.cc:182) Processed features for key common_voice_lt_40869765
WARNING (compute-mfcc-feats[5.5.1182~1-e02e3]:Read():wave-reader.cc:304) Expected 127872 bytes of wave data, but read only 126720 bytes. Truncated file?
VLOG[2] (compute-mfcc-feats[5.5.1182~1-e02e3]:main():compute-mfcc-feats.cc:182) Processed features for key common_voice_lt_40869766
WARNING (compute-mfcc-feats[5.5.1182~1-e02e3]:Read():wave-reader.cc:304) Expected 184320 bytes of wave data, but read only 183168 bytes. Truncated file?
VLOG[2] (compute-mfcc-feats[5.5.1182~1-e02e3]:main():compute-mfcc-feats.cc:182) Processed features for key common_voice_lt_40869777
WARNING (compute-mfcc-feats[5.5.1182~1-e02e3]:Read():wave-reader.cc:304) Expected 145152 bytes of wave data, but read only 144000 bytes. Truncated file?
VLOG[2] (compute-mfcc-feats[5.5.1182~1-e02e3]:main():compute-mfcc-feats.cc:182) Processed features for key common_voice_lt_40869778
WARNING (compute-mfcc-feats[5.5.1182~1-e02e3]:Read():wave-reader.cc:304) Expected 178560 bytes of wave data, but read only 177408 bytes. Truncated file?
VLOG[2] (compute-mfcc-feats[5.5.1182~1-e02e3]:main():compute-mfcc-feats.cc:182) Processed features for key common_voice_lt_40869779
WARNING (compute-mfcc-feats[5.5.1182~1-e02e3]:Read():wave-reader.cc:304) Expected 145152 bytes of wave data, but read only 144000 bytes. Truncated file?
LOG (compute-mfcc-feats[5.5.1182~1-e02e3]:main():compute-mfcc-feats.cc:181) Processed 390 utterances
VLOG[2] (compute-mfcc-feats[5.5.1182~1-e02e3]:main():compute-mfcc-feats.cc:182) Processed features for key common_voice_lt_40869780
WARNING (compute-mfcc-feats[5.5.1182~1-e02e3]:Read():wave-reader.cc:304) Expected 138240 bytes of wave data, but read only 137088 bytes. Truncated file?
VLOG[2] (compute-mfcc-feats[5.5.1182~1-e02e3]:main():compute-mfcc-feats.cc:182) Processed features for key common_voice_lt_40869781
WARNING (compute-mfcc-feats[5.5.1182~1-e02e3]:Read():wave-reader.cc:304) Expected 196992 bytes of wave data, but read only 195840 bytes. Truncated file?
VLOG[2] (compute-mfcc-feats[5.5.1182~1-e02e3]:main():compute-mfcc-feats.cc:182) Processed features for key common_voice_lt_40869782
WARNING (compute-mfcc-feats[5.5.1182~1-e02e3]:Read():wave-reader.cc:304) Expected 135936 bytes of wave data, but read only 134784 bytes. Truncated file?
VLOG[2] (compute-mfcc-feats[5.5.1182~1-e02e3]:main():compute-mfcc-feats.cc:182) Processed features for key common_voice_lt_40869783
WARNING (compute-mfcc-feats[5.5.1182~1-e02e3]:Read():wave-reader.cc:304) Expected 124416 bytes of wave data, but read only 123264 bytes. Truncated file?
VLOG[2] (compute-mfcc-feats[5.5.1182~1-e02e3]:main():compute-mfcc-feats.cc:182) Processed features for key common_voice_lt_40869784
WARNING (compute-mfcc-feats[5.5.1182~1-e02e3]:Read():wave-reader.cc:304) Expected 107136 bytes of wave data, but read only 105984 bytes. Truncated file?
VLOG[2] (compute-mfcc-feats[5.5.1182~1-e02e3]:main():compute-mfcc-feats.cc:182) Processed features for key common_voice_lt_40869785
WARNING (compute-mfcc-feats[5.5.1182~1-e02e3]:Read():wave-reader.cc:304) Expected 147456 bytes of wave data, but read only 146304 bytes. Truncated file?
VLOG[2] (compute-mfcc-feats[5.5.1182~1-e02e3]:main():compute-mfcc-feats.cc:182) Processed features for key common_voice_lt_40869789
WARNING (compute-mfcc-feats[5.5.1182~1-e02e3]:Read():wave-reader.cc:304) Expected 168192 bytes of wave data, but read only 167040 bytes. Truncated file?
VLOG[2] (compute-mfcc-feats[5.5.1182~1-e02e3]:main():compute-mfcc-feats.cc:182) Processed features for key common_voice_lt_40869792
WARNING (compute-mfcc-feats[5.5.1182~1-e02e3]:Read():wave-reader.cc:304) Expected 138240 bytes of wave data, but read only 137088 bytes. Truncated file?
VLOG[2] (compute-mfcc-feats[5.5.1182~1-e02e3]:main():compute-mfcc-feats.cc:182) Processed features for key common_voice_lt_40869796
WARNING (compute-mfcc-feats[5.5.1182~1-e02e3]:Read():wave-reader.cc:304) Expected 150912 bytes of wave data, but read only 149760 bytes. Truncated file?
VLOG[2] (compute-mfcc-feats[5.5.1182~1-e02e3]:main():compute-mfcc-feats.cc:182) Processed features for key common_voice_lt_40869802
WARNING (compute-mfcc-feats[5.5.1182~1-e02e3]:Read():wave-reader.cc:304) Expected 127872 bytes of wave data, but read only 126720 bytes. Truncated file?
LOG (compute-mfcc-feats[5.5.1182~1-e02e3]:main():compute-mfcc-feats.cc:181) Processed 400 utterances
VLOG[2] (compute-mfcc-feats[5.5.1182~1-e02e3]:main():compute-mfcc-feats.cc:182) Processed features for key common_voice_lt_40869803
WARNING (compute-mfcc-feats[5.5.1182~1-e02e3]:Read():wave-reader.cc:304) Expected 191232 bytes of wave data, but read only 190080 bytes. Truncated file?
VLOG[2] (compute-mfcc-feats[5.5.1182~1-e02e3]:main():compute-mfcc-feats.cc:182) Processed features for key common_voice_lt_40869805
WARNING (compute-mfcc-feats[5.5.1182~1-e02e3]:Read():wave-reader.cc:304) Expected 127872 bytes of wave data, but read only 126720 bytes. Truncated file?
VLOG[2] (compute-mfcc-feats[5.5.1182~1-e02e3]:main():compute-mfcc-feats.cc:182) Processed features for key common_voice_lt_40869806
WARNING (compute-mfcc-feats[5.5.1182~1-e02e3]:Read():wave-reader.cc:304) Expected 210816 bytes of wave data, but read only 209664 bytes. Truncated file?
VLOG[2] (compute-mfcc-feats[5.5.1182~1-e02e3]:main():compute-mfcc-feats.cc:182) Processed features for key common_voice_lt_40869808
WARNING (compute-mfcc-feats[5.5.1182~1-e02e3]:Read():wave-reader.cc:304) Expected 115200 bytes of wave data, but read only 114048 bytes. Truncated file?
VLOG[2] (compute-mfcc-feats[5.5.1182~1-e02e3]:main():compute-mfcc-feats.cc:182) Processed features for key common_voice_lt_40869810
WARNING (compute-mfcc-feats[5.5.1182~1-e02e3]:Read():wave-reader.cc:304) Expected 156672 bytes of wave data, but read only 155520 bytes. Truncated file?
VLOG[2] (compute-mfcc-feats[5.5.1182~1-e02e3]:main():compute-mfcc-feats.cc:182) Processed features for key common_voice_lt_40869811
WARNING (compute-mfcc-feats[5.5.1182~1-e02e3]:Read():wave-reader.cc:304) Expected 187776 bytes of wave data, but read only 186624 bytes. Truncated file?
VLOG[2] (compute-mfcc-feats[5.5.1182~1-e02e3]:main():compute-mfcc-feats.cc:182) Processed features for key common_voice_lt_40869829
WARNING (compute-mfcc-feats[5.5.1182~1-e02e3]:Read():wave-reader.cc:304) Expected 208512 bytes of wave data, but read only 207360 bytes. Truncated file?
VLOG[2] (compute-mfcc-feats[5.5.1182~1-e02e3]:main():compute-mfcc-feats.cc:182) Processed features for key common_voice_lt_40869837
WARNING (compute-mfcc-feats[5.5.1182~1-e02e3]:Read():wave-reader.cc:304) Expected 124416 bytes of wave data, but read only 123264 bytes. Truncated file?
VLOG[2] (compute-mfcc-feats[5.5.1182~1-e02e3]:main():compute-mfcc-feats.cc:182) Processed features for key common_voice_lt_40869838
WARNING (compute-mfcc-feats[5.5.1182~1-e02e3]:Read():wave-reader.cc:304) Expected 172800 bytes of wave data, but read only 171648 bytes. Truncated file?
VLOG[2] (compute-mfcc-feats[5.5.1182~1-e02e3]:main():compute-mfcc-feats.cc:182) Processed features for key common_voice_lt_40869839
WARNING (compute-mfcc-feats[5.5.1182~1-e02e3]:Read():wave-reader.cc:304) Expected 135936 bytes of wave data, but read only 134784 bytes. Truncated file?
LOG (compute-mfcc-feats[5.5.1182~1-e02e3]:main():compute-mfcc-feats.cc:181) Processed 410 utterances
VLOG[2] (compute-mfcc-feats[5.5.1182~1-e02e3]:main():compute-mfcc-feats.cc:182) Processed features for key common_voice_lt_40869851
WARNING (compute-mfcc-feats[5.5.1182~1-e02e3]:Read():wave-reader.cc:304) Expected 164736 bytes of wave data, but read only 163584 bytes. Truncated file?
VLOG[2] (compute-mfcc-feats[5.5.1182~1-e02e3]:main():compute-mfcc-feats.cc:182) Processed features for key common_voice_lt_40869863
WARNING (compute-mfcc-feats[5.5.1182~1-e02e3]:Read():wave-reader.cc:304) Expected 162432 bytes of wave data, but read only 161280 bytes. Truncated file?
VLOG[2] (compute-mfcc-feats[5.5.1182~1-e02e3]:main():compute-mfcc-feats.cc:182) Processed features for key common_voice_lt_40869864
WARNING (compute-mfcc-feats[5.5.1182~1-e02e3]:Read():wave-reader.cc:304) Expected 162432 bytes of wave data, but read only 161280 bytes. Truncated file?
VLOG[2] (compute-mfcc-feats[5.5.1182~1-e02e3]:main():compute-mfcc-feats.cc:182) Processed features for key common_voice_lt_40869866
WARNING (compute-mfcc-feats[5.5.1182~1-e02e3]:Read():wave-reader.cc:304) Expected 185472 bytes of wave data, but read only 184320 bytes. Truncated file?
VLOG[2] (compute-mfcc-feats[5.5.1182~1-e02e3]:main():compute-mfcc-feats.cc:182) Processed features for key common_voice_lt_40869867
WARNING (compute-mfcc-feats[5.5.1182~1-e02e3]:Read():wave-reader.cc:304) Expected 179712 bytes of wave data, but read only 178560 bytes. Truncated file?
VLOG[2] (compute-mfcc-feats[5.5.1182~1-e02e3]:main():compute-mfcc-feats.cc:182) Processed features for key common_voice_lt_40869875
WARNING (compute-mfcc-feats[5.5.1182~1-e02e3]:Read():wave-reader.cc:304) Expected 110592 bytes of wave data, but read only 109440 bytes. Truncated file?
VLOG[2] (compute-mfcc-feats[5.5.1182~1-e02e3]:main():compute-mfcc-feats.cc:182) Processed features for key common_voice_lt_40869876
WARNING (compute-mfcc-feats[5.5.1182~1-e02e3]:Read():wave-reader.cc:304) Expected 178560 bytes of wave data, but read only 177408 bytes. Truncated file?
VLOG[2] (compute-mfcc-feats[5.5.1182~1-e02e3]:main():compute-mfcc-feats.cc:182) Processed features for key common_voice_lt_40869877
WARNING (compute-mfcc-feats[5.5.1182~1-e02e3]:Read():wave-reader.cc:304) Expected 104832 bytes of wave data, but read only 103680 bytes. Truncated file?
VLOG[2] (compute-mfcc-feats[5.5.1182~1-e02e3]:main():compute-mfcc-feats.cc:182) Processed features for key common_voice_lt_40869894
WARNING (compute-mfcc-feats[5.5.1182~1-e02e3]:Read():wave-reader.cc:304) Expected 155520 bytes of wave data, but read only 154368 bytes. Truncated file?
VLOG[2] (compute-mfcc-feats[5.5.1182~1-e02e3]:main():compute-mfcc-feats.cc:182) Processed features for key common_voice_lt_40869902
WARNING (compute-mfcc-feats[5.5.1182~1-e02e3]:Read():wave-reader.cc:304) Expected 150912 bytes of wave data, but read only 149760 bytes. Truncated file?
LOG (compute-mfcc-feats[5.5.1182~1-e02e3]:main():compute-mfcc-feats.cc:181) Processed 420 utterances
VLOG[2] (compute-mfcc-feats[5.5.1182~1-e02e3]:main():compute-mfcc-feats.cc:182) Processed features for key common_voice_lt_40869905
WARNING (compute-mfcc-feats[5.5.1182~1-e02e3]:Read():wave-reader.cc:304) Expected 149760 bytes of wave data, but read only 148608 bytes. Truncated file?
VLOG[2] (compute-mfcc-feats[5.5.1182~1-e02e3]:main():compute-mfcc-feats.cc:182) Processed features for key common_voice_lt_40869906
WARNING (compute-mfcc-feats[5.5.1182~1-e02e3]:Read():wave-reader.cc:304) Expected 190080 bytes of wave data, but read only 188928 bytes. Truncated file?
VLOG[2] (compute-mfcc-feats[5.5.1182~1-e02e3]:main():compute-mfcc-feats.cc:182) Processed features for key common_voice_lt_40869921
WARNING (compute-mfcc-feats[5.5.1182~1-e02e3]:Read():wave-reader.cc:304) Expected 218880 bytes of wave data, but read only 217728 bytes. Truncated file?
VLOG[2] (compute-mfcc-feats[5.5.1182~1-e02e3]:main():compute-mfcc-feats.cc:182) Processed features for key common_voice_lt_40869924
WARNING (compute-mfcc-feats[5.5.1182~1-e02e3]:Read():wave-reader.cc:304) Expected 156672 bytes of wave data, but read only 155520 bytes. Truncated file?
VLOG[2] (compute-mfcc-feats[5.5.1182~1-e02e3]:main():compute-mfcc-feats.cc:182) Processed features for key common_voice_lt_40869926
WARNING (compute-mfcc-feats[5.5.1182~1-e02e3]:Read():wave-reader.cc:304) Expected 115200 bytes of wave data, but read only 114048 bytes. Truncated file?
VLOG[2] (compute-mfcc-feats[5.5.1182~1-e02e3]:main():compute-mfcc-feats.cc:182) Processed features for key common_voice_lt_40869937
WARNING (compute-mfcc-feats[5.5.1182~1-e02e3]:Read():wave-reader.cc:304) Expected 126720 bytes of wave data, but read only 125568 bytes. Truncated file?
VLOG[2] (compute-mfcc-feats[5.5.1182~1-e02e3]:main():compute-mfcc-feats.cc:182) Processed features for key common_voice_lt_40869938
WARNING (compute-mfcc-feats[5.5.1182~1-e02e3]:Read():wave-reader.cc:304) Expected 233856 bytes of wave data, but read only 232704 bytes. Truncated file?
VLOG[2] (compute-mfcc-feats[5.5.1182~1-e02e3]:main():compute-mfcc-feats.cc:182) Processed features for key common_voice_lt_40869939
WARNING (compute-mfcc-feats[5.5.1182~1-e02e3]:Read():wave-reader.cc:304) Expected 178560 bytes of wave data, but read only 177408 bytes. Truncated file?
VLOG[2] (compute-mfcc-feats[5.5.1182~1-e02e3]:main():compute-mfcc-feats.cc:182) Processed features for key common_voice_lt_40869952
WARNING (compute-mfcc-feats[5.5.1182~1-e02e3]:Read():wave-reader.cc:304) Expected 130176 bytes of wave data, but read only 129024 bytes. Truncated file?
VLOG[2] (compute-mfcc-feats[5.5.1182~1-e02e3]:main():compute-mfcc-feats.cc:182) Processed features for key common_voice_lt_40869956
WARNING (compute-mfcc-feats[5.5.1182~1-e02e3]:Read():wave-reader.cc:304) Expected 170496 bytes of wave data, but read only 169344 bytes. Truncated file?
LOG (compute-mfcc-feats[5.5.1182~1-e02e3]:main():compute-mfcc-feats.cc:181) Processed 430 utterances
VLOG[2] (compute-mfcc-feats[5.5.1182~1-e02e3]:main():compute-mfcc-feats.cc:182) Processed features for key common_voice_lt_40869993
WARNING (compute-mfcc-feats[5.5.1182~1-e02e3]:Read():wave-reader.cc:304) Expected 191232 bytes of wave data, but read only 190080 bytes. Truncated file?
VLOG[2] (compute-mfcc-feats[5.5.1182~1-e02e3]:main():compute-mfcc-feats.cc:182) Processed features for key common_voice_lt_40869994
WARNING (compute-mfcc-feats[5.5.1182~1-e02e3]:Read():wave-reader.cc:304) Expected 141696 bytes of wave data, but read only 140544 bytes. Truncated file?
VLOG[2] (compute-mfcc-feats[5.5.1182~1-e02e3]:main():compute-mfcc-feats.cc:182) Processed features for key common_voice_lt_40869998
WARNING (compute-mfcc-feats[5.5.1182~1-e02e3]:Read():wave-reader.cc:304) Expected 133632 bytes of wave data, but read only 132480 bytes. Truncated file?
VLOG[2] (compute-mfcc-feats[5.5.1182~1-e02e3]:main():compute-mfcc-feats.cc:182) Processed features for key common_voice_lt_40869999
WARNING (compute-mfcc-feats[5.5.1182~1-e02e3]:Read():wave-reader.cc:304) Expected 132480 bytes of wave data, but read only 131328 bytes. Truncated file?
VLOG[2] (compute-mfcc-feats[5.5.1182~1-e02e3]:main():compute-mfcc-feats.cc:182) Processed features for key common_voice_lt_40870000
WARNING (compute-mfcc-feats[5.5.1182~1-e02e3]:Read():wave-reader.cc:304) Expected 233856 bytes of wave data, but read only 232704 bytes. Truncated file?
VLOG[2] (compute-mfcc-feats[5.5.1182~1-e02e3]:main():compute-mfcc-feats.cc:182) Processed features for key common_voice_lt_40870002
WARNING (compute-mfcc-feats[5.5.1182~1-e02e3]:Read():wave-reader.cc:304) Expected 216576 bytes of wave data, but read only 215424 bytes. Truncated file?
VLOG[2] (compute-mfcc-feats[5.5.1182~1-e02e3]:main():compute-mfcc-feats.cc:182) Processed features for key common_voice_lt_40870003
WARNING (compute-mfcc-feats[5.5.1182~1-e02e3]:Read():wave-reader.cc:304) Expected 144000 bytes of wave data, but read only 142848 bytes. Truncated file?
VLOG[2] (compute-mfcc-feats[5.5.1182~1-e02e3]:main():compute-mfcc-feats.cc:182) Processed features for key common_voice_lt_40870004
WARNING (compute-mfcc-feats[5.5.1182~1-e02e3]:Read():wave-reader.cc:304) Expected 150912 bytes of wave data, but read only 149760 bytes. Truncated file?
VLOG[2] (compute-mfcc-feats[5.5.1182~1-e02e3]:main():compute-mfcc-feats.cc:182) Processed features for key common_voice_lt_40870005
WARNING (compute-mfcc-feats[5.5.1182~1-e02e3]:Read():wave-reader.cc:304) Expected 153216 bytes of wave data, but read only 152064 bytes. Truncated file?
VLOG[2] (compute-mfcc-feats[5.5.1182~1-e02e3]:main():compute-mfcc-feats.cc:182) Processed features for key common_voice_lt_40870008
WARNING (compute-mfcc-feats[5.5.1182~1-e02e3]:Read():wave-reader.cc:304) Expected 155520 bytes of wave data, but read only 154368 bytes. Truncated file?
LOG (compute-mfcc-feats[5.5.1182~1-e02e3]:main():compute-mfcc-feats.cc:181) Processed 440 utterances
VLOG[2] (compute-mfcc-feats[5.5.1182~1-e02e3]:main():compute-mfcc-feats.cc:182) Processed features for key common_voice_lt_40870009
WARNING (compute-mfcc-feats[5.5.1182~1-e02e3]:Read():wave-reader.cc:304) Expected 256896 bytes of wave data, but read only 255744 bytes. Truncated file?
VLOG[2] (compute-mfcc-feats[5.5.1182~1-e02e3]:main():compute-mfcc-feats.cc:182) Processed features for key common_voice_lt_40870010
WARNING (compute-mfcc-feats[5.5.1182~1-e02e3]:Read():wave-reader.cc:304) Expected 104832 bytes of wave data, but read only 103680 bytes. Truncated file?
VLOG[2] (compute-mfcc-feats[5.5.1182~1-e02e3]:main():compute-mfcc-feats.cc:182) Processed features for key common_voice_lt_40870011
WARNING (compute-mfcc-feats[5.5.1182~1-e02e3]:Read():wave-reader.cc:304) Expected 115200 bytes of wave data, but read only 114048 bytes. Truncated file?
VLOG[2] (compute-mfcc-feats[5.5.1182~1-e02e3]:main():compute-mfcc-feats.cc:182) Processed features for key common_voice_lt_40870013
WARNING (compute-mfcc-feats[5.5.1182~1-e02e3]:Read():wave-reader.cc:304) Expected 132480 bytes of wave data, but read only 131328 bytes. Truncated file?
VLOG[2] (compute-mfcc-feats[5.5.1182~1-e02e3]:main():compute-mfcc-feats.cc:182) Processed features for key common_voice_lt_40870015
WARNING (compute-mfcc-feats[5.5.1182~1-e02e3]:Read():wave-reader.cc:304) Expected 288000 bytes of wave data, but read only 286848 bytes. Truncated file?
VLOG[2] (compute-mfcc-feats[5.5.1182~1-e02e3]:main():compute-mfcc-feats.cc:182) Processed features for key common_voice_lt_40870016
WARNING (compute-mfcc-feats[5.5.1182~1-e02e3]:Read():wave-reader.cc:304) Expected 158976 bytes of wave data, but read only 157824 bytes. Truncated file?
VLOG[2] (compute-mfcc-feats[5.5.1182~1-e02e3]:main():compute-mfcc-feats.cc:182) Processed features for key common_voice_lt_40870017
WARNING (compute-mfcc-feats[5.5.1182~1-e02e3]:Read():wave-reader.cc:304) Expected 262656 bytes of wave data, but read only 261504 bytes. Truncated file?
VLOG[2] (compute-mfcc-feats[5.5.1182~1-e02e3]:main():compute-mfcc-feats.cc:182) Processed features for key common_voice_lt_40870018
WARNING (compute-mfcc-feats[5.5.1182~1-e02e3]:Read():wave-reader.cc:304) Expected 144000 bytes of wave data, but read only 142848 bytes. Truncated file?
VLOG[2] (compute-mfcc-feats[5.5.1182~1-e02e3]:main():compute-mfcc-feats.cc:182) Processed features for key common_voice_lt_40870019
WARNING (compute-mfcc-feats[5.5.1182~1-e02e3]:Read():wave-reader.cc:304) Expected 201600 bytes of wave data, but read only 200448 bytes. Truncated file?
VLOG[2] (compute-mfcc-feats[5.5.1182~1-e02e3]:main():compute-mfcc-feats.cc:182) Processed features for key common_voice_lt_40870021
WARNING (compute-mfcc-feats[5.5.1182~1-e02e3]:Read():wave-reader.cc:304) Expected 168192 bytes of wave data, but read only 167040 bytes. Truncated file?
LOG (compute-mfcc-feats[5.5.1182~1-e02e3]:main():compute-mfcc-feats.cc:181) Processed 450 utterances
VLOG[2] (compute-mfcc-feats[5.5.1182~1-e02e3]:main():compute-mfcc-feats.cc:182) Processed features for key common_voice_lt_40870023
WARNING (compute-mfcc-feats[5.5.1182~1-e02e3]:Read():wave-reader.cc:304) Expected 116352 bytes of wave data, but read only 115200 bytes. Truncated file?
VLOG[2] (compute-mfcc-feats[5.5.1182~1-e02e3]:main():compute-mfcc-feats.cc:182) Processed features for key common_voice_lt_40870024
WARNING (compute-mfcc-feats[5.5.1182~1-e02e3]:Read():wave-reader.cc:304) Expected 120960 bytes of wave data, but read only 119808 bytes. Truncated file?
VLOG[2] (compute-mfcc-feats[5.5.1182~1-e02e3]:main():compute-mfcc-feats.cc:182) Processed features for key common_voice_lt_40870025
WARNING (compute-mfcc-feats[5.5.1182~1-e02e3]:Read():wave-reader.cc:304) Expected 184320 bytes of wave data, but read only 183168 bytes. Truncated file?
VLOG[2] (compute-mfcc-feats[5.5.1182~1-e02e3]:main():compute-mfcc-feats.cc:182) Processed features for key common_voice_lt_40870026
WARNING (compute-mfcc-feats[5.5.1182~1-e02e3]:Read():wave-reader.cc:304) Expected 135936 bytes of wave data, but read only 134784 bytes. Truncated file?
VLOG[2] (compute-mfcc-feats[5.5.1182~1-e02e3]:main():compute-mfcc-feats.cc:182) Processed features for key common_voice_lt_40870029
WARNING (compute-mfcc-feats[5.5.1182~1-e02e3]:Read():wave-reader.cc:304) Expected 126720 bytes of wave data, but read only 125568 bytes. Truncated file?
VLOG[2] (compute-mfcc-feats[5.5.1182~1-e02e3]:main():compute-mfcc-feats.cc:182) Processed features for key common_voice_lt_40870030
WARNING (compute-mfcc-feats[5.5.1182~1-e02e3]:Read():wave-reader.cc:304) Expected 179712 bytes of wave data, but read only 178560 bytes. Truncated file?
VLOG[2] (compute-mfcc-feats[5.5.1182~1-e02e3]:main():compute-mfcc-feats.cc:182) Processed features for key common_voice_lt_40870031
WARNING (compute-mfcc-feats[5.5.1182~1-e02e3]:Read():wave-reader.cc:304) Expected 116352 bytes of wave data, but read only 115200 bytes. Truncated file?
VLOG[2] (compute-mfcc-feats[5.5.1182~1-e02e3]:main():compute-mfcc-feats.cc:182) Processed features for key common_voice_lt_40870032
WARNING (compute-mfcc-feats[5.5.1182~1-e02e3]:Read():wave-reader.cc:304) Expected 168192 bytes of wave data, but read only 167040 bytes. Truncated file?
VLOG[2] (compute-mfcc-feats[5.5.1182~1-e02e3]:main():compute-mfcc-feats.cc:182) Processed features for key common_voice_lt_40870034
WARNING (compute-mfcc-feats[5.5.1182~1-e02e3]:Read():wave-reader.cc:304) Expected 239616 bytes of wave data, but read only 238464 bytes. Truncated file?
VLOG[2] (compute-mfcc-feats[5.5.1182~1-e02e3]:main():compute-mfcc-feats.cc:182) Processed features for key common_voice_lt_40870035
WARNING (compute-mfcc-feats[5.5.1182~1-e02e3]:Read():wave-reader.cc:304) Expected 185472 bytes of wave data, but read only 184320 bytes. Truncated file?
LOG (compute-mfcc-feats[5.5.1182~1-e02e3]:main():compute-mfcc-feats.cc:181) Processed 460 utterances
VLOG[2] (compute-mfcc-feats[5.5.1182~1-e02e3]:main():compute-mfcc-feats.cc:182) Processed features for key common_voice_lt_40870036
WARNING (compute-mfcc-feats[5.5.1182~1-e02e3]:Read():wave-reader.cc:304) Expected 147456 bytes of wave data, but read only 146304 bytes. Truncated file?
VLOG[2] (compute-mfcc-feats[5.5.1182~1-e02e3]:main():compute-mfcc-feats.cc:182) Processed features for key common_voice_lt_40870038
WARNING (compute-mfcc-feats[5.5.1182~1-e02e3]:Read():wave-reader.cc:304) Expected 122112 bytes of wave data, but read only 120960 bytes. Truncated file?
VLOG[2] (compute-mfcc-feats[5.5.1182~1-e02e3]:main():compute-mfcc-feats.cc:182) Processed features for key common_voice_lt_40870042
WARNING (compute-mfcc-feats[5.5.1182~1-e02e3]:Read():wave-reader.cc:304) Expected 167040 bytes of wave data, but read only 165888 bytes. Truncated file?
VLOG[2] (compute-mfcc-feats[5.5.1182~1-e02e3]:main():compute-mfcc-feats.cc:182) Processed features for key common_voice_lt_40870043
WARNING (compute-mfcc-feats[5.5.1182~1-e02e3]:Read():wave-reader.cc:304) Expected 164736 bytes of wave data, but read only 163584 bytes. Truncated file?
VLOG[2] (compute-mfcc-feats[5.5.1182~1-e02e3]:main():compute-mfcc-feats.cc:182) Processed features for key common_voice_lt_40870047
WARNING (compute-mfcc-feats[5.5.1182~1-e02e3]:Read():wave-reader.cc:304) Expected 147456 bytes of wave data, but read only 146304 bytes. Truncated file?
VLOG[2] (compute-mfcc-feats[5.5.1182~1-e02e3]:main():compute-mfcc-feats.cc:182) Processed features for key common_voice_lt_40870049
WARNING (compute-mfcc-feats[5.5.1182~1-e02e3]:Read():wave-reader.cc:304) Expected 158976 bytes of wave data, but read only 157824 bytes. Truncated file?
VLOG[2] (compute-mfcc-feats[5.5.1182~1-e02e3]:main():compute-mfcc-feats.cc:182) Processed features for key common_voice_lt_40870050
WARNING (compute-mfcc-feats[5.5.1182~1-e02e3]:Read():wave-reader.cc:304) Expected 161280 bytes of wave data, but read only 160128 bytes. Truncated file?
VLOG[2] (compute-mfcc-feats[5.5.1182~1-e02e3]:main():compute-mfcc-feats.cc:182) Processed features for key common_voice_lt_40870052
WARNING (compute-mfcc-feats[5.5.1182~1-e02e3]:Read():wave-reader.cc:304) Expected 138240 bytes of wave data, but read only 137088 bytes. Truncated file?
VLOG[2] (compute-mfcc-feats[5.5.1182~1-e02e3]:main():compute-mfcc-feats.cc:182) Processed features for key common_voice_lt_40870053
WARNING (compute-mfcc-feats[5.5.1182~1-e02e3]:Read():wave-reader.cc:304) Expected 115200 bytes of wave data, but read only 114048 bytes. Truncated file?
VLOG[2] (compute-mfcc-feats[5.5.1182~1-e02e3]:main():compute-mfcc-feats.cc:182) Processed features for key common_voice_lt_40870055
WARNING (compute-mfcc-feats[5.5.1182~1-e02e3]:Read():wave-reader.cc:304) Expected 176256 bytes of wave data, but read only 175104 bytes. Truncated file?
LOG (compute-mfcc-feats[5.5.1182~1-e02e3]:main():compute-mfcc-feats.cc:181) Processed 470 utterances
VLOG[2] (compute-mfcc-feats[5.5.1182~1-e02e3]:main():compute-mfcc-feats.cc:182) Processed features for key common_voice_lt_40870057
WARNING (compute-mfcc-feats[5.5.1182~1-e02e3]:Read():wave-reader.cc:304) Expected 120960 bytes of wave data, but read only 119808 bytes. Truncated file?
VLOG[2] (compute-mfcc-feats[5.5.1182~1-e02e3]:main():compute-mfcc-feats.cc:182) Processed features for key common_voice_lt_40870059
WARNING (compute-mfcc-feats[5.5.1182~1-e02e3]:Read():wave-reader.cc:304) Expected 115200 bytes of wave data, but read only 114048 bytes. Truncated file?
VLOG[2] (compute-mfcc-feats[5.5.1182~1-e02e3]:main():compute-mfcc-feats.cc:182) Processed features for key common_voice_lt_40870060
WARNING (compute-mfcc-feats[5.5.1182~1-e02e3]:Read():wave-reader.cc:304) Expected 133632 bytes of wave data, but read only 132480 bytes. Truncated file?
VLOG[2] (compute-mfcc-feats[5.5.1182~1-e02e3]:main():compute-mfcc-feats.cc:182) Processed features for key common_voice_lt_40870062
WARNING (compute-mfcc-feats[5.5.1182~1-e02e3]:Read():wave-reader.cc:304) Expected 144000 bytes of wave data, but read only 142848 bytes. Truncated file?
VLOG[2] (compute-mfcc-feats[5.5.1182~1-e02e3]:main():compute-mfcc-feats.cc:182) Processed features for key common_voice_lt_40870063
WARNING (compute-mfcc-feats[5.5.1182~1-e02e3]:Read():wave-reader.cc:304) Expected 120960 bytes of wave data, but read only 119808 bytes. Truncated file?
VLOG[2] (compute-mfcc-feats[5.5.1182~1-e02e3]:main():compute-mfcc-feats.cc:182) Processed features for key common_voice_lt_40870064
WARNING (compute-mfcc-feats[5.5.1182~1-e02e3]:Read():wave-reader.cc:304) Expected 158976 bytes of wave data, but read only 157824 bytes. Truncated file?
VLOG[2] (compute-mfcc-feats[5.5.1182~1-e02e3]:main():compute-mfcc-feats.cc:182) Processed features for key common_voice_lt_40870065
WARNING (compute-mfcc-feats[5.5.1182~1-e02e3]:Read():wave-reader.cc:304) Expected 127872 bytes of wave data, but read only 126720 bytes. Truncated file?
VLOG[2] (compute-mfcc-feats[5.5.1182~1-e02e3]:main():compute-mfcc-feats.cc:182) Processed features for key common_voice_lt_40870066
WARNING (compute-mfcc-feats[5.5.1182~1-e02e3]:Read():wave-reader.cc:304) Expected 95616 bytes of wave data, but read only 94464 bytes. Truncated file?
VLOG[2] (compute-mfcc-feats[5.5.1182~1-e02e3]:main():compute-mfcc-feats.cc:182) Processed features for key common_voice_lt_40870068
WARNING (compute-mfcc-feats[5.5.1182~1-e02e3]:Read():wave-reader.cc:304) Expected 115200 bytes of wave data, but read only 114048 bytes. Truncated file?
VLOG[2] (compute-mfcc-feats[5.5.1182~1-e02e3]:main():compute-mfcc-feats.cc:182) Processed features for key common_voice_lt_40870070
WARNING (compute-mfcc-feats[5.5.1182~1-e02e3]:Read():wave-reader.cc:304) Expected 156672 bytes of wave data, but read only 155520 bytes. Truncated file?
LOG (compute-mfcc-feats[5.5.1182~1-e02e3]:main():compute-mfcc-feats.cc:181) Processed 480 utterances
VLOG[2] (compute-mfcc-feats[5.5.1182~1-e02e3]:main():compute-mfcc-feats.cc:182) Processed features for key common_voice_lt_40870080
WARNING (compute-mfcc-feats[5.5.1182~1-e02e3]:Read():wave-reader.cc:304) Expected 145152 bytes of wave data, but read only 144000 bytes. Truncated file?
VLOG[2] (compute-mfcc-feats[5.5.1182~1-e02e3]:main():compute-mfcc-feats.cc:182) Processed features for key common_voice_lt_40870083
WARNING (compute-mfcc-feats[5.5.1182~1-e02e3]:Read():wave-reader.cc:304) Expected 162432 bytes of wave data, but read only 161280 bytes. Truncated file?
VLOG[2] (compute-mfcc-feats[5.5.1182~1-e02e3]:main():compute-mfcc-feats.cc:182) Processed features for key common_voice_lt_40870087
WARNING (compute-mfcc-feats[5.5.1182~1-e02e3]:Read():wave-reader.cc:304) Expected 178560 bytes of wave data, but read only 177408 bytes. Truncated file?
VLOG[2] (compute-mfcc-feats[5.5.1182~1-e02e3]:main():compute-mfcc-feats.cc:182) Processed features for key common_voice_lt_40870089
WARNING (compute-mfcc-feats[5.5.1182~1-e02e3]:Read():wave-reader.cc:304) Expected 158976 bytes of wave data, but read only 157824 bytes. Truncated file?
VLOG[2] (compute-mfcc-feats[5.5.1182~1-e02e3]:main():compute-mfcc-feats.cc:182) Processed features for key common_voice_lt_40870090
WARNING (compute-mfcc-feats[5.5.1182~1-e02e3]:Read():wave-reader.cc:304) Expected 141696 bytes of wave data, but read only 140544 bytes. Truncated file?
VLOG[2] (compute-mfcc-feats[5.5.1182~1-e02e3]:main():compute-mfcc-feats.cc:182) Processed features for key common_voice_lt_40870091
WARNING (compute-mfcc-feats[5.5.1182~1-e02e3]:Read():wave-reader.cc:304) Expected 118656 bytes of wave data, but read only 117504 bytes. Truncated file?
VLOG[2] (compute-mfcc-feats[5.5.1182~1-e02e3]:main():compute-mfcc-feats.cc:182) Processed features for key common_voice_lt_40870092
WARNING (compute-mfcc-feats[5.5.1182~1-e02e3]:Read():wave-reader.cc:304) Expected 144000 bytes of wave data, but read only 142848 bytes. Truncated file?
VLOG[2] (compute-mfcc-feats[5.5.1182~1-e02e3]:main():compute-mfcc-feats.cc:182) Processed features for key common_voice_lt_40870093
WARNING (compute-mfcc-feats[5.5.1182~1-e02e3]:Read():wave-reader.cc:304) Expected 127872 bytes of wave data, but read only 126720 bytes. Truncated file?
VLOG[2] (compute-mfcc-feats[5.5.1182~1-e02e3]:main():compute-mfcc-feats.cc:182) Processed features for key common_voice_lt_40870094
WARNING (compute-mfcc-feats[5.5.1182~1-e02e3]:Read():wave-reader.cc:304) Expected 156672 bytes of wave data, but read only 155520 bytes. Truncated file?
VLOG[2] (compute-mfcc-feats[5.5.1182~1-e02e3]:main():compute-mfcc-feats.cc:182) Processed features for key common_voice_lt_40870095
WARNING (compute-mfcc-feats[5.5.1182~1-e02e3]:Read():wave-reader.cc:304) Expected 162432 bytes of wave data, but read only 161280 bytes. Truncated file?
LOG (compute-mfcc-feats[5.5.1182~1-e02e3]:main():compute-mfcc-feats.cc:181) Processed 490 utterances
VLOG[2] (compute-mfcc-feats[5.5.1182~1-e02e3]:main():compute-mfcc-feats.cc:182) Processed features for key common_voice_lt_40870117
WARNING (compute-mfcc-feats[5.5.1182~1-e02e3]:Read():wave-reader.cc:304) Expected 214272 bytes of wave data, but read only 213120 bytes. Truncated file?
VLOG[2] (compute-mfcc-feats[5.5.1182~1-e02e3]:main():compute-mfcc-feats.cc:182) Processed features for key common_voice_lt_40870119
WARNING (compute-mfcc-feats[5.5.1182~1-e02e3]:Read():wave-reader.cc:304) Expected 135936 bytes of wave data, but read only 134784 bytes. Truncated file?
VLOG[2] (compute-mfcc-feats[5.5.1182~1-e02e3]:main():compute-mfcc-feats.cc:182) Processed features for key common_voice_lt_40870120
WARNING (compute-mfcc-feats[5.5.1182~1-e02e3]:Read():wave-reader.cc:304) Expected 224640 bytes of wave data, but read only 223488 bytes. Truncated file?
VLOG[2] (compute-mfcc-feats[5.5.1182~1-e02e3]:main():compute-mfcc-feats.cc:182) Processed features for key common_voice_lt_40870126
WARNING (compute-mfcc-feats[5.5.1182~1-e02e3]:Read():wave-reader.cc:304) Expected 139392 bytes of wave data, but read only 138240 bytes. Truncated file?
VLOG[2] (compute-mfcc-feats[5.5.1182~1-e02e3]:main():compute-mfcc-feats.cc:182) Processed features for key common_voice_lt_40870129
WARNING (compute-mfcc-feats[5.5.1182~1-e02e3]:Read():wave-reader.cc:304) Expected 135936 bytes of wave data, but read only 134784 bytes. Truncated file?
VLOG[2] (compute-mfcc-feats[5.5.1182~1-e02e3]:main():compute-mfcc-feats.cc:182) Processed features for key common_voice_lt_40870130
WARNING (compute-mfcc-feats[5.5.1182~1-e02e3]:Read():wave-reader.cc:304) Expected 130176 bytes of wave data, but read only 129024 bytes. Truncated file?
VLOG[2] (compute-mfcc-feats[5.5.1182~1-e02e3]:main():compute-mfcc-feats.cc:182) Processed features for key common_voice_lt_40870137
WARNING (compute-mfcc-feats[5.5.1182~1-e02e3]:Read():wave-reader.cc:304) Expected 101376 bytes of wave data, but read only 100224 bytes. Truncated file?
VLOG[2] (compute-mfcc-feats[5.5.1182~1-e02e3]:main():compute-mfcc-feats.cc:182) Processed features for key common_voice_lt_40870139
WARNING (compute-mfcc-feats[5.5.1182~1-e02e3]:Read():wave-reader.cc:304) Expected 118656 bytes of wave data, but read only 117504 bytes. Truncated file?
VLOG[2] (compute-mfcc-feats[5.5.1182~1-e02e3]:main():compute-mfcc-feats.cc:182) Processed features for key common_voice_lt_40870146
WARNING (compute-mfcc-feats[5.5.1182~1-e02e3]:Read():wave-reader.cc:304) Expected 182016 bytes of wave data, but read only 180864 bytes. Truncated file?
VLOG[2] (compute-mfcc-feats[5.5.1182~1-e02e3]:main():compute-mfcc-feats.cc:182) Processed features for key common_voice_lt_40870147
WARNING (compute-mfcc-feats[5.5.1182~1-e02e3]:Read():wave-reader.cc:304) Expected 182016 bytes of wave data, but read only 180864 bytes. Truncated file?
LOG (compute-mfcc-feats[5.5.1182~1-e02e3]:main():compute-mfcc-feats.cc:181) Processed 500 utterances
VLOG[2] (compute-mfcc-feats[5.5.1182~1-e02e3]:main():compute-mfcc-feats.cc:182) Processed features for key common_voice_lt_40870150
WARNING (compute-mfcc-feats[5.5.1182~1-e02e3]:Read():wave-reader.cc:304) Expected 164736 bytes of wave data, but read only 163584 bytes. Truncated file?
VLOG[2] (compute-mfcc-feats[5.5.1182~1-e02e3]:main():compute-mfcc-feats.cc:182) Processed features for key common_voice_lt_40870156
WARNING (compute-mfcc-feats[5.5.1182~1-e02e3]:Read():wave-reader.cc:304) Expected 104832 bytes of wave data, but read only 103680 bytes. Truncated file?
VLOG[2] (compute-mfcc-feats[5.5.1182~1-e02e3]:main():compute-mfcc-feats.cc:182) Processed features for key common_voice_lt_40870157
WARNING (compute-mfcc-feats[5.5.1182~1-e02e3]:Read():wave-reader.cc:304) Expected 132480 bytes of wave data, but read only 131328 bytes. Truncated file?
VLOG[2] (compute-mfcc-feats[5.5.1182~1-e02e3]:main():compute-mfcc-feats.cc:182) Processed features for key common_voice_lt_40870158
WARNING (compute-mfcc-feats[5.5.1182~1-e02e3]:Read():wave-reader.cc:304) Expected 110592 bytes of wave data, but read only 109440 bytes. Truncated file?
VLOG[2] (compute-mfcc-feats[5.5.1182~1-e02e3]:main():compute-mfcc-feats.cc:182) Processed features for key common_voice_lt_40870159
WARNING (compute-mfcc-feats[5.5.1182~1-e02e3]:Read():wave-reader.cc:304) Expected 120960 bytes of wave data, but read only 119808 bytes. Truncated file?
VLOG[2] (compute-mfcc-feats[5.5.1182~1-e02e3]:main():compute-mfcc-feats.cc:182) Processed features for key common_voice_lt_40870166
WARNING (compute-mfcc-feats[5.5.1182~1-e02e3]:Read():wave-reader.cc:304) Expected 92160 bytes of wave data, but read only 91008 bytes. Truncated file?
VLOG[2] (compute-mfcc-feats[5.5.1182~1-e02e3]:main():compute-mfcc-feats.cc:182) Processed features for key common_voice_lt_40870167
WARNING (compute-mfcc-feats[5.5.1182~1-e02e3]:Read():wave-reader.cc:304) Expected 207360 bytes of wave data, but read only 206208 bytes. Truncated file?
VLOG[2] (compute-mfcc-feats[5.5.1182~1-e02e3]:main():compute-mfcc-feats.cc:182) Processed features for key common_voice_lt_40870169
WARNING (compute-mfcc-feats[5.5.1182~1-e02e3]:Read():wave-reader.cc:304) Expected 187776 bytes of wave data, but read only 186624 bytes. Truncated file?
VLOG[2] (compute-mfcc-feats[5.5.1182~1-e02e3]:main():compute-mfcc-feats.cc:182) Processed features for key common_voice_lt_40870171
WARNING (compute-mfcc-feats[5.5.1182~1-e02e3]:Read():wave-reader.cc:304) Expected 179712 bytes of wave data, but read only 178560 bytes. Truncated file?
VLOG[2] (compute-mfcc-feats[5.5.1182~1-e02e3]:main():compute-mfcc-feats.cc:182) Processed features for key common_voice_lt_40870174
WARNING (compute-mfcc-feats[5.5.1182~1-e02e3]:Read():wave-reader.cc:304) Expected 168192 bytes of wave data, but read only 167040 bytes. Truncated file?
LOG (compute-mfcc-feats[5.5.1182~1-e02e3]:main():compute-mfcc-feats.cc:181) Processed 510 utterances
VLOG[2] (compute-mfcc-feats[5.5.1182~1-e02e3]:main():compute-mfcc-feats.cc:182) Processed features for key common_voice_lt_40870175
WARNING (compute-mfcc-feats[5.5.1182~1-e02e3]:Read():wave-reader.cc:304) Expected 122112 bytes of wave data, but read only 120960 bytes. Truncated file?
VLOG[2] (compute-mfcc-feats[5.5.1182~1-e02e3]:main():compute-mfcc-feats.cc:182) Processed features for key common_voice_lt_40870178
WARNING (compute-mfcc-feats[5.5.1182~1-e02e3]:Read():wave-reader.cc:304) Expected 155520 bytes of wave data, but read only 154368 bytes. Truncated file?
VLOG[2] (compute-mfcc-feats[5.5.1182~1-e02e3]:main():compute-mfcc-feats.cc:182) Processed features for key common_voice_lt_40870180
WARNING (compute-mfcc-feats[5.5.1182~1-e02e3]:Read():wave-reader.cc:304) Expected 130176 bytes of wave data, but read only 129024 bytes. Truncated file?
VLOG[2] (compute-mfcc-feats[5.5.1182~1-e02e3]:main():compute-mfcc-feats.cc:182) Processed features for key common_voice_lt_40870182
WARNING (compute-mfcc-feats[5.5.1182~1-e02e3]:Read():wave-reader.cc:304) Expected 156672 bytes of wave data, but read only 155520 bytes. Truncated file?
VLOG[2] (compute-mfcc-feats[5.5.1182~1-e02e3]:main():compute-mfcc-feats.cc:182) Processed features for key common_voice_lt_40870183
WARNING (compute-mfcc-feats[5.5.1182~1-e02e3]:Read():wave-reader.cc:304) Expected 115200 bytes of wave data, but read only 114048 bytes. Truncated file?
VLOG[2] (compute-mfcc-feats[5.5.1182~1-e02e3]:main():compute-mfcc-feats.cc:182) Processed features for key common_voice_lt_40870184
WARNING (compute-mfcc-feats[5.5.1182~1-e02e3]:Read():wave-reader.cc:304) Expected 182016 bytes of wave data, but read only 180864 bytes. Truncated file?
VLOG[2] (compute-mfcc-feats[5.5.1182~1-e02e3]:main():compute-mfcc-feats.cc:182) Processed features for key common_voice_lt_40870191
WARNING (compute-mfcc-feats[5.5.1182~1-e02e3]:Read():wave-reader.cc:304) Expected 133632 bytes of wave data, but read only 132480 bytes. Truncated file?
VLOG[2] (compute-mfcc-feats[5.5.1182~1-e02e3]:main():compute-mfcc-feats.cc:182) Processed features for key common_voice_lt_40870192
WARNING (compute-mfcc-feats[5.5.1182~1-e02e3]:Read():wave-reader.cc:304) Expected 147456 bytes of wave data, but read only 146304 bytes. Truncated file?
VLOG[2] (compute-mfcc-feats[5.5.1182~1-e02e3]:main():compute-mfcc-feats.cc:182) Processed features for key common_voice_lt_40870193
WARNING (compute-mfcc-feats[5.5.1182~1-e02e3]:Read():wave-reader.cc:304) Expected 245376 bytes of wave data, but read only 244224 bytes. Truncated file?
VLOG[2] (compute-mfcc-feats[5.5.1182~1-e02e3]:main():compute-mfcc-feats.cc:182) Processed features for key common_voice_lt_40870195
WARNING (compute-mfcc-feats[5.5.1182~1-e02e3]:Read():wave-reader.cc:304) Expected 164736 bytes of wave data, but read only 163584 bytes. Truncated file?
LOG (compute-mfcc-feats[5.5.1182~1-e02e3]:main():compute-mfcc-feats.cc:181) Processed 520 utterances
VLOG[2] (compute-mfcc-feats[5.5.1182~1-e02e3]:main():compute-mfcc-feats.cc:182) Processed features for key common_voice_lt_40870201
WARNING (compute-mfcc-feats[5.5.1182~1-e02e3]:Read():wave-reader.cc:304) Expected 118656 bytes of wave data, but read only 117504 bytes. Truncated file?
VLOG[2] (compute-mfcc-feats[5.5.1182~1-e02e3]:main():compute-mfcc-feats.cc:182) Processed features for key common_voice_lt_40870202
WARNING (compute-mfcc-feats[5.5.1182~1-e02e3]:Read():wave-reader.cc:304) Expected 144000 bytes of wave data, but read only 142848 bytes. Truncated file?
VLOG[2] (compute-mfcc-feats[5.5.1182~1-e02e3]:main():compute-mfcc-feats.cc:182) Processed features for key common_voice_lt_40870203
WARNING (compute-mfcc-feats[5.5.1182~1-e02e3]:Read():wave-reader.cc:304) Expected 141696 bytes of wave data, but read only 140544 bytes. Truncated file?
VLOG[2] (compute-mfcc-feats[5.5.1182~1-e02e3]:main():compute-mfcc-feats.cc:182) Processed features for key common_voice_lt_40870204
WARNING (compute-mfcc-feats[5.5.1182~1-e02e3]:Read():wave-reader.cc:304) Expected 120960 bytes of wave data, but read only 119808 bytes. Truncated file?
VLOG[2] (compute-mfcc-feats[5.5.1182~1-e02e3]:main():compute-mfcc-feats.cc:182) Processed features for key common_voice_lt_40870206
WARNING (compute-mfcc-feats[5.5.1182~1-e02e3]:Read():wave-reader.cc:304) Expected 193536 bytes of wave data, but read only 192384 bytes. Truncated file?
VLOG[2] (compute-mfcc-feats[5.5.1182~1-e02e3]:main():compute-mfcc-feats.cc:182) Processed features for key common_voice_lt_40870210
WARNING (compute-mfcc-feats[5.5.1182~1-e02e3]:Read():wave-reader.cc:304) Expected 172800 bytes of wave data, but read only 171648 bytes. Truncated file?
VLOG[2] (compute-mfcc-feats[5.5.1182~1-e02e3]:main():compute-mfcc-feats.cc:182) Processed features for key common_voice_lt_40870211
WARNING (compute-mfcc-feats[5.5.1182~1-e02e3]:Read():wave-reader.cc:304) Expected 158976 bytes of wave data, but read only 157824 bytes. Truncated file?
VLOG[2] (compute-mfcc-feats[5.5.1182~1-e02e3]:main():compute-mfcc-feats.cc:182) Processed features for key common_voice_lt_40870213
WARNING (compute-mfcc-feats[5.5.1182~1-e02e3]:Read():wave-reader.cc:304) Expected 138240 bytes of wave data, but read only 137088 bytes. Truncated file?
VLOG[2] (compute-mfcc-feats[5.5.1182~1-e02e3]:main():compute-mfcc-feats.cc:182) Processed features for key common_voice_lt_40870219
WARNING (compute-mfcc-feats[5.5.1182~1-e02e3]:Read():wave-reader.cc:304) Expected 150912 bytes of wave data, but read only 149760 bytes. Truncated file?
VLOG[2] (compute-mfcc-feats[5.5.1182~1-e02e3]:main():compute-mfcc-feats.cc:182) Processed features for key common_voice_lt_40870222
WARNING (compute-mfcc-feats[5.5.1182~1-e02e3]:Read():wave-reader.cc:304) Expected 253440 bytes of wave data, but read only 252288 bytes. Truncated file?
LOG (compute-mfcc-feats[5.5.1182~1-e02e3]:main():compute-mfcc-feats.cc:181) Processed 530 utterances
VLOG[2] (compute-mfcc-feats[5.5.1182~1-e02e3]:main():compute-mfcc-feats.cc:182) Processed features for key common_voice_lt_40870223
WARNING (compute-mfcc-feats[5.5.1182~1-e02e3]:Read():wave-reader.cc:304) Expected 193536 bytes of wave data, but read only 192384 bytes. Truncated file?
VLOG[2] (compute-mfcc-feats[5.5.1182~1-e02e3]:main():compute-mfcc-feats.cc:182) Processed features for key common_voice_lt_40870231
WARNING (compute-mfcc-feats[5.5.1182~1-e02e3]:Read():wave-reader.cc:304) Expected 207360 bytes of wave data, but read only 206208 bytes. Truncated file?
VLOG[2] (compute-mfcc-feats[5.5.1182~1-e02e3]:main():compute-mfcc-feats.cc:182) Processed features for key common_voice_lt_40870232
WARNING (compute-mfcc-feats[5.5.1182~1-e02e3]:Read():wave-reader.cc:304) Expected 153216 bytes of wave data, but read only 152064 bytes. Truncated file?
VLOG[2] (compute-mfcc-feats[5.5.1182~1-e02e3]:main():compute-mfcc-feats.cc:182) Processed features for key common_voice_lt_40870239
WARNING (compute-mfcc-feats[5.5.1182~1-e02e3]:Read():wave-reader.cc:304) Expected 120960 bytes of wave data, but read only 119808 bytes. Truncated file?
VLOG[2] (compute-mfcc-feats[5.5.1182~1-e02e3]:main():compute-mfcc-feats.cc:182) Processed features for key common_voice_lt_40870240
WARNING (compute-mfcc-feats[5.5.1182~1-e02e3]:Read():wave-reader.cc:304) Expected 173952 bytes of wave data, but read only 172800 bytes. Truncated file?
VLOG[2] (compute-mfcc-feats[5.5.1182~1-e02e3]:main():compute-mfcc-feats.cc:182) Processed features for key common_voice_lt_40870241
WARNING (compute-mfcc-feats[5.5.1182~1-e02e3]:Read():wave-reader.cc:304) Expected 107136 bytes of wave data, but read only 105984 bytes. Truncated file?
VLOG[2] (compute-mfcc-feats[5.5.1182~1-e02e3]:main():compute-mfcc-feats.cc:182) Processed features for key common_voice_lt_40870242
WARNING (compute-mfcc-feats[5.5.1182~1-e02e3]:Read():wave-reader.cc:304) Expected 191232 bytes of wave data, but read only 190080 bytes. Truncated file?
VLOG[2] (compute-mfcc-feats[5.5.1182~1-e02e3]:main():compute-mfcc-feats.cc:182) Processed features for key common_voice_lt_40870243
WARNING (compute-mfcc-feats[5.5.1182~1-e02e3]:Read():wave-reader.cc:304) Expected 193536 bytes of wave data, but read only 192384 bytes. Truncated file?
VLOG[2] (compute-mfcc-feats[5.5.1182~1-e02e3]:main():compute-mfcc-feats.cc:182) Processed features for key common_voice_lt_40870253
WARNING (compute-mfcc-feats[5.5.1182~1-e02e3]:Read():wave-reader.cc:304) Expected 156672 bytes of wave data, but read only 155520 bytes. Truncated file?
VLOG[2] (compute-mfcc-feats[5.5.1182~1-e02e3]:main():compute-mfcc-feats.cc:182) Processed features for key common_voice_lt_40870254
WARNING (compute-mfcc-feats[5.5.1182~1-e02e3]:Read():wave-reader.cc:304) Expected 201600 bytes of wave data, but read only 200448 bytes. Truncated file?
LOG (compute-mfcc-feats[5.5.1182~1-e02e3]:main():compute-mfcc-feats.cc:181) Processed 540 utterances
VLOG[2] (compute-mfcc-feats[5.5.1182~1-e02e3]:main():compute-mfcc-feats.cc:182) Processed features for key common_voice_lt_40870255
WARNING (compute-mfcc-feats[5.5.1182~1-e02e3]:Read():wave-reader.cc:304) Expected 178560 bytes of wave data, but read only 177408 bytes. Truncated file?
VLOG[2] (compute-mfcc-feats[5.5.1182~1-e02e3]:main():compute-mfcc-feats.cc:182) Processed features for key common_voice_lt_40870258
WARNING (compute-mfcc-feats[5.5.1182~1-e02e3]:Read():wave-reader.cc:304) Expected 145152 bytes of wave data, but read only 144000 bytes. Truncated file?
VLOG[2] (compute-mfcc-feats[5.5.1182~1-e02e3]:main():compute-mfcc-feats.cc:182) Processed features for key common_voice_lt_40870259
WARNING (compute-mfcc-feats[5.5.1182~1-e02e3]:Read():wave-reader.cc:304) Expected 172800 bytes of wave data, but read only 171648 bytes. Truncated file?
VLOG[2] (compute-mfcc-feats[5.5.1182~1-e02e3]:main():compute-mfcc-feats.cc:182) Processed features for key common_voice_lt_40870260
WARNING (compute-mfcc-feats[5.5.1182~1-e02e3]:Read():wave-reader.cc:304) Expected 103680 bytes of wave data, but read only 102528 bytes. Truncated file?
VLOG[2] (compute-mfcc-feats[5.5.1182~1-e02e3]:main():compute-mfcc-feats.cc:182) Processed features for key common_voice_lt_40870261
WARNING (compute-mfcc-feats[5.5.1182~1-e02e3]:Read():wave-reader.cc:304) Expected 172800 bytes of wave data, but read only 171648 bytes. Truncated file?
VLOG[2] (compute-mfcc-feats[5.5.1182~1-e02e3]:main():compute-mfcc-feats.cc:182) Processed features for key common_voice_lt_40870265
WARNING (compute-mfcc-feats[5.5.1182~1-e02e3]:Read():wave-reader.cc:304) Expected 132480 bytes of wave data, but read only 131328 bytes. Truncated file?
VLOG[2] (compute-mfcc-feats[5.5.1182~1-e02e3]:main():compute-mfcc-feats.cc:182) Processed features for key common_voice_lt_40870267
WARNING (compute-mfcc-feats[5.5.1182~1-e02e3]:Read():wave-reader.cc:304) Expected 162432 bytes of wave data, but read only 161280 bytes. Truncated file?
VLOG[2] (compute-mfcc-feats[5.5.1182~1-e02e3]:main():compute-mfcc-feats.cc:182) Processed features for key common_voice_lt_40870273
WARNING (compute-mfcc-feats[5.5.1182~1-e02e3]:Read():wave-reader.cc:304) Expected 218880 bytes of wave data, but read only 217728 bytes. Truncated file?
VLOG[2] (compute-mfcc-feats[5.5.1182~1-e02e3]:main():compute-mfcc-feats.cc:182) Processed features for key common_voice_lt_40870274
WARNING (compute-mfcc-feats[5.5.1182~1-e02e3]:Read():wave-reader.cc:304) Expected 173952 bytes of wave data, but read only 172800 bytes. Truncated file?
VLOG[2] (compute-mfcc-feats[5.5.1182~1-e02e3]:main():compute-mfcc-feats.cc:182) Processed features for key common_voice_lt_40870277
WARNING (compute-mfcc-feats[5.5.1182~1-e02e3]:Read():wave-reader.cc:304) Expected 164736 bytes of wave data, but read only 163584 bytes. Truncated file?
LOG (compute-mfcc-feats[5.5.1182~1-e02e3]:main():compute-mfcc-feats.cc:181) Processed 550 utterances
VLOG[2] (compute-mfcc-feats[5.5.1182~1-e02e3]:main():compute-mfcc-feats.cc:182) Processed features for key common_voice_lt_40870285
WARNING (compute-mfcc-feats[5.5.1182~1-e02e3]:Read():wave-reader.cc:304) Expected 133632 bytes of wave data, but read only 132480 bytes. Truncated file?
VLOG[2] (compute-mfcc-feats[5.5.1182~1-e02e3]:main():compute-mfcc-feats.cc:182) Processed features for key common_voice_lt_40870287
WARNING (compute-mfcc-feats[5.5.1182~1-e02e3]:Read():wave-reader.cc:304) Expected 202752 bytes of wave data, but read only 201600 bytes. Truncated file?
VLOG[2] (compute-mfcc-feats[5.5.1182~1-e02e3]:main():compute-mfcc-feats.cc:182) Processed features for key common_voice_lt_40870288
WARNING (compute-mfcc-feats[5.5.1182~1-e02e3]:Read():wave-reader.cc:304) Expected 149760 bytes of wave data, but read only 148608 bytes. Truncated file?
VLOG[2] (compute-mfcc-feats[5.5.1182~1-e02e3]:main():compute-mfcc-feats.cc:182) Processed features for key common_voice_lt_40870289
WARNING (compute-mfcc-feats[5.5.1182~1-e02e3]:Read():wave-reader.cc:304) Expected 205056 bytes of wave data, but read only 203904 bytes. Truncated file?
VLOG[2] (compute-mfcc-feats[5.5.1182~1-e02e3]:main():compute-mfcc-feats.cc:182) Processed features for key common_voice_lt_40870290
WARNING (compute-mfcc-feats[5.5.1182~1-e02e3]:Read():wave-reader.cc:304) Expected 199296 bytes of wave data, but read only 198144 bytes. Truncated file?
VLOG[2] (compute-mfcc-feats[5.5.1182~1-e02e3]:main():compute-mfcc-feats.cc:182) Processed features for key common_voice_lt_40870291
WARNING (compute-mfcc-feats[5.5.1182~1-e02e3]:Read():wave-reader.cc:304) Expected 120960 bytes of wave data, but read only 119808 bytes. Truncated file?
VLOG[2] (compute-mfcc-feats[5.5.1182~1-e02e3]:main():compute-mfcc-feats.cc:182) Processed features for key common_voice_lt_40870297
WARNING (compute-mfcc-feats[5.5.1182~1-e02e3]:Read():wave-reader.cc:304) Expected 124416 bytes of wave data, but read only 123264 bytes. Truncated file?
VLOG[2] (compute-mfcc-feats[5.5.1182~1-e02e3]:main():compute-mfcc-feats.cc:182) Processed features for key common_voice_lt_40870300
WARNING (compute-mfcc-feats[5.5.1182~1-e02e3]:Read():wave-reader.cc:304) Expected 167040 bytes of wave data, but read only 165888 bytes. Truncated file?
VLOG[2] (compute-mfcc-feats[5.5.1182~1-e02e3]:main():compute-mfcc-feats.cc:182) Processed features for key common_voice_lt_40870302
WARNING (compute-mfcc-feats[5.5.1182~1-e02e3]:Read():wave-reader.cc:304) Expected 185472 bytes of wave data, but read only 184320 bytes. Truncated file?
VLOG[2] (compute-mfcc-feats[5.5.1182~1-e02e3]:main():compute-mfcc-feats.cc:182) Processed features for key common_voice_lt_40870304
WARNING (compute-mfcc-feats[5.5.1182~1-e02e3]:Read():wave-reader.cc:304) Expected 138240 bytes of wave data, but read only 137088 bytes. Truncated file?
LOG (compute-mfcc-feats[5.5.1182~1-e02e3]:main():compute-mfcc-feats.cc:181) Processed 560 utterances
VLOG[2] (compute-mfcc-feats[5.5.1182~1-e02e3]:main():compute-mfcc-feats.cc:182) Processed features for key common_voice_lt_40870305
WARNING (compute-mfcc-feats[5.5.1182~1-e02e3]:Read():wave-reader.cc:304) Expected 153216 bytes of wave data, but read only 152064 bytes. Truncated file?
VLOG[2] (compute-mfcc-feats[5.5.1182~1-e02e3]:main():compute-mfcc-feats.cc:182) Processed features for key common_voice_lt_40870306
WARNING (compute-mfcc-feats[5.5.1182~1-e02e3]:Read():wave-reader.cc:304) Expected 172800 bytes of wave data, but read only 171648 bytes. Truncated file?
VLOG[2] (compute-mfcc-feats[5.5.1182~1-e02e3]:main():compute-mfcc-feats.cc:182) Processed features for key common_voice_lt_40870307
WARNING (compute-mfcc-feats[5.5.1182~1-e02e3]:Read():wave-reader.cc:304) Expected 141696 bytes of wave data, but read only 140544 bytes. Truncated file?
VLOG[2] (compute-mfcc-feats[5.5.1182~1-e02e3]:main():compute-mfcc-feats.cc:182) Processed features for key common_voice_lt_40870309
WARNING (compute-mfcc-feats[5.5.1182~1-e02e3]:Read():wave-reader.cc:304) Expected 162432 bytes of wave data, but read only 161280 bytes. Truncated file?
VLOG[2] (compute-mfcc-feats[5.5.1182~1-e02e3]:main():compute-mfcc-feats.cc:182) Processed features for key common_voice_lt_40870315
WARNING (compute-mfcc-feats[5.5.1182~1-e02e3]:Read():wave-reader.cc:304) Expected 145152 bytes of wave data, but read only 144000 bytes. Truncated file?
VLOG[2] (compute-mfcc-feats[5.5.1182~1-e02e3]:main():compute-mfcc-feats.cc:182) Processed features for key common_voice_lt_40870317
WARNING (compute-mfcc-feats[5.5.1182~1-e02e3]:Read():wave-reader.cc:304) Expected 161280 bytes of wave data, but read only 160128 bytes. Truncated file?
VLOG[2] (compute-mfcc-feats[5.5.1182~1-e02e3]:main():compute-mfcc-feats.cc:182) Processed features for key common_voice_lt_40870318
WARNING (compute-mfcc-feats[5.5.1182~1-e02e3]:Read():wave-reader.cc:304) Expected 115200 bytes of wave data, but read only 114048 bytes. Truncated file?
VLOG[2] (compute-mfcc-feats[5.5.1182~1-e02e3]:main():compute-mfcc-feats.cc:182) Processed features for key common_voice_lt_40870320
WARNING (compute-mfcc-feats[5.5.1182~1-e02e3]:Read():wave-reader.cc:304) Expected 173952 bytes of wave data, but read only 172800 bytes. Truncated file?
VLOG[2] (compute-mfcc-feats[5.5.1182~1-e02e3]:main():compute-mfcc-feats.cc:182) Processed features for key common_voice_lt_40870324
WARNING (compute-mfcc-feats[5.5.1182~1-e02e3]:Read():wave-reader.cc:304) Expected 164736 bytes of wave data, but read only 163584 bytes. Truncated file?
VLOG[2] (compute-mfcc-feats[5.5.1182~1-e02e3]:main():compute-mfcc-feats.cc:182) Processed features for key common_voice_lt_40870326
WARNING (compute-mfcc-feats[5.5.1182~1-e02e3]:Read():wave-reader.cc:304) Expected 241920 bytes of wave data, but read only 240768 bytes. Truncated file?
LOG (compute-mfcc-feats[5.5.1182~1-e02e3]:main():compute-mfcc-feats.cc:181) Processed 570 utterances
VLOG[2] (compute-mfcc-feats[5.5.1182~1-e02e3]:main():compute-mfcc-feats.cc:182) Processed features for key common_voice_lt_40870329
WARNING (compute-mfcc-feats[5.5.1182~1-e02e3]:Read():wave-reader.cc:304) Expected 164736 bytes of wave data, but read only 163584 bytes. Truncated file?
VLOG[2] (compute-mfcc-feats[5.5.1182~1-e02e3]:main():compute-mfcc-feats.cc:182) Processed features for key common_voice_lt_40870330
WARNING (compute-mfcc-feats[5.5.1182~1-e02e3]:Read():wave-reader.cc:304) Expected 193536 bytes of wave data, but read only 192384 bytes. Truncated file?
VLOG[2] (compute-mfcc-feats[5.5.1182~1-e02e3]:main():compute-mfcc-feats.cc:182) Processed features for key common_voice_lt_40870331
WARNING (compute-mfcc-feats[5.5.1182~1-e02e3]:Read():wave-reader.cc:304) Expected 118656 bytes of wave data, but read only 117504 bytes. Truncated file?
VLOG[2] (compute-mfcc-feats[5.5.1182~1-e02e3]:main():compute-mfcc-feats.cc:182) Processed features for key common_voice_lt_40870332
WARNING (compute-mfcc-feats[5.5.1182~1-e02e3]:Read():wave-reader.cc:304) Expected 158976 bytes of wave data, but read only 157824 bytes. Truncated file?
VLOG[2] (compute-mfcc-feats[5.5.1182~1-e02e3]:main():compute-mfcc-feats.cc:182) Processed features for key common_voice_lt_40870335
WARNING (compute-mfcc-feats[5.5.1182~1-e02e3]:Read():wave-reader.cc:304) Expected 115200 bytes of wave data, but read only 114048 bytes. Truncated file?
VLOG[2] (compute-mfcc-feats[5.5.1182~1-e02e3]:main():compute-mfcc-feats.cc:182) Processed features for key common_voice_lt_40870337
WARNING (compute-mfcc-feats[5.5.1182~1-e02e3]:Read():wave-reader.cc:304) Expected 173952 bytes of wave data, but read only 172800 bytes. Truncated file?
VLOG[2] (compute-mfcc-feats[5.5.1182~1-e02e3]:main():compute-mfcc-feats.cc:182) Processed features for key common_voice_lt_40870340
WARNING (compute-mfcc-feats[5.5.1182~1-e02e3]:Read():wave-reader.cc:304) Expected 133632 bytes of wave data, but read only 132480 bytes. Truncated file?
VLOG[2] (compute-mfcc-feats[5.5.1182~1-e02e3]:main():compute-mfcc-feats.cc:182) Processed features for key common_voice_lt_40870341
WARNING (compute-mfcc-feats[5.5.1182~1-e02e3]:Read():wave-reader.cc:304) Expected 168192 bytes of wave data, but read only 167040 bytes. Truncated file?
VLOG[2] (compute-mfcc-feats[5.5.1182~1-e02e3]:main():compute-mfcc-feats.cc:182) Processed features for key common_voice_lt_40870342
WARNING (compute-mfcc-feats[5.5.1182~1-e02e3]:Read():wave-reader.cc:304) Expected 126720 bytes of wave data, but read only 125568 bytes. Truncated file?
VLOG[2] (compute-mfcc-feats[5.5.1182~1-e02e3]:main():compute-mfcc-feats.cc:182) Processed features for key common_voice_lt_40870343
WARNING (compute-mfcc-feats[5.5.1182~1-e02e3]:Read():wave-reader.cc:304) Expected 161280 bytes of wave data, but read only 160128 bytes. Truncated file?
LOG (compute-mfcc-feats[5.5.1182~1-e02e3]:main():compute-mfcc-feats.cc:181) Processed 580 utterances
VLOG[2] (compute-mfcc-feats[5.5.1182~1-e02e3]:main():compute-mfcc-feats.cc:182) Processed features for key common_voice_lt_40870345
WARNING (compute-mfcc-feats[5.5.1182~1-e02e3]:Read():wave-reader.cc:304) Expected 116352 bytes of wave data, but read only 115200 bytes. Truncated file?
VLOG[2] (compute-mfcc-feats[5.5.1182~1-e02e3]:main():compute-mfcc-feats.cc:182) Processed features for key common_voice_lt_40870349
WARNING (compute-mfcc-feats[5.5.1182~1-e02e3]:Read():wave-reader.cc:304) Expected 132480 bytes of wave data, but read only 131328 bytes. Truncated file?
VLOG[2] (compute-mfcc-feats[5.5.1182~1-e02e3]:main():compute-mfcc-feats.cc:182) Processed features for key common_voice_lt_40870351
WARNING (compute-mfcc-feats[5.5.1182~1-e02e3]:Read():wave-reader.cc:304) Expected 161280 bytes of wave data, but read only 160128 bytes. Truncated file?
VLOG[2] (compute-mfcc-feats[5.5.1182~1-e02e3]:main():compute-mfcc-feats.cc:182) Processed features for key common_voice_lt_40870352
WARNING (compute-mfcc-feats[5.5.1182~1-e02e3]:Read():wave-reader.cc:304) Expected 116352 bytes of wave data, but read only 115200 bytes. Truncated file?
VLOG[2] (compute-mfcc-feats[5.5.1182~1-e02e3]:main():compute-mfcc-feats.cc:182) Processed features for key common_voice_lt_40870353
WARNING (compute-mfcc-feats[5.5.1182~1-e02e3]:Read():wave-reader.cc:304) Expected 118656 bytes of wave data, but read only 117504 bytes. Truncated file?
VLOG[2] (compute-mfcc-feats[5.5.1182~1-e02e3]:main():compute-mfcc-feats.cc:182) Processed features for key common_voice_lt_40870354
WARNING (compute-mfcc-feats[5.5.1182~1-e02e3]:Read():wave-reader.cc:304) Expected 127872 bytes of wave data, but read only 126720 bytes. Truncated file?
VLOG[2] (compute-mfcc-feats[5.5.1182~1-e02e3]:main():compute-mfcc-feats.cc:182) Processed features for key common_voice_lt_40870357
WARNING (compute-mfcc-feats[5.5.1182~1-e02e3]:Read():wave-reader.cc:304) Expected 155520 bytes of wave data, but read only 154368 bytes. Truncated file?
VLOG[2] (compute-mfcc-feats[5.5.1182~1-e02e3]:main():compute-mfcc-feats.cc:182) Processed features for key common_voice_lt_40870358
WARNING (compute-mfcc-feats[5.5.1182~1-e02e3]:Read():wave-reader.cc:304) Expected 130176 bytes of wave data, but read only 129024 bytes. Truncated file?
VLOG[2] (compute-mfcc-feats[5.5.1182~1-e02e3]:main():compute-mfcc-feats.cc:182) Processed features for key common_voice_lt_40870359
WARNING (compute-mfcc-feats[5.5.1182~1-e02e3]:Read():wave-reader.cc:304) Expected 179712 bytes of wave data, but read only 178560 bytes. Truncated file?
VLOG[2] (compute-mfcc-feats[5.5.1182~1-e02e3]:main():compute-mfcc-feats.cc:182) Processed features for key common_voice_lt_40870362
WARNING (compute-mfcc-feats[5.5.1182~1-e02e3]:Read():wave-reader.cc:304) Expected 179712 bytes of wave data, but read only 178560 bytes. Truncated file?
LOG (compute-mfcc-feats[5.5.1182~1-e02e3]:main():compute-mfcc-feats.cc:181) Processed 590 utterances
VLOG[2] (compute-mfcc-feats[5.5.1182~1-e02e3]:main():compute-mfcc-feats.cc:182) Processed features for key common_voice_lt_40870364
WARNING (compute-mfcc-feats[5.5.1182~1-e02e3]:Read():wave-reader.cc:304) Expected 161280 bytes of wave data, but read only 160128 bytes. Truncated file?
VLOG[2] (compute-mfcc-feats[5.5.1182~1-e02e3]:main():compute-mfcc-feats.cc:182) Processed features for key common_voice_lt_40870365
WARNING (compute-mfcc-feats[5.5.1182~1-e02e3]:Read():wave-reader.cc:304) Expected 147456 bytes of wave data, but read only 146304 bytes. Truncated file?
VLOG[2] (compute-mfcc-feats[5.5.1182~1-e02e3]:main():compute-mfcc-feats.cc:182) Processed features for key common_voice_lt_40870369
WARNING (compute-mfcc-feats[5.5.1182~1-e02e3]:Read():wave-reader.cc:304) Expected 144000 bytes of wave data, but read only 142848 bytes. Truncated file?
VLOG[2] (compute-mfcc-feats[5.5.1182~1-e02e3]:main():compute-mfcc-feats.cc:182) Processed features for key common_voice_lt_40870373
WARNING (compute-mfcc-feats[5.5.1182~1-e02e3]:Read():wave-reader.cc:304) Expected 182016 bytes of wave data, but read only 180864 bytes. Truncated file?
VLOG[2] (compute-mfcc-feats[5.5.1182~1-e02e3]:main():compute-mfcc-feats.cc:182) Processed features for key common_voice_lt_40870374
WARNING (compute-mfcc-feats[5.5.1182~1-e02e3]:Read():wave-reader.cc:304) Expected 182016 bytes of wave data, but read only 180864 bytes. Truncated file?
VLOG[2] (compute-mfcc-feats[5.5.1182~1-e02e3]:main():compute-mfcc-feats.cc:182) Processed features for key common_voice_lt_40870375
WARNING (compute-mfcc-feats[5.5.1182~1-e02e3]:Read():wave-reader.cc:304) Expected 158976 bytes of wave data, but read only 157824 bytes. Truncated file?
VLOG[2] (compute-mfcc-feats[5.5.1182~1-e02e3]:main():compute-mfcc-feats.cc:182) Processed features for key common_voice_lt_40870379
WARNING (compute-mfcc-feats[5.5.1182~1-e02e3]:Read():wave-reader.cc:304) Expected 170496 bytes of wave data, but read only 169344 bytes. Truncated file?
VLOG[2] (compute-mfcc-feats[5.5.1182~1-e02e3]:main():compute-mfcc-feats.cc:182) Processed features for key common_voice_lt_40870380
WARNING (compute-mfcc-feats[5.5.1182~1-e02e3]:Read():wave-reader.cc:304) Expected 224640 bytes of wave data, but read only 223488 bytes. Truncated file?
VLOG[2] (compute-mfcc-feats[5.5.1182~1-e02e3]:main():compute-mfcc-feats.cc:182) Processed features for key common_voice_lt_40870381
WARNING (compute-mfcc-feats[5.5.1182~1-e02e3]:Read():wave-reader.cc:304) Expected 195840 bytes of wave data, but read only 194688 bytes. Truncated file?
VLOG[2] (compute-mfcc-feats[5.5.1182~1-e02e3]:main():compute-mfcc-feats.cc:182) Processed features for key common_voice_lt_40870382
WARNING (compute-mfcc-feats[5.5.1182~1-e02e3]:Read():wave-reader.cc:304) Expected 199296 bytes of wave data, but read only 198144 bytes. Truncated file?
LOG (compute-mfcc-feats[5.5.1182~1-e02e3]:main():compute-mfcc-feats.cc:181) Processed 600 utterances
VLOG[2] (compute-mfcc-feats[5.5.1182~1-e02e3]:main():compute-mfcc-feats.cc:182) Processed features for key common_voice_lt_40870383
WARNING (compute-mfcc-feats[5.5.1182~1-e02e3]:Read():wave-reader.cc:304) Expected 182016 bytes of wave data, but read only 180864 bytes. Truncated file?
VLOG[2] (compute-mfcc-feats[5.5.1182~1-e02e3]:main():compute-mfcc-feats.cc:182) Processed features for key common_voice_lt_40870384
WARNING (compute-mfcc-feats[5.5.1182~1-e02e3]:Read():wave-reader.cc:304) Expected 155520 bytes of wave data, but read only 154368 bytes. Truncated file?
VLOG[2] (compute-mfcc-feats[5.5.1182~1-e02e3]:main():compute-mfcc-feats.cc:182) Processed features for key common_voice_lt_40870385
WARNING (compute-mfcc-feats[5.5.1182~1-e02e3]:Read():wave-reader.cc:304) Expected 178560 bytes of wave data, but read only 177408 bytes. Truncated file?
VLOG[2] (compute-mfcc-feats[5.5.1182~1-e02e3]:main():compute-mfcc-feats.cc:182) Processed features for key common_voice_lt_40870386
WARNING (compute-mfcc-feats[5.5.1182~1-e02e3]:Read():wave-reader.cc:304) Expected 170496 bytes of wave data, but read only 169344 bytes. Truncated file?
VLOG[2] (compute-mfcc-feats[5.5.1182~1-e02e3]:main():compute-mfcc-feats.cc:182) Processed features for key common_voice_lt_40870392
WARNING (compute-mfcc-feats[5.5.1182~1-e02e3]:Read():wave-reader.cc:304) Expected 245376 bytes of wave data, but read only 244224 bytes. Truncated file?
VLOG[2] (compute-mfcc-feats[5.5.1182~1-e02e3]:main():compute-mfcc-feats.cc:182) Processed features for key common_voice_lt_40870395
WARNING (compute-mfcc-feats[5.5.1182~1-e02e3]:Read():wave-reader.cc:304) Expected 118656 bytes of wave data, but read only 117504 bytes. Truncated file?
VLOG[2] (compute-mfcc-feats[5.5.1182~1-e02e3]:main():compute-mfcc-feats.cc:182) Processed features for key common_voice_lt_40870396
WARNING (compute-mfcc-feats[5.5.1182~1-e02e3]:Read():wave-reader.cc:304) Expected 222336 bytes of wave data, but read only 221184 bytes. Truncated file?
VLOG[2] (compute-mfcc-feats[5.5.1182~1-e02e3]:main():compute-mfcc-feats.cc:182) Processed features for key common_voice_lt_40870404
WARNING (compute-mfcc-feats[5.5.1182~1-e02e3]:Read():wave-reader.cc:304) Expected 153216 bytes of wave data, but read only 152064 bytes. Truncated file?
VLOG[2] (compute-mfcc-feats[5.5.1182~1-e02e3]:main():compute-mfcc-feats.cc:182) Processed features for key common_voice_lt_40870406
WARNING (compute-mfcc-feats[5.5.1182~1-e02e3]:Read():wave-reader.cc:304) Expected 135936 bytes of wave data, but read only 134784 bytes. Truncated file?
VLOG[2] (compute-mfcc-feats[5.5.1182~1-e02e3]:main():compute-mfcc-feats.cc:182) Processed features for key common_voice_lt_40870655
WARNING (compute-mfcc-feats[5.5.1182~1-e02e3]:Read():wave-reader.cc:304) Expected 176256 bytes of wave data, but read only 175104 bytes. Truncated file?
LOG (compute-mfcc-feats[5.5.1182~1-e02e3]:main():compute-mfcc-feats.cc:181) Processed 610 utterances
VLOG[2] (compute-mfcc-feats[5.5.1182~1-e02e3]:main():compute-mfcc-feats.cc:182) Processed features for key common_voice_lt_40870656
WARNING (compute-mfcc-feats[5.5.1182~1-e02e3]:Read():wave-reader.cc:304) Expected 144000 bytes of wave data, but read only 142848 bytes. Truncated file?
VLOG[2] (compute-mfcc-feats[5.5.1182~1-e02e3]:main():compute-mfcc-feats.cc:182) Processed features for key common_voice_lt_40870665
WARNING (compute-mfcc-feats[5.5.1182~1-e02e3]:Read():wave-reader.cc:304) Expected 195840 bytes of wave data, but read only 194688 bytes. Truncated file?
VLOG[2] (compute-mfcc-feats[5.5.1182~1-e02e3]:main():compute-mfcc-feats.cc:182) Processed features for key common_voice_lt_40870666
WARNING (compute-mfcc-feats[5.5.1182~1-e02e3]:Read():wave-reader.cc:304) Expected 149760 bytes of wave data, but read only 148608 bytes. Truncated file?
VLOG[2] (compute-mfcc-feats[5.5.1182~1-e02e3]:main():compute-mfcc-feats.cc:182) Processed features for key common_voice_lt_40870667
WARNING (compute-mfcc-feats[5.5.1182~1-e02e3]:Read():wave-reader.cc:304) Expected 135936 bytes of wave data, but read only 134784 bytes. Truncated file?
VLOG[2] (compute-mfcc-feats[5.5.1182~1-e02e3]:main():compute-mfcc-feats.cc:182) Processed features for key common_voice_lt_40870674
WARNING (compute-mfcc-feats[5.5.1182~1-e02e3]:Read():wave-reader.cc:304) Expected 120960 bytes of wave data, but read only 119808 bytes. Truncated file?
VLOG[2] (compute-mfcc-feats[5.5.1182~1-e02e3]:main():compute-mfcc-feats.cc:182) Processed features for key common_voice_lt_40870676
WARNING (compute-mfcc-feats[5.5.1182~1-e02e3]:Read():wave-reader.cc:304) Expected 158976 bytes of wave data, but read only 157824 bytes. Truncated file?
VLOG[2] (compute-mfcc-feats[5.5.1182~1-e02e3]:main():compute-mfcc-feats.cc:182) Processed features for key common_voice_lt_40870685
WARNING (compute-mfcc-feats[5.5.1182~1-e02e3]:Read():wave-reader.cc:304) Expected 187776 bytes of wave data, but read only 186624 bytes. Truncated file?
VLOG[2] (compute-mfcc-feats[5.5.1182~1-e02e3]:main():compute-mfcc-feats.cc:182) Processed features for key common_voice_lt_40870687
WARNING (compute-mfcc-feats[5.5.1182~1-e02e3]:Read():wave-reader.cc:304) Expected 132480 bytes of wave data, but read only 131328 bytes. Truncated file?
VLOG[2] (compute-mfcc-feats[5.5.1182~1-e02e3]:main():compute-mfcc-feats.cc:182) Processed features for key common_voice_lt_40870693
WARNING (compute-mfcc-feats[5.5.1182~1-e02e3]:Read():wave-reader.cc:304) Expected 182016 bytes of wave data, but read only 180864 bytes. Truncated file?
VLOG[2] (compute-mfcc-feats[5.5.1182~1-e02e3]:main():compute-mfcc-feats.cc:182) Processed features for key common_voice_lt_40870694
WARNING (compute-mfcc-feats[5.5.1182~1-e02e3]:Read():wave-reader.cc:304) Expected 124416 bytes of wave data, but read only 123264 bytes. Truncated file?
LOG (compute-mfcc-feats[5.5.1182~1-e02e3]:main():compute-mfcc-feats.cc:181) Processed 620 utterances
VLOG[2] (compute-mfcc-feats[5.5.1182~1-e02e3]:main():compute-mfcc-feats.cc:182) Processed features for key common_voice_lt_40870696
WARNING (compute-mfcc-feats[5.5.1182~1-e02e3]:Read():wave-reader.cc:304) Expected 201600 bytes of wave data, but read only 200448 bytes. Truncated file?
VLOG[2] (compute-mfcc-feats[5.5.1182~1-e02e3]:main():compute-mfcc-feats.cc:182) Processed features for key common_voice_lt_40870697
WARNING (compute-mfcc-feats[5.5.1182~1-e02e3]:Read():wave-reader.cc:304) Expected 124416 bytes of wave data, but read only 123264 bytes. Truncated file?
VLOG[2] (compute-mfcc-feats[5.5.1182~1-e02e3]:main():compute-mfcc-feats.cc:182) Processed features for key common_voice_lt_40870709
WARNING (compute-mfcc-feats[5.5.1182~1-e02e3]:Read():wave-reader.cc:304) Expected 156672 bytes of wave data, but read only 155520 bytes. Truncated file?
VLOG[2] (compute-mfcc-feats[5.5.1182~1-e02e3]:main():compute-mfcc-feats.cc:182) Processed features for key common_voice_lt_40870711
WARNING (compute-mfcc-feats[5.5.1182~1-e02e3]:Read():wave-reader.cc:304) Expected 118656 bytes of wave data, but read only 117504 bytes. Truncated file?
VLOG[2] (compute-mfcc-feats[5.5.1182~1-e02e3]:main():compute-mfcc-feats.cc:182) Processed features for key common_voice_lt_40870713
WARNING (compute-mfcc-feats[5.5.1182~1-e02e3]:Read():wave-reader.cc:304) Expected 161280 bytes of wave data, but read only 160128 bytes. Truncated file?
VLOG[2] (compute-mfcc-feats[5.5.1182~1-e02e3]:main():compute-mfcc-feats.cc:182) Processed features for key common_voice_lt_40870714
WARNING (compute-mfcc-feats[5.5.1182~1-e02e3]:Read():wave-reader.cc:304) Expected 170496 bytes of wave data, but read only 169344 bytes. Truncated file?
VLOG[2] (compute-mfcc-feats[5.5.1182~1-e02e3]:main():compute-mfcc-feats.cc:182) Processed features for key common_voice_lt_40870716
WARNING (compute-mfcc-feats[5.5.1182~1-e02e3]:Read():wave-reader.cc:304) Expected 185472 bytes of wave data, but read only 184320 bytes. Truncated file?
VLOG[2] (compute-mfcc-feats[5.5.1182~1-e02e3]:main():compute-mfcc-feats.cc:182) Processed features for key common_voice_lt_40870723
WARNING (compute-mfcc-feats[5.5.1182~1-e02e3]:Read():wave-reader.cc:304) Expected 170496 bytes of wave data, but read only 169344 bytes. Truncated file?
VLOG[2] (compute-mfcc-feats[5.5.1182~1-e02e3]:main():compute-mfcc-feats.cc:182) Processed features for key common_voice_lt_40870724
WARNING (compute-mfcc-feats[5.5.1182~1-e02e3]:Read():wave-reader.cc:304) Expected 138240 bytes of wave data, but read only 137088 bytes. Truncated file?
VLOG[2] (compute-mfcc-feats[5.5.1182~1-e02e3]:main():compute-mfcc-feats.cc:182) Processed features for key common_voice_lt_40870725
WARNING (compute-mfcc-feats[5.5.1182~1-e02e3]:Read():wave-reader.cc:304) Expected 178560 bytes of wave data, but read only 177408 bytes. Truncated file?
LOG (compute-mfcc-feats[5.5.1182~1-e02e3]:main():compute-mfcc-feats.cc:181) Processed 630 utterances
VLOG[2] (compute-mfcc-feats[5.5.1182~1-e02e3]:main():compute-mfcc-feats.cc:182) Processed features for key common_voice_lt_40870726
WARNING (compute-mfcc-feats[5.5.1182~1-e02e3]:Read():wave-reader.cc:304) Expected 127872 bytes of wave data, but read only 126720 bytes. Truncated file?
VLOG[2] (compute-mfcc-feats[5.5.1182~1-e02e3]:main():compute-mfcc-feats.cc:182) Processed features for key common_voice_lt_40870734
WARNING (compute-mfcc-feats[5.5.1182~1-e02e3]:Read():wave-reader.cc:304) Expected 145152 bytes of wave data, but read only 144000 bytes. Truncated file?
VLOG[2] (compute-mfcc-feats[5.5.1182~1-e02e3]:main():compute-mfcc-feats.cc:182) Processed features for key common_voice_lt_40870736
WARNING (compute-mfcc-feats[5.5.1182~1-e02e3]:Read():wave-reader.cc:304) Expected 122112 bytes of wave data, but read only 120960 bytes. Truncated file?
VLOG[2] (compute-mfcc-feats[5.5.1182~1-e02e3]:main():compute-mfcc-feats.cc:182) Processed features for key common_voice_lt_40870737
WARNING (compute-mfcc-feats[5.5.1182~1-e02e3]:Read():wave-reader.cc:304) Expected 147456 bytes of wave data, but read only 146304 bytes. Truncated file?
VLOG[2] (compute-mfcc-feats[5.5.1182~1-e02e3]:main():compute-mfcc-feats.cc:182) Processed features for key common_voice_lt_40870743
WARNING (compute-mfcc-feats[5.5.1182~1-e02e3]:Read():wave-reader.cc:304) Expected 147456 bytes of wave data, but read only 146304 bytes. Truncated file?
VLOG[2] (compute-mfcc-feats[5.5.1182~1-e02e3]:main():compute-mfcc-feats.cc:182) Processed features for key common_voice_lt_40870760
WARNING (compute-mfcc-feats[5.5.1182~1-e02e3]:Read():wave-reader.cc:304) Expected 109440 bytes of wave data, but read only 108288 bytes. Truncated file?
VLOG[2] (compute-mfcc-feats[5.5.1182~1-e02e3]:main():compute-mfcc-feats.cc:182) Processed features for key common_voice_lt_40870767
WARNING (compute-mfcc-feats[5.5.1182~1-e02e3]:Read():wave-reader.cc:304) Expected 208512 bytes of wave data, but read only 207360 bytes. Truncated file?
VLOG[2] (compute-mfcc-feats[5.5.1182~1-e02e3]:main():compute-mfcc-feats.cc:182) Processed features for key common_voice_lt_40870770
WARNING (compute-mfcc-feats[5.5.1182~1-e02e3]:Read():wave-reader.cc:304) Expected 133632 bytes of wave data, but read only 132480 bytes. Truncated file?
VLOG[2] (compute-mfcc-feats[5.5.1182~1-e02e3]:main():compute-mfcc-feats.cc:182) Processed features for key common_voice_lt_40870776
WARNING (compute-mfcc-feats[5.5.1182~1-e02e3]:Read():wave-reader.cc:304) Expected 184320 bytes of wave data, but read only 183168 bytes. Truncated file?
VLOG[2] (compute-mfcc-feats[5.5.1182~1-e02e3]:main():compute-mfcc-feats.cc:182) Processed features for key common_voice_lt_40870777
WARNING (compute-mfcc-feats[5.5.1182~1-e02e3]:Read():wave-reader.cc:304) Expected 173952 bytes of wave data, but read only 172800 bytes. Truncated file?
LOG (compute-mfcc-feats[5.5.1182~1-e02e3]:main():compute-mfcc-feats.cc:181) Processed 640 utterances
VLOG[2] (compute-mfcc-feats[5.5.1182~1-e02e3]:main():compute-mfcc-feats.cc:182) Processed features for key common_voice_lt_40870787
WARNING (compute-mfcc-feats[5.5.1182~1-e02e3]:Read():wave-reader.cc:304) Expected 158976 bytes of wave data, but read only 157824 bytes. Truncated file?
VLOG[2] (compute-mfcc-feats[5.5.1182~1-e02e3]:main():compute-mfcc-feats.cc:182) Processed features for key common_voice_lt_40870788
WARNING (compute-mfcc-feats[5.5.1182~1-e02e3]:Read():wave-reader.cc:304) Expected 122112 bytes of wave data, but read only 120960 bytes. Truncated file?
VLOG[2] (compute-mfcc-feats[5.5.1182~1-e02e3]:main():compute-mfcc-feats.cc:182) Processed features for key common_voice_lt_40870791
WARNING (compute-mfcc-feats[5.5.1182~1-e02e3]:Read():wave-reader.cc:304) Expected 266112 bytes of wave data, but read only 264960 bytes. Truncated file?
VLOG[2] (compute-mfcc-feats[5.5.1182~1-e02e3]:main():compute-mfcc-feats.cc:182) Processed features for key common_voice_lt_40870792
WARNING (compute-mfcc-feats[5.5.1182~1-e02e3]:Read():wave-reader.cc:304) Expected 193536 bytes of wave data, but read only 192384 bytes. Truncated file?
VLOG[2] (compute-mfcc-feats[5.5.1182~1-e02e3]:main():compute-mfcc-feats.cc:182) Processed features for key common_voice_lt_40870793
WARNING (compute-mfcc-feats[5.5.1182~1-e02e3]:Read():wave-reader.cc:304) Expected 167040 bytes of wave data, but read only 165888 bytes. Truncated file?
VLOG[2] (compute-mfcc-feats[5.5.1182~1-e02e3]:main():compute-mfcc-feats.cc:182) Processed features for key common_voice_lt_40870794
WARNING (compute-mfcc-feats[5.5.1182~1-e02e3]:Read():wave-reader.cc:304) Expected 135936 bytes of wave data, but read only 134784 bytes. Truncated file?
VLOG[2] (compute-mfcc-feats[5.5.1182~1-e02e3]:main():compute-mfcc-feats.cc:182) Processed features for key common_voice_lt_40870795
WARNING (compute-mfcc-feats[5.5.1182~1-e02e3]:Read():wave-reader.cc:304) Expected 191232 bytes of wave data, but read only 190080 bytes. Truncated file?
VLOG[2] (compute-mfcc-feats[5.5.1182~1-e02e3]:main():compute-mfcc-feats.cc:182) Processed features for key common_voice_lt_40870796
WARNING (compute-mfcc-feats[5.5.1182~1-e02e3]:Read():wave-reader.cc:304) Expected 207360 bytes of wave data, but read only 206208 bytes. Truncated file?
VLOG[2] (compute-mfcc-feats[5.5.1182~1-e02e3]:main():compute-mfcc-feats.cc:182) Processed features for key common_voice_lt_40870800
WARNING (compute-mfcc-feats[5.5.1182~1-e02e3]:Read():wave-reader.cc:304) Expected 127872 bytes of wave data, but read only 126720 bytes. Truncated file?
VLOG[2] (compute-mfcc-feats[5.5.1182~1-e02e3]:main():compute-mfcc-feats.cc:182) Processed features for key common_voice_lt_40870801
WARNING (compute-mfcc-feats[5.5.1182~1-e02e3]:Read():wave-reader.cc:304) Expected 279936 bytes of wave data, but read only 278784 bytes. Truncated file?
LOG (compute-mfcc-feats[5.5.1182~1-e02e3]:main():compute-mfcc-feats.cc:181) Processed 650 utterances
VLOG[2] (compute-mfcc-feats[5.5.1182~1-e02e3]:main():compute-mfcc-feats.cc:182) Processed features for key common_voice_lt_40870802
WARNING (compute-mfcc-feats[5.5.1182~1-e02e3]:Read():wave-reader.cc:304) Expected 161280 bytes of wave data, but read only 160128 bytes. Truncated file?
VLOG[2] (compute-mfcc-feats[5.5.1182~1-e02e3]:main():compute-mfcc-feats.cc:182) Processed features for key common_voice_lt_40870803
WARNING (compute-mfcc-feats[5.5.1182~1-e02e3]:Read():wave-reader.cc:304) Expected 251136 bytes of wave data, but read only 249984 bytes. Truncated file?
VLOG[2] (compute-mfcc-feats[5.5.1182~1-e02e3]:main():compute-mfcc-feats.cc:182) Processed features for key common_voice_lt_40870804
WARNING (compute-mfcc-feats[5.5.1182~1-e02e3]:Read():wave-reader.cc:304) Expected 147456 bytes of wave data, but read only 146304 bytes. Truncated file?
VLOG[2] (compute-mfcc-feats[5.5.1182~1-e02e3]:main():compute-mfcc-feats.cc:182) Processed features for key common_voice_lt_40870806
WARNING (compute-mfcc-feats[5.5.1182~1-e02e3]:Read():wave-reader.cc:304) Expected 282240 bytes of wave data, but read only 281088 bytes. Truncated file?
VLOG[2] (compute-mfcc-feats[5.5.1182~1-e02e3]:main():compute-mfcc-feats.cc:182) Processed features for key common_voice_lt_40870809
WARNING (compute-mfcc-feats[5.5.1182~1-e02e3]:Read():wave-reader.cc:304) Expected 195840 bytes of wave data, but read only 194688 bytes. Truncated file?
VLOG[2] (compute-mfcc-feats[5.5.1182~1-e02e3]:main():compute-mfcc-feats.cc:182) Processed features for key common_voice_lt_40870812
WARNING (compute-mfcc-feats[5.5.1182~1-e02e3]:Read():wave-reader.cc:304) Expected 176256 bytes of wave data, but read only 175104 bytes. Truncated file?
VLOG[2] (compute-mfcc-feats[5.5.1182~1-e02e3]:main():compute-mfcc-feats.cc:182) Processed features for key common_voice_lt_40870813
WARNING (compute-mfcc-feats[5.5.1182~1-e02e3]:Read():wave-reader.cc:304) Expected 116352 bytes of wave data, but read only 115200 bytes. Truncated file?
VLOG[2] (compute-mfcc-feats[5.5.1182~1-e02e3]:main():compute-mfcc-feats.cc:182) Processed features for key common_voice_lt_40870814
WARNING (compute-mfcc-feats[5.5.1182~1-e02e3]:Read():wave-reader.cc:304) Expected 147456 bytes of wave data, but read only 146304 bytes. Truncated file?
VLOG[2] (compute-mfcc-feats[5.5.1182~1-e02e3]:main():compute-mfcc-feats.cc:182) Processed features for key common_voice_lt_40870818
WARNING (compute-mfcc-feats[5.5.1182~1-e02e3]:Read():wave-reader.cc:304) Expected 256896 bytes of wave data, but read only 255744 bytes. Truncated file?
VLOG[2] (compute-mfcc-feats[5.5.1182~1-e02e3]:main():compute-mfcc-feats.cc:182) Processed features for key common_voice_lt_40870823
WARNING (compute-mfcc-feats[5.5.1182~1-e02e3]:Read():wave-reader.cc:304) Expected 130176 bytes of wave data, but read only 129024 bytes. Truncated file?
LOG (compute-mfcc-feats[5.5.1182~1-e02e3]:main():compute-mfcc-feats.cc:181) Processed 660 utterances
VLOG[2] (compute-mfcc-feats[5.5.1182~1-e02e3]:main():compute-mfcc-feats.cc:182) Processed features for key common_voice_lt_40870825
WARNING (compute-mfcc-feats[5.5.1182~1-e02e3]:Read():wave-reader.cc:304) Expected 190080 bytes of wave data, but read only 188928 bytes. Truncated file?
VLOG[2] (compute-mfcc-feats[5.5.1182~1-e02e3]:main():compute-mfcc-feats.cc:182) Processed features for key common_voice_lt_40870826
WARNING (compute-mfcc-feats[5.5.1182~1-e02e3]:Read():wave-reader.cc:304) Expected 214272 bytes of wave data, but read only 213120 bytes. Truncated file?
VLOG[2] (compute-mfcc-feats[5.5.1182~1-e02e3]:main():compute-mfcc-feats.cc:182) Processed features for key common_voice_lt_40870827
WARNING (compute-mfcc-feats[5.5.1182~1-e02e3]:Read():wave-reader.cc:304) Expected 153216 bytes of wave data, but read only 152064 bytes. Truncated file?
VLOG[2] (compute-mfcc-feats[5.5.1182~1-e02e3]:main():compute-mfcc-feats.cc:182) Processed features for key common_voice_lt_40870828
WARNING (compute-mfcc-feats[5.5.1182~1-e02e3]:Read():wave-reader.cc:304) Expected 187776 bytes of wave data, but read only 186624 bytes. Truncated file?
VLOG[2] (compute-mfcc-feats[5.5.1182~1-e02e3]:main():compute-mfcc-feats.cc:182) Processed features for key common_voice_lt_40870829
WARNING (compute-mfcc-feats[5.5.1182~1-e02e3]:Read():wave-reader.cc:304) Expected 156672 bytes of wave data, but read only 155520 bytes. Truncated file?
VLOG[2] (compute-mfcc-feats[5.5.1182~1-e02e3]:main():compute-mfcc-feats.cc:182) Processed features for key common_voice_lt_40870830
WARNING (compute-mfcc-feats[5.5.1182~1-e02e3]:Read():wave-reader.cc:304) Expected 144000 bytes of wave data, but read only 142848 bytes. Truncated file?
VLOG[2] (compute-mfcc-feats[5.5.1182~1-e02e3]:main():compute-mfcc-feats.cc:182) Processed features for key common_voice_lt_40870831
WARNING (compute-mfcc-feats[5.5.1182~1-e02e3]:Read():wave-reader.cc:304) Expected 124416 bytes of wave data, but read only 123264 bytes. Truncated file?
VLOG[2] (compute-mfcc-feats[5.5.1182~1-e02e3]:main():compute-mfcc-feats.cc:182) Processed features for key common_voice_lt_40870832
WARNING (compute-mfcc-feats[5.5.1182~1-e02e3]:Read():wave-reader.cc:304) Expected 118656 bytes of wave data, but read only 117504 bytes. Truncated file?
VLOG[2] (compute-mfcc-feats[5.5.1182~1-e02e3]:main():compute-mfcc-feats.cc:182) Processed features for key common_voice_lt_40870834
WARNING (compute-mfcc-feats[5.5.1182~1-e02e3]:Read():wave-reader.cc:304) Expected 193536 bytes of wave data, but read only 192384 bytes. Truncated file?
VLOG[2] (compute-mfcc-feats[5.5.1182~1-e02e3]:main():compute-mfcc-feats.cc:182) Processed features for key common_voice_lt_40870846
WARNING (compute-mfcc-feats[5.5.1182~1-e02e3]:Read():wave-reader.cc:304) Expected 132480 bytes of wave data, but read only 131328 bytes. Truncated file?
LOG (compute-mfcc-feats[5.5.1182~1-e02e3]:main():compute-mfcc-feats.cc:181) Processed 670 utterances
VLOG[2] (compute-mfcc-feats[5.5.1182~1-e02e3]:main():compute-mfcc-feats.cc:182) Processed features for key common_voice_lt_40870847
WARNING (compute-mfcc-feats[5.5.1182~1-e02e3]:Read():wave-reader.cc:304) Expected 167040 bytes of wave data, but read only 165888 bytes. Truncated file?
VLOG[2] (compute-mfcc-feats[5.5.1182~1-e02e3]:main():compute-mfcc-feats.cc:182) Processed features for key common_voice_lt_40870848
WARNING (compute-mfcc-feats[5.5.1182~1-e02e3]:Read():wave-reader.cc:304) Expected 139392 bytes of wave data, but read only 138240 bytes. Truncated file?
VLOG[2] (compute-mfcc-feats[5.5.1182~1-e02e3]:main():compute-mfcc-feats.cc:182) Processed features for key common_voice_lt_40870849
WARNING (compute-mfcc-feats[5.5.1182~1-e02e3]:Read():wave-reader.cc:304) Expected 130176 bytes of wave data, but read only 129024 bytes. Truncated file?
VLOG[2] (compute-mfcc-feats[5.5.1182~1-e02e3]:main():compute-mfcc-feats.cc:182) Processed features for key common_voice_lt_40870850
WARNING (compute-mfcc-feats[5.5.1182~1-e02e3]:Read():wave-reader.cc:304) Expected 153216 bytes of wave data, but read only 152064 bytes. Truncated file?
VLOG[2] (compute-mfcc-feats[5.5.1182~1-e02e3]:main():compute-mfcc-feats.cc:182) Processed features for key common_voice_lt_40870857
WARNING (compute-mfcc-feats[5.5.1182~1-e02e3]:Read():wave-reader.cc:304) Expected 191232 bytes of wave data, but read only 190080 bytes. Truncated file?
VLOG[2] (compute-mfcc-feats[5.5.1182~1-e02e3]:main():compute-mfcc-feats.cc:182) Processed features for key common_voice_lt_40870858
WARNING (compute-mfcc-feats[5.5.1182~1-e02e3]:Read():wave-reader.cc:304) Expected 201600 bytes of wave data, but read only 200448 bytes. Truncated file?
VLOG[2] (compute-mfcc-feats[5.5.1182~1-e02e3]:main():compute-mfcc-feats.cc:182) Processed features for key common_voice_lt_40870860
WARNING (compute-mfcc-feats[5.5.1182~1-e02e3]:Read():wave-reader.cc:304) Expected 127872 bytes of wave data, but read only 126720 bytes. Truncated file?
VLOG[2] (compute-mfcc-feats[5.5.1182~1-e02e3]:main():compute-mfcc-feats.cc:182) Processed features for key common_voice_lt_40870866
WARNING (compute-mfcc-feats[5.5.1182~1-e02e3]:Read():wave-reader.cc:304) Expected 173952 bytes of wave data, but read only 172800 bytes. Truncated file?
VLOG[2] (compute-mfcc-feats[5.5.1182~1-e02e3]:main():compute-mfcc-feats.cc:182) Processed features for key common_voice_lt_40870867
WARNING (compute-mfcc-feats[5.5.1182~1-e02e3]:Read():wave-reader.cc:304) Expected 168192 bytes of wave data, but read only 167040 bytes. Truncated file?
VLOG[2] (compute-mfcc-feats[5.5.1182~1-e02e3]:main():compute-mfcc-feats.cc:182) Processed features for key common_voice_lt_40870868
WARNING (compute-mfcc-feats[5.5.1182~1-e02e3]:Read():wave-reader.cc:304) Expected 127872 bytes of wave data, but read only 126720 bytes. Truncated file?
LOG (compute-mfcc-feats[5.5.1182~1-e02e3]:main():compute-mfcc-feats.cc:181) Processed 680 utterances
VLOG[2] (compute-mfcc-feats[5.5.1182~1-e02e3]:main():compute-mfcc-feats.cc:182) Processed features for key common_voice_lt_40870869
WARNING (compute-mfcc-feats[5.5.1182~1-e02e3]:Read():wave-reader.cc:304) Expected 124416 bytes of wave data, but read only 123264 bytes. Truncated file?
VLOG[2] (compute-mfcc-feats[5.5.1182~1-e02e3]:main():compute-mfcc-feats.cc:182) Processed features for key common_voice_lt_40870878
WARNING (compute-mfcc-feats[5.5.1182~1-e02e3]:Read():wave-reader.cc:304) Expected 153216 bytes of wave data, but read only 152064 bytes. Truncated file?
VLOG[2] (compute-mfcc-feats[5.5.1182~1-e02e3]:main():compute-mfcc-feats.cc:182) Processed features for key common_voice_lt_40870879
WARNING (compute-mfcc-feats[5.5.1182~1-e02e3]:Read():wave-reader.cc:304) Expected 168192 bytes of wave data, but read only 167040 bytes. Truncated file?
VLOG[2] (compute-mfcc-feats[5.5.1182~1-e02e3]:main():compute-mfcc-feats.cc:182) Processed features for key common_voice_lt_40870880
WARNING (compute-mfcc-feats[5.5.1182~1-e02e3]:Read():wave-reader.cc:304) Expected 179712 bytes of wave data, but read only 178560 bytes. Truncated file?
VLOG[2] (compute-mfcc-feats[5.5.1182~1-e02e3]:main():compute-mfcc-feats.cc:182) Processed features for key common_voice_lt_40870882
WARNING (compute-mfcc-feats[5.5.1182~1-e02e3]:Read():wave-reader.cc:304) Expected 132480 bytes of wave data, but read only 131328 bytes. Truncated file?
VLOG[2] (compute-mfcc-feats[5.5.1182~1-e02e3]:main():compute-mfcc-feats.cc:182) Processed features for key common_voice_lt_40870883
WARNING (compute-mfcc-feats[5.5.1182~1-e02e3]:Read():wave-reader.cc:304) Expected 205056 bytes of wave data, but read only 203904 bytes. Truncated file?
VLOG[2] (compute-mfcc-feats[5.5.1182~1-e02e3]:main():compute-mfcc-feats.cc:182) Processed features for key common_voice_lt_40870888
WARNING (compute-mfcc-feats[5.5.1182~1-e02e3]:Read():wave-reader.cc:304) Expected 185472 bytes of wave data, but read only 184320 bytes. Truncated file?
VLOG[2] (compute-mfcc-feats[5.5.1182~1-e02e3]:main():compute-mfcc-feats.cc:182) Processed features for key common_voice_lt_40870897
WARNING (compute-mfcc-feats[5.5.1182~1-e02e3]:Read():wave-reader.cc:304) Expected 164736 bytes of wave data, but read only 163584 bytes. Truncated file?
VLOG[2] (compute-mfcc-feats[5.5.1182~1-e02e3]:main():compute-mfcc-feats.cc:182) Processed features for key common_voice_lt_40870898
WARNING (compute-mfcc-feats[5.5.1182~1-e02e3]:Read():wave-reader.cc:304) Expected 135936 bytes of wave data, but read only 134784 bytes. Truncated file?
VLOG[2] (compute-mfcc-feats[5.5.1182~1-e02e3]:main():compute-mfcc-feats.cc:182) Processed features for key common_voice_lt_40870899
WARNING (compute-mfcc-feats[5.5.1182~1-e02e3]:Read():wave-reader.cc:304) Expected 124416 bytes of wave data, but read only 123264 bytes. Truncated file?
LOG (compute-mfcc-feats[5.5.1182~1-e02e3]:main():compute-mfcc-feats.cc:181) Processed 690 utterances
VLOG[2] (compute-mfcc-feats[5.5.1182~1-e02e3]:main():compute-mfcc-feats.cc:182) Processed features for key common_voice_lt_40870910
WARNING (compute-mfcc-feats[5.5.1182~1-e02e3]:Read():wave-reader.cc:304) Expected 112896 bytes of wave data, but read only 111744 bytes. Truncated file?
VLOG[2] (compute-mfcc-feats[5.5.1182~1-e02e3]:main():compute-mfcc-feats.cc:182) Processed features for key common_voice_lt_40870911
WARNING (compute-mfcc-feats[5.5.1182~1-e02e3]:Read():wave-reader.cc:304) Expected 237312 bytes of wave data, but read only 236160 bytes. Truncated file?
VLOG[2] (compute-mfcc-feats[5.5.1182~1-e02e3]:main():compute-mfcc-feats.cc:182) Processed features for key common_voice_lt_40870914
WARNING (compute-mfcc-feats[5.5.1182~1-e02e3]:Read():wave-reader.cc:304) Expected 184320 bytes of wave data, but read only 183168 bytes. Truncated file?
VLOG[2] (compute-mfcc-feats[5.5.1182~1-e02e3]:main():compute-mfcc-feats.cc:182) Processed features for key common_voice_lt_40874587
WARNING (compute-mfcc-feats[5.5.1182~1-e02e3]:Read():wave-reader.cc:304) Expected 299520 bytes of wave data, but read only 298368 bytes. Truncated file?
VLOG[2] (compute-mfcc-feats[5.5.1182~1-e02e3]:main():compute-mfcc-feats.cc:182) Processed features for key common_voice_lt_40874590
WARNING (compute-mfcc-feats[5.5.1182~1-e02e3]:Read():wave-reader.cc:304) Expected 231552 bytes of wave data, but read only 230400 bytes. Truncated file?
VLOG[2] (compute-mfcc-feats[5.5.1182~1-e02e3]:main():compute-mfcc-feats.cc:182) Processed features for key common_voice_lt_40874592
WARNING (compute-mfcc-feats[5.5.1182~1-e02e3]:Read():wave-reader.cc:304) Expected 199296 bytes of wave data, but read only 198144 bytes. Truncated file?
VLOG[2] (compute-mfcc-feats[5.5.1182~1-e02e3]:main():compute-mfcc-feats.cc:182) Processed features for key common_voice_lt_40874593
WARNING (compute-mfcc-feats[5.5.1182~1-e02e3]:Read():wave-reader.cc:304) Expected 195840 bytes of wave data, but read only 194688 bytes. Truncated file?
VLOG[2] (compute-mfcc-feats[5.5.1182~1-e02e3]:main():compute-mfcc-feats.cc:182) Processed features for key common_voice_lt_40874596
WARNING (compute-mfcc-feats[5.5.1182~1-e02e3]:Read():wave-reader.cc:304) Expected 156672 bytes of wave data, but read only 155520 bytes. Truncated file?
VLOG[2] (compute-mfcc-feats[5.5.1182~1-e02e3]:main():compute-mfcc-feats.cc:182) Processed features for key common_voice_lt_40874602
WARNING (compute-mfcc-feats[5.5.1182~1-e02e3]:Read():wave-reader.cc:304) Expected 126720 bytes of wave data, but read only 125568 bytes. Truncated file?
VLOG[2] (compute-mfcc-feats[5.5.1182~1-e02e3]:main():compute-mfcc-feats.cc:182) Processed features for key common_voice_lt_40874603
WARNING (compute-mfcc-feats[5.5.1182~1-e02e3]:Read():wave-reader.cc:304) Expected 184320 bytes of wave data, but read only 183168 bytes. Truncated file?
LOG (compute-mfcc-feats[5.5.1182~1-e02e3]:main():compute-mfcc-feats.cc:181) Processed 700 utterances
VLOG[2] (compute-mfcc-feats[5.5.1182~1-e02e3]:main():compute-mfcc-feats.cc:182) Processed features for key common_voice_lt_40874604
WARNING (compute-mfcc-feats[5.5.1182~1-e02e3]:Read():wave-reader.cc:304) Expected 210816 bytes of wave data, but read only 209664 bytes. Truncated file?
VLOG[2] (compute-mfcc-feats[5.5.1182~1-e02e3]:main():compute-mfcc-feats.cc:182) Processed features for key common_voice_lt_40874615
WARNING (compute-mfcc-feats[5.5.1182~1-e02e3]:Read():wave-reader.cc:304) Expected 139392 bytes of wave data, but read only 138240 bytes. Truncated file?
VLOG[2] (compute-mfcc-feats[5.5.1182~1-e02e3]:main():compute-mfcc-feats.cc:182) Processed features for key common_voice_lt_40874622
WARNING (compute-mfcc-feats[5.5.1182~1-e02e3]:Read():wave-reader.cc:304) Expected 213120 bytes of wave data, but read only 211968 bytes. Truncated file?
VLOG[2] (compute-mfcc-feats[5.5.1182~1-e02e3]:main():compute-mfcc-feats.cc:182) Processed features for key common_voice_lt_40874624
WARNING (compute-mfcc-feats[5.5.1182~1-e02e3]:Read():wave-reader.cc:304) Expected 216576 bytes of wave data, but read only 215424 bytes. Truncated file?
VLOG[2] (compute-mfcc-feats[5.5.1182~1-e02e3]:main():compute-mfcc-feats.cc:182) Processed features for key common_voice_lt_40874625
WARNING (compute-mfcc-feats[5.5.1182~1-e02e3]:Read():wave-reader.cc:304) Expected 126720 bytes of wave data, but read only 125568 bytes. Truncated file?
VLOG[2] (compute-mfcc-feats[5.5.1182~1-e02e3]:main():compute-mfcc-feats.cc:182) Processed features for key common_voice_lt_40874626
WARNING (compute-mfcc-feats[5.5.1182~1-e02e3]:Read():wave-reader.cc:304) Expected 149760 bytes of wave data, but read only 148608 bytes. Truncated file?
VLOG[2] (compute-mfcc-feats[5.5.1182~1-e02e3]:main():compute-mfcc-feats.cc:182) Processed features for key common_voice_lt_40874636
WARNING (compute-mfcc-feats[5.5.1182~1-e02e3]:Read():wave-reader.cc:304) Expected 251136 bytes of wave data, but read only 249984 bytes. Truncated file?
VLOG[2] (compute-mfcc-feats[5.5.1182~1-e02e3]:main():compute-mfcc-feats.cc:182) Processed features for key common_voice_lt_40874647
WARNING (compute-mfcc-feats[5.5.1182~1-e02e3]:Read():wave-reader.cc:304) Expected 182016 bytes of wave data, but read only 180864 bytes. Truncated file?
VLOG[2] (compute-mfcc-feats[5.5.1182~1-e02e3]:main():compute-mfcc-feats.cc:182) Processed features for key common_voice_lt_40874648
WARNING (compute-mfcc-feats[5.5.1182~1-e02e3]:Read():wave-reader.cc:304) Expected 193536 bytes of wave data, but read only 192384 bytes. Truncated file?
VLOG[2] (compute-mfcc-feats[5.5.1182~1-e02e3]:main():compute-mfcc-feats.cc:182) Processed features for key common_voice_lt_40874649
WARNING (compute-mfcc-feats[5.5.1182~1-e02e3]:Read():wave-reader.cc:304) Expected 185472 bytes of wave data, but read only 184320 bytes. Truncated file?
LOG (compute-mfcc-feats[5.5.1182~1-e02e3]:main():compute-mfcc-feats.cc:181) Processed 710 utterances
VLOG[2] (compute-mfcc-feats[5.5.1182~1-e02e3]:main():compute-mfcc-feats.cc:182) Processed features for key common_voice_lt_40874657
WARNING (compute-mfcc-feats[5.5.1182~1-e02e3]:Read():wave-reader.cc:304) Expected 179712 bytes of wave data, but read only 178560 bytes. Truncated file?
VLOG[2] (compute-mfcc-feats[5.5.1182~1-e02e3]:main():compute-mfcc-feats.cc:182) Processed features for key common_voice_lt_40874658
WARNING (compute-mfcc-feats[5.5.1182~1-e02e3]:Read():wave-reader.cc:304) Expected 156672 bytes of wave data, but read only 155520 bytes. Truncated file?
VLOG[2] (compute-mfcc-feats[5.5.1182~1-e02e3]:main():compute-mfcc-feats.cc:182) Processed features for key common_voice_lt_40874659
WARNING (compute-mfcc-feats[5.5.1182~1-e02e3]:Read():wave-reader.cc:304) Expected 248832 bytes of wave data, but read only 247680 bytes. Truncated file?
VLOG[2] (compute-mfcc-feats[5.5.1182~1-e02e3]:main():compute-mfcc-feats.cc:182) Processed features for key common_voice_lt_40874668
WARNING (compute-mfcc-feats[5.5.1182~1-e02e3]:Read():wave-reader.cc:304) Expected 199296 bytes of wave data, but read only 198144 bytes. Truncated file?
VLOG[2] (compute-mfcc-feats[5.5.1182~1-e02e3]:main():compute-mfcc-feats.cc:182) Processed features for key common_voice_lt_40874669
WARNING (compute-mfcc-feats[5.5.1182~1-e02e3]:Read():wave-reader.cc:304) Expected 150912 bytes of wave data, but read only 149760 bytes. Truncated file?
VLOG[2] (compute-mfcc-feats[5.5.1182~1-e02e3]:main():compute-mfcc-feats.cc:182) Processed features for key common_voice_lt_40874670
WARNING (compute-mfcc-feats[5.5.1182~1-e02e3]:Read():wave-reader.cc:304) Expected 170496 bytes of wave data, but read only 169344 bytes. Truncated file?
VLOG[2] (compute-mfcc-feats[5.5.1182~1-e02e3]:main():compute-mfcc-feats.cc:182) Processed features for key common_voice_lt_40874671
WARNING (compute-mfcc-feats[5.5.1182~1-e02e3]:Read():wave-reader.cc:304) Expected 248832 bytes of wave data, but read only 247680 bytes. Truncated file?
VLOG[2] (compute-mfcc-feats[5.5.1182~1-e02e3]:main():compute-mfcc-feats.cc:182) Processed features for key common_voice_lt_40874672
WARNING (compute-mfcc-feats[5.5.1182~1-e02e3]:Read():wave-reader.cc:304) Expected 213120 bytes of wave data, but read only 211968 bytes. Truncated file?
VLOG[2] (compute-mfcc-feats[5.5.1182~1-e02e3]:main():compute-mfcc-feats.cc:182) Processed features for key common_voice_lt_40874673
WARNING (compute-mfcc-feats[5.5.1182~1-e02e3]:Read():wave-reader.cc:304) Expected 126720 bytes of wave data, but read only 125568 bytes. Truncated file?
VLOG[2] (compute-mfcc-feats[5.5.1182~1-e02e3]:main():compute-mfcc-feats.cc:182) Processed features for key common_voice_lt_40874674
WARNING (compute-mfcc-feats[5.5.1182~1-e02e3]:Read():wave-reader.cc:304) Expected 138240 bytes of wave data, but read only 137088 bytes. Truncated file?
LOG (compute-mfcc-feats[5.5.1182~1-e02e3]:main():compute-mfcc-feats.cc:181) Processed 720 utterances
VLOG[2] (compute-mfcc-feats[5.5.1182~1-e02e3]:main():compute-mfcc-feats.cc:182) Processed features for key common_voice_lt_40874676
WARNING (compute-mfcc-feats[5.5.1182~1-e02e3]:Read():wave-reader.cc:304) Expected 127872 bytes of wave data, but read only 126720 bytes. Truncated file?
VLOG[2] (compute-mfcc-feats[5.5.1182~1-e02e3]:main():compute-mfcc-feats.cc:182) Processed features for key common_voice_lt_40874677
WARNING (compute-mfcc-feats[5.5.1182~1-e02e3]:Read():wave-reader.cc:304) Expected 135936 bytes of wave data, but read only 134784 bytes. Truncated file?
VLOG[2] (compute-mfcc-feats[5.5.1182~1-e02e3]:main():compute-mfcc-feats.cc:182) Processed features for key common_voice_lt_40874678
WARNING (compute-mfcc-feats[5.5.1182~1-e02e3]:Read():wave-reader.cc:304) Expected 144000 bytes of wave data, but read only 142848 bytes. Truncated file?
VLOG[2] (compute-mfcc-feats[5.5.1182~1-e02e3]:main():compute-mfcc-feats.cc:182) Processed features for key common_voice_lt_40874679
WARNING (compute-mfcc-feats[5.5.1182~1-e02e3]:Read():wave-reader.cc:304) Expected 141696 bytes of wave data, but read only 140544 bytes. Truncated file?
VLOG[2] (compute-mfcc-feats[5.5.1182~1-e02e3]:main():compute-mfcc-feats.cc:182) Processed features for key common_voice_lt_40874681
WARNING (compute-mfcc-feats[5.5.1182~1-e02e3]:Read():wave-reader.cc:304) Expected 130176 bytes of wave data, but read only 129024 bytes. Truncated file?
VLOG[2] (compute-mfcc-feats[5.5.1182~1-e02e3]:main():compute-mfcc-feats.cc:182) Processed features for key common_voice_lt_40874682
WARNING (compute-mfcc-feats[5.5.1182~1-e02e3]:Read():wave-reader.cc:304) Expected 187776 bytes of wave data, but read only 186624 bytes. Truncated file?
VLOG[2] (compute-mfcc-feats[5.5.1182~1-e02e3]:main():compute-mfcc-feats.cc:182) Processed features for key common_voice_lt_40874684
WARNING (compute-mfcc-feats[5.5.1182~1-e02e3]:Read():wave-reader.cc:304) Expected 210816 bytes of wave data, but read only 209664 bytes. Truncated file?
VLOG[2] (compute-mfcc-feats[5.5.1182~1-e02e3]:main():compute-mfcc-feats.cc:182) Processed features for key common_voice_lt_40874685
WARNING (compute-mfcc-feats[5.5.1182~1-e02e3]:Read():wave-reader.cc:304) Expected 156672 bytes of wave data, but read only 155520 bytes. Truncated file?
VLOG[2] (compute-mfcc-feats[5.5.1182~1-e02e3]:main():compute-mfcc-feats.cc:182) Processed features for key common_voice_lt_40874686
WARNING (compute-mfcc-feats[5.5.1182~1-e02e3]:Read():wave-reader.cc:304) Expected 239616 bytes of wave data, but read only 238464 bytes. Truncated file?
VLOG[2] (compute-mfcc-feats[5.5.1182~1-e02e3]:main():compute-mfcc-feats.cc:182) Processed features for key common_voice_lt_40874745
WARNING (compute-mfcc-feats[5.5.1182~1-e02e3]:Read():wave-reader.cc:304) Expected 196992 bytes of wave data, but read only 195840 bytes. Truncated file?
LOG (compute-mfcc-feats[5.5.1182~1-e02e3]:main():compute-mfcc-feats.cc:181) Processed 730 utterances
VLOG[2] (compute-mfcc-feats[5.5.1182~1-e02e3]:main():compute-mfcc-feats.cc:182) Processed features for key common_voice_lt_40874747
WARNING (compute-mfcc-feats[5.5.1182~1-e02e3]:Read():wave-reader.cc:304) Expected 191232 bytes of wave data, but read only 190080 bytes. Truncated file?
VLOG[2] (compute-mfcc-feats[5.5.1182~1-e02e3]:main():compute-mfcc-feats.cc:182) Processed features for key common_voice_lt_40874748
WARNING (compute-mfcc-feats[5.5.1182~1-e02e3]:Read():wave-reader.cc:304) Expected 213120 bytes of wave data, but read only 211968 bytes. Truncated file?
VLOG[2] (compute-mfcc-feats[5.5.1182~1-e02e3]:main():compute-mfcc-feats.cc:182) Processed features for key common_voice_lt_40874749
WARNING (compute-mfcc-feats[5.5.1182~1-e02e3]:Read():wave-reader.cc:304) Expected 305280 bytes of wave data, but read only 304128 bytes. Truncated file?
VLOG[2] (compute-mfcc-feats[5.5.1182~1-e02e3]:main():compute-mfcc-feats.cc:182) Processed features for key common_voice_lt_40874762
WARNING (compute-mfcc-feats[5.5.1182~1-e02e3]:Read():wave-reader.cc:304) Expected 139392 bytes of wave data, but read only 138240 bytes. Truncated file?
VLOG[2] (compute-mfcc-feats[5.5.1182~1-e02e3]:main():compute-mfcc-feats.cc:182) Processed features for key common_voice_lt_40874763
WARNING (compute-mfcc-feats[5.5.1182~1-e02e3]:Read():wave-reader.cc:304) Expected 138240 bytes of wave data, but read only 137088 bytes. Truncated file?
VLOG[2] (compute-mfcc-feats[5.5.1182~1-e02e3]:main():compute-mfcc-feats.cc:182) Processed features for key common_voice_lt_40874765
WARNING (compute-mfcc-feats[5.5.1182~1-e02e3]:Read():wave-reader.cc:304) Expected 187776 bytes of wave data, but read only 186624 bytes. Truncated file?
VLOG[2] (compute-mfcc-feats[5.5.1182~1-e02e3]:main():compute-mfcc-feats.cc:182) Processed features for key common_voice_lt_40874766
WARNING (compute-mfcc-feats[5.5.1182~1-e02e3]:Read():wave-reader.cc:304) Expected 168192 bytes of wave data, but read only 167040 bytes. Truncated file?
VLOG[2] (compute-mfcc-feats[5.5.1182~1-e02e3]:main():compute-mfcc-feats.cc:182) Processed features for key common_voice_lt_40874767
WARNING (compute-mfcc-feats[5.5.1182~1-e02e3]:Read():wave-reader.cc:304) Expected 173952 bytes of wave data, but read only 172800 bytes. Truncated file?
VLOG[2] (compute-mfcc-feats[5.5.1182~1-e02e3]:main():compute-mfcc-feats.cc:182) Processed features for key common_voice_lt_40874773
WARNING (compute-mfcc-feats[5.5.1182~1-e02e3]:Read():wave-reader.cc:304) Expected 130176 bytes of wave data, but read only 129024 bytes. Truncated file?
VLOG[2] (compute-mfcc-feats[5.5.1182~1-e02e3]:main():compute-mfcc-feats.cc:182) Processed features for key common_voice_lt_40874774
WARNING (compute-mfcc-feats[5.5.1182~1-e02e3]:Read():wave-reader.cc:304) Expected 184320 bytes of wave data, but read only 183168 bytes. Truncated file?
LOG (compute-mfcc-feats[5.5.1182~1-e02e3]:main():compute-mfcc-feats.cc:181) Processed 740 utterances
VLOG[2] (compute-mfcc-feats[5.5.1182~1-e02e3]:main():compute-mfcc-feats.cc:182) Processed features for key common_voice_lt_40874776
WARNING (compute-mfcc-feats[5.5.1182~1-e02e3]:Read():wave-reader.cc:304) Expected 187776 bytes of wave data, but read only 186624 bytes. Truncated file?
VLOG[2] (compute-mfcc-feats[5.5.1182~1-e02e3]:main():compute-mfcc-feats.cc:182) Processed features for key common_voice_lt_40874778
WARNING (compute-mfcc-feats[5.5.1182~1-e02e3]:Read():wave-reader.cc:304) Expected 155520 bytes of wave data, but read only 154368 bytes. Truncated file?
VLOG[2] (compute-mfcc-feats[5.5.1182~1-e02e3]:main():compute-mfcc-feats.cc:182) Processed features for key common_voice_lt_40874792
WARNING (compute-mfcc-feats[5.5.1182~1-e02e3]:Read():wave-reader.cc:304) Expected 141696 bytes of wave data, but read only 140544 bytes. Truncated file?
VLOG[2] (compute-mfcc-feats[5.5.1182~1-e02e3]:main():compute-mfcc-feats.cc:182) Processed features for key common_voice_lt_40874793
WARNING (compute-mfcc-feats[5.5.1182~1-e02e3]:Read():wave-reader.cc:304) Expected 147456 bytes of wave data, but read only 146304 bytes. Truncated file?
VLOG[2] (compute-mfcc-feats[5.5.1182~1-e02e3]:main():compute-mfcc-feats.cc:182) Processed features for key common_voice_lt_40874812
WARNING (compute-mfcc-feats[5.5.1182~1-e02e3]:Read():wave-reader.cc:304) Expected 196992 bytes of wave data, but read only 195840 bytes. Truncated file?
VLOG[2] (compute-mfcc-feats[5.5.1182~1-e02e3]:main():compute-mfcc-feats.cc:182) Processed features for key common_voice_lt_40874813
WARNING (compute-mfcc-feats[5.5.1182~1-e02e3]:Read():wave-reader.cc:304) Expected 193536 bytes of wave data, but read only 192384 bytes. Truncated file?
VLOG[2] (compute-mfcc-feats[5.5.1182~1-e02e3]:main():compute-mfcc-feats.cc:182) Processed features for key common_voice_lt_40874829
WARNING (compute-mfcc-feats[5.5.1182~1-e02e3]:Read():wave-reader.cc:304) Expected 156672 bytes of wave data, but read only 155520 bytes. Truncated file?
VLOG[2] (compute-mfcc-feats[5.5.1182~1-e02e3]:main():compute-mfcc-feats.cc:182) Processed features for key common_voice_lt_40874830
WARNING (compute-mfcc-feats[5.5.1182~1-e02e3]:Read():wave-reader.cc:304) Expected 110592 bytes of wave data, but read only 109440 bytes. Truncated file?
VLOG[2] (compute-mfcc-feats[5.5.1182~1-e02e3]:main():compute-mfcc-feats.cc:182) Processed features for key common_voice_lt_40874842
WARNING (compute-mfcc-feats[5.5.1182~1-e02e3]:Read():wave-reader.cc:304) Expected 150912 bytes of wave data, but read only 149760 bytes. Truncated file?
VLOG[2] (compute-mfcc-feats[5.5.1182~1-e02e3]:main():compute-mfcc-feats.cc:182) Processed features for key common_voice_lt_40874845
WARNING (compute-mfcc-feats[5.5.1182~1-e02e3]:Read():wave-reader.cc:304) Expected 122112 bytes of wave data, but read only 120960 bytes. Truncated file?
LOG (compute-mfcc-feats[5.5.1182~1-e02e3]:main():compute-mfcc-feats.cc:181) Processed 750 utterances
VLOG[2] (compute-mfcc-feats[5.5.1182~1-e02e3]:main():compute-mfcc-feats.cc:182) Processed features for key common_voice_lt_40874846
WARNING (compute-mfcc-feats[5.5.1182~1-e02e3]:Read():wave-reader.cc:304) Expected 126720 bytes of wave data, but read only 125568 bytes. Truncated file?
VLOG[2] (compute-mfcc-feats[5.5.1182~1-e02e3]:main():compute-mfcc-feats.cc:182) Processed features for key common_voice_lt_40874854
WARNING (compute-mfcc-feats[5.5.1182~1-e02e3]:Read():wave-reader.cc:304) Expected 130176 bytes of wave data, but read only 129024 bytes. Truncated file?
VLOG[2] (compute-mfcc-feats[5.5.1182~1-e02e3]:main():compute-mfcc-feats.cc:182) Processed features for key common_voice_lt_40874859
WARNING (compute-mfcc-feats[5.5.1182~1-e02e3]:Read():wave-reader.cc:304) Expected 156672 bytes of wave data, but read only 155520 bytes. Truncated file?
VLOG[2] (compute-mfcc-feats[5.5.1182~1-e02e3]:main():compute-mfcc-feats.cc:182) Processed features for key common_voice_lt_40874864
WARNING (compute-mfcc-feats[5.5.1182~1-e02e3]:Read():wave-reader.cc:304) Expected 158976 bytes of wave data, but read only 157824 bytes. Truncated file?
VLOG[2] (compute-mfcc-feats[5.5.1182~1-e02e3]:main():compute-mfcc-feats.cc:182) Processed features for key common_voice_lt_40874866
WARNING (compute-mfcc-feats[5.5.1182~1-e02e3]:Read():wave-reader.cc:304) Expected 228096 bytes of wave data, but read only 226944 bytes. Truncated file?
VLOG[2] (compute-mfcc-feats[5.5.1182~1-e02e3]:main():compute-mfcc-feats.cc:182) Processed features for key common_voice_lt_40874871
WARNING (compute-mfcc-feats[5.5.1182~1-e02e3]:Read():wave-reader.cc:304) Expected 170496 bytes of wave data, but read only 169344 bytes. Truncated file?
VLOG[2] (compute-mfcc-feats[5.5.1182~1-e02e3]:main():compute-mfcc-feats.cc:182) Processed features for key common_voice_lt_40874884
WARNING (compute-mfcc-feats[5.5.1182~1-e02e3]:Read():wave-reader.cc:304) Expected 220032 bytes of wave data, but read only 218880 bytes. Truncated file?
VLOG[2] (compute-mfcc-feats[5.5.1182~1-e02e3]:main():compute-mfcc-feats.cc:182) Processed features for key common_voice_lt_40874885
WARNING (compute-mfcc-feats[5.5.1182~1-e02e3]:Read():wave-reader.cc:304) Expected 236160 bytes of wave data, but read only 235008 bytes. Truncated file?
VLOG[2] (compute-mfcc-feats[5.5.1182~1-e02e3]:main():compute-mfcc-feats.cc:182) Processed features for key common_voice_lt_40874904
WARNING (compute-mfcc-feats[5.5.1182~1-e02e3]:Read():wave-reader.cc:304) Expected 162432 bytes of wave data, but read only 161280 bytes. Truncated file?
VLOG[2] (compute-mfcc-feats[5.5.1182~1-e02e3]:main():compute-mfcc-feats.cc:182) Processed features for key common_voice_lt_40874905
WARNING (compute-mfcc-feats[5.5.1182~1-e02e3]:Read():wave-reader.cc:304) Expected 199296 bytes of wave data, but read only 198144 bytes. Truncated file?
LOG (compute-mfcc-feats[5.5.1182~1-e02e3]:main():compute-mfcc-feats.cc:181) Processed 760 utterances
VLOG[2] (compute-mfcc-feats[5.5.1182~1-e02e3]:main():compute-mfcc-feats.cc:182) Processed features for key common_voice_lt_40874906
WARNING (compute-mfcc-feats[5.5.1182~1-e02e3]:Read():wave-reader.cc:304) Expected 141696 bytes of wave data, but read only 140544 bytes. Truncated file?
VLOG[2] (compute-mfcc-feats[5.5.1182~1-e02e3]:main():compute-mfcc-feats.cc:182) Processed features for key common_voice_lt_40874907
WARNING (compute-mfcc-feats[5.5.1182~1-e02e3]:Read():wave-reader.cc:304) Expected 164736 bytes of wave data, but read only 163584 bytes. Truncated file?
VLOG[2] (compute-mfcc-feats[5.5.1182~1-e02e3]:main():compute-mfcc-feats.cc:182) Processed features for key common_voice_lt_40874909
WARNING (compute-mfcc-feats[5.5.1182~1-e02e3]:Read():wave-reader.cc:304) Expected 187776 bytes of wave data, but read only 186624 bytes. Truncated file?
VLOG[2] (compute-mfcc-feats[5.5.1182~1-e02e3]:main():compute-mfcc-feats.cc:182) Processed features for key common_voice_lt_40874985
WARNING (compute-mfcc-feats[5.5.1182~1-e02e3]:Read():wave-reader.cc:304) Expected 153216 bytes of wave data, but read only 152064 bytes. Truncated file?
VLOG[2] (compute-mfcc-feats[5.5.1182~1-e02e3]:main():compute-mfcc-feats.cc:182) Processed features for key common_voice_lt_40874986
WARNING (compute-mfcc-feats[5.5.1182~1-e02e3]:Read():wave-reader.cc:304) Expected 135936 bytes of wave data, but read only 134784 bytes. Truncated file?
VLOG[2] (compute-mfcc-feats[5.5.1182~1-e02e3]:main():compute-mfcc-feats.cc:182) Processed features for key common_voice_lt_40874987
WARNING (compute-mfcc-feats[5.5.1182~1-e02e3]:Read():wave-reader.cc:304) Expected 161280 bytes of wave data, but read only 160128 bytes. Truncated file?
VLOG[2] (compute-mfcc-feats[5.5.1182~1-e02e3]:main():compute-mfcc-feats.cc:182) Processed features for key common_voice_lt_40875012
WARNING (compute-mfcc-feats[5.5.1182~1-e02e3]:Read():wave-reader.cc:304) Expected 162432 bytes of wave data, but read only 161280 bytes. Truncated file?
VLOG[2] (compute-mfcc-feats[5.5.1182~1-e02e3]:main():compute-mfcc-feats.cc:182) Processed features for key common_voice_lt_40875024
WARNING (compute-mfcc-feats[5.5.1182~1-e02e3]:Read():wave-reader.cc:304) Expected 266112 bytes of wave data, but read only 264960 bytes. Truncated file?
VLOG[2] (compute-mfcc-feats[5.5.1182~1-e02e3]:main():compute-mfcc-feats.cc:182) Processed features for key common_voice_lt_40875025
WARNING (compute-mfcc-feats[5.5.1182~1-e02e3]:Read():wave-reader.cc:304) Expected 266112 bytes of wave data, but read only 264960 bytes. Truncated file?
VLOG[2] (compute-mfcc-feats[5.5.1182~1-e02e3]:main():compute-mfcc-feats.cc:182) Processed features for key common_voice_lt_40875042
WARNING (compute-mfcc-feats[5.5.1182~1-e02e3]:Read():wave-reader.cc:304) Expected 164736 bytes of wave data, but read only 163584 bytes. Truncated file?
LOG (compute-mfcc-feats[5.5.1182~1-e02e3]:main():compute-mfcc-feats.cc:181) Processed 770 utterances
VLOG[2] (compute-mfcc-feats[5.5.1182~1-e02e3]:main():compute-mfcc-feats.cc:182) Processed features for key common_voice_lt_40875044
WARNING (compute-mfcc-feats[5.5.1182~1-e02e3]:Read():wave-reader.cc:304) Expected 205056 bytes of wave data, but read only 203904 bytes. Truncated file?
VLOG[2] (compute-mfcc-feats[5.5.1182~1-e02e3]:main():compute-mfcc-feats.cc:182) Processed features for key common_voice_lt_40875061
WARNING (compute-mfcc-feats[5.5.1182~1-e02e3]:Read():wave-reader.cc:304) Expected 214272 bytes of wave data, but read only 213120 bytes. Truncated file?
VLOG[2] (compute-mfcc-feats[5.5.1182~1-e02e3]:main():compute-mfcc-feats.cc:182) Processed features for key common_voice_lt_40875096
WARNING (compute-mfcc-feats[5.5.1182~1-e02e3]:Read():wave-reader.cc:304) Expected 132480 bytes of wave data, but read only 131328 bytes. Truncated file?
VLOG[2] (compute-mfcc-feats[5.5.1182~1-e02e3]:main():compute-mfcc-feats.cc:182) Processed features for key common_voice_lt_40875097
WARNING (compute-mfcc-feats[5.5.1182~1-e02e3]:Read():wave-reader.cc:304) Expected 158976 bytes of wave data, but read only 157824 bytes. Truncated file?
VLOG[2] (compute-mfcc-feats[5.5.1182~1-e02e3]:main():compute-mfcc-feats.cc:182) Processed features for key common_voice_lt_40875100
WARNING (compute-mfcc-feats[5.5.1182~1-e02e3]:Read():wave-reader.cc:304) Expected 168192 bytes of wave data, but read only 167040 bytes. Truncated file?
VLOG[2] (compute-mfcc-feats[5.5.1182~1-e02e3]:main():compute-mfcc-feats.cc:182) Processed features for key common_voice_lt_40875116
WARNING (compute-mfcc-feats[5.5.1182~1-e02e3]:Read():wave-reader.cc:304) Expected 138240 bytes of wave data, but read only 137088 bytes. Truncated file?
VLOG[2] (compute-mfcc-feats[5.5.1182~1-e02e3]:main():compute-mfcc-feats.cc:182) Processed features for key common_voice_lt_40875120
WARNING (compute-mfcc-feats[5.5.1182~1-e02e3]:Read():wave-reader.cc:304) Expected 218880 bytes of wave data, but read only 217728 bytes. Truncated file?
VLOG[2] (compute-mfcc-feats[5.5.1182~1-e02e3]:main():compute-mfcc-feats.cc:182) Processed features for key common_voice_lt_40875132
WARNING (compute-mfcc-feats[5.5.1182~1-e02e3]:Read():wave-reader.cc:304) Expected 164736 bytes of wave data, but read only 163584 bytes. Truncated file?
VLOG[2] (compute-mfcc-feats[5.5.1182~1-e02e3]:main():compute-mfcc-feats.cc:182) Processed features for key common_voice_lt_40875135
WARNING (compute-mfcc-feats[5.5.1182~1-e02e3]:Read():wave-reader.cc:304) Expected 138240 bytes of wave data, but read only 137088 bytes. Truncated file?
VLOG[2] (compute-mfcc-feats[5.5.1182~1-e02e3]:main():compute-mfcc-feats.cc:182) Processed features for key common_voice_lt_40875156
WARNING (compute-mfcc-feats[5.5.1182~1-e02e3]:Read():wave-reader.cc:304) Expected 182016 bytes of wave data, but read only 180864 bytes. Truncated file?
LOG (compute-mfcc-feats[5.5.1182~1-e02e3]:main():compute-mfcc-feats.cc:181) Processed 780 utterances
VLOG[2] (compute-mfcc-feats[5.5.1182~1-e02e3]:main():compute-mfcc-feats.cc:182) Processed features for key common_voice_lt_40875158
WARNING (compute-mfcc-feats[5.5.1182~1-e02e3]:Read():wave-reader.cc:304) Expected 172800 bytes of wave data, but read only 171648 bytes. Truncated file?
VLOG[2] (compute-mfcc-feats[5.5.1182~1-e02e3]:main():compute-mfcc-feats.cc:182) Processed features for key common_voice_lt_40875159
WARNING (compute-mfcc-feats[5.5.1182~1-e02e3]:Read():wave-reader.cc:304) Expected 110592 bytes of wave data, but read only 109440 bytes. Truncated file?
VLOG[2] (compute-mfcc-feats[5.5.1182~1-e02e3]:main():compute-mfcc-feats.cc:182) Processed features for key common_voice_lt_40875160
WARNING (compute-mfcc-feats[5.5.1182~1-e02e3]:Read():wave-reader.cc:304) Expected 138240 bytes of wave data, but read only 137088 bytes. Truncated file?
VLOG[2] (compute-mfcc-feats[5.5.1182~1-e02e3]:main():compute-mfcc-feats.cc:182) Processed features for key common_voice_lt_40875167
WARNING (compute-mfcc-feats[5.5.1182~1-e02e3]:Read():wave-reader.cc:304) Expected 208512 bytes of wave data, but read only 207360 bytes. Truncated file?
VLOG[2] (compute-mfcc-feats[5.5.1182~1-e02e3]:main():compute-mfcc-feats.cc:182) Processed features for key common_voice_lt_40875168
WARNING (compute-mfcc-feats[5.5.1182~1-e02e3]:Read():wave-reader.cc:304) Expected 145152 bytes of wave data, but read only 144000 bytes. Truncated file?
VLOG[2] (compute-mfcc-feats[5.5.1182~1-e02e3]:main():compute-mfcc-feats.cc:182) Processed features for key common_voice_lt_40875170
WARNING (compute-mfcc-feats[5.5.1182~1-e02e3]:Read():wave-reader.cc:304) Expected 112896 bytes of wave data, but read only 111744 bytes. Truncated file?
VLOG[2] (compute-mfcc-feats[5.5.1182~1-e02e3]:main():compute-mfcc-feats.cc:182) Processed features for key common_voice_lt_40875175
WARNING (compute-mfcc-feats[5.5.1182~1-e02e3]:Read():wave-reader.cc:304) Expected 191232 bytes of wave data, but read only 190080 bytes. Truncated file?
VLOG[2] (compute-mfcc-feats[5.5.1182~1-e02e3]:main():compute-mfcc-feats.cc:182) Processed features for key common_voice_lt_40875176
WARNING (compute-mfcc-feats[5.5.1182~1-e02e3]:Read():wave-reader.cc:304) Expected 224640 bytes of wave data, but read only 223488 bytes. Truncated file?
VLOG[2] (compute-mfcc-feats[5.5.1182~1-e02e3]:main():compute-mfcc-feats.cc:182) Processed features for key common_voice_lt_40875177
WARNING (compute-mfcc-feats[5.5.1182~1-e02e3]:Read():wave-reader.cc:304) Expected 153216 bytes of wave data, but read only 152064 bytes. Truncated file?
VLOG[2] (compute-mfcc-feats[5.5.1182~1-e02e3]:main():compute-mfcc-feats.cc:182) Processed features for key common_voice_lt_40875180
WARNING (compute-mfcc-feats[5.5.1182~1-e02e3]:Read():wave-reader.cc:304) Expected 155520 bytes of wave data, but read only 154368 bytes. Truncated file?
LOG (compute-mfcc-feats[5.5.1182~1-e02e3]:main():compute-mfcc-feats.cc:181) Processed 790 utterances
VLOG[2] (compute-mfcc-feats[5.5.1182~1-e02e3]:main():compute-mfcc-feats.cc:182) Processed features for key common_voice_lt_40875186
WARNING (compute-mfcc-feats[5.5.1182~1-e02e3]:Read():wave-reader.cc:304) Expected 208512 bytes of wave data, but read only 207360 bytes. Truncated file?
VLOG[2] (compute-mfcc-feats[5.5.1182~1-e02e3]:main():compute-mfcc-feats.cc:182) Processed features for key common_voice_lt_40875187
WARNING (compute-mfcc-feats[5.5.1182~1-e02e3]:Read():wave-reader.cc:304) Expected 118656 bytes of wave data, but read only 117504 bytes. Truncated file?
VLOG[2] (compute-mfcc-feats[5.5.1182~1-e02e3]:main():compute-mfcc-feats.cc:182) Processed features for key common_voice_lt_40875189
WARNING (compute-mfcc-feats[5.5.1182~1-e02e3]:Read():wave-reader.cc:304) Expected 138240 bytes of wave data, but read only 137088 bytes. Truncated file?
VLOG[2] (compute-mfcc-feats[5.5.1182~1-e02e3]:main():compute-mfcc-feats.cc:182) Processed features for key common_voice_lt_40875199
WARNING (compute-mfcc-feats[5.5.1182~1-e02e3]:Read():wave-reader.cc:304) Expected 168192 bytes of wave data, but read only 167040 bytes. Truncated file?
VLOG[2] (compute-mfcc-feats[5.5.1182~1-e02e3]:main():compute-mfcc-feats.cc:182) Processed features for key common_voice_lt_40875210
WARNING (compute-mfcc-feats[5.5.1182~1-e02e3]:Read():wave-reader.cc:304) Expected 170496 bytes of wave data, but read only 169344 bytes. Truncated file?
VLOG[2] (compute-mfcc-feats[5.5.1182~1-e02e3]:main():compute-mfcc-feats.cc:182) Processed features for key common_voice_lt_40875212
WARNING (compute-mfcc-feats[5.5.1182~1-e02e3]:Read():wave-reader.cc:304) Expected 161280 bytes of wave data, but read only 160128 bytes. Truncated file?
VLOG[2] (compute-mfcc-feats[5.5.1182~1-e02e3]:main():compute-mfcc-feats.cc:182) Processed features for key common_voice_lt_40875213
WARNING (compute-mfcc-feats[5.5.1182~1-e02e3]:Read():wave-reader.cc:304) Expected 162432 bytes of wave data, but read only 161280 bytes. Truncated file?
VLOG[2] (compute-mfcc-feats[5.5.1182~1-e02e3]:main():compute-mfcc-feats.cc:182) Processed features for key common_voice_lt_40875214
WARNING (compute-mfcc-feats[5.5.1182~1-e02e3]:Read():wave-reader.cc:304) Expected 127872 bytes of wave data, but read only 126720 bytes. Truncated file?
VLOG[2] (compute-mfcc-feats[5.5.1182~1-e02e3]:main():compute-mfcc-feats.cc:182) Processed features for key common_voice_lt_40875220
WARNING (compute-mfcc-feats[5.5.1182~1-e02e3]:Read():wave-reader.cc:304) Expected 133632 bytes of wave data, but read only 132480 bytes. Truncated file?
VLOG[2] (compute-mfcc-feats[5.5.1182~1-e02e3]:main():compute-mfcc-feats.cc:182) Processed features for key common_voice_lt_40875221
WARNING (compute-mfcc-feats[5.5.1182~1-e02e3]:Read():wave-reader.cc:304) Expected 187776 bytes of wave data, but read only 186624 bytes. Truncated file?
LOG (compute-mfcc-feats[5.5.1182~1-e02e3]:main():compute-mfcc-feats.cc:181) Processed 800 utterances
VLOG[2] (compute-mfcc-feats[5.5.1182~1-e02e3]:main():compute-mfcc-feats.cc:182) Processed features for key common_voice_lt_40875242
WARNING (compute-mfcc-feats[5.5.1182~1-e02e3]:Read():wave-reader.cc:304) Expected 173952 bytes of wave data, but read only 172800 bytes. Truncated file?
VLOG[2] (compute-mfcc-feats[5.5.1182~1-e02e3]:main():compute-mfcc-feats.cc:182) Processed features for key common_voice_lt_40875243
WARNING (compute-mfcc-feats[5.5.1182~1-e02e3]:Read():wave-reader.cc:304) Expected 262656 bytes of wave data, but read only 261504 bytes. Truncated file?
VLOG[2] (compute-mfcc-feats[5.5.1182~1-e02e3]:main():compute-mfcc-feats.cc:182) Processed features for key common_voice_lt_40875249
WARNING (compute-mfcc-feats[5.5.1182~1-e02e3]:Read():wave-reader.cc:304) Expected 187776 bytes of wave data, but read only 186624 bytes. Truncated file?
VLOG[2] (compute-mfcc-feats[5.5.1182~1-e02e3]:main():compute-mfcc-feats.cc:182) Processed features for key common_voice_lt_40875250
WARNING (compute-mfcc-feats[5.5.1182~1-e02e3]:Read():wave-reader.cc:304) Expected 172800 bytes of wave data, but read only 171648 bytes. Truncated file?
VLOG[2] (compute-mfcc-feats[5.5.1182~1-e02e3]:main():compute-mfcc-feats.cc:182) Processed features for key common_voice_lt_40875251
WARNING (compute-mfcc-feats[5.5.1182~1-e02e3]:Read():wave-reader.cc:304) Expected 167040 bytes of wave data, but read only 165888 bytes. Truncated file?
VLOG[2] (compute-mfcc-feats[5.5.1182~1-e02e3]:main():compute-mfcc-feats.cc:182) Processed features for key common_voice_lt_40875252
WARNING (compute-mfcc-feats[5.5.1182~1-e02e3]:Read():wave-reader.cc:304) Expected 262656 bytes of wave data, but read only 261504 bytes. Truncated file?
VLOG[2] (compute-mfcc-feats[5.5.1182~1-e02e3]:main():compute-mfcc-feats.cc:182) Processed features for key common_voice_lt_40875253
WARNING (compute-mfcc-feats[5.5.1182~1-e02e3]:Read():wave-reader.cc:304) Expected 147456 bytes of wave data, but read only 146304 bytes. Truncated file?
VLOG[2] (compute-mfcc-feats[5.5.1182~1-e02e3]:main():compute-mfcc-feats.cc:182) Processed features for key common_voice_lt_40875259
WARNING (compute-mfcc-feats[5.5.1182~1-e02e3]:Read():wave-reader.cc:304) Expected 260352 bytes of wave data, but read only 259200 bytes. Truncated file?
VLOG[2] (compute-mfcc-feats[5.5.1182~1-e02e3]:main():compute-mfcc-feats.cc:182) Processed features for key common_voice_lt_40875261
WARNING (compute-mfcc-feats[5.5.1182~1-e02e3]:Read():wave-reader.cc:304) Expected 164736 bytes of wave data, but read only 163584 bytes. Truncated file?
VLOG[2] (compute-mfcc-feats[5.5.1182~1-e02e3]:main():compute-mfcc-feats.cc:182) Processed features for key common_voice_lt_40875262
WARNING (compute-mfcc-feats[5.5.1182~1-e02e3]:Read():wave-reader.cc:304) Expected 162432 bytes of wave data, but read only 161280 bytes. Truncated file?
LOG (compute-mfcc-feats[5.5.1182~1-e02e3]:main():compute-mfcc-feats.cc:181) Processed 810 utterances
VLOG[2] (compute-mfcc-feats[5.5.1182~1-e02e3]:main():compute-mfcc-feats.cc:182) Processed features for key common_voice_lt_40875263
WARNING (compute-mfcc-feats[5.5.1182~1-e02e3]:Read():wave-reader.cc:304) Expected 156672 bytes of wave data, but read only 155520 bytes. Truncated file?
VLOG[2] (compute-mfcc-feats[5.5.1182~1-e02e3]:main():compute-mfcc-feats.cc:182) Processed features for key common_voice_lt_40875265
WARNING (compute-mfcc-feats[5.5.1182~1-e02e3]:Read():wave-reader.cc:304) Expected 138240 bytes of wave data, but read only 137088 bytes. Truncated file?
VLOG[2] (compute-mfcc-feats[5.5.1182~1-e02e3]:main():compute-mfcc-feats.cc:182) Processed features for key common_voice_lt_40875266
WARNING (compute-mfcc-feats[5.5.1182~1-e02e3]:Read():wave-reader.cc:304) Expected 141696 bytes of wave data, but read only 140544 bytes. Truncated file?
VLOG[2] (compute-mfcc-feats[5.5.1182~1-e02e3]:main():compute-mfcc-feats.cc:182) Processed features for key common_voice_lt_40875267
WARNING (compute-mfcc-feats[5.5.1182~1-e02e3]:Read():wave-reader.cc:304) Expected 149760 bytes of wave data, but read only 148608 bytes. Truncated file?
VLOG[2] (compute-mfcc-feats[5.5.1182~1-e02e3]:main():compute-mfcc-feats.cc:182) Processed features for key common_voice_lt_40875268
WARNING (compute-mfcc-feats[5.5.1182~1-e02e3]:Read():wave-reader.cc:304) Expected 218880 bytes of wave data, but read only 217728 bytes. Truncated file?
VLOG[2] (compute-mfcc-feats[5.5.1182~1-e02e3]:main():compute-mfcc-feats.cc:182) Processed features for key common_voice_lt_40875270
WARNING (compute-mfcc-feats[5.5.1182~1-e02e3]:Read():wave-reader.cc:304) Expected 187776 bytes of wave data, but read only 186624 bytes. Truncated file?
VLOG[2] (compute-mfcc-feats[5.5.1182~1-e02e3]:main():compute-mfcc-feats.cc:182) Processed features for key common_voice_lt_40875271
WARNING (compute-mfcc-feats[5.5.1182~1-e02e3]:Read():wave-reader.cc:304) Expected 126720 bytes of wave data, but read only 125568 bytes. Truncated file?
VLOG[2] (compute-mfcc-feats[5.5.1182~1-e02e3]:main():compute-mfcc-feats.cc:182) Processed features for key common_voice_lt_40875272
WARNING (compute-mfcc-feats[5.5.1182~1-e02e3]:Read():wave-reader.cc:304) Expected 191232 bytes of wave data, but read only 190080 bytes. Truncated file?
VLOG[2] (compute-mfcc-feats[5.5.1182~1-e02e3]:main():compute-mfcc-feats.cc:182) Processed features for key common_voice_lt_40875274
WARNING (compute-mfcc-feats[5.5.1182~1-e02e3]:Read():wave-reader.cc:304) Expected 173952 bytes of wave data, but read only 172800 bytes. Truncated file?
VLOG[2] (compute-mfcc-feats[5.5.1182~1-e02e3]:main():compute-mfcc-feats.cc:182) Processed features for key common_voice_lt_40875276
WARNING (compute-mfcc-feats[5.5.1182~1-e02e3]:Read():wave-reader.cc:304) Expected 158976 bytes of wave data, but read only 157824 bytes. Truncated file?
LOG (compute-mfcc-feats[5.5.1182~1-e02e3]:main():compute-mfcc-feats.cc:181) Processed 820 utterances
VLOG[2] (compute-mfcc-feats[5.5.1182~1-e02e3]:main():compute-mfcc-feats.cc:182) Processed features for key common_voice_lt_40875278
WARNING (compute-mfcc-feats[5.5.1182~1-e02e3]:Read():wave-reader.cc:304) Expected 135936 bytes of wave data, but read only 134784 bytes. Truncated file?
VLOG[2] (compute-mfcc-feats[5.5.1182~1-e02e3]:main():compute-mfcc-feats.cc:182) Processed features for key common_voice_lt_40875283
WARNING (compute-mfcc-feats[5.5.1182~1-e02e3]:Read():wave-reader.cc:304) Expected 138240 bytes of wave data, but read only 137088 bytes. Truncated file?
VLOG[2] (compute-mfcc-feats[5.5.1182~1-e02e3]:main():compute-mfcc-feats.cc:182) Processed features for key common_voice_lt_40875284
WARNING (compute-mfcc-feats[5.5.1182~1-e02e3]:Read():wave-reader.cc:304) Expected 170496 bytes of wave data, but read only 169344 bytes. Truncated file?
VLOG[2] (compute-mfcc-feats[5.5.1182~1-e02e3]:main():compute-mfcc-feats.cc:182) Processed features for key common_voice_lt_40875285
WARNING (compute-mfcc-feats[5.5.1182~1-e02e3]:Read():wave-reader.cc:304) Expected 173952 bytes of wave data, but read only 172800 bytes. Truncated file?
VLOG[2] (compute-mfcc-feats[5.5.1182~1-e02e3]:main():compute-mfcc-feats.cc:182) Processed features for key common_voice_lt_40875286
WARNING (compute-mfcc-feats[5.5.1182~1-e02e3]:Read():wave-reader.cc:304) Expected 147456 bytes of wave data, but read only 146304 bytes. Truncated file?
VLOG[2] (compute-mfcc-feats[5.5.1182~1-e02e3]:main():compute-mfcc-feats.cc:182) Processed features for key common_voice_lt_40875288
WARNING (compute-mfcc-feats[5.5.1182~1-e02e3]:Read():wave-reader.cc:304) Expected 182016 bytes of wave data, but read only 180864 bytes. Truncated file?
VLOG[2] (compute-mfcc-feats[5.5.1182~1-e02e3]:main():compute-mfcc-feats.cc:182) Processed features for key common_voice_lt_40875289
WARNING (compute-mfcc-feats[5.5.1182~1-e02e3]:Read():wave-reader.cc:304) Expected 167040 bytes of wave data, but read only 165888 bytes. Truncated file?
VLOG[2] (compute-mfcc-feats[5.5.1182~1-e02e3]:main():compute-mfcc-feats.cc:182) Processed features for key common_voice_lt_40875290
WARNING (compute-mfcc-feats[5.5.1182~1-e02e3]:Read():wave-reader.cc:304) Expected 237312 bytes of wave data, but read only 236160 bytes. Truncated file?
VLOG[2] (compute-mfcc-feats[5.5.1182~1-e02e3]:main():compute-mfcc-feats.cc:182) Processed features for key common_voice_lt_40875291
WARNING (compute-mfcc-feats[5.5.1182~1-e02e3]:Read():wave-reader.cc:304) Expected 135936 bytes of wave data, but read only 134784 bytes. Truncated file?
VLOG[2] (compute-mfcc-feats[5.5.1182~1-e02e3]:main():compute-mfcc-feats.cc:182) Processed features for key common_voice_lt_40875292
WARNING (compute-mfcc-feats[5.5.1182~1-e02e3]:Read():wave-reader.cc:304) Expected 133632 bytes of wave data, but read only 132480 bytes. Truncated file?
LOG (compute-mfcc-feats[5.5.1182~1-e02e3]:main():compute-mfcc-feats.cc:181) Processed 830 utterances
VLOG[2] (compute-mfcc-feats[5.5.1182~1-e02e3]:main():compute-mfcc-feats.cc:182) Processed features for key common_voice_lt_40875294
WARNING (compute-mfcc-feats[5.5.1182~1-e02e3]:Read():wave-reader.cc:304) Expected 176256 bytes of wave data, but read only 175104 bytes. Truncated file?
VLOG[2] (compute-mfcc-feats[5.5.1182~1-e02e3]:main():compute-mfcc-feats.cc:182) Processed features for key common_voice_lt_40875295
WARNING (compute-mfcc-feats[5.5.1182~1-e02e3]:Read():wave-reader.cc:304) Expected 187776 bytes of wave data, but read only 186624 bytes. Truncated file?
VLOG[2] (compute-mfcc-feats[5.5.1182~1-e02e3]:main():compute-mfcc-feats.cc:182) Processed features for key common_voice_lt_40875296
WARNING (compute-mfcc-feats[5.5.1182~1-e02e3]:Read():wave-reader.cc:304) Expected 130176 bytes of wave data, but read only 129024 bytes. Truncated file?
VLOG[2] (compute-mfcc-feats[5.5.1182~1-e02e3]:main():compute-mfcc-feats.cc:182) Processed features for key common_voice_lt_40875297
WARNING (compute-mfcc-feats[5.5.1182~1-e02e3]:Read():wave-reader.cc:304) Expected 172800 bytes of wave data, but read only 171648 bytes. Truncated file?
VLOG[2] (compute-mfcc-feats[5.5.1182~1-e02e3]:main():compute-mfcc-feats.cc:182) Processed features for key common_voice_lt_40875298
WARNING (compute-mfcc-feats[5.5.1182~1-e02e3]:Read():wave-reader.cc:304) Expected 239616 bytes of wave data, but read only 238464 bytes. Truncated file?
VLOG[2] (compute-mfcc-feats[5.5.1182~1-e02e3]:main():compute-mfcc-feats.cc:182) Processed features for key common_voice_lt_40875299
WARNING (compute-mfcc-feats[5.5.1182~1-e02e3]:Read():wave-reader.cc:304) Expected 104832 bytes of wave data, but read only 103680 bytes. Truncated file?
VLOG[2] (compute-mfcc-feats[5.5.1182~1-e02e3]:main():compute-mfcc-feats.cc:182) Processed features for key common_voice_lt_40875302
WARNING (compute-mfcc-feats[5.5.1182~1-e02e3]:Read():wave-reader.cc:304) Expected 144000 bytes of wave data, but read only 142848 bytes. Truncated file?
VLOG[2] (compute-mfcc-feats[5.5.1182~1-e02e3]:main():compute-mfcc-feats.cc:182) Processed features for key common_voice_lt_40875303
WARNING (compute-mfcc-feats[5.5.1182~1-e02e3]:Read():wave-reader.cc:304) Expected 297216 bytes of wave data, but read only 296064 bytes. Truncated file?
VLOG[2] (compute-mfcc-feats[5.5.1182~1-e02e3]:main():compute-mfcc-feats.cc:182) Processed features for key common_voice_lt_40875305
WARNING (compute-mfcc-feats[5.5.1182~1-e02e3]:Read():wave-reader.cc:304) Expected 138240 bytes of wave data, but read only 137088 bytes. Truncated file?
VLOG[2] (compute-mfcc-feats[5.5.1182~1-e02e3]:main():compute-mfcc-feats.cc:182) Processed features for key common_voice_lt_40875306
WARNING (compute-mfcc-feats[5.5.1182~1-e02e3]:Read():wave-reader.cc:304) Expected 162432 bytes of wave data, but read only 161280 bytes. Truncated file?
LOG (compute-mfcc-feats[5.5.1182~1-e02e3]:main():compute-mfcc-feats.cc:181) Processed 840 utterances
VLOG[2] (compute-mfcc-feats[5.5.1182~1-e02e3]:main():compute-mfcc-feats.cc:182) Processed features for key common_voice_lt_40875307
WARNING (compute-mfcc-feats[5.5.1182~1-e02e3]:Read():wave-reader.cc:304) Expected 243072 bytes of wave data, but read only 241920 bytes. Truncated file?
VLOG[2] (compute-mfcc-feats[5.5.1182~1-e02e3]:main():compute-mfcc-feats.cc:182) Processed features for key common_voice_lt_40875308
WARNING (compute-mfcc-feats[5.5.1182~1-e02e3]:Read():wave-reader.cc:304) Expected 199296 bytes of wave data, but read only 198144 bytes. Truncated file?
VLOG[2] (compute-mfcc-feats[5.5.1182~1-e02e3]:main():compute-mfcc-feats.cc:182) Processed features for key common_voice_lt_40875309
WARNING (compute-mfcc-feats[5.5.1182~1-e02e3]:Read():wave-reader.cc:304) Expected 207360 bytes of wave data, but read only 206208 bytes. Truncated file?
VLOG[2] (compute-mfcc-feats[5.5.1182~1-e02e3]:main():compute-mfcc-feats.cc:182) Processed features for key common_voice_lt_40875312
WARNING (compute-mfcc-feats[5.5.1182~1-e02e3]:Read():wave-reader.cc:304) Expected 178560 bytes of wave data, but read only 177408 bytes. Truncated file?
VLOG[2] (compute-mfcc-feats[5.5.1182~1-e02e3]:main():compute-mfcc-feats.cc:182) Processed features for key common_voice_lt_40875316
WARNING (compute-mfcc-feats[5.5.1182~1-e02e3]:Read():wave-reader.cc:304) Expected 190080 bytes of wave data, but read only 188928 bytes. Truncated file?
VLOG[2] (compute-mfcc-feats[5.5.1182~1-e02e3]:main():compute-mfcc-feats.cc:182) Processed features for key common_voice_lt_40875318
WARNING (compute-mfcc-feats[5.5.1182~1-e02e3]:Read():wave-reader.cc:304) Expected 222336 bytes of wave data, but read only 221184 bytes. Truncated file?
VLOG[2] (compute-mfcc-feats[5.5.1182~1-e02e3]:main():compute-mfcc-feats.cc:182) Processed features for key common_voice_lt_40875319
WARNING (compute-mfcc-feats[5.5.1182~1-e02e3]:Read():wave-reader.cc:304) Expected 245376 bytes of wave data, but read only 244224 bytes. Truncated file?
VLOG[2] (compute-mfcc-feats[5.5.1182~1-e02e3]:main():compute-mfcc-feats.cc:182) Processed features for key common_voice_lt_40875320
WARNING (compute-mfcc-feats[5.5.1182~1-e02e3]:Read():wave-reader.cc:304) Expected 202752 bytes of wave data, but read only 201600 bytes. Truncated file?
VLOG[2] (compute-mfcc-feats[5.5.1182~1-e02e3]:main():compute-mfcc-feats.cc:182) Processed features for key common_voice_lt_40875321
WARNING (compute-mfcc-feats[5.5.1182~1-e02e3]:Read():wave-reader.cc:304) Expected 149760 bytes of wave data, but read only 148608 bytes. Truncated file?
VLOG[2] (compute-mfcc-feats[5.5.1182~1-e02e3]:main():compute-mfcc-feats.cc:182) Processed features for key common_voice_lt_40875323
WARNING (compute-mfcc-feats[5.5.1182~1-e02e3]:Read():wave-reader.cc:304) Expected 184320 bytes of wave data, but read only 183168 bytes. Truncated file?
LOG (compute-mfcc-feats[5.5.1182~1-e02e3]:main():compute-mfcc-feats.cc:181) Processed 850 utterances
VLOG[2] (compute-mfcc-feats[5.5.1182~1-e02e3]:main():compute-mfcc-feats.cc:182) Processed features for key common_voice_lt_40875326
WARNING (compute-mfcc-feats[5.5.1182~1-e02e3]:Read():wave-reader.cc:304) Expected 161280 bytes of wave data, but read only 160128 bytes. Truncated file?
VLOG[2] (compute-mfcc-feats[5.5.1182~1-e02e3]:main():compute-mfcc-feats.cc:182) Processed features for key common_voice_lt_40875329
WARNING (compute-mfcc-feats[5.5.1182~1-e02e3]:Read():wave-reader.cc:304) Expected 122112 bytes of wave data, but read only 120960 bytes. Truncated file?
VLOG[2] (compute-mfcc-feats[5.5.1182~1-e02e3]:main():compute-mfcc-feats.cc:182) Processed features for key common_voice_lt_40875330
WARNING (compute-mfcc-feats[5.5.1182~1-e02e3]:Read():wave-reader.cc:304) Expected 101376 bytes of wave data, but read only 100224 bytes. Truncated file?
VLOG[2] (compute-mfcc-feats[5.5.1182~1-e02e3]:main():compute-mfcc-feats.cc:182) Processed features for key common_voice_lt_40875331
WARNING (compute-mfcc-feats[5.5.1182~1-e02e3]:Read():wave-reader.cc:304) Expected 220032 bytes of wave data, but read only 218880 bytes. Truncated file?
VLOG[2] (compute-mfcc-feats[5.5.1182~1-e02e3]:main():compute-mfcc-feats.cc:182) Processed features for key common_voice_lt_40875334
WARNING (compute-mfcc-feats[5.5.1182~1-e02e3]:Read():wave-reader.cc:304) Expected 205056 bytes of wave data, but read only 203904 bytes. Truncated file?
VLOG[2] (compute-mfcc-feats[5.5.1182~1-e02e3]:main():compute-mfcc-feats.cc:182) Processed features for key common_voice_lt_40875335
WARNING (compute-mfcc-feats[5.5.1182~1-e02e3]:Read():wave-reader.cc:304) Expected 210816 bytes of wave data, but read only 209664 bytes. Truncated file?
VLOG[2] (compute-mfcc-feats[5.5.1182~1-e02e3]:main():compute-mfcc-feats.cc:182) Processed features for key common_voice_lt_40875336
WARNING (compute-mfcc-feats[5.5.1182~1-e02e3]:Read():wave-reader.cc:304) Expected 237312 bytes of wave data, but read only 236160 bytes. Truncated file?
VLOG[2] (compute-mfcc-feats[5.5.1182~1-e02e3]:main():compute-mfcc-feats.cc:182) Processed features for key common_voice_lt_40875337
WARNING (compute-mfcc-feats[5.5.1182~1-e02e3]:Read():wave-reader.cc:304) Expected 126720 bytes of wave data, but read only 125568 bytes. Truncated file?
VLOG[2] (compute-mfcc-feats[5.5.1182~1-e02e3]:main():compute-mfcc-feats.cc:182) Processed features for key common_voice_lt_40875346
WARNING (compute-mfcc-feats[5.5.1182~1-e02e3]:Read():wave-reader.cc:304) Expected 228096 bytes of wave data, but read only 226944 bytes. Truncated file?
VLOG[2] (compute-mfcc-feats[5.5.1182~1-e02e3]:main():compute-mfcc-feats.cc:182) Processed features for key common_voice_lt_40875351
WARNING (compute-mfcc-feats[5.5.1182~1-e02e3]:Read():wave-reader.cc:304) Expected 167040 bytes of wave data, but read only 165888 bytes. Truncated file?
LOG (compute-mfcc-feats[5.5.1182~1-e02e3]:main():compute-mfcc-feats.cc:181) Processed 860 utterances
VLOG[2] (compute-mfcc-feats[5.5.1182~1-e02e3]:main():compute-mfcc-feats.cc:182) Processed features for key common_voice_lt_40875353
WARNING (compute-mfcc-feats[5.5.1182~1-e02e3]:Read():wave-reader.cc:304) Expected 153216 bytes of wave data, but read only 152064 bytes. Truncated file?
VLOG[2] (compute-mfcc-feats[5.5.1182~1-e02e3]:main():compute-mfcc-feats.cc:182) Processed features for key common_voice_lt_40875355
WARNING (compute-mfcc-feats[5.5.1182~1-e02e3]:Read():wave-reader.cc:304) Expected 147456 bytes of wave data, but read only 146304 bytes. Truncated file?
VLOG[2] (compute-mfcc-feats[5.5.1182~1-e02e3]:main():compute-mfcc-feats.cc:182) Processed features for key common_voice_lt_40875356
WARNING (compute-mfcc-feats[5.5.1182~1-e02e3]:Read():wave-reader.cc:304) Expected 122112 bytes of wave data, but read only 120960 bytes. Truncated file?
VLOG[2] (compute-mfcc-feats[5.5.1182~1-e02e3]:main():compute-mfcc-feats.cc:182) Processed features for key common_voice_lt_40875360
WARNING (compute-mfcc-feats[5.5.1182~1-e02e3]:Read():wave-reader.cc:304) Expected 179712 bytes of wave data, but read only 178560 bytes. Truncated file?
VLOG[2] (compute-mfcc-feats[5.5.1182~1-e02e3]:main():compute-mfcc-feats.cc:182) Processed features for key common_voice_lt_40875361
WARNING (compute-mfcc-feats[5.5.1182~1-e02e3]:Read():wave-reader.cc:304) Expected 167040 bytes of wave data, but read only 165888 bytes. Truncated file?
VLOG[2] (compute-mfcc-feats[5.5.1182~1-e02e3]:main():compute-mfcc-feats.cc:182) Processed features for key common_voice_lt_40875362
WARNING (compute-mfcc-feats[5.5.1182~1-e02e3]:Read():wave-reader.cc:304) Expected 104832 bytes of wave data, but read only 103680 bytes. Truncated file?
VLOG[2] (compute-mfcc-feats[5.5.1182~1-e02e3]:main():compute-mfcc-feats.cc:182) Processed features for key common_voice_lt_40875363
WARNING (compute-mfcc-feats[5.5.1182~1-e02e3]:Read():wave-reader.cc:304) Expected 162432 bytes of wave data, but read only 161280 bytes. Truncated file?
VLOG[2] (compute-mfcc-feats[5.5.1182~1-e02e3]:main():compute-mfcc-feats.cc:182) Processed features for key common_voice_lt_40875366
WARNING (compute-mfcc-feats[5.5.1182~1-e02e3]:Read():wave-reader.cc:304) Expected 179712 bytes of wave data, but read only 178560 bytes. Truncated file?
VLOG[2] (compute-mfcc-feats[5.5.1182~1-e02e3]:main():compute-mfcc-feats.cc:182) Processed features for key common_voice_lt_40875369
WARNING (compute-mfcc-feats[5.5.1182~1-e02e3]:Read():wave-reader.cc:304) Expected 208512 bytes of wave data, but read only 207360 bytes. Truncated file?
VLOG[2] (compute-mfcc-feats[5.5.1182~1-e02e3]:main():compute-mfcc-feats.cc:182) Processed features for key common_voice_lt_40875378
WARNING (compute-mfcc-feats[5.5.1182~1-e02e3]:Read():wave-reader.cc:304) Expected 130176 bytes of wave data, but read only 129024 bytes. Truncated file?
LOG (compute-mfcc-feats[5.5.1182~1-e02e3]:main():compute-mfcc-feats.cc:181) Processed 870 utterances
VLOG[2] (compute-mfcc-feats[5.5.1182~1-e02e3]:main():compute-mfcc-feats.cc:182) Processed features for key common_voice_lt_40875380
WARNING (compute-mfcc-feats[5.5.1182~1-e02e3]:Read():wave-reader.cc:304) Expected 184320 bytes of wave data, but read only 183168 bytes. Truncated file?
VLOG[2] (compute-mfcc-feats[5.5.1182~1-e02e3]:main():compute-mfcc-feats.cc:182) Processed features for key common_voice_lt_40910804
WARNING (compute-mfcc-feats[5.5.1182~1-e02e3]:Read():wave-reader.cc:304) Expected 120960 bytes of wave data, but read only 119808 bytes. Truncated file?
VLOG[2] (compute-mfcc-feats[5.5.1182~1-e02e3]:main():compute-mfcc-feats.cc:182) Processed features for key common_voice_lt_40910805
WARNING (compute-mfcc-feats[5.5.1182~1-e02e3]:Read():wave-reader.cc:304) Expected 185472 bytes of wave data, but read only 184320 bytes. Truncated file?
VLOG[2] (compute-mfcc-feats[5.5.1182~1-e02e3]:main():compute-mfcc-feats.cc:182) Processed features for key common_voice_lt_40910808
WARNING (compute-mfcc-feats[5.5.1182~1-e02e3]:Read():wave-reader.cc:304) Expected 153216 bytes of wave data, but read only 152064 bytes. Truncated file?
VLOG[2] (compute-mfcc-feats[5.5.1182~1-e02e3]:main():compute-mfcc-feats.cc:182) Processed features for key common_voice_lt_40910811
WARNING (compute-mfcc-feats[5.5.1182~1-e02e3]:Read():wave-reader.cc:304) Expected 220032 bytes of wave data, but read only 218880 bytes. Truncated file?
VLOG[2] (compute-mfcc-feats[5.5.1182~1-e02e3]:main():compute-mfcc-feats.cc:182) Processed features for key common_voice_lt_40910812
WARNING (compute-mfcc-feats[5.5.1182~1-e02e3]:Read():wave-reader.cc:304) Expected 178560 bytes of wave data, but read only 177408 bytes. Truncated file?
VLOG[2] (compute-mfcc-feats[5.5.1182~1-e02e3]:main():compute-mfcc-feats.cc:182) Processed features for key common_voice_lt_40910814
WARNING (compute-mfcc-feats[5.5.1182~1-e02e3]:Read():wave-reader.cc:304) Expected 155520 bytes of wave data, but read only 154368 bytes. Truncated file?
VLOG[2] (compute-mfcc-feats[5.5.1182~1-e02e3]:main():compute-mfcc-feats.cc:182) Processed features for key common_voice_lt_40910816
WARNING (compute-mfcc-feats[5.5.1182~1-e02e3]:Read():wave-reader.cc:304) Expected 104832 bytes of wave data, but read only 103680 bytes. Truncated file?
VLOG[2] (compute-mfcc-feats[5.5.1182~1-e02e3]:main():compute-mfcc-feats.cc:182) Processed features for key common_voice_lt_40910818
WARNING (compute-mfcc-feats[5.5.1182~1-e02e3]:Read():wave-reader.cc:304) Expected 224640 bytes of wave data, but read only 223488 bytes. Truncated file?
VLOG[2] (compute-mfcc-feats[5.5.1182~1-e02e3]:main():compute-mfcc-feats.cc:182) Processed features for key common_voice_lt_40910820
WARNING (compute-mfcc-feats[5.5.1182~1-e02e3]:Read():wave-reader.cc:304) Expected 201600 bytes of wave data, but read only 200448 bytes. Truncated file?
LOG (compute-mfcc-feats[5.5.1182~1-e02e3]:main():compute-mfcc-feats.cc:181) Processed 880 utterances
VLOG[2] (compute-mfcc-feats[5.5.1182~1-e02e3]:main():compute-mfcc-feats.cc:182) Processed features for key common_voice_lt_40910821
WARNING (compute-mfcc-feats[5.5.1182~1-e02e3]:Read():wave-reader.cc:304) Expected 147456 bytes of wave data, but read only 146304 bytes. Truncated file?
VLOG[2] (compute-mfcc-feats[5.5.1182~1-e02e3]:main():compute-mfcc-feats.cc:182) Processed features for key common_voice_lt_40910822
WARNING (compute-mfcc-feats[5.5.1182~1-e02e3]:Read():wave-reader.cc:304) Expected 139392 bytes of wave data, but read only 138240 bytes. Truncated file?
VLOG[2] (compute-mfcc-feats[5.5.1182~1-e02e3]:main():compute-mfcc-feats.cc:182) Processed features for key common_voice_lt_40910823
WARNING (compute-mfcc-feats[5.5.1182~1-e02e3]:Read():wave-reader.cc:304) Expected 202752 bytes of wave data, but read only 201600 bytes. Truncated file?
VLOG[2] (compute-mfcc-feats[5.5.1182~1-e02e3]:main():compute-mfcc-feats.cc:182) Processed features for key common_voice_lt_40910824
WARNING (compute-mfcc-feats[5.5.1182~1-e02e3]:Read():wave-reader.cc:304) Expected 237312 bytes of wave data, but read only 236160 bytes. Truncated file?
VLOG[2] (compute-mfcc-feats[5.5.1182~1-e02e3]:main():compute-mfcc-feats.cc:182) Processed features for key common_voice_lt_40910826
WARNING (compute-mfcc-feats[5.5.1182~1-e02e3]:Read():wave-reader.cc:304) Expected 190080 bytes of wave data, but read only 188928 bytes. Truncated file?
VLOG[2] (compute-mfcc-feats[5.5.1182~1-e02e3]:main():compute-mfcc-feats.cc:182) Processed features for key common_voice_lt_40910828
WARNING (compute-mfcc-feats[5.5.1182~1-e02e3]:Read():wave-reader.cc:304) Expected 254592 bytes of wave data, but read only 253440 bytes. Truncated file?
VLOG[2] (compute-mfcc-feats[5.5.1182~1-e02e3]:main():compute-mfcc-feats.cc:182) Processed features for key common_voice_lt_40910839
WARNING (compute-mfcc-feats[5.5.1182~1-e02e3]:Read():wave-reader.cc:304) Expected 127872 bytes of wave data, but read only 126720 bytes. Truncated file?
VLOG[2] (compute-mfcc-feats[5.5.1182~1-e02e3]:main():compute-mfcc-feats.cc:182) Processed features for key common_voice_lt_40910841
WARNING (compute-mfcc-feats[5.5.1182~1-e02e3]:Read():wave-reader.cc:304) Expected 225792 bytes of wave data, but read only 224640 bytes. Truncated file?
VLOG[2] (compute-mfcc-feats[5.5.1182~1-e02e3]:main():compute-mfcc-feats.cc:182) Processed features for key common_voice_lt_40910842
WARNING (compute-mfcc-feats[5.5.1182~1-e02e3]:Read():wave-reader.cc:304) Expected 149760 bytes of wave data, but read only 148608 bytes. Truncated file?
VLOG[2] (compute-mfcc-feats[5.5.1182~1-e02e3]:main():compute-mfcc-feats.cc:182) Processed features for key common_voice_lt_40910859
WARNING (compute-mfcc-feats[5.5.1182~1-e02e3]:Read():wave-reader.cc:304) Expected 216576 bytes of wave data, but read only 215424 bytes. Truncated file?
LOG (compute-mfcc-feats[5.5.1182~1-e02e3]:main():compute-mfcc-feats.cc:181) Processed 890 utterances
VLOG[2] (compute-mfcc-feats[5.5.1182~1-e02e3]:main():compute-mfcc-feats.cc:182) Processed features for key common_voice_lt_40910860
WARNING (compute-mfcc-feats[5.5.1182~1-e02e3]:Read():wave-reader.cc:304) Expected 132480 bytes of wave data, but read only 131328 bytes. Truncated file?
VLOG[2] (compute-mfcc-feats[5.5.1182~1-e02e3]:main():compute-mfcc-feats.cc:182) Processed features for key common_voice_lt_40910861
WARNING (compute-mfcc-feats[5.5.1182~1-e02e3]:Read():wave-reader.cc:304) Expected 156672 bytes of wave data, but read only 155520 bytes. Truncated file?
VLOG[2] (compute-mfcc-feats[5.5.1182~1-e02e3]:main():compute-mfcc-feats.cc:182) Processed features for key common_voice_lt_40910869
WARNING (compute-mfcc-feats[5.5.1182~1-e02e3]:Read():wave-reader.cc:304) Expected 120960 bytes of wave data, but read only 119808 bytes. Truncated file?
VLOG[2] (compute-mfcc-feats[5.5.1182~1-e02e3]:main():compute-mfcc-feats.cc:182) Processed features for key common_voice_lt_40910873
WARNING (compute-mfcc-feats[5.5.1182~1-e02e3]:Read():wave-reader.cc:304) Expected 126720 bytes of wave data, but read only 125568 bytes. Truncated file?
VLOG[2] (compute-mfcc-feats[5.5.1182~1-e02e3]:main():compute-mfcc-feats.cc:182) Processed features for key common_voice_lt_40910884
WARNING (compute-mfcc-feats[5.5.1182~1-e02e3]:Read():wave-reader.cc:304) Expected 124416 bytes of wave data, but read only 123264 bytes. Truncated file?
VLOG[2] (compute-mfcc-feats[5.5.1182~1-e02e3]:main():compute-mfcc-feats.cc:182) Processed features for key common_voice_lt_40910886
WARNING (compute-mfcc-feats[5.5.1182~1-e02e3]:Read():wave-reader.cc:304) Expected 153216 bytes of wave data, but read only 152064 bytes. Truncated file?
VLOG[2] (compute-mfcc-feats[5.5.1182~1-e02e3]:main():compute-mfcc-feats.cc:182) Processed features for key common_voice_lt_40910888
WARNING (compute-mfcc-feats[5.5.1182~1-e02e3]:Read():wave-reader.cc:304) Expected 173952 bytes of wave data, but read only 172800 bytes. Truncated file?
VLOG[2] (compute-mfcc-feats[5.5.1182~1-e02e3]:main():compute-mfcc-feats.cc:182) Processed features for key common_voice_lt_40910895
WARNING (compute-mfcc-feats[5.5.1182~1-e02e3]:Read():wave-reader.cc:304) Expected 220032 bytes of wave data, but read only 218880 bytes. Truncated file?
VLOG[2] (compute-mfcc-feats[5.5.1182~1-e02e3]:main():compute-mfcc-feats.cc:182) Processed features for key common_voice_lt_40910897
WARNING (compute-mfcc-feats[5.5.1182~1-e02e3]:Read():wave-reader.cc:304) Expected 176256 bytes of wave data, but read only 175104 bytes. Truncated file?
VLOG[2] (compute-mfcc-feats[5.5.1182~1-e02e3]:main():compute-mfcc-feats.cc:182) Processed features for key common_voice_lt_40910911
WARNING (compute-mfcc-feats[5.5.1182~1-e02e3]:Read():wave-reader.cc:304) Expected 138240 bytes of wave data, but read only 137088 bytes. Truncated file?
LOG (compute-mfcc-feats[5.5.1182~1-e02e3]:main():compute-mfcc-feats.cc:181) Processed 900 utterances
VLOG[2] (compute-mfcc-feats[5.5.1182~1-e02e3]:main():compute-mfcc-feats.cc:182) Processed features for key common_voice_lt_40910912
WARNING (compute-mfcc-feats[5.5.1182~1-e02e3]:Read():wave-reader.cc:304) Expected 187776 bytes of wave data, but read only 186624 bytes. Truncated file?
VLOG[2] (compute-mfcc-feats[5.5.1182~1-e02e3]:main():compute-mfcc-feats.cc:182) Processed features for key common_voice_lt_40910925
WARNING (compute-mfcc-feats[5.5.1182~1-e02e3]:Read():wave-reader.cc:304) Expected 141696 bytes of wave data, but read only 140544 bytes. Truncated file?
VLOG[2] (compute-mfcc-feats[5.5.1182~1-e02e3]:main():compute-mfcc-feats.cc:182) Processed features for key common_voice_lt_40910926
WARNING (compute-mfcc-feats[5.5.1182~1-e02e3]:Read():wave-reader.cc:304) Expected 260352 bytes of wave data, but read only 259200 bytes. Truncated file?
VLOG[2] (compute-mfcc-feats[5.5.1182~1-e02e3]:main():compute-mfcc-feats.cc:182) Processed features for key common_voice_lt_40910927
WARNING (compute-mfcc-feats[5.5.1182~1-e02e3]:Read():wave-reader.cc:304) Expected 144000 bytes of wave data, but read only 142848 bytes. Truncated file?
VLOG[2] (compute-mfcc-feats[5.5.1182~1-e02e3]:main():compute-mfcc-feats.cc:182) Processed features for key common_voice_lt_40910937
WARNING (compute-mfcc-feats[5.5.1182~1-e02e3]:Read():wave-reader.cc:304) Expected 153216 bytes of wave data, but read only 152064 bytes. Truncated file?
VLOG[2] (compute-mfcc-feats[5.5.1182~1-e02e3]:main():compute-mfcc-feats.cc:182) Processed features for key common_voice_lt_40910938
WARNING (compute-mfcc-feats[5.5.1182~1-e02e3]:Read():wave-reader.cc:304) Expected 207360 bytes of wave data, but read only 206208 bytes. Truncated file?
VLOG[2] (compute-mfcc-feats[5.5.1182~1-e02e3]:main():compute-mfcc-feats.cc:182) Processed features for key common_voice_lt_40910941
LOG (compute-mfcc-feats[5.5.1182~1-e02e3]:main():compute-mfcc-feats.cc:185)  Done 906 out of 906 utterances.
LOG (copy-feats[5.5.1182~1-e02e3]:main():copy-feats.cc:143) Copied 906 feature matrices.
# Accounting: time=17 threads=1
# Ended (code 0) at Wed Jan 14 11:21:59 EET 2026, elapsed time 17 seconds
