# compute-mfcc-feats --write-utt2dur=ark,t:exp/make_mfcc/train/utt2dur.6 --verbose=2 --config=conf/mfcc.conf scp,p:exp/make_mfcc/train/wav_train.6.scp ark:- | copy-feats --write-num-frames=ark,t:exp/make_mfcc/train/utt2num_frames.6 --compress=true ark:- ark,scp:/root/magistras/kaldi-trunk/egs/lt_magistras/s5/mfcc/raw_mfcc_train.6.ark,/root/magistras/kaldi-trunk/egs/lt_magistras/s5/mfcc/raw_mfcc_train.6.scp 
# Started at Wed Jan 14 11:21:42 EET 2026
#
compute-mfcc-feats --write-utt2dur=ark,t:exp/make_mfcc/train/utt2dur.6 --verbose=2 --config=conf/mfcc.conf scp,p:exp/make_mfcc/train/wav_train.6.scp ark:- 
copy-feats --write-num-frames=ark,t:exp/make_mfcc/train/utt2num_frames.6 --compress=true ark:- ark,scp:/root/magistras/kaldi-trunk/egs/lt_magistras/s5/mfcc/raw_mfcc_train.6.ark,/root/magistras/kaldi-trunk/egs/lt_magistras/s5/mfcc/raw_mfcc_train.6.scp 
WARNING (compute-mfcc-feats[5.5.1182~1-e02e3]:Read():wave-reader.cc:304) Expected 138240 bytes of wave data, but read only 137088 bytes. Truncated file?
VLOG[2] (compute-mfcc-feats[5.5.1182~1-e02e3]:main():compute-mfcc-feats.cc:182) Processed features for key common_voice_lt_36954979
WARNING (compute-mfcc-feats[5.5.1182~1-e02e3]:Read():wave-reader.cc:304) Expected 116352 bytes of wave data, but read only 115200 bytes. Truncated file?
VLOG[2] (compute-mfcc-feats[5.5.1182~1-e02e3]:main():compute-mfcc-feats.cc:182) Processed features for key common_voice_lt_36954980
WARNING (compute-mfcc-feats[5.5.1182~1-e02e3]:Read():wave-reader.cc:304) Expected 124416 bytes of wave data, but read only 123264 bytes. Truncated file?
VLOG[2] (compute-mfcc-feats[5.5.1182~1-e02e3]:main():compute-mfcc-feats.cc:182) Processed features for key common_voice_lt_36954981
WARNING (compute-mfcc-feats[5.5.1182~1-e02e3]:Read():wave-reader.cc:304) Expected 231552 bytes of wave data, but read only 230400 bytes. Truncated file?
VLOG[2] (compute-mfcc-feats[5.5.1182~1-e02e3]:main():compute-mfcc-feats.cc:182) Processed features for key common_voice_lt_36954982
WARNING (compute-mfcc-feats[5.5.1182~1-e02e3]:Read():wave-reader.cc:304) Expected 124416 bytes of wave data, but read only 123264 bytes. Truncated file?
VLOG[2] (compute-mfcc-feats[5.5.1182~1-e02e3]:main():compute-mfcc-feats.cc:182) Processed features for key common_voice_lt_36954983
sox WARN rate: rate clipped 1 samples; decrease volume?
sox WARN dither: dither clipped 1 samples; decrease volume?
WARNING (compute-mfcc-feats[5.5.1182~1-e02e3]:Read():wave-reader.cc:304) Expected 132480 bytes of wave data, but read only 131328 bytes. Truncated file?
VLOG[2] (compute-mfcc-feats[5.5.1182~1-e02e3]:main():compute-mfcc-feats.cc:182) Processed features for key common_voice_lt_36954984
WARNING (compute-mfcc-feats[5.5.1182~1-e02e3]:Read():wave-reader.cc:304) Expected 127872 bytes of wave data, but read only 126720 bytes. Truncated file?
VLOG[2] (compute-mfcc-feats[5.5.1182~1-e02e3]:main():compute-mfcc-feats.cc:182) Processed features for key common_voice_lt_36954985
WARNING (compute-mfcc-feats[5.5.1182~1-e02e3]:Read():wave-reader.cc:304) Expected 168192 bytes of wave data, but read only 167040 bytes. Truncated file?
VLOG[2] (compute-mfcc-feats[5.5.1182~1-e02e3]:main():compute-mfcc-feats.cc:182) Processed features for key common_voice_lt_36954986
WARNING (compute-mfcc-feats[5.5.1182~1-e02e3]:Read():wave-reader.cc:304) Expected 239616 bytes of wave data, but read only 238464 bytes. Truncated file?
VLOG[2] (compute-mfcc-feats[5.5.1182~1-e02e3]:main():compute-mfcc-feats.cc:182) Processed features for key common_voice_lt_36954987
WARNING (compute-mfcc-feats[5.5.1182~1-e02e3]:Read():wave-reader.cc:304) Expected 156672 bytes of wave data, but read only 155520 bytes. Truncated file?
LOG (compute-mfcc-feats[5.5.1182~1-e02e3]:main():compute-mfcc-feats.cc:181) Processed 10 utterances
VLOG[2] (compute-mfcc-feats[5.5.1182~1-e02e3]:main():compute-mfcc-feats.cc:182) Processed features for key common_voice_lt_36954988
WARNING (compute-mfcc-feats[5.5.1182~1-e02e3]:Read():wave-reader.cc:304) Expected 231552 bytes of wave data, but read only 230400 bytes. Truncated file?
VLOG[2] (compute-mfcc-feats[5.5.1182~1-e02e3]:main():compute-mfcc-feats.cc:182) Processed features for key common_voice_lt_36954989
WARNING (compute-mfcc-feats[5.5.1182~1-e02e3]:Read():wave-reader.cc:304) Expected 110592 bytes of wave data, but read only 109440 bytes. Truncated file?
VLOG[2] (compute-mfcc-feats[5.5.1182~1-e02e3]:main():compute-mfcc-feats.cc:182) Processed features for key common_voice_lt_36954990
WARNING (compute-mfcc-feats[5.5.1182~1-e02e3]:Read():wave-reader.cc:304) Expected 213120 bytes of wave data, but read only 211968 bytes. Truncated file?
VLOG[2] (compute-mfcc-feats[5.5.1182~1-e02e3]:main():compute-mfcc-feats.cc:182) Processed features for key common_voice_lt_36954991
WARNING (compute-mfcc-feats[5.5.1182~1-e02e3]:Read():wave-reader.cc:304) Expected 147456 bytes of wave data, but read only 146304 bytes. Truncated file?
VLOG[2] (compute-mfcc-feats[5.5.1182~1-e02e3]:main():compute-mfcc-feats.cc:182) Processed features for key common_voice_lt_36954992
WARNING (compute-mfcc-feats[5.5.1182~1-e02e3]:Read():wave-reader.cc:304) Expected 158976 bytes of wave data, but read only 157824 bytes. Truncated file?
VLOG[2] (compute-mfcc-feats[5.5.1182~1-e02e3]:main():compute-mfcc-feats.cc:182) Processed features for key common_voice_lt_36954993
WARNING (compute-mfcc-feats[5.5.1182~1-e02e3]:Read():wave-reader.cc:304) Expected 331776 bytes of wave data, but read only 330624 bytes. Truncated file?
VLOG[2] (compute-mfcc-feats[5.5.1182~1-e02e3]:main():compute-mfcc-feats.cc:182) Processed features for key common_voice_lt_36954994
WARNING (compute-mfcc-feats[5.5.1182~1-e02e3]:Read():wave-reader.cc:304) Expected 147456 bytes of wave data, but read only 146304 bytes. Truncated file?
VLOG[2] (compute-mfcc-feats[5.5.1182~1-e02e3]:main():compute-mfcc-feats.cc:182) Processed features for key common_voice_lt_36954995
WARNING (compute-mfcc-feats[5.5.1182~1-e02e3]:Read():wave-reader.cc:304) Expected 112896 bytes of wave data, but read only 111744 bytes. Truncated file?
VLOG[2] (compute-mfcc-feats[5.5.1182~1-e02e3]:main():compute-mfcc-feats.cc:182) Processed features for key common_voice_lt_36954996
WARNING (compute-mfcc-feats[5.5.1182~1-e02e3]:Read():wave-reader.cc:304) Expected 155520 bytes of wave data, but read only 154368 bytes. Truncated file?
VLOG[2] (compute-mfcc-feats[5.5.1182~1-e02e3]:main():compute-mfcc-feats.cc:182) Processed features for key common_voice_lt_36954997
WARNING (compute-mfcc-feats[5.5.1182~1-e02e3]:Read():wave-reader.cc:304) Expected 251136 bytes of wave data, but read only 249984 bytes. Truncated file?
LOG (compute-mfcc-feats[5.5.1182~1-e02e3]:main():compute-mfcc-feats.cc:181) Processed 20 utterances
VLOG[2] (compute-mfcc-feats[5.5.1182~1-e02e3]:main():compute-mfcc-feats.cc:182) Processed features for key common_voice_lt_36954998
WARNING (compute-mfcc-feats[5.5.1182~1-e02e3]:Read():wave-reader.cc:304) Expected 179712 bytes of wave data, but read only 178560 bytes. Truncated file?
VLOG[2] (compute-mfcc-feats[5.5.1182~1-e02e3]:main():compute-mfcc-feats.cc:182) Processed features for key common_voice_lt_36955000
WARNING (compute-mfcc-feats[5.5.1182~1-e02e3]:Read():wave-reader.cc:304) Expected 247680 bytes of wave data, but read only 246528 bytes. Truncated file?
VLOG[2] (compute-mfcc-feats[5.5.1182~1-e02e3]:main():compute-mfcc-feats.cc:182) Processed features for key common_voice_lt_36955001
WARNING (compute-mfcc-feats[5.5.1182~1-e02e3]:Read():wave-reader.cc:304) Expected 299520 bytes of wave data, but read only 298368 bytes. Truncated file?
VLOG[2] (compute-mfcc-feats[5.5.1182~1-e02e3]:main():compute-mfcc-feats.cc:182) Processed features for key common_voice_lt_36955002
WARNING (compute-mfcc-feats[5.5.1182~1-e02e3]:Read():wave-reader.cc:304) Expected 195840 bytes of wave data, but read only 194688 bytes. Truncated file?
VLOG[2] (compute-mfcc-feats[5.5.1182~1-e02e3]:main():compute-mfcc-feats.cc:182) Processed features for key common_voice_lt_36955003
WARNING (compute-mfcc-feats[5.5.1182~1-e02e3]:Read():wave-reader.cc:304) Expected 248832 bytes of wave data, but read only 247680 bytes. Truncated file?
VLOG[2] (compute-mfcc-feats[5.5.1182~1-e02e3]:main():compute-mfcc-feats.cc:182) Processed features for key common_voice_lt_36955004
WARNING (compute-mfcc-feats[5.5.1182~1-e02e3]:Read():wave-reader.cc:304) Expected 153216 bytes of wave data, but read only 152064 bytes. Truncated file?
VLOG[2] (compute-mfcc-feats[5.5.1182~1-e02e3]:main():compute-mfcc-feats.cc:182) Processed features for key common_voice_lt_36955005
WARNING (compute-mfcc-feats[5.5.1182~1-e02e3]:Read():wave-reader.cc:304) Expected 95616 bytes of wave data, but read only 94464 bytes. Truncated file?
VLOG[2] (compute-mfcc-feats[5.5.1182~1-e02e3]:main():compute-mfcc-feats.cc:182) Processed features for key common_voice_lt_36955006
WARNING (compute-mfcc-feats[5.5.1182~1-e02e3]:Read():wave-reader.cc:304) Expected 126720 bytes of wave data, but read only 125568 bytes. Truncated file?
VLOG[2] (compute-mfcc-feats[5.5.1182~1-e02e3]:main():compute-mfcc-feats.cc:182) Processed features for key common_voice_lt_36955007
WARNING (compute-mfcc-feats[5.5.1182~1-e02e3]:Read():wave-reader.cc:304) Expected 161280 bytes of wave data, but read only 160128 bytes. Truncated file?
VLOG[2] (compute-mfcc-feats[5.5.1182~1-e02e3]:main():compute-mfcc-feats.cc:182) Processed features for key common_voice_lt_36955008
WARNING (compute-mfcc-feats[5.5.1182~1-e02e3]:Read():wave-reader.cc:304) Expected 190080 bytes of wave data, but read only 188928 bytes. Truncated file?
LOG (compute-mfcc-feats[5.5.1182~1-e02e3]:main():compute-mfcc-feats.cc:181) Processed 30 utterances
VLOG[2] (compute-mfcc-feats[5.5.1182~1-e02e3]:main():compute-mfcc-feats.cc:182) Processed features for key common_voice_lt_36955009
WARNING (compute-mfcc-feats[5.5.1182~1-e02e3]:Read():wave-reader.cc:304) Expected 147456 bytes of wave data, but read only 146304 bytes. Truncated file?
VLOG[2] (compute-mfcc-feats[5.5.1182~1-e02e3]:main():compute-mfcc-feats.cc:182) Processed features for key common_voice_lt_36955010
WARNING (compute-mfcc-feats[5.5.1182~1-e02e3]:Read():wave-reader.cc:304) Expected 150912 bytes of wave data, but read only 149760 bytes. Truncated file?
VLOG[2] (compute-mfcc-feats[5.5.1182~1-e02e3]:main():compute-mfcc-feats.cc:182) Processed features for key common_voice_lt_36955011
WARNING (compute-mfcc-feats[5.5.1182~1-e02e3]:Read():wave-reader.cc:304) Expected 233856 bytes of wave data, but read only 232704 bytes. Truncated file?
VLOG[2] (compute-mfcc-feats[5.5.1182~1-e02e3]:main():compute-mfcc-feats.cc:182) Processed features for key common_voice_lt_36955013
WARNING (compute-mfcc-feats[5.5.1182~1-e02e3]:Read():wave-reader.cc:304) Expected 233856 bytes of wave data, but read only 232704 bytes. Truncated file?
VLOG[2] (compute-mfcc-feats[5.5.1182~1-e02e3]:main():compute-mfcc-feats.cc:182) Processed features for key common_voice_lt_36955014
WARNING (compute-mfcc-feats[5.5.1182~1-e02e3]:Read():wave-reader.cc:304) Expected 139392 bytes of wave data, but read only 138240 bytes. Truncated file?
VLOG[2] (compute-mfcc-feats[5.5.1182~1-e02e3]:main():compute-mfcc-feats.cc:182) Processed features for key common_voice_lt_36955015
WARNING (compute-mfcc-feats[5.5.1182~1-e02e3]:Read():wave-reader.cc:304) Expected 201600 bytes of wave data, but read only 200448 bytes. Truncated file?
VLOG[2] (compute-mfcc-feats[5.5.1182~1-e02e3]:main():compute-mfcc-feats.cc:182) Processed features for key common_voice_lt_36955016
WARNING (compute-mfcc-feats[5.5.1182~1-e02e3]:Read():wave-reader.cc:304) Expected 312192 bytes of wave data, but read only 311040 bytes. Truncated file?
VLOG[2] (compute-mfcc-feats[5.5.1182~1-e02e3]:main():compute-mfcc-feats.cc:182) Processed features for key common_voice_lt_36955017
WARNING (compute-mfcc-feats[5.5.1182~1-e02e3]:Read():wave-reader.cc:304) Expected 228096 bytes of wave data, but read only 226944 bytes. Truncated file?
VLOG[2] (compute-mfcc-feats[5.5.1182~1-e02e3]:main():compute-mfcc-feats.cc:182) Processed features for key common_voice_lt_36955018
WARNING (compute-mfcc-feats[5.5.1182~1-e02e3]:Read():wave-reader.cc:304) Expected 241920 bytes of wave data, but read only 240768 bytes. Truncated file?
VLOG[2] (compute-mfcc-feats[5.5.1182~1-e02e3]:main():compute-mfcc-feats.cc:182) Processed features for key common_voice_lt_36955020
WARNING (compute-mfcc-feats[5.5.1182~1-e02e3]:Read():wave-reader.cc:304) Expected 214272 bytes of wave data, but read only 213120 bytes. Truncated file?
LOG (compute-mfcc-feats[5.5.1182~1-e02e3]:main():compute-mfcc-feats.cc:181) Processed 40 utterances
VLOG[2] (compute-mfcc-feats[5.5.1182~1-e02e3]:main():compute-mfcc-feats.cc:182) Processed features for key common_voice_lt_36955021
WARNING (compute-mfcc-feats[5.5.1182~1-e02e3]:Read():wave-reader.cc:304) Expected 167040 bytes of wave data, but read only 165888 bytes. Truncated file?
VLOG[2] (compute-mfcc-feats[5.5.1182~1-e02e3]:main():compute-mfcc-feats.cc:182) Processed features for key common_voice_lt_36955022
WARNING (compute-mfcc-feats[5.5.1182~1-e02e3]:Read():wave-reader.cc:304) Expected 153216 bytes of wave data, but read only 152064 bytes. Truncated file?
VLOG[2] (compute-mfcc-feats[5.5.1182~1-e02e3]:main():compute-mfcc-feats.cc:182) Processed features for key common_voice_lt_36955023
WARNING (compute-mfcc-feats[5.5.1182~1-e02e3]:Read():wave-reader.cc:304) Expected 205056 bytes of wave data, but read only 203904 bytes. Truncated file?
VLOG[2] (compute-mfcc-feats[5.5.1182~1-e02e3]:main():compute-mfcc-feats.cc:182) Processed features for key common_voice_lt_36955024
WARNING (compute-mfcc-feats[5.5.1182~1-e02e3]:Read():wave-reader.cc:304) Expected 147456 bytes of wave data, but read only 146304 bytes. Truncated file?
VLOG[2] (compute-mfcc-feats[5.5.1182~1-e02e3]:main():compute-mfcc-feats.cc:182) Processed features for key common_voice_lt_36955025
WARNING (compute-mfcc-feats[5.5.1182~1-e02e3]:Read():wave-reader.cc:304) Expected 109440 bytes of wave data, but read only 108288 bytes. Truncated file?
VLOG[2] (compute-mfcc-feats[5.5.1182~1-e02e3]:main():compute-mfcc-feats.cc:182) Processed features for key common_voice_lt_36955026
WARNING (compute-mfcc-feats[5.5.1182~1-e02e3]:Read():wave-reader.cc:304) Expected 176256 bytes of wave data, but read only 175104 bytes. Truncated file?
VLOG[2] (compute-mfcc-feats[5.5.1182~1-e02e3]:main():compute-mfcc-feats.cc:182) Processed features for key common_voice_lt_36955027
WARNING (compute-mfcc-feats[5.5.1182~1-e02e3]:Read():wave-reader.cc:304) Expected 172800 bytes of wave data, but read only 171648 bytes. Truncated file?
VLOG[2] (compute-mfcc-feats[5.5.1182~1-e02e3]:main():compute-mfcc-feats.cc:182) Processed features for key common_voice_lt_36955028
WARNING (compute-mfcc-feats[5.5.1182~1-e02e3]:Read():wave-reader.cc:304) Expected 150912 bytes of wave data, but read only 149760 bytes. Truncated file?
VLOG[2] (compute-mfcc-feats[5.5.1182~1-e02e3]:main():compute-mfcc-feats.cc:182) Processed features for key common_voice_lt_36955029
WARNING (compute-mfcc-feats[5.5.1182~1-e02e3]:Read():wave-reader.cc:304) Expected 195840 bytes of wave data, but read only 194688 bytes. Truncated file?
VLOG[2] (compute-mfcc-feats[5.5.1182~1-e02e3]:main():compute-mfcc-feats.cc:182) Processed features for key common_voice_lt_36955030
WARNING (compute-mfcc-feats[5.5.1182~1-e02e3]:Read():wave-reader.cc:304) Expected 220032 bytes of wave data, but read only 218880 bytes. Truncated file?
LOG (compute-mfcc-feats[5.5.1182~1-e02e3]:main():compute-mfcc-feats.cc:181) Processed 50 utterances
VLOG[2] (compute-mfcc-feats[5.5.1182~1-e02e3]:main():compute-mfcc-feats.cc:182) Processed features for key common_voice_lt_36955032
WARNING (compute-mfcc-feats[5.5.1182~1-e02e3]:Read():wave-reader.cc:304) Expected 158976 bytes of wave data, but read only 157824 bytes. Truncated file?
VLOG[2] (compute-mfcc-feats[5.5.1182~1-e02e3]:main():compute-mfcc-feats.cc:182) Processed features for key common_voice_lt_36955033
WARNING (compute-mfcc-feats[5.5.1182~1-e02e3]:Read():wave-reader.cc:304) Expected 135936 bytes of wave data, but read only 134784 bytes. Truncated file?
VLOG[2] (compute-mfcc-feats[5.5.1182~1-e02e3]:main():compute-mfcc-feats.cc:182) Processed features for key common_voice_lt_36955034
WARNING (compute-mfcc-feats[5.5.1182~1-e02e3]:Read():wave-reader.cc:304) Expected 207360 bytes of wave data, but read only 206208 bytes. Truncated file?
VLOG[2] (compute-mfcc-feats[5.5.1182~1-e02e3]:main():compute-mfcc-feats.cc:182) Processed features for key common_voice_lt_36955035
WARNING (compute-mfcc-feats[5.5.1182~1-e02e3]:Read():wave-reader.cc:304) Expected 147456 bytes of wave data, but read only 146304 bytes. Truncated file?
VLOG[2] (compute-mfcc-feats[5.5.1182~1-e02e3]:main():compute-mfcc-feats.cc:182) Processed features for key common_voice_lt_36955036
WARNING (compute-mfcc-feats[5.5.1182~1-e02e3]:Read():wave-reader.cc:304) Expected 184320 bytes of wave data, but read only 183168 bytes. Truncated file?
VLOG[2] (compute-mfcc-feats[5.5.1182~1-e02e3]:main():compute-mfcc-feats.cc:182) Processed features for key common_voice_lt_36955037
WARNING (compute-mfcc-feats[5.5.1182~1-e02e3]:Read():wave-reader.cc:304) Expected 95616 bytes of wave data, but read only 94464 bytes. Truncated file?
VLOG[2] (compute-mfcc-feats[5.5.1182~1-e02e3]:main():compute-mfcc-feats.cc:182) Processed features for key common_voice_lt_36955038
WARNING (compute-mfcc-feats[5.5.1182~1-e02e3]:Read():wave-reader.cc:304) Expected 190080 bytes of wave data, but read only 188928 bytes. Truncated file?
VLOG[2] (compute-mfcc-feats[5.5.1182~1-e02e3]:main():compute-mfcc-feats.cc:182) Processed features for key common_voice_lt_36955114
WARNING (compute-mfcc-feats[5.5.1182~1-e02e3]:Read():wave-reader.cc:304) Expected 133632 bytes of wave data, but read only 132480 bytes. Truncated file?
VLOG[2] (compute-mfcc-feats[5.5.1182~1-e02e3]:main():compute-mfcc-feats.cc:182) Processed features for key common_voice_lt_36955115
WARNING (compute-mfcc-feats[5.5.1182~1-e02e3]:Read():wave-reader.cc:304) Expected 213120 bytes of wave data, but read only 211968 bytes. Truncated file?
VLOG[2] (compute-mfcc-feats[5.5.1182~1-e02e3]:main():compute-mfcc-feats.cc:182) Processed features for key common_voice_lt_36955116
WARNING (compute-mfcc-feats[5.5.1182~1-e02e3]:Read():wave-reader.cc:304) Expected 228096 bytes of wave data, but read only 226944 bytes. Truncated file?
LOG (compute-mfcc-feats[5.5.1182~1-e02e3]:main():compute-mfcc-feats.cc:181) Processed 60 utterances
VLOG[2] (compute-mfcc-feats[5.5.1182~1-e02e3]:main():compute-mfcc-feats.cc:182) Processed features for key common_voice_lt_36955117
WARNING (compute-mfcc-feats[5.5.1182~1-e02e3]:Read():wave-reader.cc:304) Expected 127872 bytes of wave data, but read only 126720 bytes. Truncated file?
VLOG[2] (compute-mfcc-feats[5.5.1182~1-e02e3]:main():compute-mfcc-feats.cc:182) Processed features for key common_voice_lt_36955118
WARNING (compute-mfcc-feats[5.5.1182~1-e02e3]:Read():wave-reader.cc:304) Expected 248832 bytes of wave data, but read only 247680 bytes. Truncated file?
VLOG[2] (compute-mfcc-feats[5.5.1182~1-e02e3]:main():compute-mfcc-feats.cc:182) Processed features for key common_voice_lt_36955141
WARNING (compute-mfcc-feats[5.5.1182~1-e02e3]:Read():wave-reader.cc:304) Expected 161280 bytes of wave data, but read only 160128 bytes. Truncated file?
VLOG[2] (compute-mfcc-feats[5.5.1182~1-e02e3]:main():compute-mfcc-feats.cc:182) Processed features for key common_voice_lt_36955142
WARNING (compute-mfcc-feats[5.5.1182~1-e02e3]:Read():wave-reader.cc:304) Expected 153216 bytes of wave data, but read only 152064 bytes. Truncated file?
VLOG[2] (compute-mfcc-feats[5.5.1182~1-e02e3]:main():compute-mfcc-feats.cc:182) Processed features for key common_voice_lt_36955143
WARNING (compute-mfcc-feats[5.5.1182~1-e02e3]:Read():wave-reader.cc:304) Expected 201600 bytes of wave data, but read only 200448 bytes. Truncated file?
VLOG[2] (compute-mfcc-feats[5.5.1182~1-e02e3]:main():compute-mfcc-feats.cc:182) Processed features for key common_voice_lt_36955144
WARNING (compute-mfcc-feats[5.5.1182~1-e02e3]:Read():wave-reader.cc:304) Expected 185472 bytes of wave data, but read only 184320 bytes. Truncated file?
VLOG[2] (compute-mfcc-feats[5.5.1182~1-e02e3]:main():compute-mfcc-feats.cc:182) Processed features for key common_voice_lt_36955146
WARNING (compute-mfcc-feats[5.5.1182~1-e02e3]:Read():wave-reader.cc:304) Expected 135936 bytes of wave data, but read only 134784 bytes. Truncated file?
VLOG[2] (compute-mfcc-feats[5.5.1182~1-e02e3]:main():compute-mfcc-feats.cc:182) Processed features for key common_voice_lt_36955159
WARNING (compute-mfcc-feats[5.5.1182~1-e02e3]:Read():wave-reader.cc:304) Expected 138240 bytes of wave data, but read only 137088 bytes. Truncated file?
VLOG[2] (compute-mfcc-feats[5.5.1182~1-e02e3]:main():compute-mfcc-feats.cc:182) Processed features for key common_voice_lt_36955160
WARNING (compute-mfcc-feats[5.5.1182~1-e02e3]:Read():wave-reader.cc:304) Expected 109440 bytes of wave data, but read only 108288 bytes. Truncated file?
VLOG[2] (compute-mfcc-feats[5.5.1182~1-e02e3]:main():compute-mfcc-feats.cc:182) Processed features for key common_voice_lt_36955161
WARNING (compute-mfcc-feats[5.5.1182~1-e02e3]:Read():wave-reader.cc:304) Expected 228096 bytes of wave data, but read only 226944 bytes. Truncated file?
LOG (compute-mfcc-feats[5.5.1182~1-e02e3]:main():compute-mfcc-feats.cc:181) Processed 70 utterances
VLOG[2] (compute-mfcc-feats[5.5.1182~1-e02e3]:main():compute-mfcc-feats.cc:182) Processed features for key common_voice_lt_36955162
WARNING (compute-mfcc-feats[5.5.1182~1-e02e3]:Read():wave-reader.cc:304) Expected 144000 bytes of wave data, but read only 142848 bytes. Truncated file?
VLOG[2] (compute-mfcc-feats[5.5.1182~1-e02e3]:main():compute-mfcc-feats.cc:182) Processed features for key common_voice_lt_36955163
WARNING (compute-mfcc-feats[5.5.1182~1-e02e3]:Read():wave-reader.cc:304) Expected 141696 bytes of wave data, but read only 140544 bytes. Truncated file?
VLOG[2] (compute-mfcc-feats[5.5.1182~1-e02e3]:main():compute-mfcc-feats.cc:182) Processed features for key common_voice_lt_36955179
WARNING (compute-mfcc-feats[5.5.1182~1-e02e3]:Read():wave-reader.cc:304) Expected 185472 bytes of wave data, but read only 184320 bytes. Truncated file?
VLOG[2] (compute-mfcc-feats[5.5.1182~1-e02e3]:main():compute-mfcc-feats.cc:182) Processed features for key common_voice_lt_36955180
WARNING (compute-mfcc-feats[5.5.1182~1-e02e3]:Read():wave-reader.cc:304) Expected 239616 bytes of wave data, but read only 238464 bytes. Truncated file?
VLOG[2] (compute-mfcc-feats[5.5.1182~1-e02e3]:main():compute-mfcc-feats.cc:182) Processed features for key common_voice_lt_36955181
WARNING (compute-mfcc-feats[5.5.1182~1-e02e3]:Read():wave-reader.cc:304) Expected 216576 bytes of wave data, but read only 215424 bytes. Truncated file?
VLOG[2] (compute-mfcc-feats[5.5.1182~1-e02e3]:main():compute-mfcc-feats.cc:182) Processed features for key common_voice_lt_36955182
WARNING (compute-mfcc-feats[5.5.1182~1-e02e3]:Read():wave-reader.cc:304) Expected 133632 bytes of wave data, but read only 132480 bytes. Truncated file?
VLOG[2] (compute-mfcc-feats[5.5.1182~1-e02e3]:main():compute-mfcc-feats.cc:182) Processed features for key common_voice_lt_36955183
WARNING (compute-mfcc-feats[5.5.1182~1-e02e3]:Read():wave-reader.cc:304) Expected 276480 bytes of wave data, but read only 275328 bytes. Truncated file?
VLOG[2] (compute-mfcc-feats[5.5.1182~1-e02e3]:main():compute-mfcc-feats.cc:182) Processed features for key common_voice_lt_36965170
WARNING (compute-mfcc-feats[5.5.1182~1-e02e3]:Read():wave-reader.cc:304) Expected 116352 bytes of wave data, but read only 115200 bytes. Truncated file?
VLOG[2] (compute-mfcc-feats[5.5.1182~1-e02e3]:main():compute-mfcc-feats.cc:182) Processed features for key common_voice_lt_36965171
WARNING (compute-mfcc-feats[5.5.1182~1-e02e3]:Read():wave-reader.cc:304) Expected 135936 bytes of wave data, but read only 134784 bytes. Truncated file?
VLOG[2] (compute-mfcc-feats[5.5.1182~1-e02e3]:main():compute-mfcc-feats.cc:182) Processed features for key common_voice_lt_36965172
WARNING (compute-mfcc-feats[5.5.1182~1-e02e3]:Read():wave-reader.cc:304) Expected 236160 bytes of wave data, but read only 235008 bytes. Truncated file?
LOG (compute-mfcc-feats[5.5.1182~1-e02e3]:main():compute-mfcc-feats.cc:181) Processed 80 utterances
VLOG[2] (compute-mfcc-feats[5.5.1182~1-e02e3]:main():compute-mfcc-feats.cc:182) Processed features for key common_voice_lt_36965173
WARNING (compute-mfcc-feats[5.5.1182~1-e02e3]:Read():wave-reader.cc:304) Expected 115200 bytes of wave data, but read only 114048 bytes. Truncated file?
VLOG[2] (compute-mfcc-feats[5.5.1182~1-e02e3]:main():compute-mfcc-feats.cc:182) Processed features for key common_voice_lt_36965174
WARNING (compute-mfcc-feats[5.5.1182~1-e02e3]:Read():wave-reader.cc:304) Expected 122112 bytes of wave data, but read only 120960 bytes. Truncated file?
VLOG[2] (compute-mfcc-feats[5.5.1182~1-e02e3]:main():compute-mfcc-feats.cc:182) Processed features for key common_voice_lt_36965180
WARNING (compute-mfcc-feats[5.5.1182~1-e02e3]:Read():wave-reader.cc:304) Expected 116352 bytes of wave data, but read only 115200 bytes. Truncated file?
VLOG[2] (compute-mfcc-feats[5.5.1182~1-e02e3]:main():compute-mfcc-feats.cc:182) Processed features for key common_voice_lt_36965181
WARNING (compute-mfcc-feats[5.5.1182~1-e02e3]:Read():wave-reader.cc:304) Expected 112896 bytes of wave data, but read only 111744 bytes. Truncated file?
VLOG[2] (compute-mfcc-feats[5.5.1182~1-e02e3]:main():compute-mfcc-feats.cc:182) Processed features for key common_voice_lt_36965182
WARNING (compute-mfcc-feats[5.5.1182~1-e02e3]:Read():wave-reader.cc:304) Expected 185472 bytes of wave data, but read only 184320 bytes. Truncated file?
VLOG[2] (compute-mfcc-feats[5.5.1182~1-e02e3]:main():compute-mfcc-feats.cc:182) Processed features for key common_voice_lt_36965183
WARNING (compute-mfcc-feats[5.5.1182~1-e02e3]:Read():wave-reader.cc:304) Expected 172800 bytes of wave data, but read only 171648 bytes. Truncated file?
VLOG[2] (compute-mfcc-feats[5.5.1182~1-e02e3]:main():compute-mfcc-feats.cc:182) Processed features for key common_voice_lt_36965184
WARNING (compute-mfcc-feats[5.5.1182~1-e02e3]:Read():wave-reader.cc:304) Expected 241920 bytes of wave data, but read only 240768 bytes. Truncated file?
VLOG[2] (compute-mfcc-feats[5.5.1182~1-e02e3]:main():compute-mfcc-feats.cc:182) Processed features for key common_voice_lt_36965210
WARNING (compute-mfcc-feats[5.5.1182~1-e02e3]:Read():wave-reader.cc:304) Expected 185472 bytes of wave data, but read only 184320 bytes. Truncated file?
VLOG[2] (compute-mfcc-feats[5.5.1182~1-e02e3]:main():compute-mfcc-feats.cc:182) Processed features for key common_voice_lt_36965211
WARNING (compute-mfcc-feats[5.5.1182~1-e02e3]:Read():wave-reader.cc:304) Expected 104832 bytes of wave data, but read only 103680 bytes. Truncated file?
VLOG[2] (compute-mfcc-feats[5.5.1182~1-e02e3]:main():compute-mfcc-feats.cc:182) Processed features for key common_voice_lt_36965212
WARNING (compute-mfcc-feats[5.5.1182~1-e02e3]:Read():wave-reader.cc:304) Expected 141696 bytes of wave data, but read only 140544 bytes. Truncated file?
LOG (compute-mfcc-feats[5.5.1182~1-e02e3]:main():compute-mfcc-feats.cc:181) Processed 90 utterances
VLOG[2] (compute-mfcc-feats[5.5.1182~1-e02e3]:main():compute-mfcc-feats.cc:182) Processed features for key common_voice_lt_36965213
WARNING (compute-mfcc-feats[5.5.1182~1-e02e3]:Read():wave-reader.cc:304) Expected 184320 bytes of wave data, but read only 183168 bytes. Truncated file?
VLOG[2] (compute-mfcc-feats[5.5.1182~1-e02e3]:main():compute-mfcc-feats.cc:182) Processed features for key common_voice_lt_36965214
WARNING (compute-mfcc-feats[5.5.1182~1-e02e3]:Read():wave-reader.cc:304) Expected 277632 bytes of wave data, but read only 276480 bytes. Truncated file?
VLOG[2] (compute-mfcc-feats[5.5.1182~1-e02e3]:main():compute-mfcc-feats.cc:182) Processed features for key common_voice_lt_36965220
WARNING (compute-mfcc-feats[5.5.1182~1-e02e3]:Read():wave-reader.cc:304) Expected 178560 bytes of wave data, but read only 177408 bytes. Truncated file?
VLOG[2] (compute-mfcc-feats[5.5.1182~1-e02e3]:main():compute-mfcc-feats.cc:182) Processed features for key common_voice_lt_36965221
WARNING (compute-mfcc-feats[5.5.1182~1-e02e3]:Read():wave-reader.cc:304) Expected 213120 bytes of wave data, but read only 211968 bytes. Truncated file?
VLOG[2] (compute-mfcc-feats[5.5.1182~1-e02e3]:main():compute-mfcc-feats.cc:182) Processed features for key common_voice_lt_36965222
WARNING (compute-mfcc-feats[5.5.1182~1-e02e3]:Read():wave-reader.cc:304) Expected 185472 bytes of wave data, but read only 184320 bytes. Truncated file?
VLOG[2] (compute-mfcc-feats[5.5.1182~1-e02e3]:main():compute-mfcc-feats.cc:182) Processed features for key common_voice_lt_36965223
WARNING (compute-mfcc-feats[5.5.1182~1-e02e3]:Read():wave-reader.cc:304) Expected 164736 bytes of wave data, but read only 163584 bytes. Truncated file?
VLOG[2] (compute-mfcc-feats[5.5.1182~1-e02e3]:main():compute-mfcc-feats.cc:182) Processed features for key common_voice_lt_36965224
WARNING (compute-mfcc-feats[5.5.1182~1-e02e3]:Read():wave-reader.cc:304) Expected 110592 bytes of wave data, but read only 109440 bytes. Truncated file?
VLOG[2] (compute-mfcc-feats[5.5.1182~1-e02e3]:main():compute-mfcc-feats.cc:182) Processed features for key common_voice_lt_36965225
WARNING (compute-mfcc-feats[5.5.1182~1-e02e3]:Read():wave-reader.cc:304) Expected 168192 bytes of wave data, but read only 167040 bytes. Truncated file?
VLOG[2] (compute-mfcc-feats[5.5.1182~1-e02e3]:main():compute-mfcc-feats.cc:182) Processed features for key common_voice_lt_36965226
WARNING (compute-mfcc-feats[5.5.1182~1-e02e3]:Read():wave-reader.cc:304) Expected 135936 bytes of wave data, but read only 134784 bytes. Truncated file?
VLOG[2] (compute-mfcc-feats[5.5.1182~1-e02e3]:main():compute-mfcc-feats.cc:182) Processed features for key common_voice_lt_36965227
WARNING (compute-mfcc-feats[5.5.1182~1-e02e3]:Read():wave-reader.cc:304) Expected 112896 bytes of wave data, but read only 111744 bytes. Truncated file?
LOG (compute-mfcc-feats[5.5.1182~1-e02e3]:main():compute-mfcc-feats.cc:181) Processed 100 utterances
VLOG[2] (compute-mfcc-feats[5.5.1182~1-e02e3]:main():compute-mfcc-feats.cc:182) Processed features for key common_voice_lt_36965228
WARNING (compute-mfcc-feats[5.5.1182~1-e02e3]:Read():wave-reader.cc:304) Expected 247680 bytes of wave data, but read only 246528 bytes. Truncated file?
VLOG[2] (compute-mfcc-feats[5.5.1182~1-e02e3]:main():compute-mfcc-feats.cc:182) Processed features for key common_voice_lt_36965234
WARNING (compute-mfcc-feats[5.5.1182~1-e02e3]:Read():wave-reader.cc:304) Expected 147456 bytes of wave data, but read only 146304 bytes. Truncated file?
VLOG[2] (compute-mfcc-feats[5.5.1182~1-e02e3]:main():compute-mfcc-feats.cc:182) Processed features for key common_voice_lt_36965235
WARNING (compute-mfcc-feats[5.5.1182~1-e02e3]:Read():wave-reader.cc:304) Expected 264960 bytes of wave data, but read only 263808 bytes. Truncated file?
VLOG[2] (compute-mfcc-feats[5.5.1182~1-e02e3]:main():compute-mfcc-feats.cc:182) Processed features for key common_voice_lt_36965236
WARNING (compute-mfcc-feats[5.5.1182~1-e02e3]:Read():wave-reader.cc:304) Expected 130176 bytes of wave data, but read only 129024 bytes. Truncated file?
VLOG[2] (compute-mfcc-feats[5.5.1182~1-e02e3]:main():compute-mfcc-feats.cc:182) Processed features for key common_voice_lt_36965237
WARNING (compute-mfcc-feats[5.5.1182~1-e02e3]:Read():wave-reader.cc:304) Expected 216576 bytes of wave data, but read only 215424 bytes. Truncated file?
VLOG[2] (compute-mfcc-feats[5.5.1182~1-e02e3]:main():compute-mfcc-feats.cc:182) Processed features for key common_voice_lt_36965238
WARNING (compute-mfcc-feats[5.5.1182~1-e02e3]:Read():wave-reader.cc:304) Expected 150912 bytes of wave data, but read only 149760 bytes. Truncated file?
VLOG[2] (compute-mfcc-feats[5.5.1182~1-e02e3]:main():compute-mfcc-feats.cc:182) Processed features for key common_voice_lt_36965239
WARNING (compute-mfcc-feats[5.5.1182~1-e02e3]:Read():wave-reader.cc:304) Expected 141696 bytes of wave data, but read only 140544 bytes. Truncated file?
VLOG[2] (compute-mfcc-feats[5.5.1182~1-e02e3]:main():compute-mfcc-feats.cc:182) Processed features for key common_voice_lt_36965240
WARNING (compute-mfcc-feats[5.5.1182~1-e02e3]:Read():wave-reader.cc:304) Expected 271872 bytes of wave data, but read only 270720 bytes. Truncated file?
VLOG[2] (compute-mfcc-feats[5.5.1182~1-e02e3]:main():compute-mfcc-feats.cc:182) Processed features for key common_voice_lt_36965241
WARNING (compute-mfcc-feats[5.5.1182~1-e02e3]:Read():wave-reader.cc:304) Expected 224640 bytes of wave data, but read only 223488 bytes. Truncated file?
VLOG[2] (compute-mfcc-feats[5.5.1182~1-e02e3]:main():compute-mfcc-feats.cc:182) Processed features for key common_voice_lt_36965242
WARNING (compute-mfcc-feats[5.5.1182~1-e02e3]:Read():wave-reader.cc:304) Expected 202752 bytes of wave data, but read only 201600 bytes. Truncated file?
LOG (compute-mfcc-feats[5.5.1182~1-e02e3]:main():compute-mfcc-feats.cc:181) Processed 110 utterances
VLOG[2] (compute-mfcc-feats[5.5.1182~1-e02e3]:main():compute-mfcc-feats.cc:182) Processed features for key common_voice_lt_36965243
WARNING (compute-mfcc-feats[5.5.1182~1-e02e3]:Read():wave-reader.cc:304) Expected 184320 bytes of wave data, but read only 183168 bytes. Truncated file?
VLOG[2] (compute-mfcc-feats[5.5.1182~1-e02e3]:main():compute-mfcc-feats.cc:182) Processed features for key common_voice_lt_36965256
WARNING (compute-mfcc-feats[5.5.1182~1-e02e3]:Read():wave-reader.cc:304) Expected 322560 bytes of wave data, but read only 321408 bytes. Truncated file?
VLOG[2] (compute-mfcc-feats[5.5.1182~1-e02e3]:main():compute-mfcc-feats.cc:182) Processed features for key common_voice_lt_36965257
WARNING (compute-mfcc-feats[5.5.1182~1-e02e3]:Read():wave-reader.cc:304) Expected 141696 bytes of wave data, but read only 140544 bytes. Truncated file?
VLOG[2] (compute-mfcc-feats[5.5.1182~1-e02e3]:main():compute-mfcc-feats.cc:182) Processed features for key common_voice_lt_36965258
WARNING (compute-mfcc-feats[5.5.1182~1-e02e3]:Read():wave-reader.cc:304) Expected 285696 bytes of wave data, but read only 284544 bytes. Truncated file?
VLOG[2] (compute-mfcc-feats[5.5.1182~1-e02e3]:main():compute-mfcc-feats.cc:182) Processed features for key common_voice_lt_36965259
WARNING (compute-mfcc-feats[5.5.1182~1-e02e3]:Read():wave-reader.cc:304) Expected 118656 bytes of wave data, but read only 117504 bytes. Truncated file?
VLOG[2] (compute-mfcc-feats[5.5.1182~1-e02e3]:main():compute-mfcc-feats.cc:182) Processed features for key common_voice_lt_36965260
WARNING (compute-mfcc-feats[5.5.1182~1-e02e3]:Read():wave-reader.cc:304) Expected 139392 bytes of wave data, but read only 138240 bytes. Truncated file?
VLOG[2] (compute-mfcc-feats[5.5.1182~1-e02e3]:main():compute-mfcc-feats.cc:182) Processed features for key common_voice_lt_36966575
WARNING (compute-mfcc-feats[5.5.1182~1-e02e3]:Read():wave-reader.cc:304) Expected 202752 bytes of wave data, but read only 201600 bytes. Truncated file?
VLOG[2] (compute-mfcc-feats[5.5.1182~1-e02e3]:main():compute-mfcc-feats.cc:182) Processed features for key common_voice_lt_36966576
WARNING (compute-mfcc-feats[5.5.1182~1-e02e3]:Read():wave-reader.cc:304) Expected 155520 bytes of wave data, but read only 154368 bytes. Truncated file?
VLOG[2] (compute-mfcc-feats[5.5.1182~1-e02e3]:main():compute-mfcc-feats.cc:182) Processed features for key common_voice_lt_36966577
WARNING (compute-mfcc-feats[5.5.1182~1-e02e3]:Read():wave-reader.cc:304) Expected 145152 bytes of wave data, but read only 144000 bytes. Truncated file?
VLOG[2] (compute-mfcc-feats[5.5.1182~1-e02e3]:main():compute-mfcc-feats.cc:182) Processed features for key common_voice_lt_36966578
WARNING (compute-mfcc-feats[5.5.1182~1-e02e3]:Read():wave-reader.cc:304) Expected 283392 bytes of wave data, but read only 282240 bytes. Truncated file?
LOG (compute-mfcc-feats[5.5.1182~1-e02e3]:main():compute-mfcc-feats.cc:181) Processed 120 utterances
VLOG[2] (compute-mfcc-feats[5.5.1182~1-e02e3]:main():compute-mfcc-feats.cc:182) Processed features for key common_voice_lt_36966579
WARNING (compute-mfcc-feats[5.5.1182~1-e02e3]:Read():wave-reader.cc:304) Expected 311040 bytes of wave data, but read only 309888 bytes. Truncated file?
VLOG[2] (compute-mfcc-feats[5.5.1182~1-e02e3]:main():compute-mfcc-feats.cc:182) Processed features for key common_voice_lt_36966590
WARNING (compute-mfcc-feats[5.5.1182~1-e02e3]:Read():wave-reader.cc:304) Expected 190080 bytes of wave data, but read only 188928 bytes. Truncated file?
VLOG[2] (compute-mfcc-feats[5.5.1182~1-e02e3]:main():compute-mfcc-feats.cc:182) Processed features for key common_voice_lt_36966591
WARNING (compute-mfcc-feats[5.5.1182~1-e02e3]:Read():wave-reader.cc:304) Expected 259200 bytes of wave data, but read only 258048 bytes. Truncated file?
VLOG[2] (compute-mfcc-feats[5.5.1182~1-e02e3]:main():compute-mfcc-feats.cc:182) Processed features for key common_voice_lt_36966593
WARNING (compute-mfcc-feats[5.5.1182~1-e02e3]:Read():wave-reader.cc:304) Expected 256896 bytes of wave data, but read only 255744 bytes. Truncated file?
VLOG[2] (compute-mfcc-feats[5.5.1182~1-e02e3]:main():compute-mfcc-feats.cc:182) Processed features for key common_voice_lt_36966595
WARNING (compute-mfcc-feats[5.5.1182~1-e02e3]:Read():wave-reader.cc:304) Expected 130176 bytes of wave data, but read only 129024 bytes. Truncated file?
VLOG[2] (compute-mfcc-feats[5.5.1182~1-e02e3]:main():compute-mfcc-feats.cc:182) Processed features for key common_voice_lt_36966597
sox WARN rate: rate clipped 2 samples; decrease volume?
sox WARN dither: dither clipped 2 samples; decrease volume?
WARNING (compute-mfcc-feats[5.5.1182~1-e02e3]:Read():wave-reader.cc:304) Expected 132480 bytes of wave data, but read only 131328 bytes. Truncated file?
VLOG[2] (compute-mfcc-feats[5.5.1182~1-e02e3]:main():compute-mfcc-feats.cc:182) Processed features for key common_voice_lt_36966610
WARNING (compute-mfcc-feats[5.5.1182~1-e02e3]:Read():wave-reader.cc:304) Expected 173952 bytes of wave data, but read only 172800 bytes. Truncated file?
VLOG[2] (compute-mfcc-feats[5.5.1182~1-e02e3]:main():compute-mfcc-feats.cc:182) Processed features for key common_voice_lt_36966611
WARNING (compute-mfcc-feats[5.5.1182~1-e02e3]:Read():wave-reader.cc:304) Expected 112896 bytes of wave data, but read only 111744 bytes. Truncated file?
VLOG[2] (compute-mfcc-feats[5.5.1182~1-e02e3]:main():compute-mfcc-feats.cc:182) Processed features for key common_voice_lt_36966612
WARNING (compute-mfcc-feats[5.5.1182~1-e02e3]:Read():wave-reader.cc:304) Expected 153216 bytes of wave data, but read only 152064 bytes. Truncated file?
VLOG[2] (compute-mfcc-feats[5.5.1182~1-e02e3]:main():compute-mfcc-feats.cc:182) Processed features for key common_voice_lt_36966613
WARNING (compute-mfcc-feats[5.5.1182~1-e02e3]:Read():wave-reader.cc:304) Expected 122112 bytes of wave data, but read only 120960 bytes. Truncated file?
LOG (compute-mfcc-feats[5.5.1182~1-e02e3]:main():compute-mfcc-feats.cc:181) Processed 130 utterances
VLOG[2] (compute-mfcc-feats[5.5.1182~1-e02e3]:main():compute-mfcc-feats.cc:182) Processed features for key common_voice_lt_36966626
WARNING (compute-mfcc-feats[5.5.1182~1-e02e3]:Read():wave-reader.cc:304) Expected 158976 bytes of wave data, but read only 157824 bytes. Truncated file?
VLOG[2] (compute-mfcc-feats[5.5.1182~1-e02e3]:main():compute-mfcc-feats.cc:182) Processed features for key common_voice_lt_36966627
WARNING (compute-mfcc-feats[5.5.1182~1-e02e3]:Read():wave-reader.cc:304) Expected 116352 bytes of wave data, but read only 115200 bytes. Truncated file?
VLOG[2] (compute-mfcc-feats[5.5.1182~1-e02e3]:main():compute-mfcc-feats.cc:182) Processed features for key common_voice_lt_36966628
WARNING (compute-mfcc-feats[5.5.1182~1-e02e3]:Read():wave-reader.cc:304) Expected 101376 bytes of wave data, but read only 100224 bytes. Truncated file?
VLOG[2] (compute-mfcc-feats[5.5.1182~1-e02e3]:main():compute-mfcc-feats.cc:182) Processed features for key common_voice_lt_36966629
WARNING (compute-mfcc-feats[5.5.1182~1-e02e3]:Read():wave-reader.cc:304) Expected 179712 bytes of wave data, but read only 178560 bytes. Truncated file?
VLOG[2] (compute-mfcc-feats[5.5.1182~1-e02e3]:main():compute-mfcc-feats.cc:182) Processed features for key common_voice_lt_36966630
WARNING (compute-mfcc-feats[5.5.1182~1-e02e3]:Read():wave-reader.cc:304) Expected 213120 bytes of wave data, but read only 211968 bytes. Truncated file?
VLOG[2] (compute-mfcc-feats[5.5.1182~1-e02e3]:main():compute-mfcc-feats.cc:182) Processed features for key common_voice_lt_36966636
WARNING (compute-mfcc-feats[5.5.1182~1-e02e3]:Read():wave-reader.cc:304) Expected 149760 bytes of wave data, but read only 148608 bytes. Truncated file?
VLOG[2] (compute-mfcc-feats[5.5.1182~1-e02e3]:main():compute-mfcc-feats.cc:182) Processed features for key common_voice_lt_36966637
WARNING (compute-mfcc-feats[5.5.1182~1-e02e3]:Read():wave-reader.cc:304) Expected 122112 bytes of wave data, but read only 120960 bytes. Truncated file?
VLOG[2] (compute-mfcc-feats[5.5.1182~1-e02e3]:main():compute-mfcc-feats.cc:182) Processed features for key common_voice_lt_36966638
WARNING (compute-mfcc-feats[5.5.1182~1-e02e3]:Read():wave-reader.cc:304) Expected 150912 bytes of wave data, but read only 149760 bytes. Truncated file?
VLOG[2] (compute-mfcc-feats[5.5.1182~1-e02e3]:main():compute-mfcc-feats.cc:182) Processed features for key common_voice_lt_36966639
WARNING (compute-mfcc-feats[5.5.1182~1-e02e3]:Read():wave-reader.cc:304) Expected 228096 bytes of wave data, but read only 226944 bytes. Truncated file?
VLOG[2] (compute-mfcc-feats[5.5.1182~1-e02e3]:main():compute-mfcc-feats.cc:182) Processed features for key common_voice_lt_36966655
WARNING (compute-mfcc-feats[5.5.1182~1-e02e3]:Read():wave-reader.cc:304) Expected 109440 bytes of wave data, but read only 108288 bytes. Truncated file?
LOG (compute-mfcc-feats[5.5.1182~1-e02e3]:main():compute-mfcc-feats.cc:181) Processed 140 utterances
VLOG[2] (compute-mfcc-feats[5.5.1182~1-e02e3]:main():compute-mfcc-feats.cc:182) Processed features for key common_voice_lt_36966656
WARNING (compute-mfcc-feats[5.5.1182~1-e02e3]:Read():wave-reader.cc:304) Expected 110592 bytes of wave data, but read only 109440 bytes. Truncated file?
VLOG[2] (compute-mfcc-feats[5.5.1182~1-e02e3]:main():compute-mfcc-feats.cc:182) Processed features for key common_voice_lt_36966658
WARNING (compute-mfcc-feats[5.5.1182~1-e02e3]:Read():wave-reader.cc:304) Expected 133632 bytes of wave data, but read only 132480 bytes. Truncated file?
VLOG[2] (compute-mfcc-feats[5.5.1182~1-e02e3]:main():compute-mfcc-feats.cc:182) Processed features for key common_voice_lt_36966678
WARNING (compute-mfcc-feats[5.5.1182~1-e02e3]:Read():wave-reader.cc:304) Expected 178560 bytes of wave data, but read only 177408 bytes. Truncated file?
VLOG[2] (compute-mfcc-feats[5.5.1182~1-e02e3]:main():compute-mfcc-feats.cc:182) Processed features for key common_voice_lt_36966679
WARNING (compute-mfcc-feats[5.5.1182~1-e02e3]:Read():wave-reader.cc:304) Expected 162432 bytes of wave data, but read only 161280 bytes. Truncated file?
VLOG[2] (compute-mfcc-feats[5.5.1182~1-e02e3]:main():compute-mfcc-feats.cc:182) Processed features for key common_voice_lt_36966680
WARNING (compute-mfcc-feats[5.5.1182~1-e02e3]:Read():wave-reader.cc:304) Expected 237312 bytes of wave data, but read only 236160 bytes. Truncated file?
VLOG[2] (compute-mfcc-feats[5.5.1182~1-e02e3]:main():compute-mfcc-feats.cc:182) Processed features for key common_voice_lt_36966681
WARNING (compute-mfcc-feats[5.5.1182~1-e02e3]:Read():wave-reader.cc:304) Expected 199296 bytes of wave data, but read only 198144 bytes. Truncated file?
VLOG[2] (compute-mfcc-feats[5.5.1182~1-e02e3]:main():compute-mfcc-feats.cc:182) Processed features for key common_voice_lt_36966682
WARNING (compute-mfcc-feats[5.5.1182~1-e02e3]:Read():wave-reader.cc:304) Expected 182016 bytes of wave data, but read only 180864 bytes. Truncated file?
VLOG[2] (compute-mfcc-feats[5.5.1182~1-e02e3]:main():compute-mfcc-feats.cc:182) Processed features for key common_voice_lt_36966683
WARNING (compute-mfcc-feats[5.5.1182~1-e02e3]:Read():wave-reader.cc:304) Expected 173952 bytes of wave data, but read only 172800 bytes. Truncated file?
VLOG[2] (compute-mfcc-feats[5.5.1182~1-e02e3]:main():compute-mfcc-feats.cc:182) Processed features for key common_voice_lt_36966684
WARNING (compute-mfcc-feats[5.5.1182~1-e02e3]:Read():wave-reader.cc:304) Expected 167040 bytes of wave data, but read only 165888 bytes. Truncated file?
VLOG[2] (compute-mfcc-feats[5.5.1182~1-e02e3]:main():compute-mfcc-feats.cc:182) Processed features for key common_voice_lt_36966686
WARNING (compute-mfcc-feats[5.5.1182~1-e02e3]:Read():wave-reader.cc:304) Expected 185472 bytes of wave data, but read only 184320 bytes. Truncated file?
LOG (compute-mfcc-feats[5.5.1182~1-e02e3]:main():compute-mfcc-feats.cc:181) Processed 150 utterances
VLOG[2] (compute-mfcc-feats[5.5.1182~1-e02e3]:main():compute-mfcc-feats.cc:182) Processed features for key common_voice_lt_36966687
WARNING (compute-mfcc-feats[5.5.1182~1-e02e3]:Read():wave-reader.cc:304) Expected 176256 bytes of wave data, but read only 175104 bytes. Truncated file?
VLOG[2] (compute-mfcc-feats[5.5.1182~1-e02e3]:main():compute-mfcc-feats.cc:182) Processed features for key common_voice_lt_36966688
WARNING (compute-mfcc-feats[5.5.1182~1-e02e3]:Read():wave-reader.cc:304) Expected 95616 bytes of wave data, but read only 94464 bytes. Truncated file?
VLOG[2] (compute-mfcc-feats[5.5.1182~1-e02e3]:main():compute-mfcc-feats.cc:182) Processed features for key common_voice_lt_36966689
WARNING (compute-mfcc-feats[5.5.1182~1-e02e3]:Read():wave-reader.cc:304) Expected 184320 bytes of wave data, but read only 183168 bytes. Truncated file?
VLOG[2] (compute-mfcc-feats[5.5.1182~1-e02e3]:main():compute-mfcc-feats.cc:182) Processed features for key common_voice_lt_36966690
WARNING (compute-mfcc-feats[5.5.1182~1-e02e3]:Read():wave-reader.cc:304) Expected 127872 bytes of wave data, but read only 126720 bytes. Truncated file?
VLOG[2] (compute-mfcc-feats[5.5.1182~1-e02e3]:main():compute-mfcc-feats.cc:182) Processed features for key common_voice_lt_36966691
WARNING (compute-mfcc-feats[5.5.1182~1-e02e3]:Read():wave-reader.cc:304) Expected 153216 bytes of wave data, but read only 152064 bytes. Truncated file?
VLOG[2] (compute-mfcc-feats[5.5.1182~1-e02e3]:main():compute-mfcc-feats.cc:182) Processed features for key common_voice_lt_36966692
WARNING (compute-mfcc-feats[5.5.1182~1-e02e3]:Read():wave-reader.cc:304) Expected 109440 bytes of wave data, but read only 108288 bytes. Truncated file?
VLOG[2] (compute-mfcc-feats[5.5.1182~1-e02e3]:main():compute-mfcc-feats.cc:182) Processed features for key common_voice_lt_36966693
WARNING (compute-mfcc-feats[5.5.1182~1-e02e3]:Read():wave-reader.cc:304) Expected 144000 bytes of wave data, but read only 142848 bytes. Truncated file?
VLOG[2] (compute-mfcc-feats[5.5.1182~1-e02e3]:main():compute-mfcc-feats.cc:182) Processed features for key common_voice_lt_36966694
WARNING (compute-mfcc-feats[5.5.1182~1-e02e3]:Read():wave-reader.cc:304) Expected 116352 bytes of wave data, but read only 115200 bytes. Truncated file?
VLOG[2] (compute-mfcc-feats[5.5.1182~1-e02e3]:main():compute-mfcc-feats.cc:182) Processed features for key common_voice_lt_36966695
WARNING (compute-mfcc-feats[5.5.1182~1-e02e3]:Read():wave-reader.cc:304) Expected 243072 bytes of wave data, but read only 241920 bytes. Truncated file?
VLOG[2] (compute-mfcc-feats[5.5.1182~1-e02e3]:main():compute-mfcc-feats.cc:182) Processed features for key common_voice_lt_36966697
WARNING (compute-mfcc-feats[5.5.1182~1-e02e3]:Read():wave-reader.cc:304) Expected 277632 bytes of wave data, but read only 276480 bytes. Truncated file?
LOG (compute-mfcc-feats[5.5.1182~1-e02e3]:main():compute-mfcc-feats.cc:181) Processed 160 utterances
VLOG[2] (compute-mfcc-feats[5.5.1182~1-e02e3]:main():compute-mfcc-feats.cc:182) Processed features for key common_voice_lt_36966698
WARNING (compute-mfcc-feats[5.5.1182~1-e02e3]:Read():wave-reader.cc:304) Expected 124416 bytes of wave data, but read only 123264 bytes. Truncated file?
VLOG[2] (compute-mfcc-feats[5.5.1182~1-e02e3]:main():compute-mfcc-feats.cc:182) Processed features for key common_voice_lt_36966699
WARNING (compute-mfcc-feats[5.5.1182~1-e02e3]:Read():wave-reader.cc:304) Expected 132480 bytes of wave data, but read only 131328 bytes. Truncated file?
VLOG[2] (compute-mfcc-feats[5.5.1182~1-e02e3]:main():compute-mfcc-feats.cc:182) Processed features for key common_voice_lt_36966700
WARNING (compute-mfcc-feats[5.5.1182~1-e02e3]:Read():wave-reader.cc:304) Expected 176256 bytes of wave data, but read only 175104 bytes. Truncated file?
VLOG[2] (compute-mfcc-feats[5.5.1182~1-e02e3]:main():compute-mfcc-feats.cc:182) Processed features for key common_voice_lt_36966701
WARNING (compute-mfcc-feats[5.5.1182~1-e02e3]:Read():wave-reader.cc:304) Expected 104832 bytes of wave data, but read only 103680 bytes. Truncated file?
VLOG[2] (compute-mfcc-feats[5.5.1182~1-e02e3]:main():compute-mfcc-feats.cc:182) Processed features for key common_voice_lt_36966702
WARNING (compute-mfcc-feats[5.5.1182~1-e02e3]:Read():wave-reader.cc:304) Expected 253440 bytes of wave data, but read only 252288 bytes. Truncated file?
VLOG[2] (compute-mfcc-feats[5.5.1182~1-e02e3]:main():compute-mfcc-feats.cc:182) Processed features for key common_voice_lt_36966703
WARNING (compute-mfcc-feats[5.5.1182~1-e02e3]:Read():wave-reader.cc:304) Expected 99072 bytes of wave data, but read only 97920 bytes. Truncated file?
VLOG[2] (compute-mfcc-feats[5.5.1182~1-e02e3]:main():compute-mfcc-feats.cc:182) Processed features for key common_voice_lt_36966704
WARNING (compute-mfcc-feats[5.5.1182~1-e02e3]:Read():wave-reader.cc:304) Expected 118656 bytes of wave data, but read only 117504 bytes. Truncated file?
VLOG[2] (compute-mfcc-feats[5.5.1182~1-e02e3]:main():compute-mfcc-feats.cc:182) Processed features for key common_voice_lt_36966705
WARNING (compute-mfcc-feats[5.5.1182~1-e02e3]:Read():wave-reader.cc:304) Expected 150912 bytes of wave data, but read only 149760 bytes. Truncated file?
VLOG[2] (compute-mfcc-feats[5.5.1182~1-e02e3]:main():compute-mfcc-feats.cc:182) Processed features for key common_voice_lt_36966706
WARNING (compute-mfcc-feats[5.5.1182~1-e02e3]:Read():wave-reader.cc:304) Expected 115200 bytes of wave data, but read only 114048 bytes. Truncated file?
VLOG[2] (compute-mfcc-feats[5.5.1182~1-e02e3]:main():compute-mfcc-feats.cc:182) Processed features for key common_voice_lt_36966707
WARNING (compute-mfcc-feats[5.5.1182~1-e02e3]:Read():wave-reader.cc:304) Expected 149760 bytes of wave data, but read only 148608 bytes. Truncated file?
LOG (compute-mfcc-feats[5.5.1182~1-e02e3]:main():compute-mfcc-feats.cc:181) Processed 170 utterances
VLOG[2] (compute-mfcc-feats[5.5.1182~1-e02e3]:main():compute-mfcc-feats.cc:182) Processed features for key common_voice_lt_36966708
WARNING (compute-mfcc-feats[5.5.1182~1-e02e3]:Read():wave-reader.cc:304) Expected 130176 bytes of wave data, but read only 129024 bytes. Truncated file?
VLOG[2] (compute-mfcc-feats[5.5.1182~1-e02e3]:main():compute-mfcc-feats.cc:182) Processed features for key common_voice_lt_36966709
WARNING (compute-mfcc-feats[5.5.1182~1-e02e3]:Read():wave-reader.cc:304) Expected 138240 bytes of wave data, but read only 137088 bytes. Truncated file?
VLOG[2] (compute-mfcc-feats[5.5.1182~1-e02e3]:main():compute-mfcc-feats.cc:182) Processed features for key common_voice_lt_36966710
WARNING (compute-mfcc-feats[5.5.1182~1-e02e3]:Read():wave-reader.cc:304) Expected 110592 bytes of wave data, but read only 109440 bytes. Truncated file?
VLOG[2] (compute-mfcc-feats[5.5.1182~1-e02e3]:main():compute-mfcc-feats.cc:182) Processed features for key common_voice_lt_36966711
WARNING (compute-mfcc-feats[5.5.1182~1-e02e3]:Read():wave-reader.cc:304) Expected 130176 bytes of wave data, but read only 129024 bytes. Truncated file?
VLOG[2] (compute-mfcc-feats[5.5.1182~1-e02e3]:main():compute-mfcc-feats.cc:182) Processed features for key common_voice_lt_36966712
WARNING (compute-mfcc-feats[5.5.1182~1-e02e3]:Read():wave-reader.cc:304) Expected 170496 bytes of wave data, but read only 169344 bytes. Truncated file?
VLOG[2] (compute-mfcc-feats[5.5.1182~1-e02e3]:main():compute-mfcc-feats.cc:182) Processed features for key common_voice_lt_36966713
WARNING (compute-mfcc-feats[5.5.1182~1-e02e3]:Read():wave-reader.cc:304) Expected 202752 bytes of wave data, but read only 201600 bytes. Truncated file?
VLOG[2] (compute-mfcc-feats[5.5.1182~1-e02e3]:main():compute-mfcc-feats.cc:182) Processed features for key common_voice_lt_36966714
WARNING (compute-mfcc-feats[5.5.1182~1-e02e3]:Read():wave-reader.cc:304) Expected 236160 bytes of wave data, but read only 235008 bytes. Truncated file?
VLOG[2] (compute-mfcc-feats[5.5.1182~1-e02e3]:main():compute-mfcc-feats.cc:182) Processed features for key common_voice_lt_36966715
WARNING (compute-mfcc-feats[5.5.1182~1-e02e3]:Read():wave-reader.cc:304) Expected 150912 bytes of wave data, but read only 149760 bytes. Truncated file?
VLOG[2] (compute-mfcc-feats[5.5.1182~1-e02e3]:main():compute-mfcc-feats.cc:182) Processed features for key common_voice_lt_36966716
WARNING (compute-mfcc-feats[5.5.1182~1-e02e3]:Read():wave-reader.cc:304) Expected 172800 bytes of wave data, but read only 171648 bytes. Truncated file?
VLOG[2] (compute-mfcc-feats[5.5.1182~1-e02e3]:main():compute-mfcc-feats.cc:182) Processed features for key common_voice_lt_36966717
WARNING (compute-mfcc-feats[5.5.1182~1-e02e3]:Read():wave-reader.cc:304) Expected 109440 bytes of wave data, but read only 108288 bytes. Truncated file?
LOG (compute-mfcc-feats[5.5.1182~1-e02e3]:main():compute-mfcc-feats.cc:181) Processed 180 utterances
VLOG[2] (compute-mfcc-feats[5.5.1182~1-e02e3]:main():compute-mfcc-feats.cc:182) Processed features for key common_voice_lt_36966718
WARNING (compute-mfcc-feats[5.5.1182~1-e02e3]:Read():wave-reader.cc:304) Expected 139392 bytes of wave data, but read only 138240 bytes. Truncated file?
VLOG[2] (compute-mfcc-feats[5.5.1182~1-e02e3]:main():compute-mfcc-feats.cc:182) Processed features for key common_voice_lt_36966719
WARNING (compute-mfcc-feats[5.5.1182~1-e02e3]:Read():wave-reader.cc:304) Expected 153216 bytes of wave data, but read only 152064 bytes. Truncated file?
VLOG[2] (compute-mfcc-feats[5.5.1182~1-e02e3]:main():compute-mfcc-feats.cc:182) Processed features for key common_voice_lt_36966720
WARNING (compute-mfcc-feats[5.5.1182~1-e02e3]:Read():wave-reader.cc:304) Expected 193536 bytes of wave data, but read only 192384 bytes. Truncated file?
VLOG[2] (compute-mfcc-feats[5.5.1182~1-e02e3]:main():compute-mfcc-feats.cc:182) Processed features for key common_voice_lt_36966722
WARNING (compute-mfcc-feats[5.5.1182~1-e02e3]:Read():wave-reader.cc:304) Expected 156672 bytes of wave data, but read only 155520 bytes. Truncated file?
VLOG[2] (compute-mfcc-feats[5.5.1182~1-e02e3]:main():compute-mfcc-feats.cc:182) Processed features for key common_voice_lt_36966723
WARNING (compute-mfcc-feats[5.5.1182~1-e02e3]:Read():wave-reader.cc:304) Expected 149760 bytes of wave data, but read only 148608 bytes. Truncated file?
VLOG[2] (compute-mfcc-feats[5.5.1182~1-e02e3]:main():compute-mfcc-feats.cc:182) Processed features for key common_voice_lt_36966724
WARNING (compute-mfcc-feats[5.5.1182~1-e02e3]:Read():wave-reader.cc:304) Expected 228096 bytes of wave data, but read only 226944 bytes. Truncated file?
VLOG[2] (compute-mfcc-feats[5.5.1182~1-e02e3]:main():compute-mfcc-feats.cc:182) Processed features for key common_voice_lt_36966730
WARNING (compute-mfcc-feats[5.5.1182~1-e02e3]:Read():wave-reader.cc:304) Expected 218880 bytes of wave data, but read only 217728 bytes. Truncated file?
VLOG[2] (compute-mfcc-feats[5.5.1182~1-e02e3]:main():compute-mfcc-feats.cc:182) Processed features for key common_voice_lt_36966731
WARNING (compute-mfcc-feats[5.5.1182~1-e02e3]:Read():wave-reader.cc:304) Expected 115200 bytes of wave data, but read only 114048 bytes. Truncated file?
VLOG[2] (compute-mfcc-feats[5.5.1182~1-e02e3]:main():compute-mfcc-feats.cc:182) Processed features for key common_voice_lt_36966732
WARNING (compute-mfcc-feats[5.5.1182~1-e02e3]:Read():wave-reader.cc:304) Expected 202752 bytes of wave data, but read only 201600 bytes. Truncated file?
VLOG[2] (compute-mfcc-feats[5.5.1182~1-e02e3]:main():compute-mfcc-feats.cc:182) Processed features for key common_voice_lt_36966733
WARNING (compute-mfcc-feats[5.5.1182~1-e02e3]:Read():wave-reader.cc:304) Expected 153216 bytes of wave data, but read only 152064 bytes. Truncated file?
LOG (compute-mfcc-feats[5.5.1182~1-e02e3]:main():compute-mfcc-feats.cc:181) Processed 190 utterances
VLOG[2] (compute-mfcc-feats[5.5.1182~1-e02e3]:main():compute-mfcc-feats.cc:182) Processed features for key common_voice_lt_36966761
WARNING (compute-mfcc-feats[5.5.1182~1-e02e3]:Read():wave-reader.cc:304) Expected 135936 bytes of wave data, but read only 134784 bytes. Truncated file?
VLOG[2] (compute-mfcc-feats[5.5.1182~1-e02e3]:main():compute-mfcc-feats.cc:182) Processed features for key common_voice_lt_36966762
WARNING (compute-mfcc-feats[5.5.1182~1-e02e3]:Read():wave-reader.cc:304) Expected 164736 bytes of wave data, but read only 163584 bytes. Truncated file?
VLOG[2] (compute-mfcc-feats[5.5.1182~1-e02e3]:main():compute-mfcc-feats.cc:182) Processed features for key common_voice_lt_36966763
WARNING (compute-mfcc-feats[5.5.1182~1-e02e3]:Read():wave-reader.cc:304) Expected 127872 bytes of wave data, but read only 126720 bytes. Truncated file?
VLOG[2] (compute-mfcc-feats[5.5.1182~1-e02e3]:main():compute-mfcc-feats.cc:182) Processed features for key common_voice_lt_36966764
WARNING (compute-mfcc-feats[5.5.1182~1-e02e3]:Read():wave-reader.cc:304) Expected 245376 bytes of wave data, but read only 244224 bytes. Truncated file?
VLOG[2] (compute-mfcc-feats[5.5.1182~1-e02e3]:main():compute-mfcc-feats.cc:182) Processed features for key common_voice_lt_36966770
WARNING (compute-mfcc-feats[5.5.1182~1-e02e3]:Read():wave-reader.cc:304) Expected 93312 bytes of wave data, but read only 92160 bytes. Truncated file?
VLOG[2] (compute-mfcc-feats[5.5.1182~1-e02e3]:main():compute-mfcc-feats.cc:182) Processed features for key common_voice_lt_36966771
WARNING (compute-mfcc-feats[5.5.1182~1-e02e3]:Read():wave-reader.cc:304) Expected 86400 bytes of wave data, but read only 85248 bytes. Truncated file?
VLOG[2] (compute-mfcc-feats[5.5.1182~1-e02e3]:main():compute-mfcc-feats.cc:182) Processed features for key common_voice_lt_36966772
WARNING (compute-mfcc-feats[5.5.1182~1-e02e3]:Read():wave-reader.cc:304) Expected 103680 bytes of wave data, but read only 102528 bytes. Truncated file?
VLOG[2] (compute-mfcc-feats[5.5.1182~1-e02e3]:main():compute-mfcc-feats.cc:182) Processed features for key common_voice_lt_36966773
WARNING (compute-mfcc-feats[5.5.1182~1-e02e3]:Read():wave-reader.cc:304) Expected 118656 bytes of wave data, but read only 117504 bytes. Truncated file?
VLOG[2] (compute-mfcc-feats[5.5.1182~1-e02e3]:main():compute-mfcc-feats.cc:182) Processed features for key common_voice_lt_36966774
WARNING (compute-mfcc-feats[5.5.1182~1-e02e3]:Read():wave-reader.cc:304) Expected 260352 bytes of wave data, but read only 259200 bytes. Truncated file?
VLOG[2] (compute-mfcc-feats[5.5.1182~1-e02e3]:main():compute-mfcc-feats.cc:182) Processed features for key common_voice_lt_36966775
WARNING (compute-mfcc-feats[5.5.1182~1-e02e3]:Read():wave-reader.cc:304) Expected 127872 bytes of wave data, but read only 126720 bytes. Truncated file?
LOG (compute-mfcc-feats[5.5.1182~1-e02e3]:main():compute-mfcc-feats.cc:181) Processed 200 utterances
VLOG[2] (compute-mfcc-feats[5.5.1182~1-e02e3]:main():compute-mfcc-feats.cc:182) Processed features for key common_voice_lt_36966776
WARNING (compute-mfcc-feats[5.5.1182~1-e02e3]:Read():wave-reader.cc:304) Expected 218880 bytes of wave data, but read only 217728 bytes. Truncated file?
VLOG[2] (compute-mfcc-feats[5.5.1182~1-e02e3]:main():compute-mfcc-feats.cc:182) Processed features for key common_voice_lt_36966777
WARNING (compute-mfcc-feats[5.5.1182~1-e02e3]:Read():wave-reader.cc:304) Expected 127872 bytes of wave data, but read only 126720 bytes. Truncated file?
VLOG[2] (compute-mfcc-feats[5.5.1182~1-e02e3]:main():compute-mfcc-feats.cc:182) Processed features for key common_voice_lt_36966778
WARNING (compute-mfcc-feats[5.5.1182~1-e02e3]:Read():wave-reader.cc:304) Expected 89856 bytes of wave data, but read only 88704 bytes. Truncated file?
VLOG[2] (compute-mfcc-feats[5.5.1182~1-e02e3]:main():compute-mfcc-feats.cc:182) Processed features for key common_voice_lt_36966779
WARNING (compute-mfcc-feats[5.5.1182~1-e02e3]:Read():wave-reader.cc:304) Expected 116352 bytes of wave data, but read only 115200 bytes. Truncated file?
VLOG[2] (compute-mfcc-feats[5.5.1182~1-e02e3]:main():compute-mfcc-feats.cc:182) Processed features for key common_voice_lt_36966780
WARNING (compute-mfcc-feats[5.5.1182~1-e02e3]:Read():wave-reader.cc:304) Expected 150912 bytes of wave data, but read only 149760 bytes. Truncated file?
VLOG[2] (compute-mfcc-feats[5.5.1182~1-e02e3]:main():compute-mfcc-feats.cc:182) Processed features for key common_voice_lt_36966782
WARNING (compute-mfcc-feats[5.5.1182~1-e02e3]:Read():wave-reader.cc:304) Expected 196992 bytes of wave data, but read only 195840 bytes. Truncated file?
VLOG[2] (compute-mfcc-feats[5.5.1182~1-e02e3]:main():compute-mfcc-feats.cc:182) Processed features for key common_voice_lt_36966783
WARNING (compute-mfcc-feats[5.5.1182~1-e02e3]:Read():wave-reader.cc:304) Expected 161280 bytes of wave data, but read only 160128 bytes. Truncated file?
VLOG[2] (compute-mfcc-feats[5.5.1182~1-e02e3]:main():compute-mfcc-feats.cc:182) Processed features for key common_voice_lt_36966784
WARNING (compute-mfcc-feats[5.5.1182~1-e02e3]:Read():wave-reader.cc:304) Expected 195840 bytes of wave data, but read only 194688 bytes. Truncated file?
VLOG[2] (compute-mfcc-feats[5.5.1182~1-e02e3]:main():compute-mfcc-feats.cc:182) Processed features for key common_voice_lt_36966785
WARNING (compute-mfcc-feats[5.5.1182~1-e02e3]:Read():wave-reader.cc:304) Expected 115200 bytes of wave data, but read only 114048 bytes. Truncated file?
VLOG[2] (compute-mfcc-feats[5.5.1182~1-e02e3]:main():compute-mfcc-feats.cc:182) Processed features for key common_voice_lt_36966787
WARNING (compute-mfcc-feats[5.5.1182~1-e02e3]:Read():wave-reader.cc:304) Expected 282240 bytes of wave data, but read only 281088 bytes. Truncated file?
LOG (compute-mfcc-feats[5.5.1182~1-e02e3]:main():compute-mfcc-feats.cc:181) Processed 210 utterances
VLOG[2] (compute-mfcc-feats[5.5.1182~1-e02e3]:main():compute-mfcc-feats.cc:182) Processed features for key common_voice_lt_36966788
WARNING (compute-mfcc-feats[5.5.1182~1-e02e3]:Read():wave-reader.cc:304) Expected 236160 bytes of wave data, but read only 235008 bytes. Truncated file?
VLOG[2] (compute-mfcc-feats[5.5.1182~1-e02e3]:main():compute-mfcc-feats.cc:182) Processed features for key common_voice_lt_36966789
WARNING (compute-mfcc-feats[5.5.1182~1-e02e3]:Read():wave-reader.cc:304) Expected 120960 bytes of wave data, but read only 119808 bytes. Truncated file?
VLOG[2] (compute-mfcc-feats[5.5.1182~1-e02e3]:main():compute-mfcc-feats.cc:182) Processed features for key common_voice_lt_36966790
WARNING (compute-mfcc-feats[5.5.1182~1-e02e3]:Read():wave-reader.cc:304) Expected 190080 bytes of wave data, but read only 188928 bytes. Truncated file?
VLOG[2] (compute-mfcc-feats[5.5.1182~1-e02e3]:main():compute-mfcc-feats.cc:182) Processed features for key common_voice_lt_36966791
WARNING (compute-mfcc-feats[5.5.1182~1-e02e3]:Read():wave-reader.cc:304) Expected 248832 bytes of wave data, but read only 247680 bytes. Truncated file?
VLOG[2] (compute-mfcc-feats[5.5.1182~1-e02e3]:main():compute-mfcc-feats.cc:182) Processed features for key common_voice_lt_36966792
WARNING (compute-mfcc-feats[5.5.1182~1-e02e3]:Read():wave-reader.cc:304) Expected 150912 bytes of wave data, but read only 149760 bytes. Truncated file?
VLOG[2] (compute-mfcc-feats[5.5.1182~1-e02e3]:main():compute-mfcc-feats.cc:182) Processed features for key common_voice_lt_36966795
WARNING (compute-mfcc-feats[5.5.1182~1-e02e3]:Read():wave-reader.cc:304) Expected 150912 bytes of wave data, but read only 149760 bytes. Truncated file?
VLOG[2] (compute-mfcc-feats[5.5.1182~1-e02e3]:main():compute-mfcc-feats.cc:182) Processed features for key common_voice_lt_36966796
WARNING (compute-mfcc-feats[5.5.1182~1-e02e3]:Read():wave-reader.cc:304) Expected 190080 bytes of wave data, but read only 188928 bytes. Truncated file?
VLOG[2] (compute-mfcc-feats[5.5.1182~1-e02e3]:main():compute-mfcc-feats.cc:182) Processed features for key common_voice_lt_36966797
WARNING (compute-mfcc-feats[5.5.1182~1-e02e3]:Read():wave-reader.cc:304) Expected 127872 bytes of wave data, but read only 126720 bytes. Truncated file?
VLOG[2] (compute-mfcc-feats[5.5.1182~1-e02e3]:main():compute-mfcc-feats.cc:182) Processed features for key common_voice_lt_36966798
WARNING (compute-mfcc-feats[5.5.1182~1-e02e3]:Read():wave-reader.cc:304) Expected 176256 bytes of wave data, but read only 175104 bytes. Truncated file?
VLOG[2] (compute-mfcc-feats[5.5.1182~1-e02e3]:main():compute-mfcc-feats.cc:182) Processed features for key common_voice_lt_36966799
WARNING (compute-mfcc-feats[5.5.1182~1-e02e3]:Read():wave-reader.cc:304) Expected 89856 bytes of wave data, but read only 88704 bytes. Truncated file?
LOG (compute-mfcc-feats[5.5.1182~1-e02e3]:main():compute-mfcc-feats.cc:181) Processed 220 utterances
VLOG[2] (compute-mfcc-feats[5.5.1182~1-e02e3]:main():compute-mfcc-feats.cc:182) Processed features for key common_voice_lt_36966800
WARNING (compute-mfcc-feats[5.5.1182~1-e02e3]:Read():wave-reader.cc:304) Expected 107136 bytes of wave data, but read only 105984 bytes. Truncated file?
VLOG[2] (compute-mfcc-feats[5.5.1182~1-e02e3]:main():compute-mfcc-feats.cc:182) Processed features for key common_voice_lt_36966801
WARNING (compute-mfcc-feats[5.5.1182~1-e02e3]:Read():wave-reader.cc:304) Expected 138240 bytes of wave data, but read only 137088 bytes. Truncated file?
VLOG[2] (compute-mfcc-feats[5.5.1182~1-e02e3]:main():compute-mfcc-feats.cc:182) Processed features for key common_voice_lt_36966802
WARNING (compute-mfcc-feats[5.5.1182~1-e02e3]:Read():wave-reader.cc:304) Expected 127872 bytes of wave data, but read only 126720 bytes. Truncated file?
VLOG[2] (compute-mfcc-feats[5.5.1182~1-e02e3]:main():compute-mfcc-feats.cc:182) Processed features for key common_voice_lt_36966803
WARNING (compute-mfcc-feats[5.5.1182~1-e02e3]:Read():wave-reader.cc:304) Expected 93312 bytes of wave data, but read only 92160 bytes. Truncated file?
VLOG[2] (compute-mfcc-feats[5.5.1182~1-e02e3]:main():compute-mfcc-feats.cc:182) Processed features for key common_voice_lt_36966804
WARNING (compute-mfcc-feats[5.5.1182~1-e02e3]:Read():wave-reader.cc:304) Expected 149760 bytes of wave data, but read only 148608 bytes. Truncated file?
VLOG[2] (compute-mfcc-feats[5.5.1182~1-e02e3]:main():compute-mfcc-feats.cc:182) Processed features for key common_voice_lt_36966810
WARNING (compute-mfcc-feats[5.5.1182~1-e02e3]:Read():wave-reader.cc:304) Expected 112896 bytes of wave data, but read only 111744 bytes. Truncated file?
VLOG[2] (compute-mfcc-feats[5.5.1182~1-e02e3]:main():compute-mfcc-feats.cc:182) Processed features for key common_voice_lt_36966811
WARNING (compute-mfcc-feats[5.5.1182~1-e02e3]:Read():wave-reader.cc:304) Expected 133632 bytes of wave data, but read only 132480 bytes. Truncated file?
VLOG[2] (compute-mfcc-feats[5.5.1182~1-e02e3]:main():compute-mfcc-feats.cc:182) Processed features for key common_voice_lt_36966812
WARNING (compute-mfcc-feats[5.5.1182~1-e02e3]:Read():wave-reader.cc:304) Expected 147456 bytes of wave data, but read only 146304 bytes. Truncated file?
VLOG[2] (compute-mfcc-feats[5.5.1182~1-e02e3]:main():compute-mfcc-feats.cc:182) Processed features for key common_voice_lt_36966813
WARNING (compute-mfcc-feats[5.5.1182~1-e02e3]:Read():wave-reader.cc:304) Expected 224640 bytes of wave data, but read only 223488 bytes. Truncated file?
VLOG[2] (compute-mfcc-feats[5.5.1182~1-e02e3]:main():compute-mfcc-feats.cc:182) Processed features for key common_voice_lt_36966814
WARNING (compute-mfcc-feats[5.5.1182~1-e02e3]:Read():wave-reader.cc:304) Expected 205056 bytes of wave data, but read only 203904 bytes. Truncated file?
LOG (compute-mfcc-feats[5.5.1182~1-e02e3]:main():compute-mfcc-feats.cc:181) Processed 230 utterances
VLOG[2] (compute-mfcc-feats[5.5.1182~1-e02e3]:main():compute-mfcc-feats.cc:182) Processed features for key common_voice_lt_36966815
WARNING (compute-mfcc-feats[5.5.1182~1-e02e3]:Read():wave-reader.cc:304) Expected 97920 bytes of wave data, but read only 96768 bytes. Truncated file?
VLOG[2] (compute-mfcc-feats[5.5.1182~1-e02e3]:main():compute-mfcc-feats.cc:182) Processed features for key common_voice_lt_36966816
WARNING (compute-mfcc-feats[5.5.1182~1-e02e3]:Read():wave-reader.cc:304) Expected 168192 bytes of wave data, but read only 167040 bytes. Truncated file?
VLOG[2] (compute-mfcc-feats[5.5.1182~1-e02e3]:main():compute-mfcc-feats.cc:182) Processed features for key common_voice_lt_36966817
WARNING (compute-mfcc-feats[5.5.1182~1-e02e3]:Read():wave-reader.cc:304) Expected 178560 bytes of wave data, but read only 177408 bytes. Truncated file?
VLOG[2] (compute-mfcc-feats[5.5.1182~1-e02e3]:main():compute-mfcc-feats.cc:182) Processed features for key common_voice_lt_36966818
WARNING (compute-mfcc-feats[5.5.1182~1-e02e3]:Read():wave-reader.cc:304) Expected 104832 bytes of wave data, but read only 103680 bytes. Truncated file?
VLOG[2] (compute-mfcc-feats[5.5.1182~1-e02e3]:main():compute-mfcc-feats.cc:182) Processed features for key common_voice_lt_36966824
WARNING (compute-mfcc-feats[5.5.1182~1-e02e3]:Read():wave-reader.cc:304) Expected 116352 bytes of wave data, but read only 115200 bytes. Truncated file?
VLOG[2] (compute-mfcc-feats[5.5.1182~1-e02e3]:main():compute-mfcc-feats.cc:182) Processed features for key common_voice_lt_36966826
WARNING (compute-mfcc-feats[5.5.1182~1-e02e3]:Read():wave-reader.cc:304) Expected 86400 bytes of wave data, but read only 85248 bytes. Truncated file?
VLOG[2] (compute-mfcc-feats[5.5.1182~1-e02e3]:main():compute-mfcc-feats.cc:182) Processed features for key common_voice_lt_36966827
WARNING (compute-mfcc-feats[5.5.1182~1-e02e3]:Read():wave-reader.cc:304) Expected 167040 bytes of wave data, but read only 165888 bytes. Truncated file?
VLOG[2] (compute-mfcc-feats[5.5.1182~1-e02e3]:main():compute-mfcc-feats.cc:182) Processed features for key common_voice_lt_36966828
WARNING (compute-mfcc-feats[5.5.1182~1-e02e3]:Read():wave-reader.cc:304) Expected 214272 bytes of wave data, but read only 213120 bytes. Truncated file?
VLOG[2] (compute-mfcc-feats[5.5.1182~1-e02e3]:main():compute-mfcc-feats.cc:182) Processed features for key common_voice_lt_36966839
WARNING (compute-mfcc-feats[5.5.1182~1-e02e3]:Read():wave-reader.cc:304) Expected 167040 bytes of wave data, but read only 165888 bytes. Truncated file?
VLOG[2] (compute-mfcc-feats[5.5.1182~1-e02e3]:main():compute-mfcc-feats.cc:182) Processed features for key common_voice_lt_36966840
WARNING (compute-mfcc-feats[5.5.1182~1-e02e3]:Read():wave-reader.cc:304) Expected 150912 bytes of wave data, but read only 149760 bytes. Truncated file?
LOG (compute-mfcc-feats[5.5.1182~1-e02e3]:main():compute-mfcc-feats.cc:181) Processed 240 utterances
VLOG[2] (compute-mfcc-feats[5.5.1182~1-e02e3]:main():compute-mfcc-feats.cc:182) Processed features for key common_voice_lt_36966841
WARNING (compute-mfcc-feats[5.5.1182~1-e02e3]:Read():wave-reader.cc:304) Expected 173952 bytes of wave data, but read only 172800 bytes. Truncated file?
VLOG[2] (compute-mfcc-feats[5.5.1182~1-e02e3]:main():compute-mfcc-feats.cc:182) Processed features for key common_voice_lt_36966843
WARNING (compute-mfcc-feats[5.5.1182~1-e02e3]:Read():wave-reader.cc:304) Expected 199296 bytes of wave data, but read only 198144 bytes. Truncated file?
VLOG[2] (compute-mfcc-feats[5.5.1182~1-e02e3]:main():compute-mfcc-feats.cc:182) Processed features for key common_voice_lt_36966853
WARNING (compute-mfcc-feats[5.5.1182~1-e02e3]:Read():wave-reader.cc:304) Expected 126720 bytes of wave data, but read only 125568 bytes. Truncated file?
VLOG[2] (compute-mfcc-feats[5.5.1182~1-e02e3]:main():compute-mfcc-feats.cc:182) Processed features for key common_voice_lt_36966854
WARNING (compute-mfcc-feats[5.5.1182~1-e02e3]:Read():wave-reader.cc:304) Expected 97920 bytes of wave data, but read only 96768 bytes. Truncated file?
VLOG[2] (compute-mfcc-feats[5.5.1182~1-e02e3]:main():compute-mfcc-feats.cc:182) Processed features for key common_voice_lt_36966855
WARNING (compute-mfcc-feats[5.5.1182~1-e02e3]:Read():wave-reader.cc:304) Expected 276480 bytes of wave data, but read only 275328 bytes. Truncated file?
VLOG[2] (compute-mfcc-feats[5.5.1182~1-e02e3]:main():compute-mfcc-feats.cc:182) Processed features for key common_voice_lt_36966856
WARNING (compute-mfcc-feats[5.5.1182~1-e02e3]:Read():wave-reader.cc:304) Expected 126720 bytes of wave data, but read only 125568 bytes. Truncated file?
VLOG[2] (compute-mfcc-feats[5.5.1182~1-e02e3]:main():compute-mfcc-feats.cc:182) Processed features for key common_voice_lt_36966857
WARNING (compute-mfcc-feats[5.5.1182~1-e02e3]:Read():wave-reader.cc:304) Expected 92160 bytes of wave data, but read only 91008 bytes. Truncated file?
VLOG[2] (compute-mfcc-feats[5.5.1182~1-e02e3]:main():compute-mfcc-feats.cc:182) Processed features for key common_voice_lt_36966868
WARNING (compute-mfcc-feats[5.5.1182~1-e02e3]:Read():wave-reader.cc:304) Expected 167040 bytes of wave data, but read only 165888 bytes. Truncated file?
VLOG[2] (compute-mfcc-feats[5.5.1182~1-e02e3]:main():compute-mfcc-feats.cc:182) Processed features for key common_voice_lt_36966869
WARNING (compute-mfcc-feats[5.5.1182~1-e02e3]:Read():wave-reader.cc:304) Expected 162432 bytes of wave data, but read only 161280 bytes. Truncated file?
VLOG[2] (compute-mfcc-feats[5.5.1182~1-e02e3]:main():compute-mfcc-feats.cc:182) Processed features for key common_voice_lt_36966870
WARNING (compute-mfcc-feats[5.5.1182~1-e02e3]:Read():wave-reader.cc:304) Expected 202752 bytes of wave data, but read only 201600 bytes. Truncated file?
LOG (compute-mfcc-feats[5.5.1182~1-e02e3]:main():compute-mfcc-feats.cc:181) Processed 250 utterances
VLOG[2] (compute-mfcc-feats[5.5.1182~1-e02e3]:main():compute-mfcc-feats.cc:182) Processed features for key common_voice_lt_36966871
WARNING (compute-mfcc-feats[5.5.1182~1-e02e3]:Read():wave-reader.cc:304) Expected 161280 bytes of wave data, but read only 160128 bytes. Truncated file?
VLOG[2] (compute-mfcc-feats[5.5.1182~1-e02e3]:main():compute-mfcc-feats.cc:182) Processed features for key common_voice_lt_36966872
WARNING (compute-mfcc-feats[5.5.1182~1-e02e3]:Read():wave-reader.cc:304) Expected 208512 bytes of wave data, but read only 207360 bytes. Truncated file?
VLOG[2] (compute-mfcc-feats[5.5.1182~1-e02e3]:main():compute-mfcc-feats.cc:182) Processed features for key common_voice_lt_36966873
WARNING (compute-mfcc-feats[5.5.1182~1-e02e3]:Read():wave-reader.cc:304) Expected 109440 bytes of wave data, but read only 108288 bytes. Truncated file?
VLOG[2] (compute-mfcc-feats[5.5.1182~1-e02e3]:main():compute-mfcc-feats.cc:182) Processed features for key common_voice_lt_36966874
WARNING (compute-mfcc-feats[5.5.1182~1-e02e3]:Read():wave-reader.cc:304) Expected 104832 bytes of wave data, but read only 103680 bytes. Truncated file?
VLOG[2] (compute-mfcc-feats[5.5.1182~1-e02e3]:main():compute-mfcc-feats.cc:182) Processed features for key common_voice_lt_36966875
WARNING (compute-mfcc-feats[5.5.1182~1-e02e3]:Read():wave-reader.cc:304) Expected 158976 bytes of wave data, but read only 157824 bytes. Truncated file?
VLOG[2] (compute-mfcc-feats[5.5.1182~1-e02e3]:main():compute-mfcc-feats.cc:182) Processed features for key common_voice_lt_36966876
WARNING (compute-mfcc-feats[5.5.1182~1-e02e3]:Read():wave-reader.cc:304) Expected 173952 bytes of wave data, but read only 172800 bytes. Truncated file?
VLOG[2] (compute-mfcc-feats[5.5.1182~1-e02e3]:main():compute-mfcc-feats.cc:182) Processed features for key common_voice_lt_36966877
WARNING (compute-mfcc-feats[5.5.1182~1-e02e3]:Read():wave-reader.cc:304) Expected 156672 bytes of wave data, but read only 155520 bytes. Truncated file?
VLOG[2] (compute-mfcc-feats[5.5.1182~1-e02e3]:main():compute-mfcc-feats.cc:182) Processed features for key common_voice_lt_36966878
WARNING (compute-mfcc-feats[5.5.1182~1-e02e3]:Read():wave-reader.cc:304) Expected 118656 bytes of wave data, but read only 117504 bytes. Truncated file?
VLOG[2] (compute-mfcc-feats[5.5.1182~1-e02e3]:main():compute-mfcc-feats.cc:182) Processed features for key common_voice_lt_36966879
WARNING (compute-mfcc-feats[5.5.1182~1-e02e3]:Read():wave-reader.cc:304) Expected 155520 bytes of wave data, but read only 154368 bytes. Truncated file?
VLOG[2] (compute-mfcc-feats[5.5.1182~1-e02e3]:main():compute-mfcc-feats.cc:182) Processed features for key common_voice_lt_36966880
WARNING (compute-mfcc-feats[5.5.1182~1-e02e3]:Read():wave-reader.cc:304) Expected 208512 bytes of wave data, but read only 207360 bytes. Truncated file?
LOG (compute-mfcc-feats[5.5.1182~1-e02e3]:main():compute-mfcc-feats.cc:181) Processed 260 utterances
VLOG[2] (compute-mfcc-feats[5.5.1182~1-e02e3]:main():compute-mfcc-feats.cc:182) Processed features for key common_voice_lt_36966881
WARNING (compute-mfcc-feats[5.5.1182~1-e02e3]:Read():wave-reader.cc:304) Expected 92160 bytes of wave data, but read only 91008 bytes. Truncated file?
VLOG[2] (compute-mfcc-feats[5.5.1182~1-e02e3]:main():compute-mfcc-feats.cc:182) Processed features for key common_voice_lt_36966882
WARNING (compute-mfcc-feats[5.5.1182~1-e02e3]:Read():wave-reader.cc:304) Expected 264960 bytes of wave data, but read only 263808 bytes. Truncated file?
VLOG[2] (compute-mfcc-feats[5.5.1182~1-e02e3]:main():compute-mfcc-feats.cc:182) Processed features for key common_voice_lt_36966883
WARNING (compute-mfcc-feats[5.5.1182~1-e02e3]:Read():wave-reader.cc:304) Expected 110592 bytes of wave data, but read only 109440 bytes. Truncated file?
VLOG[2] (compute-mfcc-feats[5.5.1182~1-e02e3]:main():compute-mfcc-feats.cc:182) Processed features for key common_voice_lt_36966884
WARNING (compute-mfcc-feats[5.5.1182~1-e02e3]:Read():wave-reader.cc:304) Expected 266112 bytes of wave data, but read only 264960 bytes. Truncated file?
VLOG[2] (compute-mfcc-feats[5.5.1182~1-e02e3]:main():compute-mfcc-feats.cc:182) Processed features for key common_voice_lt_36966885
WARNING (compute-mfcc-feats[5.5.1182~1-e02e3]:Read():wave-reader.cc:304) Expected 150912 bytes of wave data, but read only 149760 bytes. Truncated file?
VLOG[2] (compute-mfcc-feats[5.5.1182~1-e02e3]:main():compute-mfcc-feats.cc:182) Processed features for key common_voice_lt_36966886
WARNING (compute-mfcc-feats[5.5.1182~1-e02e3]:Read():wave-reader.cc:304) Expected 115200 bytes of wave data, but read only 114048 bytes. Truncated file?
VLOG[2] (compute-mfcc-feats[5.5.1182~1-e02e3]:main():compute-mfcc-feats.cc:182) Processed features for key common_voice_lt_36966887
WARNING (compute-mfcc-feats[5.5.1182~1-e02e3]:Read():wave-reader.cc:304) Expected 156672 bytes of wave data, but read only 155520 bytes. Truncated file?
VLOG[2] (compute-mfcc-feats[5.5.1182~1-e02e3]:main():compute-mfcc-feats.cc:182) Processed features for key common_voice_lt_36966888
WARNING (compute-mfcc-feats[5.5.1182~1-e02e3]:Read():wave-reader.cc:304) Expected 216576 bytes of wave data, but read only 215424 bytes. Truncated file?
VLOG[2] (compute-mfcc-feats[5.5.1182~1-e02e3]:main():compute-mfcc-feats.cc:182) Processed features for key common_voice_lt_36966889
WARNING (compute-mfcc-feats[5.5.1182~1-e02e3]:Read():wave-reader.cc:304) Expected 277632 bytes of wave data, but read only 276480 bytes. Truncated file?
VLOG[2] (compute-mfcc-feats[5.5.1182~1-e02e3]:main():compute-mfcc-feats.cc:182) Processed features for key common_voice_lt_36966890
WARNING (compute-mfcc-feats[5.5.1182~1-e02e3]:Read():wave-reader.cc:304) Expected 308736 bytes of wave data, but read only 307584 bytes. Truncated file?
LOG (compute-mfcc-feats[5.5.1182~1-e02e3]:main():compute-mfcc-feats.cc:181) Processed 270 utterances
VLOG[2] (compute-mfcc-feats[5.5.1182~1-e02e3]:main():compute-mfcc-feats.cc:182) Processed features for key common_voice_lt_36966891
WARNING (compute-mfcc-feats[5.5.1182~1-e02e3]:Read():wave-reader.cc:304) Expected 233856 bytes of wave data, but read only 232704 bytes. Truncated file?
VLOG[2] (compute-mfcc-feats[5.5.1182~1-e02e3]:main():compute-mfcc-feats.cc:182) Processed features for key common_voice_lt_36966892
WARNING (compute-mfcc-feats[5.5.1182~1-e02e3]:Read():wave-reader.cc:304) Expected 239616 bytes of wave data, but read only 238464 bytes. Truncated file?
VLOG[2] (compute-mfcc-feats[5.5.1182~1-e02e3]:main():compute-mfcc-feats.cc:182) Processed features for key common_voice_lt_36966893
WARNING (compute-mfcc-feats[5.5.1182~1-e02e3]:Read():wave-reader.cc:304) Expected 153216 bytes of wave data, but read only 152064 bytes. Truncated file?
VLOG[2] (compute-mfcc-feats[5.5.1182~1-e02e3]:main():compute-mfcc-feats.cc:182) Processed features for key common_voice_lt_36966894
WARNING (compute-mfcc-feats[5.5.1182~1-e02e3]:Read():wave-reader.cc:304) Expected 99072 bytes of wave data, but read only 97920 bytes. Truncated file?
VLOG[2] (compute-mfcc-feats[5.5.1182~1-e02e3]:main():compute-mfcc-feats.cc:182) Processed features for key common_voice_lt_36966895
WARNING (compute-mfcc-feats[5.5.1182~1-e02e3]:Read():wave-reader.cc:304) Expected 145152 bytes of wave data, but read only 144000 bytes. Truncated file?
VLOG[2] (compute-mfcc-feats[5.5.1182~1-e02e3]:main():compute-mfcc-feats.cc:182) Processed features for key common_voice_lt_36966896
WARNING (compute-mfcc-feats[5.5.1182~1-e02e3]:Read():wave-reader.cc:304) Expected 191232 bytes of wave data, but read only 190080 bytes. Truncated file?
VLOG[2] (compute-mfcc-feats[5.5.1182~1-e02e3]:main():compute-mfcc-feats.cc:182) Processed features for key common_voice_lt_36966897
WARNING (compute-mfcc-feats[5.5.1182~1-e02e3]:Read():wave-reader.cc:304) Expected 95616 bytes of wave data, but read only 94464 bytes. Truncated file?
VLOG[2] (compute-mfcc-feats[5.5.1182~1-e02e3]:main():compute-mfcc-feats.cc:182) Processed features for key common_voice_lt_36966898
WARNING (compute-mfcc-feats[5.5.1182~1-e02e3]:Read():wave-reader.cc:304) Expected 135936 bytes of wave data, but read only 134784 bytes. Truncated file?
VLOG[2] (compute-mfcc-feats[5.5.1182~1-e02e3]:main():compute-mfcc-feats.cc:182) Processed features for key common_voice_lt_36966899
WARNING (compute-mfcc-feats[5.5.1182~1-e02e3]:Read():wave-reader.cc:304) Expected 109440 bytes of wave data, but read only 108288 bytes. Truncated file?
VLOG[2] (compute-mfcc-feats[5.5.1182~1-e02e3]:main():compute-mfcc-feats.cc:182) Processed features for key common_voice_lt_36966900
WARNING (compute-mfcc-feats[5.5.1182~1-e02e3]:Read():wave-reader.cc:304) Expected 268416 bytes of wave data, but read only 267264 bytes. Truncated file?
LOG (compute-mfcc-feats[5.5.1182~1-e02e3]:main():compute-mfcc-feats.cc:181) Processed 280 utterances
VLOG[2] (compute-mfcc-feats[5.5.1182~1-e02e3]:main():compute-mfcc-feats.cc:182) Processed features for key common_voice_lt_36966901
WARNING (compute-mfcc-feats[5.5.1182~1-e02e3]:Read():wave-reader.cc:304) Expected 145152 bytes of wave data, but read only 144000 bytes. Truncated file?
VLOG[2] (compute-mfcc-feats[5.5.1182~1-e02e3]:main():compute-mfcc-feats.cc:182) Processed features for key common_voice_lt_36966902
WARNING (compute-mfcc-feats[5.5.1182~1-e02e3]:Read():wave-reader.cc:304) Expected 260352 bytes of wave data, but read only 259200 bytes. Truncated file?
VLOG[2] (compute-mfcc-feats[5.5.1182~1-e02e3]:main():compute-mfcc-feats.cc:182) Processed features for key common_voice_lt_36966903
WARNING (compute-mfcc-feats[5.5.1182~1-e02e3]:Read():wave-reader.cc:304) Expected 122112 bytes of wave data, but read only 120960 bytes. Truncated file?
VLOG[2] (compute-mfcc-feats[5.5.1182~1-e02e3]:main():compute-mfcc-feats.cc:182) Processed features for key common_voice_lt_36966905
WARNING (compute-mfcc-feats[5.5.1182~1-e02e3]:Read():wave-reader.cc:304) Expected 141696 bytes of wave data, but read only 140544 bytes. Truncated file?
VLOG[2] (compute-mfcc-feats[5.5.1182~1-e02e3]:main():compute-mfcc-feats.cc:182) Processed features for key common_voice_lt_36966906
WARNING (compute-mfcc-feats[5.5.1182~1-e02e3]:Read():wave-reader.cc:304) Expected 164736 bytes of wave data, but read only 163584 bytes. Truncated file?
VLOG[2] (compute-mfcc-feats[5.5.1182~1-e02e3]:main():compute-mfcc-feats.cc:182) Processed features for key common_voice_lt_36966907
WARNING (compute-mfcc-feats[5.5.1182~1-e02e3]:Read():wave-reader.cc:304) Expected 172800 bytes of wave data, but read only 171648 bytes. Truncated file?
VLOG[2] (compute-mfcc-feats[5.5.1182~1-e02e3]:main():compute-mfcc-feats.cc:182) Processed features for key common_voice_lt_36966909
WARNING (compute-mfcc-feats[5.5.1182~1-e02e3]:Read():wave-reader.cc:304) Expected 245376 bytes of wave data, but read only 244224 bytes. Truncated file?
VLOG[2] (compute-mfcc-feats[5.5.1182~1-e02e3]:main():compute-mfcc-feats.cc:182) Processed features for key common_voice_lt_36966910
WARNING (compute-mfcc-feats[5.5.1182~1-e02e3]:Read():wave-reader.cc:304) Expected 95616 bytes of wave data, but read only 94464 bytes. Truncated file?
VLOG[2] (compute-mfcc-feats[5.5.1182~1-e02e3]:main():compute-mfcc-feats.cc:182) Processed features for key common_voice_lt_36966911
WARNING (compute-mfcc-feats[5.5.1182~1-e02e3]:Read():wave-reader.cc:304) Expected 236160 bytes of wave data, but read only 235008 bytes. Truncated file?
VLOG[2] (compute-mfcc-feats[5.5.1182~1-e02e3]:main():compute-mfcc-feats.cc:182) Processed features for key common_voice_lt_36966912
WARNING (compute-mfcc-feats[5.5.1182~1-e02e3]:Read():wave-reader.cc:304) Expected 153216 bytes of wave data, but read only 152064 bytes. Truncated file?
LOG (compute-mfcc-feats[5.5.1182~1-e02e3]:main():compute-mfcc-feats.cc:181) Processed 290 utterances
VLOG[2] (compute-mfcc-feats[5.5.1182~1-e02e3]:main():compute-mfcc-feats.cc:182) Processed features for key common_voice_lt_36966913
WARNING (compute-mfcc-feats[5.5.1182~1-e02e3]:Read():wave-reader.cc:304) Expected 288000 bytes of wave data, but read only 286848 bytes. Truncated file?
VLOG[2] (compute-mfcc-feats[5.5.1182~1-e02e3]:main():compute-mfcc-feats.cc:182) Processed features for key common_voice_lt_36966914
WARNING (compute-mfcc-feats[5.5.1182~1-e02e3]:Read():wave-reader.cc:304) Expected 97920 bytes of wave data, but read only 96768 bytes. Truncated file?
VLOG[2] (compute-mfcc-feats[5.5.1182~1-e02e3]:main():compute-mfcc-feats.cc:182) Processed features for key common_voice_lt_36966915
WARNING (compute-mfcc-feats[5.5.1182~1-e02e3]:Read():wave-reader.cc:304) Expected 311040 bytes of wave data, but read only 309888 bytes. Truncated file?
VLOG[2] (compute-mfcc-feats[5.5.1182~1-e02e3]:main():compute-mfcc-feats.cc:182) Processed features for key common_voice_lt_36966916
WARNING (compute-mfcc-feats[5.5.1182~1-e02e3]:Read():wave-reader.cc:304) Expected 145152 bytes of wave data, but read only 144000 bytes. Truncated file?
VLOG[2] (compute-mfcc-feats[5.5.1182~1-e02e3]:main():compute-mfcc-feats.cc:182) Processed features for key common_voice_lt_36966917
WARNING (compute-mfcc-feats[5.5.1182~1-e02e3]:Read():wave-reader.cc:304) Expected 112896 bytes of wave data, but read only 111744 bytes. Truncated file?
VLOG[2] (compute-mfcc-feats[5.5.1182~1-e02e3]:main():compute-mfcc-feats.cc:182) Processed features for key common_voice_lt_36966924
WARNING (compute-mfcc-feats[5.5.1182~1-e02e3]:Read():wave-reader.cc:304) Expected 210816 bytes of wave data, but read only 209664 bytes. Truncated file?
VLOG[2] (compute-mfcc-feats[5.5.1182~1-e02e3]:main():compute-mfcc-feats.cc:182) Processed features for key common_voice_lt_36966925
WARNING (compute-mfcc-feats[5.5.1182~1-e02e3]:Read():wave-reader.cc:304) Expected 92160 bytes of wave data, but read only 91008 bytes. Truncated file?
VLOG[2] (compute-mfcc-feats[5.5.1182~1-e02e3]:main():compute-mfcc-feats.cc:182) Processed features for key common_voice_lt_36966926
WARNING (compute-mfcc-feats[5.5.1182~1-e02e3]:Read():wave-reader.cc:304) Expected 173952 bytes of wave data, but read only 172800 bytes. Truncated file?
VLOG[2] (compute-mfcc-feats[5.5.1182~1-e02e3]:main():compute-mfcc-feats.cc:182) Processed features for key common_voice_lt_36966927
WARNING (compute-mfcc-feats[5.5.1182~1-e02e3]:Read():wave-reader.cc:304) Expected 176256 bytes of wave data, but read only 175104 bytes. Truncated file?
VLOG[2] (compute-mfcc-feats[5.5.1182~1-e02e3]:main():compute-mfcc-feats.cc:182) Processed features for key common_voice_lt_36967926
WARNING (compute-mfcc-feats[5.5.1182~1-e02e3]:Read():wave-reader.cc:304) Expected 147456 bytes of wave data, but read only 146304 bytes. Truncated file?
LOG (compute-mfcc-feats[5.5.1182~1-e02e3]:main():compute-mfcc-feats.cc:181) Processed 300 utterances
VLOG[2] (compute-mfcc-feats[5.5.1182~1-e02e3]:main():compute-mfcc-feats.cc:182) Processed features for key common_voice_lt_36967927
WARNING (compute-mfcc-feats[5.5.1182~1-e02e3]:Read():wave-reader.cc:304) Expected 144000 bytes of wave data, but read only 142848 bytes. Truncated file?
VLOG[2] (compute-mfcc-feats[5.5.1182~1-e02e3]:main():compute-mfcc-feats.cc:182) Processed features for key common_voice_lt_36967928
WARNING (compute-mfcc-feats[5.5.1182~1-e02e3]:Read():wave-reader.cc:304) Expected 141696 bytes of wave data, but read only 140544 bytes. Truncated file?
VLOG[2] (compute-mfcc-feats[5.5.1182~1-e02e3]:main():compute-mfcc-feats.cc:182) Processed features for key common_voice_lt_36967929
WARNING (compute-mfcc-feats[5.5.1182~1-e02e3]:Read():wave-reader.cc:304) Expected 279936 bytes of wave data, but read only 278784 bytes. Truncated file?
VLOG[2] (compute-mfcc-feats[5.5.1182~1-e02e3]:main():compute-mfcc-feats.cc:182) Processed features for key common_voice_lt_36967930
WARNING (compute-mfcc-feats[5.5.1182~1-e02e3]:Read():wave-reader.cc:304) Expected 126720 bytes of wave data, but read only 125568 bytes. Truncated file?
VLOG[2] (compute-mfcc-feats[5.5.1182~1-e02e3]:main():compute-mfcc-feats.cc:182) Processed features for key common_voice_lt_36967936
WARNING (compute-mfcc-feats[5.5.1182~1-e02e3]:Read():wave-reader.cc:304) Expected 109440 bytes of wave data, but read only 108288 bytes. Truncated file?
VLOG[2] (compute-mfcc-feats[5.5.1182~1-e02e3]:main():compute-mfcc-feats.cc:182) Processed features for key common_voice_lt_36967937
WARNING (compute-mfcc-feats[5.5.1182~1-e02e3]:Read():wave-reader.cc:304) Expected 126720 bytes of wave data, but read only 125568 bytes. Truncated file?
VLOG[2] (compute-mfcc-feats[5.5.1182~1-e02e3]:main():compute-mfcc-feats.cc:182) Processed features for key common_voice_lt_36967938
WARNING (compute-mfcc-feats[5.5.1182~1-e02e3]:Read():wave-reader.cc:304) Expected 124416 bytes of wave data, but read only 123264 bytes. Truncated file?
VLOG[2] (compute-mfcc-feats[5.5.1182~1-e02e3]:main():compute-mfcc-feats.cc:182) Processed features for key common_voice_lt_36967939
WARNING (compute-mfcc-feats[5.5.1182~1-e02e3]:Read():wave-reader.cc:304) Expected 116352 bytes of wave data, but read only 115200 bytes. Truncated file?
VLOG[2] (compute-mfcc-feats[5.5.1182~1-e02e3]:main():compute-mfcc-feats.cc:182) Processed features for key common_voice_lt_36967940
WARNING (compute-mfcc-feats[5.5.1182~1-e02e3]:Read():wave-reader.cc:304) Expected 115200 bytes of wave data, but read only 114048 bytes. Truncated file?
VLOG[2] (compute-mfcc-feats[5.5.1182~1-e02e3]:main():compute-mfcc-feats.cc:182) Processed features for key common_voice_lt_36967956
WARNING (compute-mfcc-feats[5.5.1182~1-e02e3]:Read():wave-reader.cc:304) Expected 110592 bytes of wave data, but read only 109440 bytes. Truncated file?
LOG (compute-mfcc-feats[5.5.1182~1-e02e3]:main():compute-mfcc-feats.cc:181) Processed 310 utterances
VLOG[2] (compute-mfcc-feats[5.5.1182~1-e02e3]:main():compute-mfcc-feats.cc:182) Processed features for key common_voice_lt_36967957
WARNING (compute-mfcc-feats[5.5.1182~1-e02e3]:Read():wave-reader.cc:304) Expected 133632 bytes of wave data, but read only 132480 bytes. Truncated file?
VLOG[2] (compute-mfcc-feats[5.5.1182~1-e02e3]:main():compute-mfcc-feats.cc:182) Processed features for key common_voice_lt_36967958
WARNING (compute-mfcc-feats[5.5.1182~1-e02e3]:Read():wave-reader.cc:304) Expected 126720 bytes of wave data, but read only 125568 bytes. Truncated file?
VLOG[2] (compute-mfcc-feats[5.5.1182~1-e02e3]:main():compute-mfcc-feats.cc:182) Processed features for key common_voice_lt_36967959
WARNING (compute-mfcc-feats[5.5.1182~1-e02e3]:Read():wave-reader.cc:304) Expected 243072 bytes of wave data, but read only 241920 bytes. Truncated file?
VLOG[2] (compute-mfcc-feats[5.5.1182~1-e02e3]:main():compute-mfcc-feats.cc:182) Processed features for key common_voice_lt_36967960
WARNING (compute-mfcc-feats[5.5.1182~1-e02e3]:Read():wave-reader.cc:304) Expected 144000 bytes of wave data, but read only 142848 bytes. Truncated file?
VLOG[2] (compute-mfcc-feats[5.5.1182~1-e02e3]:main():compute-mfcc-feats.cc:182) Processed features for key common_voice_lt_36967961
WARNING (compute-mfcc-feats[5.5.1182~1-e02e3]:Read():wave-reader.cc:304) Expected 130176 bytes of wave data, but read only 129024 bytes. Truncated file?
VLOG[2] (compute-mfcc-feats[5.5.1182~1-e02e3]:main():compute-mfcc-feats.cc:182) Processed features for key common_voice_lt_36967962
WARNING (compute-mfcc-feats[5.5.1182~1-e02e3]:Read():wave-reader.cc:304) Expected 132480 bytes of wave data, but read only 131328 bytes. Truncated file?
VLOG[2] (compute-mfcc-feats[5.5.1182~1-e02e3]:main():compute-mfcc-feats.cc:182) Processed features for key common_voice_lt_36967963
WARNING (compute-mfcc-feats[5.5.1182~1-e02e3]:Read():wave-reader.cc:304) Expected 145152 bytes of wave data, but read only 144000 bytes. Truncated file?
VLOG[2] (compute-mfcc-feats[5.5.1182~1-e02e3]:main():compute-mfcc-feats.cc:182) Processed features for key common_voice_lt_36967964
WARNING (compute-mfcc-feats[5.5.1182~1-e02e3]:Read():wave-reader.cc:304) Expected 120960 bytes of wave data, but read only 119808 bytes. Truncated file?
VLOG[2] (compute-mfcc-feats[5.5.1182~1-e02e3]:main():compute-mfcc-feats.cc:182) Processed features for key common_voice_lt_36967965
WARNING (compute-mfcc-feats[5.5.1182~1-e02e3]:Read():wave-reader.cc:304) Expected 132480 bytes of wave data, but read only 131328 bytes. Truncated file?
VLOG[2] (compute-mfcc-feats[5.5.1182~1-e02e3]:main():compute-mfcc-feats.cc:182) Processed features for key common_voice_lt_36967996
WARNING (compute-mfcc-feats[5.5.1182~1-e02e3]:Read():wave-reader.cc:304) Expected 167040 bytes of wave data, but read only 165888 bytes. Truncated file?
LOG (compute-mfcc-feats[5.5.1182~1-e02e3]:main():compute-mfcc-feats.cc:181) Processed 320 utterances
VLOG[2] (compute-mfcc-feats[5.5.1182~1-e02e3]:main():compute-mfcc-feats.cc:182) Processed features for key common_voice_lt_36967997
WARNING (compute-mfcc-feats[5.5.1182~1-e02e3]:Read():wave-reader.cc:304) Expected 141696 bytes of wave data, but read only 140544 bytes. Truncated file?
VLOG[2] (compute-mfcc-feats[5.5.1182~1-e02e3]:main():compute-mfcc-feats.cc:182) Processed features for key common_voice_lt_36967999
WARNING (compute-mfcc-feats[5.5.1182~1-e02e3]:Read():wave-reader.cc:304) Expected 147456 bytes of wave data, but read only 146304 bytes. Truncated file?
VLOG[2] (compute-mfcc-feats[5.5.1182~1-e02e3]:main():compute-mfcc-feats.cc:182) Processed features for key common_voice_lt_36968000
WARNING (compute-mfcc-feats[5.5.1182~1-e02e3]:Read():wave-reader.cc:304) Expected 233856 bytes of wave data, but read only 232704 bytes. Truncated file?
VLOG[2] (compute-mfcc-feats[5.5.1182~1-e02e3]:main():compute-mfcc-feats.cc:182) Processed features for key common_voice_lt_36968002
sox WARN rate: rate clipped 1 samples; decrease volume?
sox WARN dither: dither clipped 1 samples; decrease volume?
WARNING (compute-mfcc-feats[5.5.1182~1-e02e3]:Read():wave-reader.cc:304) Expected 110592 bytes of wave data, but read only 109440 bytes. Truncated file?
VLOG[2] (compute-mfcc-feats[5.5.1182~1-e02e3]:main():compute-mfcc-feats.cc:182) Processed features for key common_voice_lt_36968016
WARNING (compute-mfcc-feats[5.5.1182~1-e02e3]:Read():wave-reader.cc:304) Expected 170496 bytes of wave data, but read only 169344 bytes. Truncated file?
VLOG[2] (compute-mfcc-feats[5.5.1182~1-e02e3]:main():compute-mfcc-feats.cc:182) Processed features for key common_voice_lt_36968017
WARNING (compute-mfcc-feats[5.5.1182~1-e02e3]:Read():wave-reader.cc:304) Expected 132480 bytes of wave data, but read only 131328 bytes. Truncated file?
VLOG[2] (compute-mfcc-feats[5.5.1182~1-e02e3]:main():compute-mfcc-feats.cc:182) Processed features for key common_voice_lt_36968018
WARNING (compute-mfcc-feats[5.5.1182~1-e02e3]:Read():wave-reader.cc:304) Expected 218880 bytes of wave data, but read only 217728 bytes. Truncated file?
VLOG[2] (compute-mfcc-feats[5.5.1182~1-e02e3]:main():compute-mfcc-feats.cc:182) Processed features for key common_voice_lt_36968019
WARNING (compute-mfcc-feats[5.5.1182~1-e02e3]:Read():wave-reader.cc:304) Expected 139392 bytes of wave data, but read only 138240 bytes. Truncated file?
VLOG[2] (compute-mfcc-feats[5.5.1182~1-e02e3]:main():compute-mfcc-feats.cc:182) Processed features for key common_voice_lt_36968020
WARNING (compute-mfcc-feats[5.5.1182~1-e02e3]:Read():wave-reader.cc:304) Expected 127872 bytes of wave data, but read only 126720 bytes. Truncated file?
VLOG[2] (compute-mfcc-feats[5.5.1182~1-e02e3]:main():compute-mfcc-feats.cc:182) Processed features for key common_voice_lt_36968034
WARNING (compute-mfcc-feats[5.5.1182~1-e02e3]:Read():wave-reader.cc:304) Expected 247680 bytes of wave data, but read only 246528 bytes. Truncated file?
LOG (compute-mfcc-feats[5.5.1182~1-e02e3]:main():compute-mfcc-feats.cc:181) Processed 330 utterances
VLOG[2] (compute-mfcc-feats[5.5.1182~1-e02e3]:main():compute-mfcc-feats.cc:182) Processed features for key common_voice_lt_36968035
WARNING (compute-mfcc-feats[5.5.1182~1-e02e3]:Read():wave-reader.cc:304) Expected 150912 bytes of wave data, but read only 149760 bytes. Truncated file?
VLOG[2] (compute-mfcc-feats[5.5.1182~1-e02e3]:main():compute-mfcc-feats.cc:182) Processed features for key common_voice_lt_36968036
WARNING (compute-mfcc-feats[5.5.1182~1-e02e3]:Read():wave-reader.cc:304) Expected 237312 bytes of wave data, but read only 236160 bytes. Truncated file?
VLOG[2] (compute-mfcc-feats[5.5.1182~1-e02e3]:main():compute-mfcc-feats.cc:182) Processed features for key common_voice_lt_36968037
WARNING (compute-mfcc-feats[5.5.1182~1-e02e3]:Read():wave-reader.cc:304) Expected 264960 bytes of wave data, but read only 263808 bytes. Truncated file?
VLOG[2] (compute-mfcc-feats[5.5.1182~1-e02e3]:main():compute-mfcc-feats.cc:182) Processed features for key common_voice_lt_36968038
WARNING (compute-mfcc-feats[5.5.1182~1-e02e3]:Read():wave-reader.cc:304) Expected 225792 bytes of wave data, but read only 224640 bytes. Truncated file?
VLOG[2] (compute-mfcc-feats[5.5.1182~1-e02e3]:main():compute-mfcc-feats.cc:182) Processed features for key common_voice_lt_36968044
WARNING (compute-mfcc-feats[5.5.1182~1-e02e3]:Read():wave-reader.cc:304) Expected 158976 bytes of wave data, but read only 157824 bytes. Truncated file?
VLOG[2] (compute-mfcc-feats[5.5.1182~1-e02e3]:main():compute-mfcc-feats.cc:182) Processed features for key common_voice_lt_36968045
WARNING (compute-mfcc-feats[5.5.1182~1-e02e3]:Read():wave-reader.cc:304) Expected 179712 bytes of wave data, but read only 178560 bytes. Truncated file?
VLOG[2] (compute-mfcc-feats[5.5.1182~1-e02e3]:main():compute-mfcc-feats.cc:182) Processed features for key common_voice_lt_36968046
WARNING (compute-mfcc-feats[5.5.1182~1-e02e3]:Read():wave-reader.cc:304) Expected 245376 bytes of wave data, but read only 244224 bytes. Truncated file?
VLOG[2] (compute-mfcc-feats[5.5.1182~1-e02e3]:main():compute-mfcc-feats.cc:182) Processed features for key common_voice_lt_36968047
WARNING (compute-mfcc-feats[5.5.1182~1-e02e3]:Read():wave-reader.cc:304) Expected 167040 bytes of wave data, but read only 165888 bytes. Truncated file?
VLOG[2] (compute-mfcc-feats[5.5.1182~1-e02e3]:main():compute-mfcc-feats.cc:182) Processed features for key common_voice_lt_36968048
WARNING (compute-mfcc-feats[5.5.1182~1-e02e3]:Read():wave-reader.cc:304) Expected 110592 bytes of wave data, but read only 109440 bytes. Truncated file?
VLOG[2] (compute-mfcc-feats[5.5.1182~1-e02e3]:main():compute-mfcc-feats.cc:182) Processed features for key common_voice_lt_36968054
WARNING (compute-mfcc-feats[5.5.1182~1-e02e3]:Read():wave-reader.cc:304) Expected 153216 bytes of wave data, but read only 152064 bytes. Truncated file?
LOG (compute-mfcc-feats[5.5.1182~1-e02e3]:main():compute-mfcc-feats.cc:181) Processed 340 utterances
VLOG[2] (compute-mfcc-feats[5.5.1182~1-e02e3]:main():compute-mfcc-feats.cc:182) Processed features for key common_voice_lt_36968055
WARNING (compute-mfcc-feats[5.5.1182~1-e02e3]:Read():wave-reader.cc:304) Expected 185472 bytes of wave data, but read only 184320 bytes. Truncated file?
VLOG[2] (compute-mfcc-feats[5.5.1182~1-e02e3]:main():compute-mfcc-feats.cc:182) Processed features for key common_voice_lt_36968056
WARNING (compute-mfcc-feats[5.5.1182~1-e02e3]:Read():wave-reader.cc:304) Expected 187776 bytes of wave data, but read only 186624 bytes. Truncated file?
VLOG[2] (compute-mfcc-feats[5.5.1182~1-e02e3]:main():compute-mfcc-feats.cc:182) Processed features for key common_voice_lt_36968057
WARNING (compute-mfcc-feats[5.5.1182~1-e02e3]:Read():wave-reader.cc:304) Expected 116352 bytes of wave data, but read only 115200 bytes. Truncated file?
VLOG[2] (compute-mfcc-feats[5.5.1182~1-e02e3]:main():compute-mfcc-feats.cc:182) Processed features for key common_voice_lt_36968058
WARNING (compute-mfcc-feats[5.5.1182~1-e02e3]:Read():wave-reader.cc:304) Expected 133632 bytes of wave data, but read only 132480 bytes. Truncated file?
VLOG[2] (compute-mfcc-feats[5.5.1182~1-e02e3]:main():compute-mfcc-feats.cc:182) Processed features for key common_voice_lt_36968066
WARNING (compute-mfcc-feats[5.5.1182~1-e02e3]:Read():wave-reader.cc:304) Expected 167040 bytes of wave data, but read only 165888 bytes. Truncated file?
VLOG[2] (compute-mfcc-feats[5.5.1182~1-e02e3]:main():compute-mfcc-feats.cc:182) Processed features for key common_voice_lt_36968067
WARNING (compute-mfcc-feats[5.5.1182~1-e02e3]:Read():wave-reader.cc:304) Expected 170496 bytes of wave data, but read only 169344 bytes. Truncated file?
VLOG[2] (compute-mfcc-feats[5.5.1182~1-e02e3]:main():compute-mfcc-feats.cc:182) Processed features for key common_voice_lt_36968069
WARNING (compute-mfcc-feats[5.5.1182~1-e02e3]:Read():wave-reader.cc:304) Expected 182016 bytes of wave data, but read only 180864 bytes. Truncated file?
VLOG[2] (compute-mfcc-feats[5.5.1182~1-e02e3]:main():compute-mfcc-feats.cc:182) Processed features for key common_voice_lt_36968070
WARNING (compute-mfcc-feats[5.5.1182~1-e02e3]:Read():wave-reader.cc:304) Expected 285696 bytes of wave data, but read only 284544 bytes. Truncated file?
VLOG[2] (compute-mfcc-feats[5.5.1182~1-e02e3]:main():compute-mfcc-feats.cc:182) Processed features for key common_voice_lt_36968072
WARNING (compute-mfcc-feats[5.5.1182~1-e02e3]:Read():wave-reader.cc:304) Expected 168192 bytes of wave data, but read only 167040 bytes. Truncated file?
VLOG[2] (compute-mfcc-feats[5.5.1182~1-e02e3]:main():compute-mfcc-feats.cc:182) Processed features for key common_voice_lt_36968141
WARNING (compute-mfcc-feats[5.5.1182~1-e02e3]:Read():wave-reader.cc:304) Expected 191232 bytes of wave data, but read only 190080 bytes. Truncated file?
LOG (compute-mfcc-feats[5.5.1182~1-e02e3]:main():compute-mfcc-feats.cc:181) Processed 350 utterances
VLOG[2] (compute-mfcc-feats[5.5.1182~1-e02e3]:main():compute-mfcc-feats.cc:182) Processed features for key common_voice_lt_36968143
WARNING (compute-mfcc-feats[5.5.1182~1-e02e3]:Read():wave-reader.cc:304) Expected 155520 bytes of wave data, but read only 154368 bytes. Truncated file?
VLOG[2] (compute-mfcc-feats[5.5.1182~1-e02e3]:main():compute-mfcc-feats.cc:182) Processed features for key common_voice_lt_36968146
WARNING (compute-mfcc-feats[5.5.1182~1-e02e3]:Read():wave-reader.cc:304) Expected 153216 bytes of wave data, but read only 152064 bytes. Truncated file?
VLOG[2] (compute-mfcc-feats[5.5.1182~1-e02e3]:main():compute-mfcc-feats.cc:182) Processed features for key common_voice_lt_36968147
WARNING (compute-mfcc-feats[5.5.1182~1-e02e3]:Read():wave-reader.cc:304) Expected 135936 bytes of wave data, but read only 134784 bytes. Truncated file?
VLOG[2] (compute-mfcc-feats[5.5.1182~1-e02e3]:main():compute-mfcc-feats.cc:182) Processed features for key common_voice_lt_36968152
WARNING (compute-mfcc-feats[5.5.1182~1-e02e3]:Read():wave-reader.cc:304) Expected 144000 bytes of wave data, but read only 142848 bytes. Truncated file?
VLOG[2] (compute-mfcc-feats[5.5.1182~1-e02e3]:main():compute-mfcc-feats.cc:182) Processed features for key common_voice_lt_36968170
WARNING (compute-mfcc-feats[5.5.1182~1-e02e3]:Read():wave-reader.cc:304) Expected 170496 bytes of wave data, but read only 169344 bytes. Truncated file?
VLOG[2] (compute-mfcc-feats[5.5.1182~1-e02e3]:main():compute-mfcc-feats.cc:182) Processed features for key common_voice_lt_36968171
WARNING (compute-mfcc-feats[5.5.1182~1-e02e3]:Read():wave-reader.cc:304) Expected 147456 bytes of wave data, but read only 146304 bytes. Truncated file?
VLOG[2] (compute-mfcc-feats[5.5.1182~1-e02e3]:main():compute-mfcc-feats.cc:182) Processed features for key common_voice_lt_36968172
WARNING (compute-mfcc-feats[5.5.1182~1-e02e3]:Read():wave-reader.cc:304) Expected 185472 bytes of wave data, but read only 184320 bytes. Truncated file?
VLOG[2] (compute-mfcc-feats[5.5.1182~1-e02e3]:main():compute-mfcc-feats.cc:182) Processed features for key common_voice_lt_36968173
WARNING (compute-mfcc-feats[5.5.1182~1-e02e3]:Read():wave-reader.cc:304) Expected 149760 bytes of wave data, but read only 148608 bytes. Truncated file?
VLOG[2] (compute-mfcc-feats[5.5.1182~1-e02e3]:main():compute-mfcc-feats.cc:182) Processed features for key common_voice_lt_36968174
WARNING (compute-mfcc-feats[5.5.1182~1-e02e3]:Read():wave-reader.cc:304) Expected 182016 bytes of wave data, but read only 180864 bytes. Truncated file?
VLOG[2] (compute-mfcc-feats[5.5.1182~1-e02e3]:main():compute-mfcc-feats.cc:182) Processed features for key common_voice_lt_36968191
WARNING (compute-mfcc-feats[5.5.1182~1-e02e3]:Read():wave-reader.cc:304) Expected 187776 bytes of wave data, but read only 186624 bytes. Truncated file?
LOG (compute-mfcc-feats[5.5.1182~1-e02e3]:main():compute-mfcc-feats.cc:181) Processed 360 utterances
VLOG[2] (compute-mfcc-feats[5.5.1182~1-e02e3]:main():compute-mfcc-feats.cc:182) Processed features for key common_voice_lt_36968192
WARNING (compute-mfcc-feats[5.5.1182~1-e02e3]:Read():wave-reader.cc:304) Expected 103680 bytes of wave data, but read only 102528 bytes. Truncated file?
VLOG[2] (compute-mfcc-feats[5.5.1182~1-e02e3]:main():compute-mfcc-feats.cc:182) Processed features for key common_voice_lt_36968193
WARNING (compute-mfcc-feats[5.5.1182~1-e02e3]:Read():wave-reader.cc:304) Expected 115200 bytes of wave data, but read only 114048 bytes. Truncated file?
VLOG[2] (compute-mfcc-feats[5.5.1182~1-e02e3]:main():compute-mfcc-feats.cc:182) Processed features for key common_voice_lt_36968194
WARNING (compute-mfcc-feats[5.5.1182~1-e02e3]:Read():wave-reader.cc:304) Expected 135936 bytes of wave data, but read only 134784 bytes. Truncated file?
VLOG[2] (compute-mfcc-feats[5.5.1182~1-e02e3]:main():compute-mfcc-feats.cc:182) Processed features for key common_voice_lt_36968195
WARNING (compute-mfcc-feats[5.5.1182~1-e02e3]:Read():wave-reader.cc:304) Expected 202752 bytes of wave data, but read only 201600 bytes. Truncated file?
VLOG[2] (compute-mfcc-feats[5.5.1182~1-e02e3]:main():compute-mfcc-feats.cc:182) Processed features for key common_voice_lt_36968231
WARNING (compute-mfcc-feats[5.5.1182~1-e02e3]:Read():wave-reader.cc:304) Expected 222336 bytes of wave data, but read only 221184 bytes. Truncated file?
VLOG[2] (compute-mfcc-feats[5.5.1182~1-e02e3]:main():compute-mfcc-feats.cc:182) Processed features for key common_voice_lt_36968232
WARNING (compute-mfcc-feats[5.5.1182~1-e02e3]:Read():wave-reader.cc:304) Expected 184320 bytes of wave data, but read only 183168 bytes. Truncated file?
VLOG[2] (compute-mfcc-feats[5.5.1182~1-e02e3]:main():compute-mfcc-feats.cc:182) Processed features for key common_voice_lt_36968233
WARNING (compute-mfcc-feats[5.5.1182~1-e02e3]:Read():wave-reader.cc:304) Expected 141696 bytes of wave data, but read only 140544 bytes. Truncated file?
VLOG[2] (compute-mfcc-feats[5.5.1182~1-e02e3]:main():compute-mfcc-feats.cc:182) Processed features for key common_voice_lt_36968234
WARNING (compute-mfcc-feats[5.5.1182~1-e02e3]:Read():wave-reader.cc:304) Expected 135936 bytes of wave data, but read only 134784 bytes. Truncated file?
VLOG[2] (compute-mfcc-feats[5.5.1182~1-e02e3]:main():compute-mfcc-feats.cc:182) Processed features for key common_voice_lt_36968235
WARNING (compute-mfcc-feats[5.5.1182~1-e02e3]:Read():wave-reader.cc:304) Expected 172800 bytes of wave data, but read only 171648 bytes. Truncated file?
VLOG[2] (compute-mfcc-feats[5.5.1182~1-e02e3]:main():compute-mfcc-feats.cc:182) Processed features for key common_voice_lt_36968252
WARNING (compute-mfcc-feats[5.5.1182~1-e02e3]:Read():wave-reader.cc:304) Expected 195840 bytes of wave data, but read only 194688 bytes. Truncated file?
LOG (compute-mfcc-feats[5.5.1182~1-e02e3]:main():compute-mfcc-feats.cc:181) Processed 370 utterances
VLOG[2] (compute-mfcc-feats[5.5.1182~1-e02e3]:main():compute-mfcc-feats.cc:182) Processed features for key common_voice_lt_36968253
WARNING (compute-mfcc-feats[5.5.1182~1-e02e3]:Read():wave-reader.cc:304) Expected 196992 bytes of wave data, but read only 195840 bytes. Truncated file?
VLOG[2] (compute-mfcc-feats[5.5.1182~1-e02e3]:main():compute-mfcc-feats.cc:182) Processed features for key common_voice_lt_36968254
WARNING (compute-mfcc-feats[5.5.1182~1-e02e3]:Read():wave-reader.cc:304) Expected 141696 bytes of wave data, but read only 140544 bytes. Truncated file?
VLOG[2] (compute-mfcc-feats[5.5.1182~1-e02e3]:main():compute-mfcc-feats.cc:182) Processed features for key common_voice_lt_36968255
WARNING (compute-mfcc-feats[5.5.1182~1-e02e3]:Read():wave-reader.cc:304) Expected 133632 bytes of wave data, but read only 132480 bytes. Truncated file?
VLOG[2] (compute-mfcc-feats[5.5.1182~1-e02e3]:main():compute-mfcc-feats.cc:182) Processed features for key common_voice_lt_36968281
WARNING (compute-mfcc-feats[5.5.1182~1-e02e3]:Read():wave-reader.cc:304) Expected 167040 bytes of wave data, but read only 165888 bytes. Truncated file?
VLOG[2] (compute-mfcc-feats[5.5.1182~1-e02e3]:main():compute-mfcc-feats.cc:182) Processed features for key common_voice_lt_36968282
WARNING (compute-mfcc-feats[5.5.1182~1-e02e3]:Read():wave-reader.cc:304) Expected 112896 bytes of wave data, but read only 111744 bytes. Truncated file?
VLOG[2] (compute-mfcc-feats[5.5.1182~1-e02e3]:main():compute-mfcc-feats.cc:182) Processed features for key common_voice_lt_36968283
WARNING (compute-mfcc-feats[5.5.1182~1-e02e3]:Read():wave-reader.cc:304) Expected 158976 bytes of wave data, but read only 157824 bytes. Truncated file?
VLOG[2] (compute-mfcc-feats[5.5.1182~1-e02e3]:main():compute-mfcc-feats.cc:182) Processed features for key common_voice_lt_36968284
WARNING (compute-mfcc-feats[5.5.1182~1-e02e3]:Read():wave-reader.cc:304) Expected 256896 bytes of wave data, but read only 255744 bytes. Truncated file?
VLOG[2] (compute-mfcc-feats[5.5.1182~1-e02e3]:main():compute-mfcc-feats.cc:182) Processed features for key common_voice_lt_36968285
WARNING (compute-mfcc-feats[5.5.1182~1-e02e3]:Read():wave-reader.cc:304) Expected 276480 bytes of wave data, but read only 275328 bytes. Truncated file?
VLOG[2] (compute-mfcc-feats[5.5.1182~1-e02e3]:main():compute-mfcc-feats.cc:182) Processed features for key common_voice_lt_36968300
WARNING (compute-mfcc-feats[5.5.1182~1-e02e3]:Read():wave-reader.cc:304) Expected 149760 bytes of wave data, but read only 148608 bytes. Truncated file?
VLOG[2] (compute-mfcc-feats[5.5.1182~1-e02e3]:main():compute-mfcc-feats.cc:182) Processed features for key common_voice_lt_36968301
WARNING (compute-mfcc-feats[5.5.1182~1-e02e3]:Read():wave-reader.cc:304) Expected 208512 bytes of wave data, but read only 207360 bytes. Truncated file?
LOG (compute-mfcc-feats[5.5.1182~1-e02e3]:main():compute-mfcc-feats.cc:181) Processed 380 utterances
VLOG[2] (compute-mfcc-feats[5.5.1182~1-e02e3]:main():compute-mfcc-feats.cc:182) Processed features for key common_voice_lt_36968302
WARNING (compute-mfcc-feats[5.5.1182~1-e02e3]:Read():wave-reader.cc:304) Expected 216576 bytes of wave data, but read only 215424 bytes. Truncated file?
VLOG[2] (compute-mfcc-feats[5.5.1182~1-e02e3]:main():compute-mfcc-feats.cc:182) Processed features for key common_voice_lt_36968303
WARNING (compute-mfcc-feats[5.5.1182~1-e02e3]:Read():wave-reader.cc:304) Expected 184320 bytes of wave data, but read only 183168 bytes. Truncated file?
VLOG[2] (compute-mfcc-feats[5.5.1182~1-e02e3]:main():compute-mfcc-feats.cc:182) Processed features for key common_voice_lt_36968304
WARNING (compute-mfcc-feats[5.5.1182~1-e02e3]:Read():wave-reader.cc:304) Expected 147456 bytes of wave data, but read only 146304 bytes. Truncated file?
VLOG[2] (compute-mfcc-feats[5.5.1182~1-e02e3]:main():compute-mfcc-feats.cc:182) Processed features for key common_voice_lt_36968316
WARNING (compute-mfcc-feats[5.5.1182~1-e02e3]:Read():wave-reader.cc:304) Expected 135936 bytes of wave data, but read only 134784 bytes. Truncated file?
VLOG[2] (compute-mfcc-feats[5.5.1182~1-e02e3]:main():compute-mfcc-feats.cc:182) Processed features for key common_voice_lt_36968317
WARNING (compute-mfcc-feats[5.5.1182~1-e02e3]:Read():wave-reader.cc:304) Expected 179712 bytes of wave data, but read only 178560 bytes. Truncated file?
VLOG[2] (compute-mfcc-feats[5.5.1182~1-e02e3]:main():compute-mfcc-feats.cc:182) Processed features for key common_voice_lt_36968318
WARNING (compute-mfcc-feats[5.5.1182~1-e02e3]:Read():wave-reader.cc:304) Expected 132480 bytes of wave data, but read only 131328 bytes. Truncated file?
VLOG[2] (compute-mfcc-feats[5.5.1182~1-e02e3]:main():compute-mfcc-feats.cc:182) Processed features for key common_voice_lt_36968319
WARNING (compute-mfcc-feats[5.5.1182~1-e02e3]:Read():wave-reader.cc:304) Expected 116352 bytes of wave data, but read only 115200 bytes. Truncated file?
VLOG[2] (compute-mfcc-feats[5.5.1182~1-e02e3]:main():compute-mfcc-feats.cc:182) Processed features for key common_voice_lt_36968320
WARNING (compute-mfcc-feats[5.5.1182~1-e02e3]:Read():wave-reader.cc:304) Expected 126720 bytes of wave data, but read only 125568 bytes. Truncated file?
VLOG[2] (compute-mfcc-feats[5.5.1182~1-e02e3]:main():compute-mfcc-feats.cc:182) Processed features for key common_voice_lt_36968389
WARNING (compute-mfcc-feats[5.5.1182~1-e02e3]:Read():wave-reader.cc:304) Expected 199296 bytes of wave data, but read only 198144 bytes. Truncated file?
VLOG[2] (compute-mfcc-feats[5.5.1182~1-e02e3]:main():compute-mfcc-feats.cc:182) Processed features for key common_voice_lt_36968392
WARNING (compute-mfcc-feats[5.5.1182~1-e02e3]:Read():wave-reader.cc:304) Expected 207360 bytes of wave data, but read only 206208 bytes. Truncated file?
LOG (compute-mfcc-feats[5.5.1182~1-e02e3]:main():compute-mfcc-feats.cc:181) Processed 390 utterances
VLOG[2] (compute-mfcc-feats[5.5.1182~1-e02e3]:main():compute-mfcc-feats.cc:182) Processed features for key common_voice_lt_36968393
WARNING (compute-mfcc-feats[5.5.1182~1-e02e3]:Read():wave-reader.cc:304) Expected 112896 bytes of wave data, but read only 111744 bytes. Truncated file?
VLOG[2] (compute-mfcc-feats[5.5.1182~1-e02e3]:main():compute-mfcc-feats.cc:182) Processed features for key common_voice_lt_36968394
WARNING (compute-mfcc-feats[5.5.1182~1-e02e3]:Read():wave-reader.cc:304) Expected 187776 bytes of wave data, but read only 186624 bytes. Truncated file?
VLOG[2] (compute-mfcc-feats[5.5.1182~1-e02e3]:main():compute-mfcc-feats.cc:182) Processed features for key common_voice_lt_36968395
WARNING (compute-mfcc-feats[5.5.1182~1-e02e3]:Read():wave-reader.cc:304) Expected 158976 bytes of wave data, but read only 157824 bytes. Truncated file?
VLOG[2] (compute-mfcc-feats[5.5.1182~1-e02e3]:main():compute-mfcc-feats.cc:182) Processed features for key common_voice_lt_36968594
WARNING (compute-mfcc-feats[5.5.1182~1-e02e3]:Read():wave-reader.cc:304) Expected 156672 bytes of wave data, but read only 155520 bytes. Truncated file?
VLOG[2] (compute-mfcc-feats[5.5.1182~1-e02e3]:main():compute-mfcc-feats.cc:182) Processed features for key common_voice_lt_36968595
WARNING (compute-mfcc-feats[5.5.1182~1-e02e3]:Read():wave-reader.cc:304) Expected 132480 bytes of wave data, but read only 131328 bytes. Truncated file?
VLOG[2] (compute-mfcc-feats[5.5.1182~1-e02e3]:main():compute-mfcc-feats.cc:182) Processed features for key common_voice_lt_36968596
WARNING (compute-mfcc-feats[5.5.1182~1-e02e3]:Read():wave-reader.cc:304) Expected 115200 bytes of wave data, but read only 114048 bytes. Truncated file?
VLOG[2] (compute-mfcc-feats[5.5.1182~1-e02e3]:main():compute-mfcc-feats.cc:182) Processed features for key common_voice_lt_36968597
WARNING (compute-mfcc-feats[5.5.1182~1-e02e3]:Read():wave-reader.cc:304) Expected 109440 bytes of wave data, but read only 108288 bytes. Truncated file?
VLOG[2] (compute-mfcc-feats[5.5.1182~1-e02e3]:main():compute-mfcc-feats.cc:182) Processed features for key common_voice_lt_36968598
WARNING (compute-mfcc-feats[5.5.1182~1-e02e3]:Read():wave-reader.cc:304) Expected 193536 bytes of wave data, but read only 192384 bytes. Truncated file?
VLOG[2] (compute-mfcc-feats[5.5.1182~1-e02e3]:main():compute-mfcc-feats.cc:182) Processed features for key common_voice_lt_37028121
WARNING (compute-mfcc-feats[5.5.1182~1-e02e3]:Read():wave-reader.cc:304) Expected 178560 bytes of wave data, but read only 177408 bytes. Truncated file?
VLOG[2] (compute-mfcc-feats[5.5.1182~1-e02e3]:main():compute-mfcc-feats.cc:182) Processed features for key common_voice_lt_37028122
WARNING (compute-mfcc-feats[5.5.1182~1-e02e3]:Read():wave-reader.cc:304) Expected 167040 bytes of wave data, but read only 165888 bytes. Truncated file?
LOG (compute-mfcc-feats[5.5.1182~1-e02e3]:main():compute-mfcc-feats.cc:181) Processed 400 utterances
VLOG[2] (compute-mfcc-feats[5.5.1182~1-e02e3]:main():compute-mfcc-feats.cc:182) Processed features for key common_voice_lt_37028123
WARNING (compute-mfcc-feats[5.5.1182~1-e02e3]:Read():wave-reader.cc:304) Expected 185472 bytes of wave data, but read only 184320 bytes. Truncated file?
VLOG[2] (compute-mfcc-feats[5.5.1182~1-e02e3]:main():compute-mfcc-feats.cc:182) Processed features for key common_voice_lt_37028124
WARNING (compute-mfcc-feats[5.5.1182~1-e02e3]:Read():wave-reader.cc:304) Expected 164736 bytes of wave data, but read only 163584 bytes. Truncated file?
VLOG[2] (compute-mfcc-feats[5.5.1182~1-e02e3]:main():compute-mfcc-feats.cc:182) Processed features for key common_voice_lt_37028125
WARNING (compute-mfcc-feats[5.5.1182~1-e02e3]:Read():wave-reader.cc:304) Expected 312192 bytes of wave data, but read only 311040 bytes. Truncated file?
VLOG[2] (compute-mfcc-feats[5.5.1182~1-e02e3]:main():compute-mfcc-feats.cc:182) Processed features for key common_voice_lt_37028199
WARNING (compute-mfcc-feats[5.5.1182~1-e02e3]:Read():wave-reader.cc:304) Expected 139392 bytes of wave data, but read only 138240 bytes. Truncated file?
VLOG[2] (compute-mfcc-feats[5.5.1182~1-e02e3]:main():compute-mfcc-feats.cc:182) Processed features for key common_voice_lt_37028200
WARNING (compute-mfcc-feats[5.5.1182~1-e02e3]:Read():wave-reader.cc:304) Expected 190080 bytes of wave data, but read only 188928 bytes. Truncated file?
VLOG[2] (compute-mfcc-feats[5.5.1182~1-e02e3]:main():compute-mfcc-feats.cc:182) Processed features for key common_voice_lt_37028201
WARNING (compute-mfcc-feats[5.5.1182~1-e02e3]:Read():wave-reader.cc:304) Expected 185472 bytes of wave data, but read only 184320 bytes. Truncated file?
VLOG[2] (compute-mfcc-feats[5.5.1182~1-e02e3]:main():compute-mfcc-feats.cc:182) Processed features for key common_voice_lt_37028202
WARNING (compute-mfcc-feats[5.5.1182~1-e02e3]:Read():wave-reader.cc:304) Expected 196992 bytes of wave data, but read only 195840 bytes. Truncated file?
VLOG[2] (compute-mfcc-feats[5.5.1182~1-e02e3]:main():compute-mfcc-feats.cc:182) Processed features for key common_voice_lt_37028239
WARNING (compute-mfcc-feats[5.5.1182~1-e02e3]:Read():wave-reader.cc:304) Expected 222336 bytes of wave data, but read only 221184 bytes. Truncated file?
VLOG[2] (compute-mfcc-feats[5.5.1182~1-e02e3]:main():compute-mfcc-feats.cc:182) Processed features for key common_voice_lt_37028240
WARNING (compute-mfcc-feats[5.5.1182~1-e02e3]:Read():wave-reader.cc:304) Expected 214272 bytes of wave data, but read only 213120 bytes. Truncated file?
VLOG[2] (compute-mfcc-feats[5.5.1182~1-e02e3]:main():compute-mfcc-feats.cc:182) Processed features for key common_voice_lt_37028241
WARNING (compute-mfcc-feats[5.5.1182~1-e02e3]:Read():wave-reader.cc:304) Expected 164736 bytes of wave data, but read only 163584 bytes. Truncated file?
LOG (compute-mfcc-feats[5.5.1182~1-e02e3]:main():compute-mfcc-feats.cc:181) Processed 410 utterances
VLOG[2] (compute-mfcc-feats[5.5.1182~1-e02e3]:main():compute-mfcc-feats.cc:182) Processed features for key common_voice_lt_37028243
WARNING (compute-mfcc-feats[5.5.1182~1-e02e3]:Read():wave-reader.cc:304) Expected 167040 bytes of wave data, but read only 165888 bytes. Truncated file?
VLOG[2] (compute-mfcc-feats[5.5.1182~1-e02e3]:main():compute-mfcc-feats.cc:182) Processed features for key common_voice_lt_37028244
WARNING (compute-mfcc-feats[5.5.1182~1-e02e3]:Read():wave-reader.cc:304) Expected 195840 bytes of wave data, but read only 194688 bytes. Truncated file?
VLOG[2] (compute-mfcc-feats[5.5.1182~1-e02e3]:main():compute-mfcc-feats.cc:182) Processed features for key common_voice_lt_37028255
WARNING (compute-mfcc-feats[5.5.1182~1-e02e3]:Read():wave-reader.cc:304) Expected 184320 bytes of wave data, but read only 183168 bytes. Truncated file?
VLOG[2] (compute-mfcc-feats[5.5.1182~1-e02e3]:main():compute-mfcc-feats.cc:182) Processed features for key common_voice_lt_37028256
WARNING (compute-mfcc-feats[5.5.1182~1-e02e3]:Read():wave-reader.cc:304) Expected 262656 bytes of wave data, but read only 261504 bytes. Truncated file?
VLOG[2] (compute-mfcc-feats[5.5.1182~1-e02e3]:main():compute-mfcc-feats.cc:182) Processed features for key common_voice_lt_37028258
WARNING (compute-mfcc-feats[5.5.1182~1-e02e3]:Read():wave-reader.cc:304) Expected 270720 bytes of wave data, but read only 269568 bytes. Truncated file?
VLOG[2] (compute-mfcc-feats[5.5.1182~1-e02e3]:main():compute-mfcc-feats.cc:182) Processed features for key common_voice_lt_37028264
WARNING (compute-mfcc-feats[5.5.1182~1-e02e3]:Read():wave-reader.cc:304) Expected 195840 bytes of wave data, but read only 194688 bytes. Truncated file?
VLOG[2] (compute-mfcc-feats[5.5.1182~1-e02e3]:main():compute-mfcc-feats.cc:182) Processed features for key common_voice_lt_37028265
WARNING (compute-mfcc-feats[5.5.1182~1-e02e3]:Read():wave-reader.cc:304) Expected 216576 bytes of wave data, but read only 215424 bytes. Truncated file?
VLOG[2] (compute-mfcc-feats[5.5.1182~1-e02e3]:main():compute-mfcc-feats.cc:182) Processed features for key common_voice_lt_37028266
WARNING (compute-mfcc-feats[5.5.1182~1-e02e3]:Read():wave-reader.cc:304) Expected 133632 bytes of wave data, but read only 132480 bytes. Truncated file?
VLOG[2] (compute-mfcc-feats[5.5.1182~1-e02e3]:main():compute-mfcc-feats.cc:182) Processed features for key common_voice_lt_37028267
WARNING (compute-mfcc-feats[5.5.1182~1-e02e3]:Read():wave-reader.cc:304) Expected 132480 bytes of wave data, but read only 131328 bytes. Truncated file?
VLOG[2] (compute-mfcc-feats[5.5.1182~1-e02e3]:main():compute-mfcc-feats.cc:182) Processed features for key common_voice_lt_37028268
WARNING (compute-mfcc-feats[5.5.1182~1-e02e3]:Read():wave-reader.cc:304) Expected 164736 bytes of wave data, but read only 163584 bytes. Truncated file?
LOG (compute-mfcc-feats[5.5.1182~1-e02e3]:main():compute-mfcc-feats.cc:181) Processed 420 utterances
VLOG[2] (compute-mfcc-feats[5.5.1182~1-e02e3]:main():compute-mfcc-feats.cc:182) Processed features for key common_voice_lt_37028289
WARNING (compute-mfcc-feats[5.5.1182~1-e02e3]:Read():wave-reader.cc:304) Expected 207360 bytes of wave data, but read only 206208 bytes. Truncated file?
VLOG[2] (compute-mfcc-feats[5.5.1182~1-e02e3]:main():compute-mfcc-feats.cc:182) Processed features for key common_voice_lt_37028290
WARNING (compute-mfcc-feats[5.5.1182~1-e02e3]:Read():wave-reader.cc:304) Expected 185472 bytes of wave data, but read only 184320 bytes. Truncated file?
VLOG[2] (compute-mfcc-feats[5.5.1182~1-e02e3]:main():compute-mfcc-feats.cc:182) Processed features for key common_voice_lt_37028292
WARNING (compute-mfcc-feats[5.5.1182~1-e02e3]:Read():wave-reader.cc:304) Expected 116352 bytes of wave data, but read only 115200 bytes. Truncated file?
VLOG[2] (compute-mfcc-feats[5.5.1182~1-e02e3]:main():compute-mfcc-feats.cc:182) Processed features for key common_voice_lt_37028293
WARNING (compute-mfcc-feats[5.5.1182~1-e02e3]:Read():wave-reader.cc:304) Expected 168192 bytes of wave data, but read only 167040 bytes. Truncated file?
VLOG[2] (compute-mfcc-feats[5.5.1182~1-e02e3]:main():compute-mfcc-feats.cc:182) Processed features for key common_voice_lt_37028308
WARNING (compute-mfcc-feats[5.5.1182~1-e02e3]:Read():wave-reader.cc:304) Expected 103680 bytes of wave data, but read only 102528 bytes. Truncated file?
VLOG[2] (compute-mfcc-feats[5.5.1182~1-e02e3]:main():compute-mfcc-feats.cc:182) Processed features for key common_voice_lt_37028309
WARNING (compute-mfcc-feats[5.5.1182~1-e02e3]:Read():wave-reader.cc:304) Expected 141696 bytes of wave data, but read only 140544 bytes. Truncated file?
VLOG[2] (compute-mfcc-feats[5.5.1182~1-e02e3]:main():compute-mfcc-feats.cc:182) Processed features for key common_voice_lt_37028310
WARNING (compute-mfcc-feats[5.5.1182~1-e02e3]:Read():wave-reader.cc:304) Expected 147456 bytes of wave data, but read only 146304 bytes. Truncated file?
VLOG[2] (compute-mfcc-feats[5.5.1182~1-e02e3]:main():compute-mfcc-feats.cc:182) Processed features for key common_voice_lt_37028311
WARNING (compute-mfcc-feats[5.5.1182~1-e02e3]:Read():wave-reader.cc:304) Expected 231552 bytes of wave data, but read only 230400 bytes. Truncated file?
VLOG[2] (compute-mfcc-feats[5.5.1182~1-e02e3]:main():compute-mfcc-feats.cc:182) Processed features for key common_voice_lt_37028318
WARNING (compute-mfcc-feats[5.5.1182~1-e02e3]:Read():wave-reader.cc:304) Expected 172800 bytes of wave data, but read only 171648 bytes. Truncated file?
VLOG[2] (compute-mfcc-feats[5.5.1182~1-e02e3]:main():compute-mfcc-feats.cc:182) Processed features for key common_voice_lt_37028319
WARNING (compute-mfcc-feats[5.5.1182~1-e02e3]:Read():wave-reader.cc:304) Expected 196992 bytes of wave data, but read only 195840 bytes. Truncated file?
LOG (compute-mfcc-feats[5.5.1182~1-e02e3]:main():compute-mfcc-feats.cc:181) Processed 430 utterances
VLOG[2] (compute-mfcc-feats[5.5.1182~1-e02e3]:main():compute-mfcc-feats.cc:182) Processed features for key common_voice_lt_37028320
sox WARN rate: rate clipped 2 samples; decrease volume?
sox WARN dither: dither clipped 2 samples; decrease volume?
WARNING (compute-mfcc-feats[5.5.1182~1-e02e3]:Read():wave-reader.cc:304) Expected 115200 bytes of wave data, but read only 114048 bytes. Truncated file?
VLOG[2] (compute-mfcc-feats[5.5.1182~1-e02e3]:main():compute-mfcc-feats.cc:182) Processed features for key common_voice_lt_37028373
WARNING (compute-mfcc-feats[5.5.1182~1-e02e3]:Read():wave-reader.cc:304) Expected 132480 bytes of wave data, but read only 131328 bytes. Truncated file?
VLOG[2] (compute-mfcc-feats[5.5.1182~1-e02e3]:main():compute-mfcc-feats.cc:182) Processed features for key common_voice_lt_37028375
WARNING (compute-mfcc-feats[5.5.1182~1-e02e3]:Read():wave-reader.cc:304) Expected 208512 bytes of wave data, but read only 207360 bytes. Truncated file?
VLOG[2] (compute-mfcc-feats[5.5.1182~1-e02e3]:main():compute-mfcc-feats.cc:182) Processed features for key common_voice_lt_37028378
WARNING (compute-mfcc-feats[5.5.1182~1-e02e3]:Read():wave-reader.cc:304) Expected 259200 bytes of wave data, but read only 258048 bytes. Truncated file?
VLOG[2] (compute-mfcc-feats[5.5.1182~1-e02e3]:main():compute-mfcc-feats.cc:182) Processed features for key common_voice_lt_37028379
WARNING (compute-mfcc-feats[5.5.1182~1-e02e3]:Read():wave-reader.cc:304) Expected 109440 bytes of wave data, but read only 108288 bytes. Truncated file?
VLOG[2] (compute-mfcc-feats[5.5.1182~1-e02e3]:main():compute-mfcc-feats.cc:182) Processed features for key common_voice_lt_37028380
WARNING (compute-mfcc-feats[5.5.1182~1-e02e3]:Read():wave-reader.cc:304) Expected 176256 bytes of wave data, but read only 175104 bytes. Truncated file?
VLOG[2] (compute-mfcc-feats[5.5.1182~1-e02e3]:main():compute-mfcc-feats.cc:182) Processed features for key common_voice_lt_37028381
WARNING (compute-mfcc-feats[5.5.1182~1-e02e3]:Read():wave-reader.cc:304) Expected 176256 bytes of wave data, but read only 175104 bytes. Truncated file?
VLOG[2] (compute-mfcc-feats[5.5.1182~1-e02e3]:main():compute-mfcc-feats.cc:182) Processed features for key common_voice_lt_37028382
WARNING (compute-mfcc-feats[5.5.1182~1-e02e3]:Read():wave-reader.cc:304) Expected 115200 bytes of wave data, but read only 114048 bytes. Truncated file?
VLOG[2] (compute-mfcc-feats[5.5.1182~1-e02e3]:main():compute-mfcc-feats.cc:182) Processed features for key common_voice_lt_37028383
WARNING (compute-mfcc-feats[5.5.1182~1-e02e3]:Read():wave-reader.cc:304) Expected 145152 bytes of wave data, but read only 144000 bytes. Truncated file?
VLOG[2] (compute-mfcc-feats[5.5.1182~1-e02e3]:main():compute-mfcc-feats.cc:182) Processed features for key common_voice_lt_37028384
WARNING (compute-mfcc-feats[5.5.1182~1-e02e3]:Read():wave-reader.cc:304) Expected 162432 bytes of wave data, but read only 161280 bytes. Truncated file?
LOG (compute-mfcc-feats[5.5.1182~1-e02e3]:main():compute-mfcc-feats.cc:181) Processed 440 utterances
VLOG[2] (compute-mfcc-feats[5.5.1182~1-e02e3]:main():compute-mfcc-feats.cc:182) Processed features for key common_voice_lt_37028388
WARNING (compute-mfcc-feats[5.5.1182~1-e02e3]:Read():wave-reader.cc:304) Expected 141696 bytes of wave data, but read only 140544 bytes. Truncated file?
VLOG[2] (compute-mfcc-feats[5.5.1182~1-e02e3]:main():compute-mfcc-feats.cc:182) Processed features for key common_voice_lt_37028390
WARNING (compute-mfcc-feats[5.5.1182~1-e02e3]:Read():wave-reader.cc:304) Expected 120960 bytes of wave data, but read only 119808 bytes. Truncated file?
VLOG[2] (compute-mfcc-feats[5.5.1182~1-e02e3]:main():compute-mfcc-feats.cc:182) Processed features for key common_voice_lt_37028391
WARNING (compute-mfcc-feats[5.5.1182~1-e02e3]:Read():wave-reader.cc:304) Expected 115200 bytes of wave data, but read only 114048 bytes. Truncated file?
VLOG[2] (compute-mfcc-feats[5.5.1182~1-e02e3]:main():compute-mfcc-feats.cc:182) Processed features for key common_voice_lt_37028393
WARNING (compute-mfcc-feats[5.5.1182~1-e02e3]:Read():wave-reader.cc:304) Expected 116352 bytes of wave data, but read only 115200 bytes. Truncated file?
VLOG[2] (compute-mfcc-feats[5.5.1182~1-e02e3]:main():compute-mfcc-feats.cc:182) Processed features for key common_voice_lt_37028394
WARNING (compute-mfcc-feats[5.5.1182~1-e02e3]:Read():wave-reader.cc:304) Expected 130176 bytes of wave data, but read only 129024 bytes. Truncated file?
VLOG[2] (compute-mfcc-feats[5.5.1182~1-e02e3]:main():compute-mfcc-feats.cc:182) Processed features for key common_voice_lt_37028413
WARNING (compute-mfcc-feats[5.5.1182~1-e02e3]:Read():wave-reader.cc:304) Expected 115200 bytes of wave data, but read only 114048 bytes. Truncated file?
VLOG[2] (compute-mfcc-feats[5.5.1182~1-e02e3]:main():compute-mfcc-feats.cc:182) Processed features for key common_voice_lt_37028414
WARNING (compute-mfcc-feats[5.5.1182~1-e02e3]:Read():wave-reader.cc:304) Expected 153216 bytes of wave data, but read only 152064 bytes. Truncated file?
VLOG[2] (compute-mfcc-feats[5.5.1182~1-e02e3]:main():compute-mfcc-feats.cc:182) Processed features for key common_voice_lt_37028417
WARNING (compute-mfcc-feats[5.5.1182~1-e02e3]:Read():wave-reader.cc:304) Expected 164736 bytes of wave data, but read only 163584 bytes. Truncated file?
VLOG[2] (compute-mfcc-feats[5.5.1182~1-e02e3]:main():compute-mfcc-feats.cc:182) Processed features for key common_voice_lt_37028419
WARNING (compute-mfcc-feats[5.5.1182~1-e02e3]:Read():wave-reader.cc:304) Expected 145152 bytes of wave data, but read only 144000 bytes. Truncated file?
VLOG[2] (compute-mfcc-feats[5.5.1182~1-e02e3]:main():compute-mfcc-feats.cc:182) Processed features for key common_voice_lt_37028425
WARNING (compute-mfcc-feats[5.5.1182~1-e02e3]:Read():wave-reader.cc:304) Expected 172800 bytes of wave data, but read only 171648 bytes. Truncated file?
LOG (compute-mfcc-feats[5.5.1182~1-e02e3]:main():compute-mfcc-feats.cc:181) Processed 450 utterances
VLOG[2] (compute-mfcc-feats[5.5.1182~1-e02e3]:main():compute-mfcc-feats.cc:182) Processed features for key common_voice_lt_37028426
WARNING (compute-mfcc-feats[5.5.1182~1-e02e3]:Read():wave-reader.cc:304) Expected 130176 bytes of wave data, but read only 129024 bytes. Truncated file?
VLOG[2] (compute-mfcc-feats[5.5.1182~1-e02e3]:main():compute-mfcc-feats.cc:182) Processed features for key common_voice_lt_37028427
WARNING (compute-mfcc-feats[5.5.1182~1-e02e3]:Read():wave-reader.cc:304) Expected 126720 bytes of wave data, but read only 125568 bytes. Truncated file?
VLOG[2] (compute-mfcc-feats[5.5.1182~1-e02e3]:main():compute-mfcc-feats.cc:182) Processed features for key common_voice_lt_37028449
WARNING (compute-mfcc-feats[5.5.1182~1-e02e3]:Read():wave-reader.cc:304) Expected 179712 bytes of wave data, but read only 178560 bytes. Truncated file?
VLOG[2] (compute-mfcc-feats[5.5.1182~1-e02e3]:main():compute-mfcc-feats.cc:182) Processed features for key common_voice_lt_37028450
WARNING (compute-mfcc-feats[5.5.1182~1-e02e3]:Read():wave-reader.cc:304) Expected 168192 bytes of wave data, but read only 167040 bytes. Truncated file?
VLOG[2] (compute-mfcc-feats[5.5.1182~1-e02e3]:main():compute-mfcc-feats.cc:182) Processed features for key common_voice_lt_37028452
WARNING (compute-mfcc-feats[5.5.1182~1-e02e3]:Read():wave-reader.cc:304) Expected 182016 bytes of wave data, but read only 180864 bytes. Truncated file?
VLOG[2] (compute-mfcc-feats[5.5.1182~1-e02e3]:main():compute-mfcc-feats.cc:182) Processed features for key common_voice_lt_37028473
WARNING (compute-mfcc-feats[5.5.1182~1-e02e3]:Read():wave-reader.cc:304) Expected 116352 bytes of wave data, but read only 115200 bytes. Truncated file?
VLOG[2] (compute-mfcc-feats[5.5.1182~1-e02e3]:main():compute-mfcc-feats.cc:182) Processed features for key common_voice_lt_37028475
WARNING (compute-mfcc-feats[5.5.1182~1-e02e3]:Read():wave-reader.cc:304) Expected 161280 bytes of wave data, but read only 160128 bytes. Truncated file?
VLOG[2] (compute-mfcc-feats[5.5.1182~1-e02e3]:main():compute-mfcc-feats.cc:182) Processed features for key common_voice_lt_37028476
WARNING (compute-mfcc-feats[5.5.1182~1-e02e3]:Read():wave-reader.cc:304) Expected 116352 bytes of wave data, but read only 115200 bytes. Truncated file?
VLOG[2] (compute-mfcc-feats[5.5.1182~1-e02e3]:main():compute-mfcc-feats.cc:182) Processed features for key common_voice_lt_37028477
WARNING (compute-mfcc-feats[5.5.1182~1-e02e3]:Read():wave-reader.cc:304) Expected 127872 bytes of wave data, but read only 126720 bytes. Truncated file?
VLOG[2] (compute-mfcc-feats[5.5.1182~1-e02e3]:main():compute-mfcc-feats.cc:182) Processed features for key common_voice_lt_37028488
WARNING (compute-mfcc-feats[5.5.1182~1-e02e3]:Read():wave-reader.cc:304) Expected 162432 bytes of wave data, but read only 161280 bytes. Truncated file?
LOG (compute-mfcc-feats[5.5.1182~1-e02e3]:main():compute-mfcc-feats.cc:181) Processed 460 utterances
VLOG[2] (compute-mfcc-feats[5.5.1182~1-e02e3]:main():compute-mfcc-feats.cc:182) Processed features for key common_voice_lt_37028489
WARNING (compute-mfcc-feats[5.5.1182~1-e02e3]:Read():wave-reader.cc:304) Expected 195840 bytes of wave data, but read only 194688 bytes. Truncated file?
VLOG[2] (compute-mfcc-feats[5.5.1182~1-e02e3]:main():compute-mfcc-feats.cc:182) Processed features for key common_voice_lt_37028491
WARNING (compute-mfcc-feats[5.5.1182~1-e02e3]:Read():wave-reader.cc:304) Expected 172800 bytes of wave data, but read only 171648 bytes. Truncated file?
VLOG[2] (compute-mfcc-feats[5.5.1182~1-e02e3]:main():compute-mfcc-feats.cc:182) Processed features for key common_voice_lt_37028492
WARNING (compute-mfcc-feats[5.5.1182~1-e02e3]:Read():wave-reader.cc:304) Expected 141696 bytes of wave data, but read only 140544 bytes. Truncated file?
VLOG[2] (compute-mfcc-feats[5.5.1182~1-e02e3]:main():compute-mfcc-feats.cc:182) Processed features for key common_voice_lt_37028529
WARNING (compute-mfcc-feats[5.5.1182~1-e02e3]:Read():wave-reader.cc:304) Expected 104832 bytes of wave data, but read only 103680 bytes. Truncated file?
VLOG[2] (compute-mfcc-feats[5.5.1182~1-e02e3]:main():compute-mfcc-feats.cc:182) Processed features for key common_voice_lt_37028530
WARNING (compute-mfcc-feats[5.5.1182~1-e02e3]:Read():wave-reader.cc:304) Expected 126720 bytes of wave data, but read only 125568 bytes. Truncated file?
VLOG[2] (compute-mfcc-feats[5.5.1182~1-e02e3]:main():compute-mfcc-feats.cc:182) Processed features for key common_voice_lt_37028531
WARNING (compute-mfcc-feats[5.5.1182~1-e02e3]:Read():wave-reader.cc:304) Expected 132480 bytes of wave data, but read only 131328 bytes. Truncated file?
VLOG[2] (compute-mfcc-feats[5.5.1182~1-e02e3]:main():compute-mfcc-feats.cc:182) Processed features for key common_voice_lt_37028532
WARNING (compute-mfcc-feats[5.5.1182~1-e02e3]:Read():wave-reader.cc:304) Expected 259200 bytes of wave data, but read only 258048 bytes. Truncated file?
VLOG[2] (compute-mfcc-feats[5.5.1182~1-e02e3]:main():compute-mfcc-feats.cc:182) Processed features for key common_voice_lt_37028533
WARNING (compute-mfcc-feats[5.5.1182~1-e02e3]:Read():wave-reader.cc:304) Expected 231552 bytes of wave data, but read only 230400 bytes. Truncated file?
VLOG[2] (compute-mfcc-feats[5.5.1182~1-e02e3]:main():compute-mfcc-feats.cc:182) Processed features for key common_voice_lt_37028554
WARNING (compute-mfcc-feats[5.5.1182~1-e02e3]:Read():wave-reader.cc:304) Expected 141696 bytes of wave data, but read only 140544 bytes. Truncated file?
VLOG[2] (compute-mfcc-feats[5.5.1182~1-e02e3]:main():compute-mfcc-feats.cc:182) Processed features for key common_voice_lt_37028556
WARNING (compute-mfcc-feats[5.5.1182~1-e02e3]:Read():wave-reader.cc:304) Expected 132480 bytes of wave data, but read only 131328 bytes. Truncated file?
LOG (compute-mfcc-feats[5.5.1182~1-e02e3]:main():compute-mfcc-feats.cc:181) Processed 470 utterances
VLOG[2] (compute-mfcc-feats[5.5.1182~1-e02e3]:main():compute-mfcc-feats.cc:182) Processed features for key common_voice_lt_37028557
WARNING (compute-mfcc-feats[5.5.1182~1-e02e3]:Read():wave-reader.cc:304) Expected 228096 bytes of wave data, but read only 226944 bytes. Truncated file?
VLOG[2] (compute-mfcc-feats[5.5.1182~1-e02e3]:main():compute-mfcc-feats.cc:182) Processed features for key common_voice_lt_37028582
WARNING (compute-mfcc-feats[5.5.1182~1-e02e3]:Read():wave-reader.cc:304) Expected 112896 bytes of wave data, but read only 111744 bytes. Truncated file?
VLOG[2] (compute-mfcc-feats[5.5.1182~1-e02e3]:main():compute-mfcc-feats.cc:182) Processed features for key common_voice_lt_37028584
WARNING (compute-mfcc-feats[5.5.1182~1-e02e3]:Read():wave-reader.cc:304) Expected 176256 bytes of wave data, but read only 175104 bytes. Truncated file?
VLOG[2] (compute-mfcc-feats[5.5.1182~1-e02e3]:main():compute-mfcc-feats.cc:182) Processed features for key common_voice_lt_37028586
WARNING (compute-mfcc-feats[5.5.1182~1-e02e3]:Read():wave-reader.cc:304) Expected 139392 bytes of wave data, but read only 138240 bytes. Truncated file?
VLOG[2] (compute-mfcc-feats[5.5.1182~1-e02e3]:main():compute-mfcc-feats.cc:182) Processed features for key common_voice_lt_37028589
WARNING (compute-mfcc-feats[5.5.1182~1-e02e3]:Read():wave-reader.cc:304) Expected 149760 bytes of wave data, but read only 148608 bytes. Truncated file?
VLOG[2] (compute-mfcc-feats[5.5.1182~1-e02e3]:main():compute-mfcc-feats.cc:182) Processed features for key common_voice_lt_37028623
WARNING (compute-mfcc-feats[5.5.1182~1-e02e3]:Read():wave-reader.cc:304) Expected 145152 bytes of wave data, but read only 144000 bytes. Truncated file?
VLOG[2] (compute-mfcc-feats[5.5.1182~1-e02e3]:main():compute-mfcc-feats.cc:182) Processed features for key common_voice_lt_37028625
WARNING (compute-mfcc-feats[5.5.1182~1-e02e3]:Read():wave-reader.cc:304) Expected 158976 bytes of wave data, but read only 157824 bytes. Truncated file?
VLOG[2] (compute-mfcc-feats[5.5.1182~1-e02e3]:main():compute-mfcc-feats.cc:182) Processed features for key common_voice_lt_37028626
WARNING (compute-mfcc-feats[5.5.1182~1-e02e3]:Read():wave-reader.cc:304) Expected 133632 bytes of wave data, but read only 132480 bytes. Truncated file?
VLOG[2] (compute-mfcc-feats[5.5.1182~1-e02e3]:main():compute-mfcc-feats.cc:182) Processed features for key common_voice_lt_37028627
WARNING (compute-mfcc-feats[5.5.1182~1-e02e3]:Read():wave-reader.cc:304) Expected 218880 bytes of wave data, but read only 217728 bytes. Truncated file?
VLOG[2] (compute-mfcc-feats[5.5.1182~1-e02e3]:main():compute-mfcc-feats.cc:182) Processed features for key common_voice_lt_37028644
WARNING (compute-mfcc-feats[5.5.1182~1-e02e3]:Read():wave-reader.cc:304) Expected 132480 bytes of wave data, but read only 131328 bytes. Truncated file?
LOG (compute-mfcc-feats[5.5.1182~1-e02e3]:main():compute-mfcc-feats.cc:181) Processed 480 utterances
VLOG[2] (compute-mfcc-feats[5.5.1182~1-e02e3]:main():compute-mfcc-feats.cc:182) Processed features for key common_voice_lt_37028645
WARNING (compute-mfcc-feats[5.5.1182~1-e02e3]:Read():wave-reader.cc:304) Expected 139392 bytes of wave data, but read only 138240 bytes. Truncated file?
VLOG[2] (compute-mfcc-feats[5.5.1182~1-e02e3]:main():compute-mfcc-feats.cc:182) Processed features for key common_voice_lt_37028646
WARNING (compute-mfcc-feats[5.5.1182~1-e02e3]:Read():wave-reader.cc:304) Expected 107136 bytes of wave data, but read only 105984 bytes. Truncated file?
VLOG[2] (compute-mfcc-feats[5.5.1182~1-e02e3]:main():compute-mfcc-feats.cc:182) Processed features for key common_voice_lt_37028647
WARNING (compute-mfcc-feats[5.5.1182~1-e02e3]:Read():wave-reader.cc:304) Expected 247680 bytes of wave data, but read only 246528 bytes. Truncated file?
VLOG[2] (compute-mfcc-feats[5.5.1182~1-e02e3]:main():compute-mfcc-feats.cc:182) Processed features for key common_voice_lt_37028653
WARNING (compute-mfcc-feats[5.5.1182~1-e02e3]:Read():wave-reader.cc:304) Expected 147456 bytes of wave data, but read only 146304 bytes. Truncated file?
VLOG[2] (compute-mfcc-feats[5.5.1182~1-e02e3]:main():compute-mfcc-feats.cc:182) Processed features for key common_voice_lt_37028655
WARNING (compute-mfcc-feats[5.5.1182~1-e02e3]:Read():wave-reader.cc:304) Expected 199296 bytes of wave data, but read only 198144 bytes. Truncated file?
VLOG[2] (compute-mfcc-feats[5.5.1182~1-e02e3]:main():compute-mfcc-feats.cc:182) Processed features for key common_voice_lt_37028656
WARNING (compute-mfcc-feats[5.5.1182~1-e02e3]:Read():wave-reader.cc:304) Expected 150912 bytes of wave data, but read only 149760 bytes. Truncated file?
VLOG[2] (compute-mfcc-feats[5.5.1182~1-e02e3]:main():compute-mfcc-feats.cc:182) Processed features for key common_voice_lt_37028657
WARNING (compute-mfcc-feats[5.5.1182~1-e02e3]:Read():wave-reader.cc:304) Expected 110592 bytes of wave data, but read only 109440 bytes. Truncated file?
VLOG[2] (compute-mfcc-feats[5.5.1182~1-e02e3]:main():compute-mfcc-feats.cc:182) Processed features for key common_voice_lt_37028662
WARNING (compute-mfcc-feats[5.5.1182~1-e02e3]:Read():wave-reader.cc:304) Expected 109440 bytes of wave data, but read only 108288 bytes. Truncated file?
VLOG[2] (compute-mfcc-feats[5.5.1182~1-e02e3]:main():compute-mfcc-feats.cc:182) Processed features for key common_voice_lt_37028663
WARNING (compute-mfcc-feats[5.5.1182~1-e02e3]:Read():wave-reader.cc:304) Expected 149760 bytes of wave data, but read only 148608 bytes. Truncated file?
VLOG[2] (compute-mfcc-feats[5.5.1182~1-e02e3]:main():compute-mfcc-feats.cc:182) Processed features for key common_voice_lt_37028664
WARNING (compute-mfcc-feats[5.5.1182~1-e02e3]:Read():wave-reader.cc:304) Expected 109440 bytes of wave data, but read only 108288 bytes. Truncated file?
LOG (compute-mfcc-feats[5.5.1182~1-e02e3]:main():compute-mfcc-feats.cc:181) Processed 490 utterances
VLOG[2] (compute-mfcc-feats[5.5.1182~1-e02e3]:main():compute-mfcc-feats.cc:182) Processed features for key common_voice_lt_37028665
WARNING (compute-mfcc-feats[5.5.1182~1-e02e3]:Read():wave-reader.cc:304) Expected 193536 bytes of wave data, but read only 192384 bytes. Truncated file?
VLOG[2] (compute-mfcc-feats[5.5.1182~1-e02e3]:main():compute-mfcc-feats.cc:182) Processed features for key common_voice_lt_37028669
WARNING (compute-mfcc-feats[5.5.1182~1-e02e3]:Read():wave-reader.cc:304) Expected 126720 bytes of wave data, but read only 125568 bytes. Truncated file?
VLOG[2] (compute-mfcc-feats[5.5.1182~1-e02e3]:main():compute-mfcc-feats.cc:182) Processed features for key common_voice_lt_37028671
WARNING (compute-mfcc-feats[5.5.1182~1-e02e3]:Read():wave-reader.cc:304) Expected 149760 bytes of wave data, but read only 148608 bytes. Truncated file?
VLOG[2] (compute-mfcc-feats[5.5.1182~1-e02e3]:main():compute-mfcc-feats.cc:182) Processed features for key common_voice_lt_37028679
WARNING (compute-mfcc-feats[5.5.1182~1-e02e3]:Read():wave-reader.cc:304) Expected 222336 bytes of wave data, but read only 221184 bytes. Truncated file?
VLOG[2] (compute-mfcc-feats[5.5.1182~1-e02e3]:main():compute-mfcc-feats.cc:182) Processed features for key common_voice_lt_37028680
WARNING (compute-mfcc-feats[5.5.1182~1-e02e3]:Read():wave-reader.cc:304) Expected 150912 bytes of wave data, but read only 149760 bytes. Truncated file?
VLOG[2] (compute-mfcc-feats[5.5.1182~1-e02e3]:main():compute-mfcc-feats.cc:182) Processed features for key common_voice_lt_37028681
WARNING (compute-mfcc-feats[5.5.1182~1-e02e3]:Read():wave-reader.cc:304) Expected 187776 bytes of wave data, but read only 186624 bytes. Truncated file?
VLOG[2] (compute-mfcc-feats[5.5.1182~1-e02e3]:main():compute-mfcc-feats.cc:182) Processed features for key common_voice_lt_37028682
WARNING (compute-mfcc-feats[5.5.1182~1-e02e3]:Read():wave-reader.cc:304) Expected 207360 bytes of wave data, but read only 206208 bytes. Truncated file?
VLOG[2] (compute-mfcc-feats[5.5.1182~1-e02e3]:main():compute-mfcc-feats.cc:182) Processed features for key common_voice_lt_37028683
WARNING (compute-mfcc-feats[5.5.1182~1-e02e3]:Read():wave-reader.cc:304) Expected 135936 bytes of wave data, but read only 134784 bytes. Truncated file?
VLOG[2] (compute-mfcc-feats[5.5.1182~1-e02e3]:main():compute-mfcc-feats.cc:182) Processed features for key common_voice_lt_37028686
WARNING (compute-mfcc-feats[5.5.1182~1-e02e3]:Read():wave-reader.cc:304) Expected 110592 bytes of wave data, but read only 109440 bytes. Truncated file?
VLOG[2] (compute-mfcc-feats[5.5.1182~1-e02e3]:main():compute-mfcc-feats.cc:182) Processed features for key common_voice_lt_37028687
WARNING (compute-mfcc-feats[5.5.1182~1-e02e3]:Read():wave-reader.cc:304) Expected 182016 bytes of wave data, but read only 180864 bytes. Truncated file?
LOG (compute-mfcc-feats[5.5.1182~1-e02e3]:main():compute-mfcc-feats.cc:181) Processed 500 utterances
VLOG[2] (compute-mfcc-feats[5.5.1182~1-e02e3]:main():compute-mfcc-feats.cc:182) Processed features for key common_voice_lt_37028688
WARNING (compute-mfcc-feats[5.5.1182~1-e02e3]:Read():wave-reader.cc:304) Expected 89856 bytes of wave data, but read only 88704 bytes. Truncated file?
VLOG[2] (compute-mfcc-feats[5.5.1182~1-e02e3]:main():compute-mfcc-feats.cc:182) Processed features for key common_voice_lt_37028689
WARNING (compute-mfcc-feats[5.5.1182~1-e02e3]:Read():wave-reader.cc:304) Expected 153216 bytes of wave data, but read only 152064 bytes. Truncated file?
VLOG[2] (compute-mfcc-feats[5.5.1182~1-e02e3]:main():compute-mfcc-feats.cc:182) Processed features for key common_voice_lt_37028692
WARNING (compute-mfcc-feats[5.5.1182~1-e02e3]:Read():wave-reader.cc:304) Expected 130176 bytes of wave data, but read only 129024 bytes. Truncated file?
VLOG[2] (compute-mfcc-feats[5.5.1182~1-e02e3]:main():compute-mfcc-feats.cc:182) Processed features for key common_voice_lt_37028693
WARNING (compute-mfcc-feats[5.5.1182~1-e02e3]:Read():wave-reader.cc:304) Expected 103680 bytes of wave data, but read only 102528 bytes. Truncated file?
VLOG[2] (compute-mfcc-feats[5.5.1182~1-e02e3]:main():compute-mfcc-feats.cc:182) Processed features for key common_voice_lt_37028694
WARNING (compute-mfcc-feats[5.5.1182~1-e02e3]:Read():wave-reader.cc:304) Expected 124416 bytes of wave data, but read only 123264 bytes. Truncated file?
VLOG[2] (compute-mfcc-feats[5.5.1182~1-e02e3]:main():compute-mfcc-feats.cc:182) Processed features for key common_voice_lt_37028695
WARNING (compute-mfcc-feats[5.5.1182~1-e02e3]:Read():wave-reader.cc:304) Expected 127872 bytes of wave data, but read only 126720 bytes. Truncated file?
VLOG[2] (compute-mfcc-feats[5.5.1182~1-e02e3]:main():compute-mfcc-feats.cc:182) Processed features for key common_voice_lt_37028696
WARNING (compute-mfcc-feats[5.5.1182~1-e02e3]:Read():wave-reader.cc:304) Expected 89856 bytes of wave data, but read only 88704 bytes. Truncated file?
VLOG[2] (compute-mfcc-feats[5.5.1182~1-e02e3]:main():compute-mfcc-feats.cc:182) Processed features for key common_voice_lt_37028705
WARNING (compute-mfcc-feats[5.5.1182~1-e02e3]:Read():wave-reader.cc:304) Expected 193536 bytes of wave data, but read only 192384 bytes. Truncated file?
VLOG[2] (compute-mfcc-feats[5.5.1182~1-e02e3]:main():compute-mfcc-feats.cc:182) Processed features for key common_voice_lt_37028706
WARNING (compute-mfcc-feats[5.5.1182~1-e02e3]:Read():wave-reader.cc:304) Expected 205056 bytes of wave data, but read only 203904 bytes. Truncated file?
VLOG[2] (compute-mfcc-feats[5.5.1182~1-e02e3]:main():compute-mfcc-feats.cc:182) Processed features for key common_voice_lt_37028707
WARNING (compute-mfcc-feats[5.5.1182~1-e02e3]:Read():wave-reader.cc:304) Expected 84096 bytes of wave data, but read only 82944 bytes. Truncated file?
LOG (compute-mfcc-feats[5.5.1182~1-e02e3]:main():compute-mfcc-feats.cc:181) Processed 510 utterances
VLOG[2] (compute-mfcc-feats[5.5.1182~1-e02e3]:main():compute-mfcc-feats.cc:182) Processed features for key common_voice_lt_37028708
WARNING (compute-mfcc-feats[5.5.1182~1-e02e3]:Read():wave-reader.cc:304) Expected 218880 bytes of wave data, but read only 217728 bytes. Truncated file?
VLOG[2] (compute-mfcc-feats[5.5.1182~1-e02e3]:main():compute-mfcc-feats.cc:182) Processed features for key common_voice_lt_37028709
WARNING (compute-mfcc-feats[5.5.1182~1-e02e3]:Read():wave-reader.cc:304) Expected 126720 bytes of wave data, but read only 125568 bytes. Truncated file?
VLOG[2] (compute-mfcc-feats[5.5.1182~1-e02e3]:main():compute-mfcc-feats.cc:182) Processed features for key common_voice_lt_37028715
WARNING (compute-mfcc-feats[5.5.1182~1-e02e3]:Read():wave-reader.cc:304) Expected 141696 bytes of wave data, but read only 140544 bytes. Truncated file?
VLOG[2] (compute-mfcc-feats[5.5.1182~1-e02e3]:main():compute-mfcc-feats.cc:182) Processed features for key common_voice_lt_37028716
WARNING (compute-mfcc-feats[5.5.1182~1-e02e3]:Read():wave-reader.cc:304) Expected 126720 bytes of wave data, but read only 125568 bytes. Truncated file?
VLOG[2] (compute-mfcc-feats[5.5.1182~1-e02e3]:main():compute-mfcc-feats.cc:182) Processed features for key common_voice_lt_37028717
WARNING (compute-mfcc-feats[5.5.1182~1-e02e3]:Read():wave-reader.cc:304) Expected 299520 bytes of wave data, but read only 298368 bytes. Truncated file?
VLOG[2] (compute-mfcc-feats[5.5.1182~1-e02e3]:main():compute-mfcc-feats.cc:182) Processed features for key common_voice_lt_37028723
WARNING (compute-mfcc-feats[5.5.1182~1-e02e3]:Read():wave-reader.cc:304) Expected 141696 bytes of wave data, but read only 140544 bytes. Truncated file?
VLOG[2] (compute-mfcc-feats[5.5.1182~1-e02e3]:main():compute-mfcc-feats.cc:182) Processed features for key common_voice_lt_37028726
WARNING (compute-mfcc-feats[5.5.1182~1-e02e3]:Read():wave-reader.cc:304) Expected 132480 bytes of wave data, but read only 131328 bytes. Truncated file?
VLOG[2] (compute-mfcc-feats[5.5.1182~1-e02e3]:main():compute-mfcc-feats.cc:182) Processed features for key common_voice_lt_37028727
WARNING (compute-mfcc-feats[5.5.1182~1-e02e3]:Read():wave-reader.cc:304) Expected 107136 bytes of wave data, but read only 105984 bytes. Truncated file?
VLOG[2] (compute-mfcc-feats[5.5.1182~1-e02e3]:main():compute-mfcc-feats.cc:182) Processed features for key common_voice_lt_37028732
WARNING (compute-mfcc-feats[5.5.1182~1-e02e3]:Read():wave-reader.cc:304) Expected 109440 bytes of wave data, but read only 108288 bytes. Truncated file?
VLOG[2] (compute-mfcc-feats[5.5.1182~1-e02e3]:main():compute-mfcc-feats.cc:182) Processed features for key common_voice_lt_37028733
WARNING (compute-mfcc-feats[5.5.1182~1-e02e3]:Read():wave-reader.cc:304) Expected 120960 bytes of wave data, but read only 119808 bytes. Truncated file?
LOG (compute-mfcc-feats[5.5.1182~1-e02e3]:main():compute-mfcc-feats.cc:181) Processed 520 utterances
VLOG[2] (compute-mfcc-feats[5.5.1182~1-e02e3]:main():compute-mfcc-feats.cc:182) Processed features for key common_voice_lt_37028734
WARNING (compute-mfcc-feats[5.5.1182~1-e02e3]:Read():wave-reader.cc:304) Expected 158976 bytes of wave data, but read only 157824 bytes. Truncated file?
VLOG[2] (compute-mfcc-feats[5.5.1182~1-e02e3]:main():compute-mfcc-feats.cc:182) Processed features for key common_voice_lt_37028735
WARNING (compute-mfcc-feats[5.5.1182~1-e02e3]:Read():wave-reader.cc:304) Expected 156672 bytes of wave data, but read only 155520 bytes. Truncated file?
VLOG[2] (compute-mfcc-feats[5.5.1182~1-e02e3]:main():compute-mfcc-feats.cc:182) Processed features for key common_voice_lt_37028736
WARNING (compute-mfcc-feats[5.5.1182~1-e02e3]:Read():wave-reader.cc:304) Expected 164736 bytes of wave data, but read only 163584 bytes. Truncated file?
VLOG[2] (compute-mfcc-feats[5.5.1182~1-e02e3]:main():compute-mfcc-feats.cc:182) Processed features for key common_voice_lt_37028742
WARNING (compute-mfcc-feats[5.5.1182~1-e02e3]:Read():wave-reader.cc:304) Expected 199296 bytes of wave data, but read only 198144 bytes. Truncated file?
VLOG[2] (compute-mfcc-feats[5.5.1182~1-e02e3]:main():compute-mfcc-feats.cc:182) Processed features for key common_voice_lt_37028743
WARNING (compute-mfcc-feats[5.5.1182~1-e02e3]:Read():wave-reader.cc:304) Expected 262656 bytes of wave data, but read only 261504 bytes. Truncated file?
VLOG[2] (compute-mfcc-feats[5.5.1182~1-e02e3]:main():compute-mfcc-feats.cc:182) Processed features for key common_voice_lt_37028744
WARNING (compute-mfcc-feats[5.5.1182~1-e02e3]:Read():wave-reader.cc:304) Expected 135936 bytes of wave data, but read only 134784 bytes. Truncated file?
VLOG[2] (compute-mfcc-feats[5.5.1182~1-e02e3]:main():compute-mfcc-feats.cc:182) Processed features for key common_voice_lt_37028745
WARNING (compute-mfcc-feats[5.5.1182~1-e02e3]:Read():wave-reader.cc:304) Expected 155520 bytes of wave data, but read only 154368 bytes. Truncated file?
VLOG[2] (compute-mfcc-feats[5.5.1182~1-e02e3]:main():compute-mfcc-feats.cc:182) Processed features for key common_voice_lt_37028752
WARNING (compute-mfcc-feats[5.5.1182~1-e02e3]:Read():wave-reader.cc:304) Expected 130176 bytes of wave data, but read only 129024 bytes. Truncated file?
VLOG[2] (compute-mfcc-feats[5.5.1182~1-e02e3]:main():compute-mfcc-feats.cc:182) Processed features for key common_voice_lt_37028753
WARNING (compute-mfcc-feats[5.5.1182~1-e02e3]:Read():wave-reader.cc:304) Expected 213120 bytes of wave data, but read only 211968 bytes. Truncated file?
VLOG[2] (compute-mfcc-feats[5.5.1182~1-e02e3]:main():compute-mfcc-feats.cc:182) Processed features for key common_voice_lt_37028754
WARNING (compute-mfcc-feats[5.5.1182~1-e02e3]:Read():wave-reader.cc:304) Expected 144000 bytes of wave data, but read only 142848 bytes. Truncated file?
LOG (compute-mfcc-feats[5.5.1182~1-e02e3]:main():compute-mfcc-feats.cc:181) Processed 530 utterances
VLOG[2] (compute-mfcc-feats[5.5.1182~1-e02e3]:main():compute-mfcc-feats.cc:182) Processed features for key common_voice_lt_37028755
WARNING (compute-mfcc-feats[5.5.1182~1-e02e3]:Read():wave-reader.cc:304) Expected 167040 bytes of wave data, but read only 165888 bytes. Truncated file?
VLOG[2] (compute-mfcc-feats[5.5.1182~1-e02e3]:main():compute-mfcc-feats.cc:182) Processed features for key common_voice_lt_37028762
WARNING (compute-mfcc-feats[5.5.1182~1-e02e3]:Read():wave-reader.cc:304) Expected 145152 bytes of wave data, but read only 144000 bytes. Truncated file?
VLOG[2] (compute-mfcc-feats[5.5.1182~1-e02e3]:main():compute-mfcc-feats.cc:182) Processed features for key common_voice_lt_37028763
WARNING (compute-mfcc-feats[5.5.1182~1-e02e3]:Read():wave-reader.cc:304) Expected 132480 bytes of wave data, but read only 131328 bytes. Truncated file?
VLOG[2] (compute-mfcc-feats[5.5.1182~1-e02e3]:main():compute-mfcc-feats.cc:182) Processed features for key common_voice_lt_37028764
WARNING (compute-mfcc-feats[5.5.1182~1-e02e3]:Read():wave-reader.cc:304) Expected 170496 bytes of wave data, but read only 169344 bytes. Truncated file?
VLOG[2] (compute-mfcc-feats[5.5.1182~1-e02e3]:main():compute-mfcc-feats.cc:182) Processed features for key common_voice_lt_37028765
WARNING (compute-mfcc-feats[5.5.1182~1-e02e3]:Read():wave-reader.cc:304) Expected 112896 bytes of wave data, but read only 111744 bytes. Truncated file?
VLOG[2] (compute-mfcc-feats[5.5.1182~1-e02e3]:main():compute-mfcc-feats.cc:182) Processed features for key common_voice_lt_37028766
WARNING (compute-mfcc-feats[5.5.1182~1-e02e3]:Read():wave-reader.cc:304) Expected 124416 bytes of wave data, but read only 123264 bytes. Truncated file?
VLOG[2] (compute-mfcc-feats[5.5.1182~1-e02e3]:main():compute-mfcc-feats.cc:182) Processed features for key common_voice_lt_37028772
WARNING (compute-mfcc-feats[5.5.1182~1-e02e3]:Read():wave-reader.cc:304) Expected 97920 bytes of wave data, but read only 96768 bytes. Truncated file?
VLOG[2] (compute-mfcc-feats[5.5.1182~1-e02e3]:main():compute-mfcc-feats.cc:182) Processed features for key common_voice_lt_37028774
WARNING (compute-mfcc-feats[5.5.1182~1-e02e3]:Read():wave-reader.cc:304) Expected 89856 bytes of wave data, but read only 88704 bytes. Truncated file?
VLOG[2] (compute-mfcc-feats[5.5.1182~1-e02e3]:main():compute-mfcc-feats.cc:182) Processed features for key common_voice_lt_37028775
WARNING (compute-mfcc-feats[5.5.1182~1-e02e3]:Read():wave-reader.cc:304) Expected 236160 bytes of wave data, but read only 235008 bytes. Truncated file?
VLOG[2] (compute-mfcc-feats[5.5.1182~1-e02e3]:main():compute-mfcc-feats.cc:182) Processed features for key common_voice_lt_37028776
WARNING (compute-mfcc-feats[5.5.1182~1-e02e3]:Read():wave-reader.cc:304) Expected 182016 bytes of wave data, but read only 180864 bytes. Truncated file?
LOG (compute-mfcc-feats[5.5.1182~1-e02e3]:main():compute-mfcc-feats.cc:181) Processed 540 utterances
VLOG[2] (compute-mfcc-feats[5.5.1182~1-e02e3]:main():compute-mfcc-feats.cc:182) Processed features for key common_voice_lt_37028777
WARNING (compute-mfcc-feats[5.5.1182~1-e02e3]:Read():wave-reader.cc:304) Expected 266112 bytes of wave data, but read only 264960 bytes. Truncated file?
VLOG[2] (compute-mfcc-feats[5.5.1182~1-e02e3]:main():compute-mfcc-feats.cc:182) Processed features for key common_voice_lt_37028778
WARNING (compute-mfcc-feats[5.5.1182~1-e02e3]:Read():wave-reader.cc:304) Expected 317952 bytes of wave data, but read only 316800 bytes. Truncated file?
VLOG[2] (compute-mfcc-feats[5.5.1182~1-e02e3]:main():compute-mfcc-feats.cc:182) Processed features for key common_voice_lt_37028779
WARNING (compute-mfcc-feats[5.5.1182~1-e02e3]:Read():wave-reader.cc:304) Expected 120960 bytes of wave data, but read only 119808 bytes. Truncated file?
VLOG[2] (compute-mfcc-feats[5.5.1182~1-e02e3]:main():compute-mfcc-feats.cc:182) Processed features for key common_voice_lt_37028780
WARNING (compute-mfcc-feats[5.5.1182~1-e02e3]:Read():wave-reader.cc:304) Expected 241920 bytes of wave data, but read only 240768 bytes. Truncated file?
VLOG[2] (compute-mfcc-feats[5.5.1182~1-e02e3]:main():compute-mfcc-feats.cc:182) Processed features for key common_voice_lt_37028781
WARNING (compute-mfcc-feats[5.5.1182~1-e02e3]:Read():wave-reader.cc:304) Expected 135936 bytes of wave data, but read only 134784 bytes. Truncated file?
VLOG[2] (compute-mfcc-feats[5.5.1182~1-e02e3]:main():compute-mfcc-feats.cc:182) Processed features for key common_voice_lt_37028797
WARNING (compute-mfcc-feats[5.5.1182~1-e02e3]:Read():wave-reader.cc:304) Expected 162432 bytes of wave data, but read only 161280 bytes. Truncated file?
VLOG[2] (compute-mfcc-feats[5.5.1182~1-e02e3]:main():compute-mfcc-feats.cc:182) Processed features for key common_voice_lt_37028798
WARNING (compute-mfcc-feats[5.5.1182~1-e02e3]:Read():wave-reader.cc:304) Expected 170496 bytes of wave data, but read only 169344 bytes. Truncated file?
VLOG[2] (compute-mfcc-feats[5.5.1182~1-e02e3]:main():compute-mfcc-feats.cc:182) Processed features for key common_voice_lt_37028799
WARNING (compute-mfcc-feats[5.5.1182~1-e02e3]:Read():wave-reader.cc:304) Expected 251136 bytes of wave data, but read only 249984 bytes. Truncated file?
VLOG[2] (compute-mfcc-feats[5.5.1182~1-e02e3]:main():compute-mfcc-feats.cc:182) Processed features for key common_voice_lt_37028800
WARNING (compute-mfcc-feats[5.5.1182~1-e02e3]:Read():wave-reader.cc:304) Expected 144000 bytes of wave data, but read only 142848 bytes. Truncated file?
VLOG[2] (compute-mfcc-feats[5.5.1182~1-e02e3]:main():compute-mfcc-feats.cc:182) Processed features for key common_voice_lt_37028801
WARNING (compute-mfcc-feats[5.5.1182~1-e02e3]:Read():wave-reader.cc:304) Expected 155520 bytes of wave data, but read only 154368 bytes. Truncated file?
LOG (compute-mfcc-feats[5.5.1182~1-e02e3]:main():compute-mfcc-feats.cc:181) Processed 550 utterances
VLOG[2] (compute-mfcc-feats[5.5.1182~1-e02e3]:main():compute-mfcc-feats.cc:182) Processed features for key common_voice_lt_37028823
WARNING (compute-mfcc-feats[5.5.1182~1-e02e3]:Read():wave-reader.cc:304) Expected 133632 bytes of wave data, but read only 132480 bytes. Truncated file?
VLOG[2] (compute-mfcc-feats[5.5.1182~1-e02e3]:main():compute-mfcc-feats.cc:182) Processed features for key common_voice_lt_37028824
WARNING (compute-mfcc-feats[5.5.1182~1-e02e3]:Read():wave-reader.cc:304) Expected 99072 bytes of wave data, but read only 97920 bytes. Truncated file?
VLOG[2] (compute-mfcc-feats[5.5.1182~1-e02e3]:main():compute-mfcc-feats.cc:182) Processed features for key common_voice_lt_37028825
WARNING (compute-mfcc-feats[5.5.1182~1-e02e3]:Read():wave-reader.cc:304) Expected 196992 bytes of wave data, but read only 195840 bytes. Truncated file?
VLOG[2] (compute-mfcc-feats[5.5.1182~1-e02e3]:main():compute-mfcc-feats.cc:182) Processed features for key common_voice_lt_37028826
WARNING (compute-mfcc-feats[5.5.1182~1-e02e3]:Read():wave-reader.cc:304) Expected 220032 bytes of wave data, but read only 218880 bytes. Truncated file?
VLOG[2] (compute-mfcc-feats[5.5.1182~1-e02e3]:main():compute-mfcc-feats.cc:182) Processed features for key common_voice_lt_37028852
WARNING (compute-mfcc-feats[5.5.1182~1-e02e3]:Read():wave-reader.cc:304) Expected 116352 bytes of wave data, but read only 115200 bytes. Truncated file?
VLOG[2] (compute-mfcc-feats[5.5.1182~1-e02e3]:main():compute-mfcc-feats.cc:182) Processed features for key common_voice_lt_37028854
WARNING (compute-mfcc-feats[5.5.1182~1-e02e3]:Read():wave-reader.cc:304) Expected 187776 bytes of wave data, but read only 186624 bytes. Truncated file?
VLOG[2] (compute-mfcc-feats[5.5.1182~1-e02e3]:main():compute-mfcc-feats.cc:182) Processed features for key common_voice_lt_37028856
WARNING (compute-mfcc-feats[5.5.1182~1-e02e3]:Read():wave-reader.cc:304) Expected 173952 bytes of wave data, but read only 172800 bytes. Truncated file?
VLOG[2] (compute-mfcc-feats[5.5.1182~1-e02e3]:main():compute-mfcc-feats.cc:182) Processed features for key common_voice_lt_37028858
WARNING (compute-mfcc-feats[5.5.1182~1-e02e3]:Read():wave-reader.cc:304) Expected 153216 bytes of wave data, but read only 152064 bytes. Truncated file?
VLOG[2] (compute-mfcc-feats[5.5.1182~1-e02e3]:main():compute-mfcc-feats.cc:182) Processed features for key common_voice_lt_37028889
WARNING (compute-mfcc-feats[5.5.1182~1-e02e3]:Read():wave-reader.cc:304) Expected 95616 bytes of wave data, but read only 94464 bytes. Truncated file?
VLOG[2] (compute-mfcc-feats[5.5.1182~1-e02e3]:main():compute-mfcc-feats.cc:182) Processed features for key common_voice_lt_37028890
WARNING (compute-mfcc-feats[5.5.1182~1-e02e3]:Read():wave-reader.cc:304) Expected 124416 bytes of wave data, but read only 123264 bytes. Truncated file?
LOG (compute-mfcc-feats[5.5.1182~1-e02e3]:main():compute-mfcc-feats.cc:181) Processed 560 utterances
VLOG[2] (compute-mfcc-feats[5.5.1182~1-e02e3]:main():compute-mfcc-feats.cc:182) Processed features for key common_voice_lt_37028891
WARNING (compute-mfcc-feats[5.5.1182~1-e02e3]:Read():wave-reader.cc:304) Expected 112896 bytes of wave data, but read only 111744 bytes. Truncated file?
VLOG[2] (compute-mfcc-feats[5.5.1182~1-e02e3]:main():compute-mfcc-feats.cc:182) Processed features for key common_voice_lt_37028892
WARNING (compute-mfcc-feats[5.5.1182~1-e02e3]:Read():wave-reader.cc:304) Expected 231552 bytes of wave data, but read only 230400 bytes. Truncated file?
VLOG[2] (compute-mfcc-feats[5.5.1182~1-e02e3]:main():compute-mfcc-feats.cc:182) Processed features for key common_voice_lt_37028893
WARNING (compute-mfcc-feats[5.5.1182~1-e02e3]:Read():wave-reader.cc:304) Expected 185472 bytes of wave data, but read only 184320 bytes. Truncated file?
VLOG[2] (compute-mfcc-feats[5.5.1182~1-e02e3]:main():compute-mfcc-feats.cc:182) Processed features for key common_voice_lt_37028899
WARNING (compute-mfcc-feats[5.5.1182~1-e02e3]:Read():wave-reader.cc:304) Expected 144000 bytes of wave data, but read only 142848 bytes. Truncated file?
VLOG[2] (compute-mfcc-feats[5.5.1182~1-e02e3]:main():compute-mfcc-feats.cc:182) Processed features for key common_voice_lt_37028901
WARNING (compute-mfcc-feats[5.5.1182~1-e02e3]:Read():wave-reader.cc:304) Expected 156672 bytes of wave data, but read only 155520 bytes. Truncated file?
VLOG[2] (compute-mfcc-feats[5.5.1182~1-e02e3]:main():compute-mfcc-feats.cc:182) Processed features for key common_voice_lt_37028903
WARNING (compute-mfcc-feats[5.5.1182~1-e02e3]:Read():wave-reader.cc:304) Expected 283392 bytes of wave data, but read only 282240 bytes. Truncated file?
VLOG[2] (compute-mfcc-feats[5.5.1182~1-e02e3]:main():compute-mfcc-feats.cc:182) Processed features for key common_voice_lt_37028906
WARNING (compute-mfcc-feats[5.5.1182~1-e02e3]:Read():wave-reader.cc:304) Expected 155520 bytes of wave data, but read only 154368 bytes. Truncated file?
VLOG[2] (compute-mfcc-feats[5.5.1182~1-e02e3]:main():compute-mfcc-feats.cc:182) Processed features for key common_voice_lt_37028908
WARNING (compute-mfcc-feats[5.5.1182~1-e02e3]:Read():wave-reader.cc:304) Expected 167040 bytes of wave data, but read only 165888 bytes. Truncated file?
VLOG[2] (compute-mfcc-feats[5.5.1182~1-e02e3]:main():compute-mfcc-feats.cc:182) Processed features for key common_voice_lt_37028934
WARNING (compute-mfcc-feats[5.5.1182~1-e02e3]:Read():wave-reader.cc:304) Expected 150912 bytes of wave data, but read only 149760 bytes. Truncated file?
VLOG[2] (compute-mfcc-feats[5.5.1182~1-e02e3]:main():compute-mfcc-feats.cc:182) Processed features for key common_voice_lt_37028935
WARNING (compute-mfcc-feats[5.5.1182~1-e02e3]:Read():wave-reader.cc:304) Expected 138240 bytes of wave data, but read only 137088 bytes. Truncated file?
LOG (compute-mfcc-feats[5.5.1182~1-e02e3]:main():compute-mfcc-feats.cc:181) Processed 570 utterances
VLOG[2] (compute-mfcc-feats[5.5.1182~1-e02e3]:main():compute-mfcc-feats.cc:182) Processed features for key common_voice_lt_37028936
WARNING (compute-mfcc-feats[5.5.1182~1-e02e3]:Read():wave-reader.cc:304) Expected 122112 bytes of wave data, but read only 120960 bytes. Truncated file?
VLOG[2] (compute-mfcc-feats[5.5.1182~1-e02e3]:main():compute-mfcc-feats.cc:182) Processed features for key common_voice_lt_37028937
WARNING (compute-mfcc-feats[5.5.1182~1-e02e3]:Read():wave-reader.cc:304) Expected 259200 bytes of wave data, but read only 258048 bytes. Truncated file?
VLOG[2] (compute-mfcc-feats[5.5.1182~1-e02e3]:main():compute-mfcc-feats.cc:182) Processed features for key common_voice_lt_37028938
WARNING (compute-mfcc-feats[5.5.1182~1-e02e3]:Read():wave-reader.cc:304) Expected 182016 bytes of wave data, but read only 180864 bytes. Truncated file?
VLOG[2] (compute-mfcc-feats[5.5.1182~1-e02e3]:main():compute-mfcc-feats.cc:182) Processed features for key common_voice_lt_37028944
WARNING (compute-mfcc-feats[5.5.1182~1-e02e3]:Read():wave-reader.cc:304) Expected 190080 bytes of wave data, but read only 188928 bytes. Truncated file?
VLOG[2] (compute-mfcc-feats[5.5.1182~1-e02e3]:main():compute-mfcc-feats.cc:182) Processed features for key common_voice_lt_37028945
WARNING (compute-mfcc-feats[5.5.1182~1-e02e3]:Read():wave-reader.cc:304) Expected 124416 bytes of wave data, but read only 123264 bytes. Truncated file?
VLOG[2] (compute-mfcc-feats[5.5.1182~1-e02e3]:main():compute-mfcc-feats.cc:182) Processed features for key common_voice_lt_37028947
WARNING (compute-mfcc-feats[5.5.1182~1-e02e3]:Read():wave-reader.cc:304) Expected 158976 bytes of wave data, but read only 157824 bytes. Truncated file?
VLOG[2] (compute-mfcc-feats[5.5.1182~1-e02e3]:main():compute-mfcc-feats.cc:182) Processed features for key common_voice_lt_37028966
WARNING (compute-mfcc-feats[5.5.1182~1-e02e3]:Read():wave-reader.cc:304) Expected 202752 bytes of wave data, but read only 201600 bytes. Truncated file?
VLOG[2] (compute-mfcc-feats[5.5.1182~1-e02e3]:main():compute-mfcc-feats.cc:182) Processed features for key common_voice_lt_37028967
WARNING (compute-mfcc-feats[5.5.1182~1-e02e3]:Read():wave-reader.cc:304) Expected 178560 bytes of wave data, but read only 177408 bytes. Truncated file?
VLOG[2] (compute-mfcc-feats[5.5.1182~1-e02e3]:main():compute-mfcc-feats.cc:182) Processed features for key common_voice_lt_37028968
WARNING (compute-mfcc-feats[5.5.1182~1-e02e3]:Read():wave-reader.cc:304) Expected 164736 bytes of wave data, but read only 163584 bytes. Truncated file?
VLOG[2] (compute-mfcc-feats[5.5.1182~1-e02e3]:main():compute-mfcc-feats.cc:182) Processed features for key common_voice_lt_37028969
WARNING (compute-mfcc-feats[5.5.1182~1-e02e3]:Read():wave-reader.cc:304) Expected 153216 bytes of wave data, but read only 152064 bytes. Truncated file?
LOG (compute-mfcc-feats[5.5.1182~1-e02e3]:main():compute-mfcc-feats.cc:181) Processed 580 utterances
VLOG[2] (compute-mfcc-feats[5.5.1182~1-e02e3]:main():compute-mfcc-feats.cc:182) Processed features for key common_voice_lt_37028970
WARNING (compute-mfcc-feats[5.5.1182~1-e02e3]:Read():wave-reader.cc:304) Expected 122112 bytes of wave data, but read only 120960 bytes. Truncated file?
VLOG[2] (compute-mfcc-feats[5.5.1182~1-e02e3]:main():compute-mfcc-feats.cc:182) Processed features for key common_voice_lt_37028989
WARNING (compute-mfcc-feats[5.5.1182~1-e02e3]:Read():wave-reader.cc:304) Expected 110592 bytes of wave data, but read only 109440 bytes. Truncated file?
VLOG[2] (compute-mfcc-feats[5.5.1182~1-e02e3]:main():compute-mfcc-feats.cc:182) Processed features for key common_voice_lt_37028990
WARNING (compute-mfcc-feats[5.5.1182~1-e02e3]:Read():wave-reader.cc:304) Expected 145152 bytes of wave data, but read only 144000 bytes. Truncated file?
VLOG[2] (compute-mfcc-feats[5.5.1182~1-e02e3]:main():compute-mfcc-feats.cc:182) Processed features for key common_voice_lt_37029003
WARNING (compute-mfcc-feats[5.5.1182~1-e02e3]:Read():wave-reader.cc:304) Expected 155520 bytes of wave data, but read only 154368 bytes. Truncated file?
VLOG[2] (compute-mfcc-feats[5.5.1182~1-e02e3]:main():compute-mfcc-feats.cc:182) Processed features for key common_voice_lt_37029004
WARNING (compute-mfcc-feats[5.5.1182~1-e02e3]:Read():wave-reader.cc:304) Expected 104832 bytes of wave data, but read only 103680 bytes. Truncated file?
VLOG[2] (compute-mfcc-feats[5.5.1182~1-e02e3]:main():compute-mfcc-feats.cc:182) Processed features for key common_voice_lt_37029005
WARNING (compute-mfcc-feats[5.5.1182~1-e02e3]:Read():wave-reader.cc:304) Expected 218880 bytes of wave data, but read only 217728 bytes. Truncated file?
VLOG[2] (compute-mfcc-feats[5.5.1182~1-e02e3]:main():compute-mfcc-feats.cc:182) Processed features for key common_voice_lt_37029011
WARNING (compute-mfcc-feats[5.5.1182~1-e02e3]:Read():wave-reader.cc:304) Expected 170496 bytes of wave data, but read only 169344 bytes. Truncated file?
VLOG[2] (compute-mfcc-feats[5.5.1182~1-e02e3]:main():compute-mfcc-feats.cc:182) Processed features for key common_voice_lt_37029012
WARNING (compute-mfcc-feats[5.5.1182~1-e02e3]:Read():wave-reader.cc:304) Expected 182016 bytes of wave data, but read only 180864 bytes. Truncated file?
VLOG[2] (compute-mfcc-feats[5.5.1182~1-e02e3]:main():compute-mfcc-feats.cc:182) Processed features for key common_voice_lt_37029013
WARNING (compute-mfcc-feats[5.5.1182~1-e02e3]:Read():wave-reader.cc:304) Expected 182016 bytes of wave data, but read only 180864 bytes. Truncated file?
VLOG[2] (compute-mfcc-feats[5.5.1182~1-e02e3]:main():compute-mfcc-feats.cc:182) Processed features for key common_voice_lt_37029014
WARNING (compute-mfcc-feats[5.5.1182~1-e02e3]:Read():wave-reader.cc:304) Expected 132480 bytes of wave data, but read only 131328 bytes. Truncated file?
LOG (compute-mfcc-feats[5.5.1182~1-e02e3]:main():compute-mfcc-feats.cc:181) Processed 590 utterances
VLOG[2] (compute-mfcc-feats[5.5.1182~1-e02e3]:main():compute-mfcc-feats.cc:182) Processed features for key common_voice_lt_37029015
WARNING (compute-mfcc-feats[5.5.1182~1-e02e3]:Read():wave-reader.cc:304) Expected 162432 bytes of wave data, but read only 161280 bytes. Truncated file?
VLOG[2] (compute-mfcc-feats[5.5.1182~1-e02e3]:main():compute-mfcc-feats.cc:182) Processed features for key common_voice_lt_37029021
WARNING (compute-mfcc-feats[5.5.1182~1-e02e3]:Read():wave-reader.cc:304) Expected 193536 bytes of wave data, but read only 192384 bytes. Truncated file?
VLOG[2] (compute-mfcc-feats[5.5.1182~1-e02e3]:main():compute-mfcc-feats.cc:182) Processed features for key common_voice_lt_37029022
WARNING (compute-mfcc-feats[5.5.1182~1-e02e3]:Read():wave-reader.cc:304) Expected 141696 bytes of wave data, but read only 140544 bytes. Truncated file?
VLOG[2] (compute-mfcc-feats[5.5.1182~1-e02e3]:main():compute-mfcc-feats.cc:182) Processed features for key common_voice_lt_37029023
WARNING (compute-mfcc-feats[5.5.1182~1-e02e3]:Read():wave-reader.cc:304) Expected 164736 bytes of wave data, but read only 163584 bytes. Truncated file?
VLOG[2] (compute-mfcc-feats[5.5.1182~1-e02e3]:main():compute-mfcc-feats.cc:182) Processed features for key common_voice_lt_37029024
WARNING (compute-mfcc-feats[5.5.1182~1-e02e3]:Read():wave-reader.cc:304) Expected 127872 bytes of wave data, but read only 126720 bytes. Truncated file?
VLOG[2] (compute-mfcc-feats[5.5.1182~1-e02e3]:main():compute-mfcc-feats.cc:182) Processed features for key common_voice_lt_37029025
WARNING (compute-mfcc-feats[5.5.1182~1-e02e3]:Read():wave-reader.cc:304) Expected 104832 bytes of wave data, but read only 103680 bytes. Truncated file?
VLOG[2] (compute-mfcc-feats[5.5.1182~1-e02e3]:main():compute-mfcc-feats.cc:182) Processed features for key common_voice_lt_37029033
WARNING (compute-mfcc-feats[5.5.1182~1-e02e3]:Read():wave-reader.cc:304) Expected 271872 bytes of wave data, but read only 270720 bytes. Truncated file?
VLOG[2] (compute-mfcc-feats[5.5.1182~1-e02e3]:main():compute-mfcc-feats.cc:182) Processed features for key common_voice_lt_37029034
WARNING (compute-mfcc-feats[5.5.1182~1-e02e3]:Read():wave-reader.cc:304) Expected 115200 bytes of wave data, but read only 114048 bytes. Truncated file?
VLOG[2] (compute-mfcc-feats[5.5.1182~1-e02e3]:main():compute-mfcc-feats.cc:182) Processed features for key common_voice_lt_37029036
WARNING (compute-mfcc-feats[5.5.1182~1-e02e3]:Read():wave-reader.cc:304) Expected 120960 bytes of wave data, but read only 119808 bytes. Truncated file?
VLOG[2] (compute-mfcc-feats[5.5.1182~1-e02e3]:main():compute-mfcc-feats.cc:182) Processed features for key common_voice_lt_37029037
WARNING (compute-mfcc-feats[5.5.1182~1-e02e3]:Read():wave-reader.cc:304) Expected 207360 bytes of wave data, but read only 206208 bytes. Truncated file?
LOG (compute-mfcc-feats[5.5.1182~1-e02e3]:main():compute-mfcc-feats.cc:181) Processed 600 utterances
VLOG[2] (compute-mfcc-feats[5.5.1182~1-e02e3]:main():compute-mfcc-feats.cc:182) Processed features for key common_voice_lt_37029038
WARNING (compute-mfcc-feats[5.5.1182~1-e02e3]:Read():wave-reader.cc:304) Expected 153216 bytes of wave data, but read only 152064 bytes. Truncated file?
VLOG[2] (compute-mfcc-feats[5.5.1182~1-e02e3]:main():compute-mfcc-feats.cc:182) Processed features for key common_voice_lt_37029050
WARNING (compute-mfcc-feats[5.5.1182~1-e02e3]:Read():wave-reader.cc:304) Expected 132480 bytes of wave data, but read only 131328 bytes. Truncated file?
VLOG[2] (compute-mfcc-feats[5.5.1182~1-e02e3]:main():compute-mfcc-feats.cc:182) Processed features for key common_voice_lt_37029052
WARNING (compute-mfcc-feats[5.5.1182~1-e02e3]:Read():wave-reader.cc:304) Expected 145152 bytes of wave data, but read only 144000 bytes. Truncated file?
VLOG[2] (compute-mfcc-feats[5.5.1182~1-e02e3]:main():compute-mfcc-feats.cc:182) Processed features for key common_voice_lt_37029053
WARNING (compute-mfcc-feats[5.5.1182~1-e02e3]:Read():wave-reader.cc:304) Expected 107136 bytes of wave data, but read only 105984 bytes. Truncated file?
VLOG[2] (compute-mfcc-feats[5.5.1182~1-e02e3]:main():compute-mfcc-feats.cc:182) Processed features for key common_voice_lt_37029065
WARNING (compute-mfcc-feats[5.5.1182~1-e02e3]:Read():wave-reader.cc:304) Expected 138240 bytes of wave data, but read only 137088 bytes. Truncated file?
VLOG[2] (compute-mfcc-feats[5.5.1182~1-e02e3]:main():compute-mfcc-feats.cc:182) Processed features for key common_voice_lt_37029067
WARNING (compute-mfcc-feats[5.5.1182~1-e02e3]:Read():wave-reader.cc:304) Expected 205056 bytes of wave data, but read only 203904 bytes. Truncated file?
VLOG[2] (compute-mfcc-feats[5.5.1182~1-e02e3]:main():compute-mfcc-feats.cc:182) Processed features for key common_voice_lt_37029069
WARNING (compute-mfcc-feats[5.5.1182~1-e02e3]:Read():wave-reader.cc:304) Expected 89856 bytes of wave data, but read only 88704 bytes. Truncated file?
VLOG[2] (compute-mfcc-feats[5.5.1182~1-e02e3]:main():compute-mfcc-feats.cc:182) Processed features for key common_voice_lt_37029070
WARNING (compute-mfcc-feats[5.5.1182~1-e02e3]:Read():wave-reader.cc:304) Expected 233856 bytes of wave data, but read only 232704 bytes. Truncated file?
VLOG[2] (compute-mfcc-feats[5.5.1182~1-e02e3]:main():compute-mfcc-feats.cc:182) Processed features for key common_voice_lt_37029072
WARNING (compute-mfcc-feats[5.5.1182~1-e02e3]:Read():wave-reader.cc:304) Expected 220032 bytes of wave data, but read only 218880 bytes. Truncated file?
VLOG[2] (compute-mfcc-feats[5.5.1182~1-e02e3]:main():compute-mfcc-feats.cc:182) Processed features for key common_voice_lt_37029076
WARNING (compute-mfcc-feats[5.5.1182~1-e02e3]:Read():wave-reader.cc:304) Expected 172800 bytes of wave data, but read only 171648 bytes. Truncated file?
LOG (compute-mfcc-feats[5.5.1182~1-e02e3]:main():compute-mfcc-feats.cc:181) Processed 610 utterances
VLOG[2] (compute-mfcc-feats[5.5.1182~1-e02e3]:main():compute-mfcc-feats.cc:182) Processed features for key common_voice_lt_37029083
WARNING (compute-mfcc-feats[5.5.1182~1-e02e3]:Read():wave-reader.cc:304) Expected 99072 bytes of wave data, but read only 97920 bytes. Truncated file?
VLOG[2] (compute-mfcc-feats[5.5.1182~1-e02e3]:main():compute-mfcc-feats.cc:182) Processed features for key common_voice_lt_37029084
WARNING (compute-mfcc-feats[5.5.1182~1-e02e3]:Read():wave-reader.cc:304) Expected 214272 bytes of wave data, but read only 213120 bytes. Truncated file?
VLOG[2] (compute-mfcc-feats[5.5.1182~1-e02e3]:main():compute-mfcc-feats.cc:182) Processed features for key common_voice_lt_37029085
WARNING (compute-mfcc-feats[5.5.1182~1-e02e3]:Read():wave-reader.cc:304) Expected 97920 bytes of wave data, but read only 96768 bytes. Truncated file?
VLOG[2] (compute-mfcc-feats[5.5.1182~1-e02e3]:main():compute-mfcc-feats.cc:182) Processed features for key common_voice_lt_37029087
WARNING (compute-mfcc-feats[5.5.1182~1-e02e3]:Read():wave-reader.cc:304) Expected 141696 bytes of wave data, but read only 140544 bytes. Truncated file?
VLOG[2] (compute-mfcc-feats[5.5.1182~1-e02e3]:main():compute-mfcc-feats.cc:182) Processed features for key common_voice_lt_37029089
WARNING (compute-mfcc-feats[5.5.1182~1-e02e3]:Read():wave-reader.cc:304) Expected 133632 bytes of wave data, but read only 132480 bytes. Truncated file?
VLOG[2] (compute-mfcc-feats[5.5.1182~1-e02e3]:main():compute-mfcc-feats.cc:182) Processed features for key common_voice_lt_37029090
WARNING (compute-mfcc-feats[5.5.1182~1-e02e3]:Read():wave-reader.cc:304) Expected 87552 bytes of wave data, but read only 86400 bytes. Truncated file?
VLOG[2] (compute-mfcc-feats[5.5.1182~1-e02e3]:main():compute-mfcc-feats.cc:182) Processed features for key common_voice_lt_37029091
WARNING (compute-mfcc-feats[5.5.1182~1-e02e3]:Read():wave-reader.cc:304) Expected 135936 bytes of wave data, but read only 134784 bytes. Truncated file?
VLOG[2] (compute-mfcc-feats[5.5.1182~1-e02e3]:main():compute-mfcc-feats.cc:182) Processed features for key common_voice_lt_37029092
WARNING (compute-mfcc-feats[5.5.1182~1-e02e3]:Read():wave-reader.cc:304) Expected 138240 bytes of wave data, but read only 137088 bytes. Truncated file?
VLOG[2] (compute-mfcc-feats[5.5.1182~1-e02e3]:main():compute-mfcc-feats.cc:182) Processed features for key common_voice_lt_37029093
WARNING (compute-mfcc-feats[5.5.1182~1-e02e3]:Read():wave-reader.cc:304) Expected 130176 bytes of wave data, but read only 129024 bytes. Truncated file?
VLOG[2] (compute-mfcc-feats[5.5.1182~1-e02e3]:main():compute-mfcc-feats.cc:182) Processed features for key common_voice_lt_37029094
WARNING (compute-mfcc-feats[5.5.1182~1-e02e3]:Read():wave-reader.cc:304) Expected 164736 bytes of wave data, but read only 163584 bytes. Truncated file?
LOG (compute-mfcc-feats[5.5.1182~1-e02e3]:main():compute-mfcc-feats.cc:181) Processed 620 utterances
VLOG[2] (compute-mfcc-feats[5.5.1182~1-e02e3]:main():compute-mfcc-feats.cc:182) Processed features for key common_voice_lt_37029095
WARNING (compute-mfcc-feats[5.5.1182~1-e02e3]:Read():wave-reader.cc:304) Expected 222336 bytes of wave data, but read only 221184 bytes. Truncated file?
VLOG[2] (compute-mfcc-feats[5.5.1182~1-e02e3]:main():compute-mfcc-feats.cc:182) Processed features for key common_voice_lt_37029096
WARNING (compute-mfcc-feats[5.5.1182~1-e02e3]:Read():wave-reader.cc:304) Expected 139392 bytes of wave data, but read only 138240 bytes. Truncated file?
VLOG[2] (compute-mfcc-feats[5.5.1182~1-e02e3]:main():compute-mfcc-feats.cc:182) Processed features for key common_voice_lt_37029097
WARNING (compute-mfcc-feats[5.5.1182~1-e02e3]:Read():wave-reader.cc:304) Expected 116352 bytes of wave data, but read only 115200 bytes. Truncated file?
VLOG[2] (compute-mfcc-feats[5.5.1182~1-e02e3]:main():compute-mfcc-feats.cc:182) Processed features for key common_voice_lt_37029098
WARNING (compute-mfcc-feats[5.5.1182~1-e02e3]:Read():wave-reader.cc:304) Expected 132480 bytes of wave data, but read only 131328 bytes. Truncated file?
VLOG[2] (compute-mfcc-feats[5.5.1182~1-e02e3]:main():compute-mfcc-feats.cc:182) Processed features for key common_voice_lt_37029104
WARNING (compute-mfcc-feats[5.5.1182~1-e02e3]:Read():wave-reader.cc:304) Expected 97920 bytes of wave data, but read only 96768 bytes. Truncated file?
VLOG[2] (compute-mfcc-feats[5.5.1182~1-e02e3]:main():compute-mfcc-feats.cc:182) Processed features for key common_voice_lt_37029105
WARNING (compute-mfcc-feats[5.5.1182~1-e02e3]:Read():wave-reader.cc:304) Expected 164736 bytes of wave data, but read only 163584 bytes. Truncated file?
VLOG[2] (compute-mfcc-feats[5.5.1182~1-e02e3]:main():compute-mfcc-feats.cc:182) Processed features for key common_voice_lt_37029107
WARNING (compute-mfcc-feats[5.5.1182~1-e02e3]:Read():wave-reader.cc:304) Expected 147456 bytes of wave data, but read only 146304 bytes. Truncated file?
VLOG[2] (compute-mfcc-feats[5.5.1182~1-e02e3]:main():compute-mfcc-feats.cc:182) Processed features for key common_voice_lt_37029108
WARNING (compute-mfcc-feats[5.5.1182~1-e02e3]:Read():wave-reader.cc:304) Expected 103680 bytes of wave data, but read only 102528 bytes. Truncated file?
VLOG[2] (compute-mfcc-feats[5.5.1182~1-e02e3]:main():compute-mfcc-feats.cc:182) Processed features for key common_voice_lt_37029109
WARNING (compute-mfcc-feats[5.5.1182~1-e02e3]:Read():wave-reader.cc:304) Expected 170496 bytes of wave data, but read only 169344 bytes. Truncated file?
VLOG[2] (compute-mfcc-feats[5.5.1182~1-e02e3]:main():compute-mfcc-feats.cc:182) Processed features for key common_voice_lt_37029199
WARNING (compute-mfcc-feats[5.5.1182~1-e02e3]:Read():wave-reader.cc:304) Expected 193536 bytes of wave data, but read only 192384 bytes. Truncated file?
LOG (compute-mfcc-feats[5.5.1182~1-e02e3]:main():compute-mfcc-feats.cc:181) Processed 630 utterances
VLOG[2] (compute-mfcc-feats[5.5.1182~1-e02e3]:main():compute-mfcc-feats.cc:182) Processed features for key common_voice_lt_37029200
WARNING (compute-mfcc-feats[5.5.1182~1-e02e3]:Read():wave-reader.cc:304) Expected 116352 bytes of wave data, but read only 115200 bytes. Truncated file?
VLOG[2] (compute-mfcc-feats[5.5.1182~1-e02e3]:main():compute-mfcc-feats.cc:182) Processed features for key common_voice_lt_37029201
WARNING (compute-mfcc-feats[5.5.1182~1-e02e3]:Read():wave-reader.cc:304) Expected 168192 bytes of wave data, but read only 167040 bytes. Truncated file?
VLOG[2] (compute-mfcc-feats[5.5.1182~1-e02e3]:main():compute-mfcc-feats.cc:182) Processed features for key common_voice_lt_37029202
WARNING (compute-mfcc-feats[5.5.1182~1-e02e3]:Read():wave-reader.cc:304) Expected 173952 bytes of wave data, but read only 172800 bytes. Truncated file?
VLOG[2] (compute-mfcc-feats[5.5.1182~1-e02e3]:main():compute-mfcc-feats.cc:182) Processed features for key common_voice_lt_37029203
WARNING (compute-mfcc-feats[5.5.1182~1-e02e3]:Read():wave-reader.cc:304) Expected 193536 bytes of wave data, but read only 192384 bytes. Truncated file?
VLOG[2] (compute-mfcc-feats[5.5.1182~1-e02e3]:main():compute-mfcc-feats.cc:182) Processed features for key common_voice_lt_37029213
WARNING (compute-mfcc-feats[5.5.1182~1-e02e3]:Read():wave-reader.cc:304) Expected 133632 bytes of wave data, but read only 132480 bytes. Truncated file?
VLOG[2] (compute-mfcc-feats[5.5.1182~1-e02e3]:main():compute-mfcc-feats.cc:182) Processed features for key common_voice_lt_37029214
WARNING (compute-mfcc-feats[5.5.1182~1-e02e3]:Read():wave-reader.cc:304) Expected 95616 bytes of wave data, but read only 94464 bytes. Truncated file?
VLOG[2] (compute-mfcc-feats[5.5.1182~1-e02e3]:main():compute-mfcc-feats.cc:182) Processed features for key common_voice_lt_37029215
WARNING (compute-mfcc-feats[5.5.1182~1-e02e3]:Read():wave-reader.cc:304) Expected 243072 bytes of wave data, but read only 241920 bytes. Truncated file?
VLOG[2] (compute-mfcc-feats[5.5.1182~1-e02e3]:main():compute-mfcc-feats.cc:182) Processed features for key common_voice_lt_37029216
WARNING (compute-mfcc-feats[5.5.1182~1-e02e3]:Read():wave-reader.cc:304) Expected 176256 bytes of wave data, but read only 175104 bytes. Truncated file?
VLOG[2] (compute-mfcc-feats[5.5.1182~1-e02e3]:main():compute-mfcc-feats.cc:182) Processed features for key common_voice_lt_37029229
WARNING (compute-mfcc-feats[5.5.1182~1-e02e3]:Read():wave-reader.cc:304) Expected 205056 bytes of wave data, but read only 203904 bytes. Truncated file?
VLOG[2] (compute-mfcc-feats[5.5.1182~1-e02e3]:main():compute-mfcc-feats.cc:182) Processed features for key common_voice_lt_37029230
WARNING (compute-mfcc-feats[5.5.1182~1-e02e3]:Read():wave-reader.cc:304) Expected 110592 bytes of wave data, but read only 109440 bytes. Truncated file?
LOG (compute-mfcc-feats[5.5.1182~1-e02e3]:main():compute-mfcc-feats.cc:181) Processed 640 utterances
VLOG[2] (compute-mfcc-feats[5.5.1182~1-e02e3]:main():compute-mfcc-feats.cc:182) Processed features for key common_voice_lt_37029231
WARNING (compute-mfcc-feats[5.5.1182~1-e02e3]:Read():wave-reader.cc:304) Expected 109440 bytes of wave data, but read only 108288 bytes. Truncated file?
VLOG[2] (compute-mfcc-feats[5.5.1182~1-e02e3]:main():compute-mfcc-feats.cc:182) Processed features for key common_voice_lt_37029232
WARNING (compute-mfcc-feats[5.5.1182~1-e02e3]:Read():wave-reader.cc:304) Expected 147456 bytes of wave data, but read only 146304 bytes. Truncated file?
VLOG[2] (compute-mfcc-feats[5.5.1182~1-e02e3]:main():compute-mfcc-feats.cc:182) Processed features for key common_voice_lt_37029233
WARNING (compute-mfcc-feats[5.5.1182~1-e02e3]:Read():wave-reader.cc:304) Expected 207360 bytes of wave data, but read only 206208 bytes. Truncated file?
VLOG[2] (compute-mfcc-feats[5.5.1182~1-e02e3]:main():compute-mfcc-feats.cc:182) Processed features for key common_voice_lt_37029246
WARNING (compute-mfcc-feats[5.5.1182~1-e02e3]:Read():wave-reader.cc:304) Expected 241920 bytes of wave data, but read only 240768 bytes. Truncated file?
VLOG[2] (compute-mfcc-feats[5.5.1182~1-e02e3]:main():compute-mfcc-feats.cc:182) Processed features for key common_voice_lt_37029248
WARNING (compute-mfcc-feats[5.5.1182~1-e02e3]:Read():wave-reader.cc:304) Expected 139392 bytes of wave data, but read only 138240 bytes. Truncated file?
VLOG[2] (compute-mfcc-feats[5.5.1182~1-e02e3]:main():compute-mfcc-feats.cc:182) Processed features for key common_voice_lt_37029249
WARNING (compute-mfcc-feats[5.5.1182~1-e02e3]:Read():wave-reader.cc:304) Expected 149760 bytes of wave data, but read only 148608 bytes. Truncated file?
VLOG[2] (compute-mfcc-feats[5.5.1182~1-e02e3]:main():compute-mfcc-feats.cc:182) Processed features for key common_voice_lt_37029250
WARNING (compute-mfcc-feats[5.5.1182~1-e02e3]:Read():wave-reader.cc:304) Expected 127872 bytes of wave data, but read only 126720 bytes. Truncated file?
VLOG[2] (compute-mfcc-feats[5.5.1182~1-e02e3]:main():compute-mfcc-feats.cc:182) Processed features for key common_voice_lt_37029251
WARNING (compute-mfcc-feats[5.5.1182~1-e02e3]:Read():wave-reader.cc:304) Expected 118656 bytes of wave data, but read only 117504 bytes. Truncated file?
VLOG[2] (compute-mfcc-feats[5.5.1182~1-e02e3]:main():compute-mfcc-feats.cc:182) Processed features for key common_voice_lt_37029252
WARNING (compute-mfcc-feats[5.5.1182~1-e02e3]:Read():wave-reader.cc:304) Expected 116352 bytes of wave data, but read only 115200 bytes. Truncated file?
VLOG[2] (compute-mfcc-feats[5.5.1182~1-e02e3]:main():compute-mfcc-feats.cc:182) Processed features for key common_voice_lt_37029253
WARNING (compute-mfcc-feats[5.5.1182~1-e02e3]:Read():wave-reader.cc:304) Expected 138240 bytes of wave data, but read only 137088 bytes. Truncated file?
LOG (compute-mfcc-feats[5.5.1182~1-e02e3]:main():compute-mfcc-feats.cc:181) Processed 650 utterances
VLOG[2] (compute-mfcc-feats[5.5.1182~1-e02e3]:main():compute-mfcc-feats.cc:182) Processed features for key common_voice_lt_37029275
WARNING (compute-mfcc-feats[5.5.1182~1-e02e3]:Read():wave-reader.cc:304) Expected 147456 bytes of wave data, but read only 146304 bytes. Truncated file?
VLOG[2] (compute-mfcc-feats[5.5.1182~1-e02e3]:main():compute-mfcc-feats.cc:182) Processed features for key common_voice_lt_37029276
WARNING (compute-mfcc-feats[5.5.1182~1-e02e3]:Read():wave-reader.cc:304) Expected 184320 bytes of wave data, but read only 183168 bytes. Truncated file?
VLOG[2] (compute-mfcc-feats[5.5.1182~1-e02e3]:main():compute-mfcc-feats.cc:182) Processed features for key common_voice_lt_37029277
WARNING (compute-mfcc-feats[5.5.1182~1-e02e3]:Read():wave-reader.cc:304) Expected 155520 bytes of wave data, but read only 154368 bytes. Truncated file?
VLOG[2] (compute-mfcc-feats[5.5.1182~1-e02e3]:main():compute-mfcc-feats.cc:182) Processed features for key common_voice_lt_37029278
WARNING (compute-mfcc-feats[5.5.1182~1-e02e3]:Read():wave-reader.cc:304) Expected 109440 bytes of wave data, but read only 108288 bytes. Truncated file?
VLOG[2] (compute-mfcc-feats[5.5.1182~1-e02e3]:main():compute-mfcc-feats.cc:182) Processed features for key common_voice_lt_37029279
WARNING (compute-mfcc-feats[5.5.1182~1-e02e3]:Read():wave-reader.cc:304) Expected 172800 bytes of wave data, but read only 171648 bytes. Truncated file?
VLOG[2] (compute-mfcc-feats[5.5.1182~1-e02e3]:main():compute-mfcc-feats.cc:182) Processed features for key common_voice_lt_37029289
WARNING (compute-mfcc-feats[5.5.1182~1-e02e3]:Read():wave-reader.cc:304) Expected 127872 bytes of wave data, but read only 126720 bytes. Truncated file?
VLOG[2] (compute-mfcc-feats[5.5.1182~1-e02e3]:main():compute-mfcc-feats.cc:182) Processed features for key common_voice_lt_37029291
WARNING (compute-mfcc-feats[5.5.1182~1-e02e3]:Read():wave-reader.cc:304) Expected 158976 bytes of wave data, but read only 157824 bytes. Truncated file?
VLOG[2] (compute-mfcc-feats[5.5.1182~1-e02e3]:main():compute-mfcc-feats.cc:182) Processed features for key common_voice_lt_37029293
WARNING (compute-mfcc-feats[5.5.1182~1-e02e3]:Read():wave-reader.cc:304) Expected 109440 bytes of wave data, but read only 108288 bytes. Truncated file?
VLOG[2] (compute-mfcc-feats[5.5.1182~1-e02e3]:main():compute-mfcc-feats.cc:182) Processed features for key common_voice_lt_37029294
WARNING (compute-mfcc-feats[5.5.1182~1-e02e3]:Read():wave-reader.cc:304) Expected 182016 bytes of wave data, but read only 180864 bytes. Truncated file?
VLOG[2] (compute-mfcc-feats[5.5.1182~1-e02e3]:main():compute-mfcc-feats.cc:182) Processed features for key common_voice_lt_37029324
WARNING (compute-mfcc-feats[5.5.1182~1-e02e3]:Read():wave-reader.cc:304) Expected 155520 bytes of wave data, but read only 154368 bytes. Truncated file?
LOG (compute-mfcc-feats[5.5.1182~1-e02e3]:main():compute-mfcc-feats.cc:181) Processed 660 utterances
VLOG[2] (compute-mfcc-feats[5.5.1182~1-e02e3]:main():compute-mfcc-feats.cc:182) Processed features for key common_voice_lt_37029326
WARNING (compute-mfcc-feats[5.5.1182~1-e02e3]:Read():wave-reader.cc:304) Expected 133632 bytes of wave data, but read only 132480 bytes. Truncated file?
VLOG[2] (compute-mfcc-feats[5.5.1182~1-e02e3]:main():compute-mfcc-feats.cc:182) Processed features for key common_voice_lt_37029327
WARNING (compute-mfcc-feats[5.5.1182~1-e02e3]:Read():wave-reader.cc:304) Expected 87552 bytes of wave data, but read only 86400 bytes. Truncated file?
VLOG[2] (compute-mfcc-feats[5.5.1182~1-e02e3]:main():compute-mfcc-feats.cc:182) Processed features for key common_voice_lt_37029328
WARNING (compute-mfcc-feats[5.5.1182~1-e02e3]:Read():wave-reader.cc:304) Expected 149760 bytes of wave data, but read only 148608 bytes. Truncated file?
VLOG[2] (compute-mfcc-feats[5.5.1182~1-e02e3]:main():compute-mfcc-feats.cc:182) Processed features for key common_voice_lt_37029337
WARNING (compute-mfcc-feats[5.5.1182~1-e02e3]:Read():wave-reader.cc:304) Expected 199296 bytes of wave data, but read only 198144 bytes. Truncated file?
VLOG[2] (compute-mfcc-feats[5.5.1182~1-e02e3]:main():compute-mfcc-feats.cc:182) Processed features for key common_voice_lt_37029338
WARNING (compute-mfcc-feats[5.5.1182~1-e02e3]:Read():wave-reader.cc:304) Expected 172800 bytes of wave data, but read only 171648 bytes. Truncated file?
VLOG[2] (compute-mfcc-feats[5.5.1182~1-e02e3]:main():compute-mfcc-feats.cc:182) Processed features for key common_voice_lt_37029340
WARNING (compute-mfcc-feats[5.5.1182~1-e02e3]:Read():wave-reader.cc:304) Expected 216576 bytes of wave data, but read only 215424 bytes. Truncated file?
VLOG[2] (compute-mfcc-feats[5.5.1182~1-e02e3]:main():compute-mfcc-feats.cc:182) Processed features for key common_voice_lt_37029341
WARNING (compute-mfcc-feats[5.5.1182~1-e02e3]:Read():wave-reader.cc:304) Expected 225792 bytes of wave data, but read only 224640 bytes. Truncated file?
VLOG[2] (compute-mfcc-feats[5.5.1182~1-e02e3]:main():compute-mfcc-feats.cc:182) Processed features for key common_voice_lt_37029342
WARNING (compute-mfcc-feats[5.5.1182~1-e02e3]:Read():wave-reader.cc:304) Expected 126720 bytes of wave data, but read only 125568 bytes. Truncated file?
VLOG[2] (compute-mfcc-feats[5.5.1182~1-e02e3]:main():compute-mfcc-feats.cc:182) Processed features for key common_voice_lt_37029344
WARNING (compute-mfcc-feats[5.5.1182~1-e02e3]:Read():wave-reader.cc:304) Expected 118656 bytes of wave data, but read only 117504 bytes. Truncated file?
VLOG[2] (compute-mfcc-feats[5.5.1182~1-e02e3]:main():compute-mfcc-feats.cc:182) Processed features for key common_voice_lt_37029350
WARNING (compute-mfcc-feats[5.5.1182~1-e02e3]:Read():wave-reader.cc:304) Expected 239616 bytes of wave data, but read only 238464 bytes. Truncated file?
LOG (compute-mfcc-feats[5.5.1182~1-e02e3]:main():compute-mfcc-feats.cc:181) Processed 670 utterances
VLOG[2] (compute-mfcc-feats[5.5.1182~1-e02e3]:main():compute-mfcc-feats.cc:182) Processed features for key common_voice_lt_37029351
WARNING (compute-mfcc-feats[5.5.1182~1-e02e3]:Read():wave-reader.cc:304) Expected 110592 bytes of wave data, but read only 109440 bytes. Truncated file?
VLOG[2] (compute-mfcc-feats[5.5.1182~1-e02e3]:main():compute-mfcc-feats.cc:182) Processed features for key common_voice_lt_37029352
WARNING (compute-mfcc-feats[5.5.1182~1-e02e3]:Read():wave-reader.cc:304) Expected 103680 bytes of wave data, but read only 102528 bytes. Truncated file?
VLOG[2] (compute-mfcc-feats[5.5.1182~1-e02e3]:main():compute-mfcc-feats.cc:182) Processed features for key common_voice_lt_37029353
WARNING (compute-mfcc-feats[5.5.1182~1-e02e3]:Read():wave-reader.cc:304) Expected 150912 bytes of wave data, but read only 149760 bytes. Truncated file?
VLOG[2] (compute-mfcc-feats[5.5.1182~1-e02e3]:main():compute-mfcc-feats.cc:182) Processed features for key common_voice_lt_37029369
WARNING (compute-mfcc-feats[5.5.1182~1-e02e3]:Read():wave-reader.cc:304) Expected 202752 bytes of wave data, but read only 201600 bytes. Truncated file?
VLOG[2] (compute-mfcc-feats[5.5.1182~1-e02e3]:main():compute-mfcc-feats.cc:182) Processed features for key common_voice_lt_37029370
WARNING (compute-mfcc-feats[5.5.1182~1-e02e3]:Read():wave-reader.cc:304) Expected 213120 bytes of wave data, but read only 211968 bytes. Truncated file?
VLOG[2] (compute-mfcc-feats[5.5.1182~1-e02e3]:main():compute-mfcc-feats.cc:182) Processed features for key common_voice_lt_37029371
WARNING (compute-mfcc-feats[5.5.1182~1-e02e3]:Read():wave-reader.cc:304) Expected 164736 bytes of wave data, but read only 163584 bytes. Truncated file?
VLOG[2] (compute-mfcc-feats[5.5.1182~1-e02e3]:main():compute-mfcc-feats.cc:182) Processed features for key common_voice_lt_37029372
WARNING (compute-mfcc-feats[5.5.1182~1-e02e3]:Read():wave-reader.cc:304) Expected 145152 bytes of wave data, but read only 144000 bytes. Truncated file?
VLOG[2] (compute-mfcc-feats[5.5.1182~1-e02e3]:main():compute-mfcc-feats.cc:182) Processed features for key common_voice_lt_37029373
WARNING (compute-mfcc-feats[5.5.1182~1-e02e3]:Read():wave-reader.cc:304) Expected 99072 bytes of wave data, but read only 97920 bytes. Truncated file?
VLOG[2] (compute-mfcc-feats[5.5.1182~1-e02e3]:main():compute-mfcc-feats.cc:182) Processed features for key common_voice_lt_37029376
WARNING (compute-mfcc-feats[5.5.1182~1-e02e3]:Read():wave-reader.cc:304) Expected 138240 bytes of wave data, but read only 137088 bytes. Truncated file?
VLOG[2] (compute-mfcc-feats[5.5.1182~1-e02e3]:main():compute-mfcc-feats.cc:182) Processed features for key common_voice_lt_37029378
WARNING (compute-mfcc-feats[5.5.1182~1-e02e3]:Read():wave-reader.cc:304) Expected 202752 bytes of wave data, but read only 201600 bytes. Truncated file?
LOG (compute-mfcc-feats[5.5.1182~1-e02e3]:main():compute-mfcc-feats.cc:181) Processed 680 utterances
VLOG[2] (compute-mfcc-feats[5.5.1182~1-e02e3]:main():compute-mfcc-feats.cc:182) Processed features for key common_voice_lt_37029379
WARNING (compute-mfcc-feats[5.5.1182~1-e02e3]:Read():wave-reader.cc:304) Expected 132480 bytes of wave data, but read only 131328 bytes. Truncated file?
VLOG[2] (compute-mfcc-feats[5.5.1182~1-e02e3]:main():compute-mfcc-feats.cc:182) Processed features for key common_voice_lt_37029380
WARNING (compute-mfcc-feats[5.5.1182~1-e02e3]:Read():wave-reader.cc:304) Expected 124416 bytes of wave data, but read only 123264 bytes. Truncated file?
VLOG[2] (compute-mfcc-feats[5.5.1182~1-e02e3]:main():compute-mfcc-feats.cc:182) Processed features for key common_voice_lt_37029381
WARNING (compute-mfcc-feats[5.5.1182~1-e02e3]:Read():wave-reader.cc:304) Expected 156672 bytes of wave data, but read only 155520 bytes. Truncated file?
VLOG[2] (compute-mfcc-feats[5.5.1182~1-e02e3]:main():compute-mfcc-feats.cc:182) Processed features for key common_voice_lt_37029382
WARNING (compute-mfcc-feats[5.5.1182~1-e02e3]:Read():wave-reader.cc:304) Expected 202752 bytes of wave data, but read only 201600 bytes. Truncated file?
VLOG[2] (compute-mfcc-feats[5.5.1182~1-e02e3]:main():compute-mfcc-feats.cc:182) Processed features for key common_voice_lt_37029383
WARNING (compute-mfcc-feats[5.5.1182~1-e02e3]:Read():wave-reader.cc:304) Expected 132480 bytes of wave data, but read only 131328 bytes. Truncated file?
VLOG[2] (compute-mfcc-feats[5.5.1182~1-e02e3]:main():compute-mfcc-feats.cc:182) Processed features for key common_voice_lt_37029386
WARNING (compute-mfcc-feats[5.5.1182~1-e02e3]:Read():wave-reader.cc:304) Expected 216576 bytes of wave data, but read only 215424 bytes. Truncated file?
VLOG[2] (compute-mfcc-feats[5.5.1182~1-e02e3]:main():compute-mfcc-feats.cc:182) Processed features for key common_voice_lt_37029387
WARNING (compute-mfcc-feats[5.5.1182~1-e02e3]:Read():wave-reader.cc:304) Expected 172800 bytes of wave data, but read only 171648 bytes. Truncated file?
VLOG[2] (compute-mfcc-feats[5.5.1182~1-e02e3]:main():compute-mfcc-feats.cc:182) Processed features for key common_voice_lt_37029388
WARNING (compute-mfcc-feats[5.5.1182~1-e02e3]:Read():wave-reader.cc:304) Expected 176256 bytes of wave data, but read only 175104 bytes. Truncated file?
VLOG[2] (compute-mfcc-feats[5.5.1182~1-e02e3]:main():compute-mfcc-feats.cc:182) Processed features for key common_voice_lt_37029389
WARNING (compute-mfcc-feats[5.5.1182~1-e02e3]:Read():wave-reader.cc:304) Expected 247680 bytes of wave data, but read only 246528 bytes. Truncated file?
VLOG[2] (compute-mfcc-feats[5.5.1182~1-e02e3]:main():compute-mfcc-feats.cc:182) Processed features for key common_voice_lt_37029390
WARNING (compute-mfcc-feats[5.5.1182~1-e02e3]:Read():wave-reader.cc:304) Expected 153216 bytes of wave data, but read only 152064 bytes. Truncated file?
LOG (compute-mfcc-feats[5.5.1182~1-e02e3]:main():compute-mfcc-feats.cc:181) Processed 690 utterances
VLOG[2] (compute-mfcc-feats[5.5.1182~1-e02e3]:main():compute-mfcc-feats.cc:182) Processed features for key common_voice_lt_37029399
WARNING (compute-mfcc-feats[5.5.1182~1-e02e3]:Read():wave-reader.cc:304) Expected 179712 bytes of wave data, but read only 178560 bytes. Truncated file?
VLOG[2] (compute-mfcc-feats[5.5.1182~1-e02e3]:main():compute-mfcc-feats.cc:182) Processed features for key common_voice_lt_37029401
WARNING (compute-mfcc-feats[5.5.1182~1-e02e3]:Read():wave-reader.cc:304) Expected 126720 bytes of wave data, but read only 125568 bytes. Truncated file?
VLOG[2] (compute-mfcc-feats[5.5.1182~1-e02e3]:main():compute-mfcc-feats.cc:182) Processed features for key common_voice_lt_37029402
WARNING (compute-mfcc-feats[5.5.1182~1-e02e3]:Read():wave-reader.cc:304) Expected 153216 bytes of wave data, but read only 152064 bytes. Truncated file?
VLOG[2] (compute-mfcc-feats[5.5.1182~1-e02e3]:main():compute-mfcc-feats.cc:182) Processed features for key common_voice_lt_37029403
WARNING (compute-mfcc-feats[5.5.1182~1-e02e3]:Read():wave-reader.cc:304) Expected 116352 bytes of wave data, but read only 115200 bytes. Truncated file?
VLOG[2] (compute-mfcc-feats[5.5.1182~1-e02e3]:main():compute-mfcc-feats.cc:182) Processed features for key common_voice_lt_37029415
WARNING (compute-mfcc-feats[5.5.1182~1-e02e3]:Read():wave-reader.cc:304) Expected 208512 bytes of wave data, but read only 207360 bytes. Truncated file?
VLOG[2] (compute-mfcc-feats[5.5.1182~1-e02e3]:main():compute-mfcc-feats.cc:182) Processed features for key common_voice_lt_37029416
WARNING (compute-mfcc-feats[5.5.1182~1-e02e3]:Read():wave-reader.cc:304) Expected 147456 bytes of wave data, but read only 146304 bytes. Truncated file?
VLOG[2] (compute-mfcc-feats[5.5.1182~1-e02e3]:main():compute-mfcc-feats.cc:182) Processed features for key common_voice_lt_37029417
WARNING (compute-mfcc-feats[5.5.1182~1-e02e3]:Read():wave-reader.cc:304) Expected 173952 bytes of wave data, but read only 172800 bytes. Truncated file?
VLOG[2] (compute-mfcc-feats[5.5.1182~1-e02e3]:main():compute-mfcc-feats.cc:182) Processed features for key common_voice_lt_37029418
WARNING (compute-mfcc-feats[5.5.1182~1-e02e3]:Read():wave-reader.cc:304) Expected 118656 bytes of wave data, but read only 117504 bytes. Truncated file?
VLOG[2] (compute-mfcc-feats[5.5.1182~1-e02e3]:main():compute-mfcc-feats.cc:182) Processed features for key common_voice_lt_37029419
WARNING (compute-mfcc-feats[5.5.1182~1-e02e3]:Read():wave-reader.cc:304) Expected 191232 bytes of wave data, but read only 190080 bytes. Truncated file?
VLOG[2] (compute-mfcc-feats[5.5.1182~1-e02e3]:main():compute-mfcc-feats.cc:182) Processed features for key common_voice_lt_37029427
WARNING (compute-mfcc-feats[5.5.1182~1-e02e3]:Read():wave-reader.cc:304) Expected 195840 bytes of wave data, but read only 194688 bytes. Truncated file?
LOG (compute-mfcc-feats[5.5.1182~1-e02e3]:main():compute-mfcc-feats.cc:181) Processed 700 utterances
VLOG[2] (compute-mfcc-feats[5.5.1182~1-e02e3]:main():compute-mfcc-feats.cc:182) Processed features for key common_voice_lt_37029428
WARNING (compute-mfcc-feats[5.5.1182~1-e02e3]:Read():wave-reader.cc:304) Expected 222336 bytes of wave data, but read only 221184 bytes. Truncated file?
VLOG[2] (compute-mfcc-feats[5.5.1182~1-e02e3]:main():compute-mfcc-feats.cc:182) Processed features for key common_voice_lt_37029429
WARNING (compute-mfcc-feats[5.5.1182~1-e02e3]:Read():wave-reader.cc:304) Expected 139392 bytes of wave data, but read only 138240 bytes. Truncated file?
VLOG[2] (compute-mfcc-feats[5.5.1182~1-e02e3]:main():compute-mfcc-feats.cc:182) Processed features for key common_voice_lt_37029430
WARNING (compute-mfcc-feats[5.5.1182~1-e02e3]:Read():wave-reader.cc:304) Expected 120960 bytes of wave data, but read only 119808 bytes. Truncated file?
VLOG[2] (compute-mfcc-feats[5.5.1182~1-e02e3]:main():compute-mfcc-feats.cc:182) Processed features for key common_voice_lt_37035132
WARNING (compute-mfcc-feats[5.5.1182~1-e02e3]:Read():wave-reader.cc:304) Expected 179712 bytes of wave data, but read only 178560 bytes. Truncated file?
VLOG[2] (compute-mfcc-feats[5.5.1182~1-e02e3]:main():compute-mfcc-feats.cc:182) Processed features for key common_voice_lt_37035134
WARNING (compute-mfcc-feats[5.5.1182~1-e02e3]:Read():wave-reader.cc:304) Expected 127872 bytes of wave data, but read only 126720 bytes. Truncated file?
VLOG[2] (compute-mfcc-feats[5.5.1182~1-e02e3]:main():compute-mfcc-feats.cc:182) Processed features for key common_voice_lt_37035135
WARNING (compute-mfcc-feats[5.5.1182~1-e02e3]:Read():wave-reader.cc:304) Expected 170496 bytes of wave data, but read only 169344 bytes. Truncated file?
VLOG[2] (compute-mfcc-feats[5.5.1182~1-e02e3]:main():compute-mfcc-feats.cc:182) Processed features for key common_voice_lt_37037127
WARNING (compute-mfcc-feats[5.5.1182~1-e02e3]:Read():wave-reader.cc:304) Expected 210816 bytes of wave data, but read only 209664 bytes. Truncated file?
VLOG[2] (compute-mfcc-feats[5.5.1182~1-e02e3]:main():compute-mfcc-feats.cc:182) Processed features for key common_voice_lt_37037128
WARNING (compute-mfcc-feats[5.5.1182~1-e02e3]:Read():wave-reader.cc:304) Expected 135936 bytes of wave data, but read only 134784 bytes. Truncated file?
VLOG[2] (compute-mfcc-feats[5.5.1182~1-e02e3]:main():compute-mfcc-feats.cc:182) Processed features for key common_voice_lt_37037129
WARNING (compute-mfcc-feats[5.5.1182~1-e02e3]:Read():wave-reader.cc:304) Expected 158976 bytes of wave data, but read only 157824 bytes. Truncated file?
VLOG[2] (compute-mfcc-feats[5.5.1182~1-e02e3]:main():compute-mfcc-feats.cc:182) Processed features for key common_voice_lt_37037142
WARNING (compute-mfcc-feats[5.5.1182~1-e02e3]:Read():wave-reader.cc:304) Expected 193536 bytes of wave data, but read only 192384 bytes. Truncated file?
LOG (compute-mfcc-feats[5.5.1182~1-e02e3]:main():compute-mfcc-feats.cc:181) Processed 710 utterances
VLOG[2] (compute-mfcc-feats[5.5.1182~1-e02e3]:main():compute-mfcc-feats.cc:182) Processed features for key common_voice_lt_37037143
WARNING (compute-mfcc-feats[5.5.1182~1-e02e3]:Read():wave-reader.cc:304) Expected 135936 bytes of wave data, but read only 134784 bytes. Truncated file?
VLOG[2] (compute-mfcc-feats[5.5.1182~1-e02e3]:main():compute-mfcc-feats.cc:182) Processed features for key common_voice_lt_37037144
WARNING (compute-mfcc-feats[5.5.1182~1-e02e3]:Read():wave-reader.cc:304) Expected 141696 bytes of wave data, but read only 140544 bytes. Truncated file?
VLOG[2] (compute-mfcc-feats[5.5.1182~1-e02e3]:main():compute-mfcc-feats.cc:182) Processed features for key common_voice_lt_37037150
WARNING (compute-mfcc-feats[5.5.1182~1-e02e3]:Read():wave-reader.cc:304) Expected 201600 bytes of wave data, but read only 200448 bytes. Truncated file?
VLOG[2] (compute-mfcc-feats[5.5.1182~1-e02e3]:main():compute-mfcc-feats.cc:182) Processed features for key common_voice_lt_37037151
WARNING (compute-mfcc-feats[5.5.1182~1-e02e3]:Read():wave-reader.cc:304) Expected 122112 bytes of wave data, but read only 120960 bytes. Truncated file?
VLOG[2] (compute-mfcc-feats[5.5.1182~1-e02e3]:main():compute-mfcc-feats.cc:182) Processed features for key common_voice_lt_37037152
WARNING (compute-mfcc-feats[5.5.1182~1-e02e3]:Read():wave-reader.cc:304) Expected 132480 bytes of wave data, but read only 131328 bytes. Truncated file?
VLOG[2] (compute-mfcc-feats[5.5.1182~1-e02e3]:main():compute-mfcc-feats.cc:182) Processed features for key common_voice_lt_37037153
WARNING (compute-mfcc-feats[5.5.1182~1-e02e3]:Read():wave-reader.cc:304) Expected 149760 bytes of wave data, but read only 148608 bytes. Truncated file?
VLOG[2] (compute-mfcc-feats[5.5.1182~1-e02e3]:main():compute-mfcc-feats.cc:182) Processed features for key common_voice_lt_37037154
WARNING (compute-mfcc-feats[5.5.1182~1-e02e3]:Read():wave-reader.cc:304) Expected 161280 bytes of wave data, but read only 160128 bytes. Truncated file?
VLOG[2] (compute-mfcc-feats[5.5.1182~1-e02e3]:main():compute-mfcc-feats.cc:182) Processed features for key common_voice_lt_37037165
WARNING (compute-mfcc-feats[5.5.1182~1-e02e3]:Read():wave-reader.cc:304) Expected 210816 bytes of wave data, but read only 209664 bytes. Truncated file?
VLOG[2] (compute-mfcc-feats[5.5.1182~1-e02e3]:main():compute-mfcc-feats.cc:182) Processed features for key common_voice_lt_37037168
WARNING (compute-mfcc-feats[5.5.1182~1-e02e3]:Read():wave-reader.cc:304) Expected 141696 bytes of wave data, but read only 140544 bytes. Truncated file?
VLOG[2] (compute-mfcc-feats[5.5.1182~1-e02e3]:main():compute-mfcc-feats.cc:182) Processed features for key common_voice_lt_37037195
WARNING (compute-mfcc-feats[5.5.1182~1-e02e3]:Read():wave-reader.cc:304) Expected 184320 bytes of wave data, but read only 183168 bytes. Truncated file?
LOG (compute-mfcc-feats[5.5.1182~1-e02e3]:main():compute-mfcc-feats.cc:181) Processed 720 utterances
VLOG[2] (compute-mfcc-feats[5.5.1182~1-e02e3]:main():compute-mfcc-feats.cc:182) Processed features for key common_voice_lt_37037196
WARNING (compute-mfcc-feats[5.5.1182~1-e02e3]:Read():wave-reader.cc:304) Expected 196992 bytes of wave data, but read only 195840 bytes. Truncated file?
VLOG[2] (compute-mfcc-feats[5.5.1182~1-e02e3]:main():compute-mfcc-feats.cc:182) Processed features for key common_voice_lt_37037199
WARNING (compute-mfcc-feats[5.5.1182~1-e02e3]:Read():wave-reader.cc:304) Expected 230400 bytes of wave data, but read only 229248 bytes. Truncated file?
VLOG[2] (compute-mfcc-feats[5.5.1182~1-e02e3]:main():compute-mfcc-feats.cc:182) Processed features for key common_voice_lt_37037211
WARNING (compute-mfcc-feats[5.5.1182~1-e02e3]:Read():wave-reader.cc:304) Expected 127872 bytes of wave data, but read only 126720 bytes. Truncated file?
VLOG[2] (compute-mfcc-feats[5.5.1182~1-e02e3]:main():compute-mfcc-feats.cc:182) Processed features for key common_voice_lt_37037212
WARNING (compute-mfcc-feats[5.5.1182~1-e02e3]:Read():wave-reader.cc:304) Expected 132480 bytes of wave data, but read only 131328 bytes. Truncated file?
VLOG[2] (compute-mfcc-feats[5.5.1182~1-e02e3]:main():compute-mfcc-feats.cc:182) Processed features for key common_voice_lt_37037213
WARNING (compute-mfcc-feats[5.5.1182~1-e02e3]:Read():wave-reader.cc:304) Expected 191232 bytes of wave data, but read only 190080 bytes. Truncated file?
VLOG[2] (compute-mfcc-feats[5.5.1182~1-e02e3]:main():compute-mfcc-feats.cc:182) Processed features for key common_voice_lt_37037214
WARNING (compute-mfcc-feats[5.5.1182~1-e02e3]:Read():wave-reader.cc:304) Expected 173952 bytes of wave data, but read only 172800 bytes. Truncated file?
VLOG[2] (compute-mfcc-feats[5.5.1182~1-e02e3]:main():compute-mfcc-feats.cc:182) Processed features for key common_voice_lt_37037220
WARNING (compute-mfcc-feats[5.5.1182~1-e02e3]:Read():wave-reader.cc:304) Expected 179712 bytes of wave data, but read only 178560 bytes. Truncated file?
VLOG[2] (compute-mfcc-feats[5.5.1182~1-e02e3]:main():compute-mfcc-feats.cc:182) Processed features for key common_voice_lt_37037222
WARNING (compute-mfcc-feats[5.5.1182~1-e02e3]:Read():wave-reader.cc:304) Expected 107136 bytes of wave data, but read only 105984 bytes. Truncated file?
VLOG[2] (compute-mfcc-feats[5.5.1182~1-e02e3]:main():compute-mfcc-feats.cc:182) Processed features for key common_voice_lt_37037235
WARNING (compute-mfcc-feats[5.5.1182~1-e02e3]:Read():wave-reader.cc:304) Expected 132480 bytes of wave data, but read only 131328 bytes. Truncated file?
VLOG[2] (compute-mfcc-feats[5.5.1182~1-e02e3]:main():compute-mfcc-feats.cc:182) Processed features for key common_voice_lt_37037236
WARNING (compute-mfcc-feats[5.5.1182~1-e02e3]:Read():wave-reader.cc:304) Expected 144000 bytes of wave data, but read only 142848 bytes. Truncated file?
LOG (compute-mfcc-feats[5.5.1182~1-e02e3]:main():compute-mfcc-feats.cc:181) Processed 730 utterances
VLOG[2] (compute-mfcc-feats[5.5.1182~1-e02e3]:main():compute-mfcc-feats.cc:182) Processed features for key common_voice_lt_37037237
WARNING (compute-mfcc-feats[5.5.1182~1-e02e3]:Read():wave-reader.cc:304) Expected 172800 bytes of wave data, but read only 171648 bytes. Truncated file?
VLOG[2] (compute-mfcc-feats[5.5.1182~1-e02e3]:main():compute-mfcc-feats.cc:182) Processed features for key common_voice_lt_37037238
WARNING (compute-mfcc-feats[5.5.1182~1-e02e3]:Read():wave-reader.cc:304) Expected 132480 bytes of wave data, but read only 131328 bytes. Truncated file?
VLOG[2] (compute-mfcc-feats[5.5.1182~1-e02e3]:main():compute-mfcc-feats.cc:182) Processed features for key common_voice_lt_37037305
WARNING (compute-mfcc-feats[5.5.1182~1-e02e3]:Read():wave-reader.cc:304) Expected 161280 bytes of wave data, but read only 160128 bytes. Truncated file?
VLOG[2] (compute-mfcc-feats[5.5.1182~1-e02e3]:main():compute-mfcc-feats.cc:182) Processed features for key common_voice_lt_37037306
WARNING (compute-mfcc-feats[5.5.1182~1-e02e3]:Read():wave-reader.cc:304) Expected 107136 bytes of wave data, but read only 105984 bytes. Truncated file?
VLOG[2] (compute-mfcc-feats[5.5.1182~1-e02e3]:main():compute-mfcc-feats.cc:182) Processed features for key common_voice_lt_37037307
WARNING (compute-mfcc-feats[5.5.1182~1-e02e3]:Read():wave-reader.cc:304) Expected 156672 bytes of wave data, but read only 155520 bytes. Truncated file?
VLOG[2] (compute-mfcc-feats[5.5.1182~1-e02e3]:main():compute-mfcc-feats.cc:182) Processed features for key common_voice_lt_37037325
WARNING (compute-mfcc-feats[5.5.1182~1-e02e3]:Read():wave-reader.cc:304) Expected 153216 bytes of wave data, but read only 152064 bytes. Truncated file?
VLOG[2] (compute-mfcc-feats[5.5.1182~1-e02e3]:main():compute-mfcc-feats.cc:182) Processed features for key common_voice_lt_37037326
WARNING (compute-mfcc-feats[5.5.1182~1-e02e3]:Read():wave-reader.cc:304) Expected 144000 bytes of wave data, but read only 142848 bytes. Truncated file?
VLOG[2] (compute-mfcc-feats[5.5.1182~1-e02e3]:main():compute-mfcc-feats.cc:182) Processed features for key common_voice_lt_37037327
WARNING (compute-mfcc-feats[5.5.1182~1-e02e3]:Read():wave-reader.cc:304) Expected 135936 bytes of wave data, but read only 134784 bytes. Truncated file?
VLOG[2] (compute-mfcc-feats[5.5.1182~1-e02e3]:main():compute-mfcc-feats.cc:182) Processed features for key common_voice_lt_37037328
WARNING (compute-mfcc-feats[5.5.1182~1-e02e3]:Read():wave-reader.cc:304) Expected 239616 bytes of wave data, but read only 238464 bytes. Truncated file?
VLOG[2] (compute-mfcc-feats[5.5.1182~1-e02e3]:main():compute-mfcc-feats.cc:182) Processed features for key common_voice_lt_37037329
WARNING (compute-mfcc-feats[5.5.1182~1-e02e3]:Read():wave-reader.cc:304) Expected 207360 bytes of wave data, but read only 206208 bytes. Truncated file?
LOG (compute-mfcc-feats[5.5.1182~1-e02e3]:main():compute-mfcc-feats.cc:181) Processed 740 utterances
VLOG[2] (compute-mfcc-feats[5.5.1182~1-e02e3]:main():compute-mfcc-feats.cc:182) Processed features for key common_voice_lt_37037335
WARNING (compute-mfcc-feats[5.5.1182~1-e02e3]:Read():wave-reader.cc:304) Expected 158976 bytes of wave data, but read only 157824 bytes. Truncated file?
VLOG[2] (compute-mfcc-feats[5.5.1182~1-e02e3]:main():compute-mfcc-feats.cc:182) Processed features for key common_voice_lt_37037336
WARNING (compute-mfcc-feats[5.5.1182~1-e02e3]:Read():wave-reader.cc:304) Expected 127872 bytes of wave data, but read only 126720 bytes. Truncated file?
VLOG[2] (compute-mfcc-feats[5.5.1182~1-e02e3]:main():compute-mfcc-feats.cc:182) Processed features for key common_voice_lt_37037337
WARNING (compute-mfcc-feats[5.5.1182~1-e02e3]:Read():wave-reader.cc:304) Expected 155520 bytes of wave data, but read only 154368 bytes. Truncated file?
VLOG[2] (compute-mfcc-feats[5.5.1182~1-e02e3]:main():compute-mfcc-feats.cc:182) Processed features for key common_voice_lt_37037338
WARNING (compute-mfcc-feats[5.5.1182~1-e02e3]:Read():wave-reader.cc:304) Expected 283392 bytes of wave data, but read only 282240 bytes. Truncated file?
VLOG[2] (compute-mfcc-feats[5.5.1182~1-e02e3]:main():compute-mfcc-feats.cc:182) Processed features for key common_voice_lt_37037339
WARNING (compute-mfcc-feats[5.5.1182~1-e02e3]:Read():wave-reader.cc:304) Expected 161280 bytes of wave data, but read only 160128 bytes. Truncated file?
VLOG[2] (compute-mfcc-feats[5.5.1182~1-e02e3]:main():compute-mfcc-feats.cc:182) Processed features for key common_voice_lt_37037367
WARNING (compute-mfcc-feats[5.5.1182~1-e02e3]:Read():wave-reader.cc:304) Expected 182016 bytes of wave data, but read only 180864 bytes. Truncated file?
VLOG[2] (compute-mfcc-feats[5.5.1182~1-e02e3]:main():compute-mfcc-feats.cc:182) Processed features for key common_voice_lt_37037368
WARNING (compute-mfcc-feats[5.5.1182~1-e02e3]:Read():wave-reader.cc:304) Expected 133632 bytes of wave data, but read only 132480 bytes. Truncated file?
VLOG[2] (compute-mfcc-feats[5.5.1182~1-e02e3]:main():compute-mfcc-feats.cc:182) Processed features for key common_voice_lt_37037369
WARNING (compute-mfcc-feats[5.5.1182~1-e02e3]:Read():wave-reader.cc:304) Expected 115200 bytes of wave data, but read only 114048 bytes. Truncated file?
VLOG[2] (compute-mfcc-feats[5.5.1182~1-e02e3]:main():compute-mfcc-feats.cc:182) Processed features for key common_voice_lt_37037375
WARNING (compute-mfcc-feats[5.5.1182~1-e02e3]:Read():wave-reader.cc:304) Expected 271872 bytes of wave data, but read only 270720 bytes. Truncated file?
VLOG[2] (compute-mfcc-feats[5.5.1182~1-e02e3]:main():compute-mfcc-feats.cc:182) Processed features for key common_voice_lt_37037376
WARNING (compute-mfcc-feats[5.5.1182~1-e02e3]:Read():wave-reader.cc:304) Expected 118656 bytes of wave data, but read only 117504 bytes. Truncated file?
LOG (compute-mfcc-feats[5.5.1182~1-e02e3]:main():compute-mfcc-feats.cc:181) Processed 750 utterances
VLOG[2] (compute-mfcc-feats[5.5.1182~1-e02e3]:main():compute-mfcc-feats.cc:182) Processed features for key common_voice_lt_37037377
WARNING (compute-mfcc-feats[5.5.1182~1-e02e3]:Read():wave-reader.cc:304) Expected 216576 bytes of wave data, but read only 215424 bytes. Truncated file?
VLOG[2] (compute-mfcc-feats[5.5.1182~1-e02e3]:main():compute-mfcc-feats.cc:182) Processed features for key common_voice_lt_37037398
WARNING (compute-mfcc-feats[5.5.1182~1-e02e3]:Read():wave-reader.cc:304) Expected 107136 bytes of wave data, but read only 105984 bytes. Truncated file?
VLOG[2] (compute-mfcc-feats[5.5.1182~1-e02e3]:main():compute-mfcc-feats.cc:182) Processed features for key common_voice_lt_37037399
WARNING (compute-mfcc-feats[5.5.1182~1-e02e3]:Read():wave-reader.cc:304) Expected 176256 bytes of wave data, but read only 175104 bytes. Truncated file?
VLOG[2] (compute-mfcc-feats[5.5.1182~1-e02e3]:main():compute-mfcc-feats.cc:182) Processed features for key common_voice_lt_37037400
WARNING (compute-mfcc-feats[5.5.1182~1-e02e3]:Read():wave-reader.cc:304) Expected 132480 bytes of wave data, but read only 131328 bytes. Truncated file?
VLOG[2] (compute-mfcc-feats[5.5.1182~1-e02e3]:main():compute-mfcc-feats.cc:182) Processed features for key common_voice_lt_37037401
WARNING (compute-mfcc-feats[5.5.1182~1-e02e3]:Read():wave-reader.cc:304) Expected 225792 bytes of wave data, but read only 224640 bytes. Truncated file?
VLOG[2] (compute-mfcc-feats[5.5.1182~1-e02e3]:main():compute-mfcc-feats.cc:182) Processed features for key common_voice_lt_37037402
WARNING (compute-mfcc-feats[5.5.1182~1-e02e3]:Read():wave-reader.cc:304) Expected 162432 bytes of wave data, but read only 161280 bytes. Truncated file?
VLOG[2] (compute-mfcc-feats[5.5.1182~1-e02e3]:main():compute-mfcc-feats.cc:182) Processed features for key common_voice_lt_37037413
WARNING (compute-mfcc-feats[5.5.1182~1-e02e3]:Read():wave-reader.cc:304) Expected 97920 bytes of wave data, but read only 96768 bytes. Truncated file?
VLOG[2] (compute-mfcc-feats[5.5.1182~1-e02e3]:main():compute-mfcc-feats.cc:182) Processed features for key common_voice_lt_37037415
WARNING (compute-mfcc-feats[5.5.1182~1-e02e3]:Read():wave-reader.cc:304) Expected 147456 bytes of wave data, but read only 146304 bytes. Truncated file?
VLOG[2] (compute-mfcc-feats[5.5.1182~1-e02e3]:main():compute-mfcc-feats.cc:182) Processed features for key common_voice_lt_37037416
WARNING (compute-mfcc-feats[5.5.1182~1-e02e3]:Read():wave-reader.cc:304) Expected 162432 bytes of wave data, but read only 161280 bytes. Truncated file?
VLOG[2] (compute-mfcc-feats[5.5.1182~1-e02e3]:main():compute-mfcc-feats.cc:182) Processed features for key common_voice_lt_37037428
WARNING (compute-mfcc-feats[5.5.1182~1-e02e3]:Read():wave-reader.cc:304) Expected 156672 bytes of wave data, but read only 155520 bytes. Truncated file?
LOG (compute-mfcc-feats[5.5.1182~1-e02e3]:main():compute-mfcc-feats.cc:181) Processed 760 utterances
VLOG[2] (compute-mfcc-feats[5.5.1182~1-e02e3]:main():compute-mfcc-feats.cc:182) Processed features for key common_voice_lt_37037429
WARNING (compute-mfcc-feats[5.5.1182~1-e02e3]:Read():wave-reader.cc:304) Expected 124416 bytes of wave data, but read only 123264 bytes. Truncated file?
VLOG[2] (compute-mfcc-feats[5.5.1182~1-e02e3]:main():compute-mfcc-feats.cc:182) Processed features for key common_voice_lt_37037430
WARNING (compute-mfcc-feats[5.5.1182~1-e02e3]:Read():wave-reader.cc:304) Expected 228096 bytes of wave data, but read only 226944 bytes. Truncated file?
VLOG[2] (compute-mfcc-feats[5.5.1182~1-e02e3]:main():compute-mfcc-feats.cc:182) Processed features for key common_voice_lt_37037431
WARNING (compute-mfcc-feats[5.5.1182~1-e02e3]:Read():wave-reader.cc:304) Expected 158976 bytes of wave data, but read only 157824 bytes. Truncated file?
VLOG[2] (compute-mfcc-feats[5.5.1182~1-e02e3]:main():compute-mfcc-feats.cc:182) Processed features for key common_voice_lt_37037432
WARNING (compute-mfcc-feats[5.5.1182~1-e02e3]:Read():wave-reader.cc:304) Expected 101376 bytes of wave data, but read only 100224 bytes. Truncated file?
VLOG[2] (compute-mfcc-feats[5.5.1182~1-e02e3]:main():compute-mfcc-feats.cc:182) Processed features for key common_voice_lt_37037438
WARNING (compute-mfcc-feats[5.5.1182~1-e02e3]:Read():wave-reader.cc:304) Expected 130176 bytes of wave data, but read only 129024 bytes. Truncated file?
VLOG[2] (compute-mfcc-feats[5.5.1182~1-e02e3]:main():compute-mfcc-feats.cc:182) Processed features for key common_voice_lt_37037439
WARNING (compute-mfcc-feats[5.5.1182~1-e02e3]:Read():wave-reader.cc:304) Expected 168192 bytes of wave data, but read only 167040 bytes. Truncated file?
VLOG[2] (compute-mfcc-feats[5.5.1182~1-e02e3]:main():compute-mfcc-feats.cc:182) Processed features for key common_voice_lt_37037440
WARNING (compute-mfcc-feats[5.5.1182~1-e02e3]:Read():wave-reader.cc:304) Expected 124416 bytes of wave data, but read only 123264 bytes. Truncated file?
VLOG[2] (compute-mfcc-feats[5.5.1182~1-e02e3]:main():compute-mfcc-feats.cc:182) Processed features for key common_voice_lt_37037441
WARNING (compute-mfcc-feats[5.5.1182~1-e02e3]:Read():wave-reader.cc:304) Expected 179712 bytes of wave data, but read only 178560 bytes. Truncated file?
VLOG[2] (compute-mfcc-feats[5.5.1182~1-e02e3]:main():compute-mfcc-feats.cc:182) Processed features for key common_voice_lt_37037442
WARNING (compute-mfcc-feats[5.5.1182~1-e02e3]:Read():wave-reader.cc:304) Expected 172800 bytes of wave data, but read only 171648 bytes. Truncated file?
VLOG[2] (compute-mfcc-feats[5.5.1182~1-e02e3]:main():compute-mfcc-feats.cc:182) Processed features for key common_voice_lt_37037444
WARNING (compute-mfcc-feats[5.5.1182~1-e02e3]:Read():wave-reader.cc:304) Expected 122112 bytes of wave data, but read only 120960 bytes. Truncated file?
LOG (compute-mfcc-feats[5.5.1182~1-e02e3]:main():compute-mfcc-feats.cc:181) Processed 770 utterances
VLOG[2] (compute-mfcc-feats[5.5.1182~1-e02e3]:main():compute-mfcc-feats.cc:182) Processed features for key common_voice_lt_37037445
WARNING (compute-mfcc-feats[5.5.1182~1-e02e3]:Read():wave-reader.cc:304) Expected 138240 bytes of wave data, but read only 137088 bytes. Truncated file?
VLOG[2] (compute-mfcc-feats[5.5.1182~1-e02e3]:main():compute-mfcc-feats.cc:182) Processed features for key common_voice_lt_37037446
WARNING (compute-mfcc-feats[5.5.1182~1-e02e3]:Read():wave-reader.cc:304) Expected 241920 bytes of wave data, but read only 240768 bytes. Truncated file?
VLOG[2] (compute-mfcc-feats[5.5.1182~1-e02e3]:main():compute-mfcc-feats.cc:182) Processed features for key common_voice_lt_37037447
WARNING (compute-mfcc-feats[5.5.1182~1-e02e3]:Read():wave-reader.cc:304) Expected 138240 bytes of wave data, but read only 137088 bytes. Truncated file?
VLOG[2] (compute-mfcc-feats[5.5.1182~1-e02e3]:main():compute-mfcc-feats.cc:182) Processed features for key common_voice_lt_37037448
WARNING (compute-mfcc-feats[5.5.1182~1-e02e3]:Read():wave-reader.cc:304) Expected 256896 bytes of wave data, but read only 255744 bytes. Truncated file?
VLOG[2] (compute-mfcc-feats[5.5.1182~1-e02e3]:main():compute-mfcc-feats.cc:182) Processed features for key common_voice_lt_37037449
WARNING (compute-mfcc-feats[5.5.1182~1-e02e3]:Read():wave-reader.cc:304) Expected 190080 bytes of wave data, but read only 188928 bytes. Truncated file?
VLOG[2] (compute-mfcc-feats[5.5.1182~1-e02e3]:main():compute-mfcc-feats.cc:182) Processed features for key common_voice_lt_37037451
WARNING (compute-mfcc-feats[5.5.1182~1-e02e3]:Read():wave-reader.cc:304) Expected 135936 bytes of wave data, but read only 134784 bytes. Truncated file?
VLOG[2] (compute-mfcc-feats[5.5.1182~1-e02e3]:main():compute-mfcc-feats.cc:182) Processed features for key common_voice_lt_37037452
WARNING (compute-mfcc-feats[5.5.1182~1-e02e3]:Read():wave-reader.cc:304) Expected 208512 bytes of wave data, but read only 207360 bytes. Truncated file?
VLOG[2] (compute-mfcc-feats[5.5.1182~1-e02e3]:main():compute-mfcc-feats.cc:182) Processed features for key common_voice_lt_37037453
WARNING (compute-mfcc-feats[5.5.1182~1-e02e3]:Read():wave-reader.cc:304) Expected 161280 bytes of wave data, but read only 160128 bytes. Truncated file?
VLOG[2] (compute-mfcc-feats[5.5.1182~1-e02e3]:main():compute-mfcc-feats.cc:182) Processed features for key common_voice_lt_37037454
WARNING (compute-mfcc-feats[5.5.1182~1-e02e3]:Read():wave-reader.cc:304) Expected 153216 bytes of wave data, but read only 152064 bytes. Truncated file?
VLOG[2] (compute-mfcc-feats[5.5.1182~1-e02e3]:main():compute-mfcc-feats.cc:182) Processed features for key common_voice_lt_37037455
WARNING (compute-mfcc-feats[5.5.1182~1-e02e3]:Read():wave-reader.cc:304) Expected 233856 bytes of wave data, but read only 232704 bytes. Truncated file?
LOG (compute-mfcc-feats[5.5.1182~1-e02e3]:main():compute-mfcc-feats.cc:181) Processed 780 utterances
VLOG[2] (compute-mfcc-feats[5.5.1182~1-e02e3]:main():compute-mfcc-feats.cc:182) Processed features for key common_voice_lt_37037456
WARNING (compute-mfcc-feats[5.5.1182~1-e02e3]:Read():wave-reader.cc:304) Expected 216576 bytes of wave data, but read only 215424 bytes. Truncated file?
VLOG[2] (compute-mfcc-feats[5.5.1182~1-e02e3]:main():compute-mfcc-feats.cc:182) Processed features for key common_voice_lt_37037457
WARNING (compute-mfcc-feats[5.5.1182~1-e02e3]:Read():wave-reader.cc:304) Expected 218880 bytes of wave data, but read only 217728 bytes. Truncated file?
VLOG[2] (compute-mfcc-feats[5.5.1182~1-e02e3]:main():compute-mfcc-feats.cc:182) Processed features for key common_voice_lt_37037458
WARNING (compute-mfcc-feats[5.5.1182~1-e02e3]:Read():wave-reader.cc:304) Expected 144000 bytes of wave data, but read only 142848 bytes. Truncated file?
VLOG[2] (compute-mfcc-feats[5.5.1182~1-e02e3]:main():compute-mfcc-feats.cc:182) Processed features for key common_voice_lt_37037459
WARNING (compute-mfcc-feats[5.5.1182~1-e02e3]:Read():wave-reader.cc:304) Expected 109440 bytes of wave data, but read only 108288 bytes. Truncated file?
VLOG[2] (compute-mfcc-feats[5.5.1182~1-e02e3]:main():compute-mfcc-feats.cc:182) Processed features for key common_voice_lt_37037460
WARNING (compute-mfcc-feats[5.5.1182~1-e02e3]:Read():wave-reader.cc:304) Expected 133632 bytes of wave data, but read only 132480 bytes. Truncated file?
VLOG[2] (compute-mfcc-feats[5.5.1182~1-e02e3]:main():compute-mfcc-feats.cc:182) Processed features for key common_voice_lt_37037461
WARNING (compute-mfcc-feats[5.5.1182~1-e02e3]:Read():wave-reader.cc:304) Expected 155520 bytes of wave data, but read only 154368 bytes. Truncated file?
VLOG[2] (compute-mfcc-feats[5.5.1182~1-e02e3]:main():compute-mfcc-feats.cc:182) Processed features for key common_voice_lt_37037462
WARNING (compute-mfcc-feats[5.5.1182~1-e02e3]:Read():wave-reader.cc:304) Expected 115200 bytes of wave data, but read only 114048 bytes. Truncated file?
VLOG[2] (compute-mfcc-feats[5.5.1182~1-e02e3]:main():compute-mfcc-feats.cc:182) Processed features for key common_voice_lt_37037463
WARNING (compute-mfcc-feats[5.5.1182~1-e02e3]:Read():wave-reader.cc:304) Expected 162432 bytes of wave data, but read only 161280 bytes. Truncated file?
VLOG[2] (compute-mfcc-feats[5.5.1182~1-e02e3]:main():compute-mfcc-feats.cc:182) Processed features for key common_voice_lt_37037464
WARNING (compute-mfcc-feats[5.5.1182~1-e02e3]:Read():wave-reader.cc:304) Expected 167040 bytes of wave data, but read only 165888 bytes. Truncated file?
VLOG[2] (compute-mfcc-feats[5.5.1182~1-e02e3]:main():compute-mfcc-feats.cc:182) Processed features for key common_voice_lt_37037465
WARNING (compute-mfcc-feats[5.5.1182~1-e02e3]:Read():wave-reader.cc:304) Expected 254592 bytes of wave data, but read only 253440 bytes. Truncated file?
LOG (compute-mfcc-feats[5.5.1182~1-e02e3]:main():compute-mfcc-feats.cc:181) Processed 790 utterances
VLOG[2] (compute-mfcc-feats[5.5.1182~1-e02e3]:main():compute-mfcc-feats.cc:182) Processed features for key common_voice_lt_37037466
WARNING (compute-mfcc-feats[5.5.1182~1-e02e3]:Read():wave-reader.cc:304) Expected 133632 bytes of wave data, but read only 132480 bytes. Truncated file?
VLOG[2] (compute-mfcc-feats[5.5.1182~1-e02e3]:main():compute-mfcc-feats.cc:182) Processed features for key common_voice_lt_37037467
WARNING (compute-mfcc-feats[5.5.1182~1-e02e3]:Read():wave-reader.cc:304) Expected 285696 bytes of wave data, but read only 284544 bytes. Truncated file?
VLOG[2] (compute-mfcc-feats[5.5.1182~1-e02e3]:main():compute-mfcc-feats.cc:182) Processed features for key common_voice_lt_37037468
WARNING (compute-mfcc-feats[5.5.1182~1-e02e3]:Read():wave-reader.cc:304) Expected 205056 bytes of wave data, but read only 203904 bytes. Truncated file?
VLOG[2] (compute-mfcc-feats[5.5.1182~1-e02e3]:main():compute-mfcc-feats.cc:182) Processed features for key common_voice_lt_37037469
WARNING (compute-mfcc-feats[5.5.1182~1-e02e3]:Read():wave-reader.cc:304) Expected 130176 bytes of wave data, but read only 129024 bytes. Truncated file?
VLOG[2] (compute-mfcc-feats[5.5.1182~1-e02e3]:main():compute-mfcc-feats.cc:182) Processed features for key common_voice_lt_37037470
WARNING (compute-mfcc-feats[5.5.1182~1-e02e3]:Read():wave-reader.cc:304) Expected 190080 bytes of wave data, but read only 188928 bytes. Truncated file?
VLOG[2] (compute-mfcc-feats[5.5.1182~1-e02e3]:main():compute-mfcc-feats.cc:182) Processed features for key common_voice_lt_37037471
WARNING (compute-mfcc-feats[5.5.1182~1-e02e3]:Read():wave-reader.cc:304) Expected 199296 bytes of wave data, but read only 198144 bytes. Truncated file?
VLOG[2] (compute-mfcc-feats[5.5.1182~1-e02e3]:main():compute-mfcc-feats.cc:182) Processed features for key common_voice_lt_37037472
WARNING (compute-mfcc-feats[5.5.1182~1-e02e3]:Read():wave-reader.cc:304) Expected 101376 bytes of wave data, but read only 100224 bytes. Truncated file?
VLOG[2] (compute-mfcc-feats[5.5.1182~1-e02e3]:main():compute-mfcc-feats.cc:182) Processed features for key common_voice_lt_37037478
WARNING (compute-mfcc-feats[5.5.1182~1-e02e3]:Read():wave-reader.cc:304) Expected 116352 bytes of wave data, but read only 115200 bytes. Truncated file?
VLOG[2] (compute-mfcc-feats[5.5.1182~1-e02e3]:main():compute-mfcc-feats.cc:182) Processed features for key common_voice_lt_37037479
WARNING (compute-mfcc-feats[5.5.1182~1-e02e3]:Read():wave-reader.cc:304) Expected 190080 bytes of wave data, but read only 188928 bytes. Truncated file?
VLOG[2] (compute-mfcc-feats[5.5.1182~1-e02e3]:main():compute-mfcc-feats.cc:182) Processed features for key common_voice_lt_37037480
WARNING (compute-mfcc-feats[5.5.1182~1-e02e3]:Read():wave-reader.cc:304) Expected 115200 bytes of wave data, but read only 114048 bytes. Truncated file?
LOG (compute-mfcc-feats[5.5.1182~1-e02e3]:main():compute-mfcc-feats.cc:181) Processed 800 utterances
VLOG[2] (compute-mfcc-feats[5.5.1182~1-e02e3]:main():compute-mfcc-feats.cc:182) Processed features for key common_voice_lt_37037482
WARNING (compute-mfcc-feats[5.5.1182~1-e02e3]:Read():wave-reader.cc:304) Expected 135936 bytes of wave data, but read only 134784 bytes. Truncated file?
VLOG[2] (compute-mfcc-feats[5.5.1182~1-e02e3]:main():compute-mfcc-feats.cc:182) Processed features for key common_voice_lt_37037488
WARNING (compute-mfcc-feats[5.5.1182~1-e02e3]:Read():wave-reader.cc:304) Expected 282240 bytes of wave data, but read only 281088 bytes. Truncated file?
VLOG[2] (compute-mfcc-feats[5.5.1182~1-e02e3]:main():compute-mfcc-feats.cc:182) Processed features for key common_voice_lt_37037489
WARNING (compute-mfcc-feats[5.5.1182~1-e02e3]:Read():wave-reader.cc:304) Expected 225792 bytes of wave data, but read only 224640 bytes. Truncated file?
VLOG[2] (compute-mfcc-feats[5.5.1182~1-e02e3]:main():compute-mfcc-feats.cc:182) Processed features for key common_voice_lt_37037490
WARNING (compute-mfcc-feats[5.5.1182~1-e02e3]:Read():wave-reader.cc:304) Expected 164736 bytes of wave data, but read only 163584 bytes. Truncated file?
VLOG[2] (compute-mfcc-feats[5.5.1182~1-e02e3]:main():compute-mfcc-feats.cc:182) Processed features for key common_voice_lt_37037491
WARNING (compute-mfcc-feats[5.5.1182~1-e02e3]:Read():wave-reader.cc:304) Expected 299520 bytes of wave data, but read only 298368 bytes. Truncated file?
VLOG[2] (compute-mfcc-feats[5.5.1182~1-e02e3]:main():compute-mfcc-feats.cc:182) Processed features for key common_voice_lt_37037492
WARNING (compute-mfcc-feats[5.5.1182~1-e02e3]:Read():wave-reader.cc:304) Expected 120960 bytes of wave data, but read only 119808 bytes. Truncated file?
VLOG[2] (compute-mfcc-feats[5.5.1182~1-e02e3]:main():compute-mfcc-feats.cc:182) Processed features for key common_voice_lt_37037493
WARNING (compute-mfcc-feats[5.5.1182~1-e02e3]:Read():wave-reader.cc:304) Expected 161280 bytes of wave data, but read only 160128 bytes. Truncated file?
VLOG[2] (compute-mfcc-feats[5.5.1182~1-e02e3]:main():compute-mfcc-feats.cc:182) Processed features for key common_voice_lt_37037495
WARNING (compute-mfcc-feats[5.5.1182~1-e02e3]:Read():wave-reader.cc:304) Expected 126720 bytes of wave data, but read only 125568 bytes. Truncated file?
VLOG[2] (compute-mfcc-feats[5.5.1182~1-e02e3]:main():compute-mfcc-feats.cc:182) Processed features for key common_voice_lt_37037497
WARNING (compute-mfcc-feats[5.5.1182~1-e02e3]:Read():wave-reader.cc:304) Expected 228096 bytes of wave data, but read only 226944 bytes. Truncated file?
VLOG[2] (compute-mfcc-feats[5.5.1182~1-e02e3]:main():compute-mfcc-feats.cc:182) Processed features for key common_voice_lt_37037505
WARNING (compute-mfcc-feats[5.5.1182~1-e02e3]:Read():wave-reader.cc:304) Expected 182016 bytes of wave data, but read only 180864 bytes. Truncated file?
LOG (compute-mfcc-feats[5.5.1182~1-e02e3]:main():compute-mfcc-feats.cc:181) Processed 810 utterances
VLOG[2] (compute-mfcc-feats[5.5.1182~1-e02e3]:main():compute-mfcc-feats.cc:182) Processed features for key common_voice_lt_37037506
WARNING (compute-mfcc-feats[5.5.1182~1-e02e3]:Read():wave-reader.cc:304) Expected 216576 bytes of wave data, but read only 215424 bytes. Truncated file?
VLOG[2] (compute-mfcc-feats[5.5.1182~1-e02e3]:main():compute-mfcc-feats.cc:182) Processed features for key common_voice_lt_37037507
WARNING (compute-mfcc-feats[5.5.1182~1-e02e3]:Read():wave-reader.cc:304) Expected 241920 bytes of wave data, but read only 240768 bytes. Truncated file?
VLOG[2] (compute-mfcc-feats[5.5.1182~1-e02e3]:main():compute-mfcc-feats.cc:182) Processed features for key common_voice_lt_37037508
WARNING (compute-mfcc-feats[5.5.1182~1-e02e3]:Read():wave-reader.cc:304) Expected 222336 bytes of wave data, but read only 221184 bytes. Truncated file?
VLOG[2] (compute-mfcc-feats[5.5.1182~1-e02e3]:main():compute-mfcc-feats.cc:182) Processed features for key common_voice_lt_37037509
WARNING (compute-mfcc-feats[5.5.1182~1-e02e3]:Read():wave-reader.cc:304) Expected 120960 bytes of wave data, but read only 119808 bytes. Truncated file?
VLOG[2] (compute-mfcc-feats[5.5.1182~1-e02e3]:main():compute-mfcc-feats.cc:182) Processed features for key common_voice_lt_37037520
WARNING (compute-mfcc-feats[5.5.1182~1-e02e3]:Read():wave-reader.cc:304) Expected 162432 bytes of wave data, but read only 161280 bytes. Truncated file?
VLOG[2] (compute-mfcc-feats[5.5.1182~1-e02e3]:main():compute-mfcc-feats.cc:182) Processed features for key common_voice_lt_37037521
WARNING (compute-mfcc-feats[5.5.1182~1-e02e3]:Read():wave-reader.cc:304) Expected 222336 bytes of wave data, but read only 221184 bytes. Truncated file?
VLOG[2] (compute-mfcc-feats[5.5.1182~1-e02e3]:main():compute-mfcc-feats.cc:182) Processed features for key common_voice_lt_37037522
WARNING (compute-mfcc-feats[5.5.1182~1-e02e3]:Read():wave-reader.cc:304) Expected 277632 bytes of wave data, but read only 276480 bytes. Truncated file?
VLOG[2] (compute-mfcc-feats[5.5.1182~1-e02e3]:main():compute-mfcc-feats.cc:182) Processed features for key common_voice_lt_37037523
WARNING (compute-mfcc-feats[5.5.1182~1-e02e3]:Read():wave-reader.cc:304) Expected 182016 bytes of wave data, but read only 180864 bytes. Truncated file?
VLOG[2] (compute-mfcc-feats[5.5.1182~1-e02e3]:main():compute-mfcc-feats.cc:182) Processed features for key common_voice_lt_37037524
WARNING (compute-mfcc-feats[5.5.1182~1-e02e3]:Read():wave-reader.cc:304) Expected 256896 bytes of wave data, but read only 255744 bytes. Truncated file?
VLOG[2] (compute-mfcc-feats[5.5.1182~1-e02e3]:main():compute-mfcc-feats.cc:182) Processed features for key common_voice_lt_37037530
WARNING (compute-mfcc-feats[5.5.1182~1-e02e3]:Read():wave-reader.cc:304) Expected 236160 bytes of wave data, but read only 235008 bytes. Truncated file?
LOG (compute-mfcc-feats[5.5.1182~1-e02e3]:main():compute-mfcc-feats.cc:181) Processed 820 utterances
VLOG[2] (compute-mfcc-feats[5.5.1182~1-e02e3]:main():compute-mfcc-feats.cc:182) Processed features for key common_voice_lt_37037531
WARNING (compute-mfcc-feats[5.5.1182~1-e02e3]:Read():wave-reader.cc:304) Expected 172800 bytes of wave data, but read only 171648 bytes. Truncated file?
VLOG[2] (compute-mfcc-feats[5.5.1182~1-e02e3]:main():compute-mfcc-feats.cc:182) Processed features for key common_voice_lt_37037532
WARNING (compute-mfcc-feats[5.5.1182~1-e02e3]:Read():wave-reader.cc:304) Expected 162432 bytes of wave data, but read only 161280 bytes. Truncated file?
VLOG[2] (compute-mfcc-feats[5.5.1182~1-e02e3]:main():compute-mfcc-feats.cc:182) Processed features for key common_voice_lt_37037533
WARNING (compute-mfcc-feats[5.5.1182~1-e02e3]:Read():wave-reader.cc:304) Expected 107136 bytes of wave data, but read only 105984 bytes. Truncated file?
VLOG[2] (compute-mfcc-feats[5.5.1182~1-e02e3]:main():compute-mfcc-feats.cc:182) Processed features for key common_voice_lt_37037534
WARNING (compute-mfcc-feats[5.5.1182~1-e02e3]:Read():wave-reader.cc:304) Expected 153216 bytes of wave data, but read only 152064 bytes. Truncated file?
VLOG[2] (compute-mfcc-feats[5.5.1182~1-e02e3]:main():compute-mfcc-feats.cc:182) Processed features for key common_voice_lt_37037542
WARNING (compute-mfcc-feats[5.5.1182~1-e02e3]:Read():wave-reader.cc:304) Expected 182016 bytes of wave data, but read only 180864 bytes. Truncated file?
VLOG[2] (compute-mfcc-feats[5.5.1182~1-e02e3]:main():compute-mfcc-feats.cc:182) Processed features for key common_voice_lt_37037543
WARNING (compute-mfcc-feats[5.5.1182~1-e02e3]:Read():wave-reader.cc:304) Expected 127872 bytes of wave data, but read only 126720 bytes. Truncated file?
VLOG[2] (compute-mfcc-feats[5.5.1182~1-e02e3]:main():compute-mfcc-feats.cc:182) Processed features for key common_voice_lt_37037544
WARNING (compute-mfcc-feats[5.5.1182~1-e02e3]:Read():wave-reader.cc:304) Expected 178560 bytes of wave data, but read only 177408 bytes. Truncated file?
VLOG[2] (compute-mfcc-feats[5.5.1182~1-e02e3]:main():compute-mfcc-feats.cc:182) Processed features for key common_voice_lt_37037545
WARNING (compute-mfcc-feats[5.5.1182~1-e02e3]:Read():wave-reader.cc:304) Expected 109440 bytes of wave data, but read only 108288 bytes. Truncated file?
VLOG[2] (compute-mfcc-feats[5.5.1182~1-e02e3]:main():compute-mfcc-feats.cc:182) Processed features for key common_voice_lt_37037546
WARNING (compute-mfcc-feats[5.5.1182~1-e02e3]:Read():wave-reader.cc:304) Expected 133632 bytes of wave data, but read only 132480 bytes. Truncated file?
VLOG[2] (compute-mfcc-feats[5.5.1182~1-e02e3]:main():compute-mfcc-feats.cc:182) Processed features for key common_voice_lt_37037562
WARNING (compute-mfcc-feats[5.5.1182~1-e02e3]:Read():wave-reader.cc:304) Expected 254592 bytes of wave data, but read only 253440 bytes. Truncated file?
LOG (compute-mfcc-feats[5.5.1182~1-e02e3]:main():compute-mfcc-feats.cc:181) Processed 830 utterances
VLOG[2] (compute-mfcc-feats[5.5.1182~1-e02e3]:main():compute-mfcc-feats.cc:182) Processed features for key common_voice_lt_37037563
WARNING (compute-mfcc-feats[5.5.1182~1-e02e3]:Read():wave-reader.cc:304) Expected 161280 bytes of wave data, but read only 160128 bytes. Truncated file?
VLOG[2] (compute-mfcc-feats[5.5.1182~1-e02e3]:main():compute-mfcc-feats.cc:182) Processed features for key common_voice_lt_37037564
WARNING (compute-mfcc-feats[5.5.1182~1-e02e3]:Read():wave-reader.cc:304) Expected 145152 bytes of wave data, but read only 144000 bytes. Truncated file?
VLOG[2] (compute-mfcc-feats[5.5.1182~1-e02e3]:main():compute-mfcc-feats.cc:182) Processed features for key common_voice_lt_37037582
WARNING (compute-mfcc-feats[5.5.1182~1-e02e3]:Read():wave-reader.cc:304) Expected 164736 bytes of wave data, but read only 163584 bytes. Truncated file?
VLOG[2] (compute-mfcc-feats[5.5.1182~1-e02e3]:main():compute-mfcc-feats.cc:182) Processed features for key common_voice_lt_37037583
WARNING (compute-mfcc-feats[5.5.1182~1-e02e3]:Read():wave-reader.cc:304) Expected 241920 bytes of wave data, but read only 240768 bytes. Truncated file?
VLOG[2] (compute-mfcc-feats[5.5.1182~1-e02e3]:main():compute-mfcc-feats.cc:182) Processed features for key common_voice_lt_37037584
WARNING (compute-mfcc-feats[5.5.1182~1-e02e3]:Read():wave-reader.cc:304) Expected 153216 bytes of wave data, but read only 152064 bytes. Truncated file?
VLOG[2] (compute-mfcc-feats[5.5.1182~1-e02e3]:main():compute-mfcc-feats.cc:182) Processed features for key common_voice_lt_37037585
WARNING (compute-mfcc-feats[5.5.1182~1-e02e3]:Read():wave-reader.cc:304) Expected 124416 bytes of wave data, but read only 123264 bytes. Truncated file?
VLOG[2] (compute-mfcc-feats[5.5.1182~1-e02e3]:main():compute-mfcc-feats.cc:182) Processed features for key common_voice_lt_37037586
WARNING (compute-mfcc-feats[5.5.1182~1-e02e3]:Read():wave-reader.cc:304) Expected 147456 bytes of wave data, but read only 146304 bytes. Truncated file?
VLOG[2] (compute-mfcc-feats[5.5.1182~1-e02e3]:main():compute-mfcc-feats.cc:182) Processed features for key common_voice_lt_37037587
WARNING (compute-mfcc-feats[5.5.1182~1-e02e3]:Read():wave-reader.cc:304) Expected 107136 bytes of wave data, but read only 105984 bytes. Truncated file?
VLOG[2] (compute-mfcc-feats[5.5.1182~1-e02e3]:main():compute-mfcc-feats.cc:182) Processed features for key common_voice_lt_37037588
WARNING (compute-mfcc-feats[5.5.1182~1-e02e3]:Read():wave-reader.cc:304) Expected 104832 bytes of wave data, but read only 103680 bytes. Truncated file?
VLOG[2] (compute-mfcc-feats[5.5.1182~1-e02e3]:main():compute-mfcc-feats.cc:182) Processed features for key common_voice_lt_37037589
WARNING (compute-mfcc-feats[5.5.1182~1-e02e3]:Read():wave-reader.cc:304) Expected 184320 bytes of wave data, but read only 183168 bytes. Truncated file?
LOG (compute-mfcc-feats[5.5.1182~1-e02e3]:main():compute-mfcc-feats.cc:181) Processed 840 utterances
VLOG[2] (compute-mfcc-feats[5.5.1182~1-e02e3]:main():compute-mfcc-feats.cc:182) Processed features for key common_voice_lt_37037590
WARNING (compute-mfcc-feats[5.5.1182~1-e02e3]:Read():wave-reader.cc:304) Expected 135936 bytes of wave data, but read only 134784 bytes. Truncated file?
VLOG[2] (compute-mfcc-feats[5.5.1182~1-e02e3]:main():compute-mfcc-feats.cc:182) Processed features for key common_voice_lt_37037601
WARNING (compute-mfcc-feats[5.5.1182~1-e02e3]:Read():wave-reader.cc:304) Expected 199296 bytes of wave data, but read only 198144 bytes. Truncated file?
VLOG[2] (compute-mfcc-feats[5.5.1182~1-e02e3]:main():compute-mfcc-feats.cc:182) Processed features for key common_voice_lt_37037602
WARNING (compute-mfcc-feats[5.5.1182~1-e02e3]:Read():wave-reader.cc:304) Expected 193536 bytes of wave data, but read only 192384 bytes. Truncated file?
VLOG[2] (compute-mfcc-feats[5.5.1182~1-e02e3]:main():compute-mfcc-feats.cc:182) Processed features for key common_voice_lt_37037603
WARNING (compute-mfcc-feats[5.5.1182~1-e02e3]:Read():wave-reader.cc:304) Expected 150912 bytes of wave data, but read only 149760 bytes. Truncated file?
VLOG[2] (compute-mfcc-feats[5.5.1182~1-e02e3]:main():compute-mfcc-feats.cc:182) Processed features for key common_voice_lt_37037604
WARNING (compute-mfcc-feats[5.5.1182~1-e02e3]:Read():wave-reader.cc:304) Expected 306432 bytes of wave data, but read only 305280 bytes. Truncated file?
VLOG[2] (compute-mfcc-feats[5.5.1182~1-e02e3]:main():compute-mfcc-feats.cc:182) Processed features for key common_voice_lt_37037605
WARNING (compute-mfcc-feats[5.5.1182~1-e02e3]:Read():wave-reader.cc:304) Expected 126720 bytes of wave data, but read only 125568 bytes. Truncated file?
VLOG[2] (compute-mfcc-feats[5.5.1182~1-e02e3]:main():compute-mfcc-feats.cc:182) Processed features for key common_voice_lt_37037606
WARNING (compute-mfcc-feats[5.5.1182~1-e02e3]:Read():wave-reader.cc:304) Expected 149760 bytes of wave data, but read only 148608 bytes. Truncated file?
VLOG[2] (compute-mfcc-feats[5.5.1182~1-e02e3]:main():compute-mfcc-feats.cc:182) Processed features for key common_voice_lt_37037607
WARNING (compute-mfcc-feats[5.5.1182~1-e02e3]:Read():wave-reader.cc:304) Expected 153216 bytes of wave data, but read only 152064 bytes. Truncated file?
VLOG[2] (compute-mfcc-feats[5.5.1182~1-e02e3]:main():compute-mfcc-feats.cc:182) Processed features for key common_voice_lt_37037608
WARNING (compute-mfcc-feats[5.5.1182~1-e02e3]:Read():wave-reader.cc:304) Expected 135936 bytes of wave data, but read only 134784 bytes. Truncated file?
VLOG[2] (compute-mfcc-feats[5.5.1182~1-e02e3]:main():compute-mfcc-feats.cc:182) Processed features for key common_voice_lt_37037610
WARNING (compute-mfcc-feats[5.5.1182~1-e02e3]:Read():wave-reader.cc:304) Expected 115200 bytes of wave data, but read only 114048 bytes. Truncated file?
LOG (compute-mfcc-feats[5.5.1182~1-e02e3]:main():compute-mfcc-feats.cc:181) Processed 850 utterances
VLOG[2] (compute-mfcc-feats[5.5.1182~1-e02e3]:main():compute-mfcc-feats.cc:182) Processed features for key common_voice_lt_37037616
WARNING (compute-mfcc-feats[5.5.1182~1-e02e3]:Read():wave-reader.cc:304) Expected 161280 bytes of wave data, but read only 160128 bytes. Truncated file?
VLOG[2] (compute-mfcc-feats[5.5.1182~1-e02e3]:main():compute-mfcc-feats.cc:182) Processed features for key common_voice_lt_37037623
WARNING (compute-mfcc-feats[5.5.1182~1-e02e3]:Read():wave-reader.cc:304) Expected 156672 bytes of wave data, but read only 155520 bytes. Truncated file?
VLOG[2] (compute-mfcc-feats[5.5.1182~1-e02e3]:main():compute-mfcc-feats.cc:182) Processed features for key common_voice_lt_37037624
WARNING (compute-mfcc-feats[5.5.1182~1-e02e3]:Read():wave-reader.cc:304) Expected 145152 bytes of wave data, but read only 144000 bytes. Truncated file?
VLOG[2] (compute-mfcc-feats[5.5.1182~1-e02e3]:main():compute-mfcc-feats.cc:182) Processed features for key common_voice_lt_37037625
WARNING (compute-mfcc-feats[5.5.1182~1-e02e3]:Read():wave-reader.cc:304) Expected 124416 bytes of wave data, but read only 123264 bytes. Truncated file?
VLOG[2] (compute-mfcc-feats[5.5.1182~1-e02e3]:main():compute-mfcc-feats.cc:182) Processed features for key common_voice_lt_37037626
WARNING (compute-mfcc-feats[5.5.1182~1-e02e3]:Read():wave-reader.cc:304) Expected 230400 bytes of wave data, but read only 229248 bytes. Truncated file?
VLOG[2] (compute-mfcc-feats[5.5.1182~1-e02e3]:main():compute-mfcc-feats.cc:182) Processed features for key common_voice_lt_37037632
WARNING (compute-mfcc-feats[5.5.1182~1-e02e3]:Read():wave-reader.cc:304) Expected 328320 bytes of wave data, but read only 327168 bytes. Truncated file?
VLOG[2] (compute-mfcc-feats[5.5.1182~1-e02e3]:main():compute-mfcc-feats.cc:182) Processed features for key common_voice_lt_37037638
WARNING (compute-mfcc-feats[5.5.1182~1-e02e3]:Read():wave-reader.cc:304) Expected 201600 bytes of wave data, but read only 200448 bytes. Truncated file?
VLOG[2] (compute-mfcc-feats[5.5.1182~1-e02e3]:main():compute-mfcc-feats.cc:182) Processed features for key common_voice_lt_37037640
WARNING (compute-mfcc-feats[5.5.1182~1-e02e3]:Read():wave-reader.cc:304) Expected 132480 bytes of wave data, but read only 131328 bytes. Truncated file?
VLOG[2] (compute-mfcc-feats[5.5.1182~1-e02e3]:main():compute-mfcc-feats.cc:182) Processed features for key common_voice_lt_37037646
WARNING (compute-mfcc-feats[5.5.1182~1-e02e3]:Read():wave-reader.cc:304) Expected 132480 bytes of wave data, but read only 131328 bytes. Truncated file?
VLOG[2] (compute-mfcc-feats[5.5.1182~1-e02e3]:main():compute-mfcc-feats.cc:182) Processed features for key common_voice_lt_37037647
WARNING (compute-mfcc-feats[5.5.1182~1-e02e3]:Read():wave-reader.cc:304) Expected 124416 bytes of wave data, but read only 123264 bytes. Truncated file?
LOG (compute-mfcc-feats[5.5.1182~1-e02e3]:main():compute-mfcc-feats.cc:181) Processed 860 utterances
VLOG[2] (compute-mfcc-feats[5.5.1182~1-e02e3]:main():compute-mfcc-feats.cc:182) Processed features for key common_voice_lt_37037648
WARNING (compute-mfcc-feats[5.5.1182~1-e02e3]:Read():wave-reader.cc:304) Expected 120960 bytes of wave data, but read only 119808 bytes. Truncated file?
VLOG[2] (compute-mfcc-feats[5.5.1182~1-e02e3]:main():compute-mfcc-feats.cc:182) Processed features for key common_voice_lt_37037649
WARNING (compute-mfcc-feats[5.5.1182~1-e02e3]:Read():wave-reader.cc:304) Expected 147456 bytes of wave data, but read only 146304 bytes. Truncated file?
VLOG[2] (compute-mfcc-feats[5.5.1182~1-e02e3]:main():compute-mfcc-feats.cc:182) Processed features for key common_voice_lt_37037650
WARNING (compute-mfcc-feats[5.5.1182~1-e02e3]:Read():wave-reader.cc:304) Expected 141696 bytes of wave data, but read only 140544 bytes. Truncated file?
VLOG[2] (compute-mfcc-feats[5.5.1182~1-e02e3]:main():compute-mfcc-feats.cc:182) Processed features for key common_voice_lt_37037656
WARNING (compute-mfcc-feats[5.5.1182~1-e02e3]:Read():wave-reader.cc:304) Expected 207360 bytes of wave data, but read only 206208 bytes. Truncated file?
VLOG[2] (compute-mfcc-feats[5.5.1182~1-e02e3]:main():compute-mfcc-feats.cc:182) Processed features for key common_voice_lt_37037657
WARNING (compute-mfcc-feats[5.5.1182~1-e02e3]:Read():wave-reader.cc:304) Expected 225792 bytes of wave data, but read only 224640 bytes. Truncated file?
VLOG[2] (compute-mfcc-feats[5.5.1182~1-e02e3]:main():compute-mfcc-feats.cc:182) Processed features for key common_voice_lt_37037658
WARNING (compute-mfcc-feats[5.5.1182~1-e02e3]:Read():wave-reader.cc:304) Expected 222336 bytes of wave data, but read only 221184 bytes. Truncated file?
VLOG[2] (compute-mfcc-feats[5.5.1182~1-e02e3]:main():compute-mfcc-feats.cc:182) Processed features for key common_voice_lt_37037659
WARNING (compute-mfcc-feats[5.5.1182~1-e02e3]:Read():wave-reader.cc:304) Expected 193536 bytes of wave data, but read only 192384 bytes. Truncated file?
VLOG[2] (compute-mfcc-feats[5.5.1182~1-e02e3]:main():compute-mfcc-feats.cc:182) Processed features for key common_voice_lt_37037666
WARNING (compute-mfcc-feats[5.5.1182~1-e02e3]:Read():wave-reader.cc:304) Expected 170496 bytes of wave data, but read only 169344 bytes. Truncated file?
VLOG[2] (compute-mfcc-feats[5.5.1182~1-e02e3]:main():compute-mfcc-feats.cc:182) Processed features for key common_voice_lt_37037667
WARNING (compute-mfcc-feats[5.5.1182~1-e02e3]:Read():wave-reader.cc:304) Expected 141696 bytes of wave data, but read only 140544 bytes. Truncated file?
VLOG[2] (compute-mfcc-feats[5.5.1182~1-e02e3]:main():compute-mfcc-feats.cc:182) Processed features for key common_voice_lt_37037668
WARNING (compute-mfcc-feats[5.5.1182~1-e02e3]:Read():wave-reader.cc:304) Expected 127872 bytes of wave data, but read only 126720 bytes. Truncated file?
LOG (compute-mfcc-feats[5.5.1182~1-e02e3]:main():compute-mfcc-feats.cc:181) Processed 870 utterances
VLOG[2] (compute-mfcc-feats[5.5.1182~1-e02e3]:main():compute-mfcc-feats.cc:182) Processed features for key common_voice_lt_37037669
WARNING (compute-mfcc-feats[5.5.1182~1-e02e3]:Read():wave-reader.cc:304) Expected 104832 bytes of wave data, but read only 103680 bytes. Truncated file?
VLOG[2] (compute-mfcc-feats[5.5.1182~1-e02e3]:main():compute-mfcc-feats.cc:182) Processed features for key common_voice_lt_37037670
WARNING (compute-mfcc-feats[5.5.1182~1-e02e3]:Read():wave-reader.cc:304) Expected 213120 bytes of wave data, but read only 211968 bytes. Truncated file?
VLOG[2] (compute-mfcc-feats[5.5.1182~1-e02e3]:main():compute-mfcc-feats.cc:182) Processed features for key common_voice_lt_37037671
WARNING (compute-mfcc-feats[5.5.1182~1-e02e3]:Read():wave-reader.cc:304) Expected 149760 bytes of wave data, but read only 148608 bytes. Truncated file?
VLOG[2] (compute-mfcc-feats[5.5.1182~1-e02e3]:main():compute-mfcc-feats.cc:182) Processed features for key common_voice_lt_37037672
WARNING (compute-mfcc-feats[5.5.1182~1-e02e3]:Read():wave-reader.cc:304) Expected 248832 bytes of wave data, but read only 247680 bytes. Truncated file?
VLOG[2] (compute-mfcc-feats[5.5.1182~1-e02e3]:main():compute-mfcc-feats.cc:182) Processed features for key common_voice_lt_37037673
WARNING (compute-mfcc-feats[5.5.1182~1-e02e3]:Read():wave-reader.cc:304) Expected 126720 bytes of wave data, but read only 125568 bytes. Truncated file?
VLOG[2] (compute-mfcc-feats[5.5.1182~1-e02e3]:main():compute-mfcc-feats.cc:182) Processed features for key common_voice_lt_37037674
WARNING (compute-mfcc-feats[5.5.1182~1-e02e3]:Read():wave-reader.cc:304) Expected 224640 bytes of wave data, but read only 223488 bytes. Truncated file?
VLOG[2] (compute-mfcc-feats[5.5.1182~1-e02e3]:main():compute-mfcc-feats.cc:182) Processed features for key common_voice_lt_37037675
WARNING (compute-mfcc-feats[5.5.1182~1-e02e3]:Read():wave-reader.cc:304) Expected 210816 bytes of wave data, but read only 209664 bytes. Truncated file?
VLOG[2] (compute-mfcc-feats[5.5.1182~1-e02e3]:main():compute-mfcc-feats.cc:182) Processed features for key common_voice_lt_37037681
WARNING (compute-mfcc-feats[5.5.1182~1-e02e3]:Read():wave-reader.cc:304) Expected 187776 bytes of wave data, but read only 186624 bytes. Truncated file?
VLOG[2] (compute-mfcc-feats[5.5.1182~1-e02e3]:main():compute-mfcc-feats.cc:182) Processed features for key common_voice_lt_37037687
WARNING (compute-mfcc-feats[5.5.1182~1-e02e3]:Read():wave-reader.cc:304) Expected 241920 bytes of wave data, but read only 240768 bytes. Truncated file?
VLOG[2] (compute-mfcc-feats[5.5.1182~1-e02e3]:main():compute-mfcc-feats.cc:182) Processed features for key common_voice_lt_37037688
WARNING (compute-mfcc-feats[5.5.1182~1-e02e3]:Read():wave-reader.cc:304) Expected 141696 bytes of wave data, but read only 140544 bytes. Truncated file?
LOG (compute-mfcc-feats[5.5.1182~1-e02e3]:main():compute-mfcc-feats.cc:181) Processed 880 utterances
VLOG[2] (compute-mfcc-feats[5.5.1182~1-e02e3]:main():compute-mfcc-feats.cc:182) Processed features for key common_voice_lt_37037689
WARNING (compute-mfcc-feats[5.5.1182~1-e02e3]:Read():wave-reader.cc:304) Expected 185472 bytes of wave data, but read only 184320 bytes. Truncated file?
VLOG[2] (compute-mfcc-feats[5.5.1182~1-e02e3]:main():compute-mfcc-feats.cc:182) Processed features for key common_voice_lt_37037690
WARNING (compute-mfcc-feats[5.5.1182~1-e02e3]:Read():wave-reader.cc:304) Expected 153216 bytes of wave data, but read only 152064 bytes. Truncated file?
VLOG[2] (compute-mfcc-feats[5.5.1182~1-e02e3]:main():compute-mfcc-feats.cc:182) Processed features for key common_voice_lt_37037691
WARNING (compute-mfcc-feats[5.5.1182~1-e02e3]:Read():wave-reader.cc:304) Expected 126720 bytes of wave data, but read only 125568 bytes. Truncated file?
VLOG[2] (compute-mfcc-feats[5.5.1182~1-e02e3]:main():compute-mfcc-feats.cc:182) Processed features for key common_voice_lt_37044773
WARNING (compute-mfcc-feats[5.5.1182~1-e02e3]:Read():wave-reader.cc:304) Expected 201600 bytes of wave data, but read only 200448 bytes. Truncated file?
VLOG[2] (compute-mfcc-feats[5.5.1182~1-e02e3]:main():compute-mfcc-feats.cc:182) Processed features for key common_voice_lt_37044774
WARNING (compute-mfcc-feats[5.5.1182~1-e02e3]:Read():wave-reader.cc:304) Expected 99072 bytes of wave data, but read only 97920 bytes. Truncated file?
VLOG[2] (compute-mfcc-feats[5.5.1182~1-e02e3]:main():compute-mfcc-feats.cc:182) Processed features for key common_voice_lt_37044775
WARNING (compute-mfcc-feats[5.5.1182~1-e02e3]:Read():wave-reader.cc:304) Expected 162432 bytes of wave data, but read only 161280 bytes. Truncated file?
VLOG[2] (compute-mfcc-feats[5.5.1182~1-e02e3]:main():compute-mfcc-feats.cc:182) Processed features for key common_voice_lt_37044776
WARNING (compute-mfcc-feats[5.5.1182~1-e02e3]:Read():wave-reader.cc:304) Expected 147456 bytes of wave data, but read only 146304 bytes. Truncated file?
VLOG[2] (compute-mfcc-feats[5.5.1182~1-e02e3]:main():compute-mfcc-feats.cc:182) Processed features for key common_voice_lt_37044777
WARNING (compute-mfcc-feats[5.5.1182~1-e02e3]:Read():wave-reader.cc:304) Expected 190080 bytes of wave data, but read only 188928 bytes. Truncated file?
VLOG[2] (compute-mfcc-feats[5.5.1182~1-e02e3]:main():compute-mfcc-feats.cc:182) Processed features for key common_voice_lt_37044783
WARNING (compute-mfcc-feats[5.5.1182~1-e02e3]:Read():wave-reader.cc:304) Expected 191232 bytes of wave data, but read only 190080 bytes. Truncated file?
VLOG[2] (compute-mfcc-feats[5.5.1182~1-e02e3]:main():compute-mfcc-feats.cc:182) Processed features for key common_voice_lt_37044784
WARNING (compute-mfcc-feats[5.5.1182~1-e02e3]:Read():wave-reader.cc:304) Expected 120960 bytes of wave data, but read only 119808 bytes. Truncated file?
LOG (compute-mfcc-feats[5.5.1182~1-e02e3]:main():compute-mfcc-feats.cc:181) Processed 890 utterances
VLOG[2] (compute-mfcc-feats[5.5.1182~1-e02e3]:main():compute-mfcc-feats.cc:182) Processed features for key common_voice_lt_37044785
WARNING (compute-mfcc-feats[5.5.1182~1-e02e3]:Read():wave-reader.cc:304) Expected 207360 bytes of wave data, but read only 206208 bytes. Truncated file?
VLOG[2] (compute-mfcc-feats[5.5.1182~1-e02e3]:main():compute-mfcc-feats.cc:182) Processed features for key common_voice_lt_37044786
WARNING (compute-mfcc-feats[5.5.1182~1-e02e3]:Read():wave-reader.cc:304) Expected 150912 bytes of wave data, but read only 149760 bytes. Truncated file?
VLOG[2] (compute-mfcc-feats[5.5.1182~1-e02e3]:main():compute-mfcc-feats.cc:182) Processed features for key common_voice_lt_37044787
WARNING (compute-mfcc-feats[5.5.1182~1-e02e3]:Read():wave-reader.cc:304) Expected 127872 bytes of wave data, but read only 126720 bytes. Truncated file?
VLOG[2] (compute-mfcc-feats[5.5.1182~1-e02e3]:main():compute-mfcc-feats.cc:182) Processed features for key common_voice_lt_37044798
WARNING (compute-mfcc-feats[5.5.1182~1-e02e3]:Read():wave-reader.cc:304) Expected 251136 bytes of wave data, but read only 249984 bytes. Truncated file?
VLOG[2] (compute-mfcc-feats[5.5.1182~1-e02e3]:main():compute-mfcc-feats.cc:182) Processed features for key common_voice_lt_37044800
WARNING (compute-mfcc-feats[5.5.1182~1-e02e3]:Read():wave-reader.cc:304) Expected 145152 bytes of wave data, but read only 144000 bytes. Truncated file?
VLOG[2] (compute-mfcc-feats[5.5.1182~1-e02e3]:main():compute-mfcc-feats.cc:182) Processed features for key common_voice_lt_37044802
WARNING (compute-mfcc-feats[5.5.1182~1-e02e3]:Read():wave-reader.cc:304) Expected 120960 bytes of wave data, but read only 119808 bytes. Truncated file?
VLOG[2] (compute-mfcc-feats[5.5.1182~1-e02e3]:main():compute-mfcc-feats.cc:182) Processed features for key common_voice_lt_37044805
WARNING (compute-mfcc-feats[5.5.1182~1-e02e3]:Read():wave-reader.cc:304) Expected 185472 bytes of wave data, but read only 184320 bytes. Truncated file?
VLOG[2] (compute-mfcc-feats[5.5.1182~1-e02e3]:main():compute-mfcc-feats.cc:182) Processed features for key common_voice_lt_37044807
WARNING (compute-mfcc-feats[5.5.1182~1-e02e3]:Read():wave-reader.cc:304) Expected 187776 bytes of wave data, but read only 186624 bytes. Truncated file?
VLOG[2] (compute-mfcc-feats[5.5.1182~1-e02e3]:main():compute-mfcc-feats.cc:182) Processed features for key common_voice_lt_37044823
WARNING (compute-mfcc-feats[5.5.1182~1-e02e3]:Read():wave-reader.cc:304) Expected 222336 bytes of wave data, but read only 221184 bytes. Truncated file?
VLOG[2] (compute-mfcc-feats[5.5.1182~1-e02e3]:main():compute-mfcc-feats.cc:182) Processed features for key common_voice_lt_37044824
WARNING (compute-mfcc-feats[5.5.1182~1-e02e3]:Read():wave-reader.cc:304) Expected 145152 bytes of wave data, but read only 144000 bytes. Truncated file?
LOG (compute-mfcc-feats[5.5.1182~1-e02e3]:main():compute-mfcc-feats.cc:181) Processed 900 utterances
VLOG[2] (compute-mfcc-feats[5.5.1182~1-e02e3]:main():compute-mfcc-feats.cc:182) Processed features for key common_voice_lt_37044825
WARNING (compute-mfcc-feats[5.5.1182~1-e02e3]:Read():wave-reader.cc:304) Expected 173952 bytes of wave data, but read only 172800 bytes. Truncated file?
VLOG[2] (compute-mfcc-feats[5.5.1182~1-e02e3]:main():compute-mfcc-feats.cc:182) Processed features for key common_voice_lt_37044826
WARNING (compute-mfcc-feats[5.5.1182~1-e02e3]:Read():wave-reader.cc:304) Expected 118656 bytes of wave data, but read only 117504 bytes. Truncated file?
VLOG[2] (compute-mfcc-feats[5.5.1182~1-e02e3]:main():compute-mfcc-feats.cc:182) Processed features for key common_voice_lt_37044827
WARNING (compute-mfcc-feats[5.5.1182~1-e02e3]:Read():wave-reader.cc:304) Expected 184320 bytes of wave data, but read only 183168 bytes. Truncated file?
VLOG[2] (compute-mfcc-feats[5.5.1182~1-e02e3]:main():compute-mfcc-feats.cc:182) Processed features for key common_voice_lt_37044828
WARNING (compute-mfcc-feats[5.5.1182~1-e02e3]:Read():wave-reader.cc:304) Expected 118656 bytes of wave data, but read only 117504 bytes. Truncated file?
VLOG[2] (compute-mfcc-feats[5.5.1182~1-e02e3]:main():compute-mfcc-feats.cc:182) Processed features for key common_voice_lt_37044829
WARNING (compute-mfcc-feats[5.5.1182~1-e02e3]:Read():wave-reader.cc:304) Expected 161280 bytes of wave data, but read only 160128 bytes. Truncated file?
VLOG[2] (compute-mfcc-feats[5.5.1182~1-e02e3]:main():compute-mfcc-feats.cc:182) Processed features for key common_voice_lt_37044835
WARNING (compute-mfcc-feats[5.5.1182~1-e02e3]:Read():wave-reader.cc:304) Expected 118656 bytes of wave data, but read only 117504 bytes. Truncated file?
VLOG[2] (compute-mfcc-feats[5.5.1182~1-e02e3]:main():compute-mfcc-feats.cc:182) Processed features for key common_voice_lt_37044836
LOG (compute-mfcc-feats[5.5.1182~1-e02e3]:main():compute-mfcc-feats.cc:185)  Done 906 out of 906 utterances.
LOG (copy-feats[5.5.1182~1-e02e3]:main():copy-feats.cc:143) Copied 906 feature matrices.
# Accounting: time=17 threads=1
# Ended (code 0) at Wed Jan 14 11:21:59 EET 2026, elapsed time 17 seconds
