# compute-mfcc-feats --write-utt2dur=ark,t:exp/make_mfcc/train/utt2dur.10 --verbose=2 --config=conf/mfcc.conf scp,p:exp/make_mfcc/train/wav_train.10.scp ark:- | copy-feats --write-num-frames=ark,t:exp/make_mfcc/train/utt2num_frames.10 --compress=true ark:- ark,scp:/root/magistras/kaldi-trunk/egs/lt_magistras/s5/mfcc/raw_mfcc_train.10.ark,/root/magistras/kaldi-trunk/egs/lt_magistras/s5/mfcc/raw_mfcc_train.10.scp 
# Started at Wed Jan 14 11:21:42 EET 2026
#
copy-feats --write-num-frames=ark,t:exp/make_mfcc/train/utt2num_frames.10 --compress=true ark:- ark,scp:/root/magistras/kaldi-trunk/egs/lt_magistras/s5/mfcc/raw_mfcc_train.10.ark,/root/magistras/kaldi-trunk/egs/lt_magistras/s5/mfcc/raw_mfcc_train.10.scp 
compute-mfcc-feats --write-utt2dur=ark,t:exp/make_mfcc/train/utt2dur.10 --verbose=2 --config=conf/mfcc.conf scp,p:exp/make_mfcc/train/wav_train.10.scp ark:- 
WARNING (compute-mfcc-feats[5.5.1182~1-e02e3]:Read():wave-reader.cc:304) Expected 127872 bytes of wave data, but read only 126720 bytes. Truncated file?
VLOG[2] (compute-mfcc-feats[5.5.1182~1-e02e3]:main():compute-mfcc-feats.cc:182) Processed features for key common_voice_lt_40910942
WARNING (compute-mfcc-feats[5.5.1182~1-e02e3]:Read():wave-reader.cc:304) Expected 112896 bytes of wave data, but read only 111744 bytes. Truncated file?
VLOG[2] (compute-mfcc-feats[5.5.1182~1-e02e3]:main():compute-mfcc-feats.cc:182) Processed features for key common_voice_lt_40910944
WARNING (compute-mfcc-feats[5.5.1182~1-e02e3]:Read():wave-reader.cc:304) Expected 256896 bytes of wave data, but read only 255744 bytes. Truncated file?
VLOG[2] (compute-mfcc-feats[5.5.1182~1-e02e3]:main():compute-mfcc-feats.cc:182) Processed features for key common_voice_lt_40910955
WARNING (compute-mfcc-feats[5.5.1182~1-e02e3]:Read():wave-reader.cc:304) Expected 178560 bytes of wave data, but read only 177408 bytes. Truncated file?
VLOG[2] (compute-mfcc-feats[5.5.1182~1-e02e3]:main():compute-mfcc-feats.cc:182) Processed features for key common_voice_lt_40910957
WARNING (compute-mfcc-feats[5.5.1182~1-e02e3]:Read():wave-reader.cc:304) Expected 230400 bytes of wave data, but read only 229248 bytes. Truncated file?
VLOG[2] (compute-mfcc-feats[5.5.1182~1-e02e3]:main():compute-mfcc-feats.cc:182) Processed features for key common_voice_lt_40910964
WARNING (compute-mfcc-feats[5.5.1182~1-e02e3]:Read():wave-reader.cc:304) Expected 178560 bytes of wave data, but read only 177408 bytes. Truncated file?
VLOG[2] (compute-mfcc-feats[5.5.1182~1-e02e3]:main():compute-mfcc-feats.cc:182) Processed features for key common_voice_lt_40910967
WARNING (compute-mfcc-feats[5.5.1182~1-e02e3]:Read():wave-reader.cc:304) Expected 122112 bytes of wave data, but read only 120960 bytes. Truncated file?
VLOG[2] (compute-mfcc-feats[5.5.1182~1-e02e3]:main():compute-mfcc-feats.cc:182) Processed features for key common_voice_lt_40910969
WARNING (compute-mfcc-feats[5.5.1182~1-e02e3]:Read():wave-reader.cc:304) Expected 132480 bytes of wave data, but read only 131328 bytes. Truncated file?
VLOG[2] (compute-mfcc-feats[5.5.1182~1-e02e3]:main():compute-mfcc-feats.cc:182) Processed features for key common_voice_lt_40910971
WARNING (compute-mfcc-feats[5.5.1182~1-e02e3]:Read():wave-reader.cc:304) Expected 225792 bytes of wave data, but read only 224640 bytes. Truncated file?
VLOG[2] (compute-mfcc-feats[5.5.1182~1-e02e3]:main():compute-mfcc-feats.cc:182) Processed features for key common_voice_lt_40910984
WARNING (compute-mfcc-feats[5.5.1182~1-e02e3]:Read():wave-reader.cc:304) Expected 276480 bytes of wave data, but read only 275328 bytes. Truncated file?
LOG (compute-mfcc-feats[5.5.1182~1-e02e3]:main():compute-mfcc-feats.cc:181) Processed 10 utterances
VLOG[2] (compute-mfcc-feats[5.5.1182~1-e02e3]:main():compute-mfcc-feats.cc:182) Processed features for key common_voice_lt_40910985
WARNING (compute-mfcc-feats[5.5.1182~1-e02e3]:Read():wave-reader.cc:304) Expected 135936 bytes of wave data, but read only 134784 bytes. Truncated file?
VLOG[2] (compute-mfcc-feats[5.5.1182~1-e02e3]:main():compute-mfcc-feats.cc:182) Processed features for key common_voice_lt_40910991
WARNING (compute-mfcc-feats[5.5.1182~1-e02e3]:Read():wave-reader.cc:304) Expected 208512 bytes of wave data, but read only 207360 bytes. Truncated file?
VLOG[2] (compute-mfcc-feats[5.5.1182~1-e02e3]:main():compute-mfcc-feats.cc:182) Processed features for key common_voice_lt_40910992
WARNING (compute-mfcc-feats[5.5.1182~1-e02e3]:Read():wave-reader.cc:304) Expected 149760 bytes of wave data, but read only 148608 bytes. Truncated file?
VLOG[2] (compute-mfcc-feats[5.5.1182~1-e02e3]:main():compute-mfcc-feats.cc:182) Processed features for key common_voice_lt_40910993
WARNING (compute-mfcc-feats[5.5.1182~1-e02e3]:Read():wave-reader.cc:304) Expected 207360 bytes of wave data, but read only 206208 bytes. Truncated file?
VLOG[2] (compute-mfcc-feats[5.5.1182~1-e02e3]:main():compute-mfcc-feats.cc:182) Processed features for key common_voice_lt_40911006
WARNING (compute-mfcc-feats[5.5.1182~1-e02e3]:Read():wave-reader.cc:304) Expected 164736 bytes of wave data, but read only 163584 bytes. Truncated file?
VLOG[2] (compute-mfcc-feats[5.5.1182~1-e02e3]:main():compute-mfcc-feats.cc:182) Processed features for key common_voice_lt_40911007
WARNING (compute-mfcc-feats[5.5.1182~1-e02e3]:Read():wave-reader.cc:304) Expected 158976 bytes of wave data, but read only 157824 bytes. Truncated file?
VLOG[2] (compute-mfcc-feats[5.5.1182~1-e02e3]:main():compute-mfcc-feats.cc:182) Processed features for key common_voice_lt_40911009
WARNING (compute-mfcc-feats[5.5.1182~1-e02e3]:Read():wave-reader.cc:304) Expected 195840 bytes of wave data, but read only 194688 bytes. Truncated file?
VLOG[2] (compute-mfcc-feats[5.5.1182~1-e02e3]:main():compute-mfcc-feats.cc:182) Processed features for key common_voice_lt_40911014
WARNING (compute-mfcc-feats[5.5.1182~1-e02e3]:Read():wave-reader.cc:304) Expected 196992 bytes of wave data, but read only 195840 bytes. Truncated file?
VLOG[2] (compute-mfcc-feats[5.5.1182~1-e02e3]:main():compute-mfcc-feats.cc:182) Processed features for key common_voice_lt_40911061
WARNING (compute-mfcc-feats[5.5.1182~1-e02e3]:Read():wave-reader.cc:304) Expected 224640 bytes of wave data, but read only 223488 bytes. Truncated file?
VLOG[2] (compute-mfcc-feats[5.5.1182~1-e02e3]:main():compute-mfcc-feats.cc:182) Processed features for key common_voice_lt_40911062
WARNING (compute-mfcc-feats[5.5.1182~1-e02e3]:Read():wave-reader.cc:304) Expected 162432 bytes of wave data, but read only 161280 bytes. Truncated file?
LOG (compute-mfcc-feats[5.5.1182~1-e02e3]:main():compute-mfcc-feats.cc:181) Processed 20 utterances
VLOG[2] (compute-mfcc-feats[5.5.1182~1-e02e3]:main():compute-mfcc-feats.cc:182) Processed features for key common_voice_lt_40911071
WARNING (compute-mfcc-feats[5.5.1182~1-e02e3]:Read():wave-reader.cc:304) Expected 237312 bytes of wave data, but read only 236160 bytes. Truncated file?
VLOG[2] (compute-mfcc-feats[5.5.1182~1-e02e3]:main():compute-mfcc-feats.cc:182) Processed features for key common_voice_lt_40911072
WARNING (compute-mfcc-feats[5.5.1182~1-e02e3]:Read():wave-reader.cc:304) Expected 173952 bytes of wave data, but read only 172800 bytes. Truncated file?
VLOG[2] (compute-mfcc-feats[5.5.1182~1-e02e3]:main():compute-mfcc-feats.cc:182) Processed features for key common_voice_lt_40911073
WARNING (compute-mfcc-feats[5.5.1182~1-e02e3]:Read():wave-reader.cc:304) Expected 164736 bytes of wave data, but read only 163584 bytes. Truncated file?
VLOG[2] (compute-mfcc-feats[5.5.1182~1-e02e3]:main():compute-mfcc-feats.cc:182) Processed features for key common_voice_lt_40911089
WARNING (compute-mfcc-feats[5.5.1182~1-e02e3]:Read():wave-reader.cc:304) Expected 158976 bytes of wave data, but read only 157824 bytes. Truncated file?
VLOG[2] (compute-mfcc-feats[5.5.1182~1-e02e3]:main():compute-mfcc-feats.cc:182) Processed features for key common_voice_lt_40911091
WARNING (compute-mfcc-feats[5.5.1182~1-e02e3]:Read():wave-reader.cc:304) Expected 139392 bytes of wave data, but read only 138240 bytes. Truncated file?
VLOG[2] (compute-mfcc-feats[5.5.1182~1-e02e3]:main():compute-mfcc-feats.cc:182) Processed features for key common_voice_lt_40911093
WARNING (compute-mfcc-feats[5.5.1182~1-e02e3]:Read():wave-reader.cc:304) Expected 156672 bytes of wave data, but read only 155520 bytes. Truncated file?
VLOG[2] (compute-mfcc-feats[5.5.1182~1-e02e3]:main():compute-mfcc-feats.cc:182) Processed features for key common_voice_lt_40911099
WARNING (compute-mfcc-feats[5.5.1182~1-e02e3]:Read():wave-reader.cc:304) Expected 150912 bytes of wave data, but read only 149760 bytes. Truncated file?
VLOG[2] (compute-mfcc-feats[5.5.1182~1-e02e3]:main():compute-mfcc-feats.cc:182) Processed features for key common_voice_lt_40911100
WARNING (compute-mfcc-feats[5.5.1182~1-e02e3]:Read():wave-reader.cc:304) Expected 256896 bytes of wave data, but read only 255744 bytes. Truncated file?
VLOG[2] (compute-mfcc-feats[5.5.1182~1-e02e3]:main():compute-mfcc-feats.cc:182) Processed features for key common_voice_lt_40911111
WARNING (compute-mfcc-feats[5.5.1182~1-e02e3]:Read():wave-reader.cc:304) Expected 291456 bytes of wave data, but read only 290304 bytes. Truncated file?
VLOG[2] (compute-mfcc-feats[5.5.1182~1-e02e3]:main():compute-mfcc-feats.cc:182) Processed features for key common_voice_lt_40911112
WARNING (compute-mfcc-feats[5.5.1182~1-e02e3]:Read():wave-reader.cc:304) Expected 164736 bytes of wave data, but read only 163584 bytes. Truncated file?
LOG (compute-mfcc-feats[5.5.1182~1-e02e3]:main():compute-mfcc-feats.cc:181) Processed 30 utterances
VLOG[2] (compute-mfcc-feats[5.5.1182~1-e02e3]:main():compute-mfcc-feats.cc:182) Processed features for key common_voice_lt_40911114
WARNING (compute-mfcc-feats[5.5.1182~1-e02e3]:Read():wave-reader.cc:304) Expected 147456 bytes of wave data, but read only 146304 bytes. Truncated file?
VLOG[2] (compute-mfcc-feats[5.5.1182~1-e02e3]:main():compute-mfcc-feats.cc:182) Processed features for key common_voice_lt_40911115
WARNING (compute-mfcc-feats[5.5.1182~1-e02e3]:Read():wave-reader.cc:304) Expected 139392 bytes of wave data, but read only 138240 bytes. Truncated file?
VLOG[2] (compute-mfcc-feats[5.5.1182~1-e02e3]:main():compute-mfcc-feats.cc:182) Processed features for key common_voice_lt_40911118
WARNING (compute-mfcc-feats[5.5.1182~1-e02e3]:Read():wave-reader.cc:304) Expected 135936 bytes of wave data, but read only 134784 bytes. Truncated file?
VLOG[2] (compute-mfcc-feats[5.5.1182~1-e02e3]:main():compute-mfcc-feats.cc:182) Processed features for key common_voice_lt_40911123
WARNING (compute-mfcc-feats[5.5.1182~1-e02e3]:Read():wave-reader.cc:304) Expected 205056 bytes of wave data, but read only 203904 bytes. Truncated file?
VLOG[2] (compute-mfcc-feats[5.5.1182~1-e02e3]:main():compute-mfcc-feats.cc:182) Processed features for key common_voice_lt_40911134
WARNING (compute-mfcc-feats[5.5.1182~1-e02e3]:Read():wave-reader.cc:304) Expected 179712 bytes of wave data, but read only 178560 bytes. Truncated file?
VLOG[2] (compute-mfcc-feats[5.5.1182~1-e02e3]:main():compute-mfcc-feats.cc:182) Processed features for key common_voice_lt_40911137
WARNING (compute-mfcc-feats[5.5.1182~1-e02e3]:Read():wave-reader.cc:304) Expected 145152 bytes of wave data, but read only 144000 bytes. Truncated file?
VLOG[2] (compute-mfcc-feats[5.5.1182~1-e02e3]:main():compute-mfcc-feats.cc:182) Processed features for key common_voice_lt_40911147
WARNING (compute-mfcc-feats[5.5.1182~1-e02e3]:Read():wave-reader.cc:304) Expected 210816 bytes of wave data, but read only 209664 bytes. Truncated file?
VLOG[2] (compute-mfcc-feats[5.5.1182~1-e02e3]:main():compute-mfcc-feats.cc:182) Processed features for key common_voice_lt_40911148
WARNING (compute-mfcc-feats[5.5.1182~1-e02e3]:Read():wave-reader.cc:304) Expected 132480 bytes of wave data, but read only 131328 bytes. Truncated file?
VLOG[2] (compute-mfcc-feats[5.5.1182~1-e02e3]:main():compute-mfcc-feats.cc:182) Processed features for key common_voice_lt_40911188
WARNING (compute-mfcc-feats[5.5.1182~1-e02e3]:Read():wave-reader.cc:304) Expected 127872 bytes of wave data, but read only 126720 bytes. Truncated file?
VLOG[2] (compute-mfcc-feats[5.5.1182~1-e02e3]:main():compute-mfcc-feats.cc:182) Processed features for key common_voice_lt_40911189
WARNING (compute-mfcc-feats[5.5.1182~1-e02e3]:Read():wave-reader.cc:304) Expected 127872 bytes of wave data, but read only 126720 bytes. Truncated file?
LOG (compute-mfcc-feats[5.5.1182~1-e02e3]:main():compute-mfcc-feats.cc:181) Processed 40 utterances
VLOG[2] (compute-mfcc-feats[5.5.1182~1-e02e3]:main():compute-mfcc-feats.cc:182) Processed features for key common_voice_lt_40911190
WARNING (compute-mfcc-feats[5.5.1182~1-e02e3]:Read():wave-reader.cc:304) Expected 133632 bytes of wave data, but read only 132480 bytes. Truncated file?
VLOG[2] (compute-mfcc-feats[5.5.1182~1-e02e3]:main():compute-mfcc-feats.cc:182) Processed features for key common_voice_lt_40911191
WARNING (compute-mfcc-feats[5.5.1182~1-e02e3]:Read():wave-reader.cc:304) Expected 168192 bytes of wave data, but read only 167040 bytes. Truncated file?
VLOG[2] (compute-mfcc-feats[5.5.1182~1-e02e3]:main():compute-mfcc-feats.cc:182) Processed features for key common_voice_lt_40911192
WARNING (compute-mfcc-feats[5.5.1182~1-e02e3]:Read():wave-reader.cc:304) Expected 130176 bytes of wave data, but read only 129024 bytes. Truncated file?
VLOG[2] (compute-mfcc-feats[5.5.1182~1-e02e3]:main():compute-mfcc-feats.cc:182) Processed features for key common_voice_lt_40911198
WARNING (compute-mfcc-feats[5.5.1182~1-e02e3]:Read():wave-reader.cc:304) Expected 179712 bytes of wave data, but read only 178560 bytes. Truncated file?
VLOG[2] (compute-mfcc-feats[5.5.1182~1-e02e3]:main():compute-mfcc-feats.cc:182) Processed features for key common_voice_lt_40911202
WARNING (compute-mfcc-feats[5.5.1182~1-e02e3]:Read():wave-reader.cc:304) Expected 135936 bytes of wave data, but read only 134784 bytes. Truncated file?
VLOG[2] (compute-mfcc-feats[5.5.1182~1-e02e3]:main():compute-mfcc-feats.cc:182) Processed features for key common_voice_lt_40911203
WARNING (compute-mfcc-feats[5.5.1182~1-e02e3]:Read():wave-reader.cc:304) Expected 130176 bytes of wave data, but read only 129024 bytes. Truncated file?
VLOG[2] (compute-mfcc-feats[5.5.1182~1-e02e3]:main():compute-mfcc-feats.cc:182) Processed features for key common_voice_lt_40911206
WARNING (compute-mfcc-feats[5.5.1182~1-e02e3]:Read():wave-reader.cc:304) Expected 195840 bytes of wave data, but read only 194688 bytes. Truncated file?
VLOG[2] (compute-mfcc-feats[5.5.1182~1-e02e3]:main():compute-mfcc-feats.cc:182) Processed features for key common_voice_lt_40911215
WARNING (compute-mfcc-feats[5.5.1182~1-e02e3]:Read():wave-reader.cc:304) Expected 190080 bytes of wave data, but read only 188928 bytes. Truncated file?
VLOG[2] (compute-mfcc-feats[5.5.1182~1-e02e3]:main():compute-mfcc-feats.cc:182) Processed features for key common_voice_lt_40911217
WARNING (compute-mfcc-feats[5.5.1182~1-e02e3]:Read():wave-reader.cc:304) Expected 132480 bytes of wave data, but read only 131328 bytes. Truncated file?
VLOG[2] (compute-mfcc-feats[5.5.1182~1-e02e3]:main():compute-mfcc-feats.cc:182) Processed features for key common_voice_lt_40911219
WARNING (compute-mfcc-feats[5.5.1182~1-e02e3]:Read():wave-reader.cc:304) Expected 237312 bytes of wave data, but read only 236160 bytes. Truncated file?
LOG (compute-mfcc-feats[5.5.1182~1-e02e3]:main():compute-mfcc-feats.cc:181) Processed 50 utterances
VLOG[2] (compute-mfcc-feats[5.5.1182~1-e02e3]:main():compute-mfcc-feats.cc:182) Processed features for key common_voice_lt_40911221
WARNING (compute-mfcc-feats[5.5.1182~1-e02e3]:Read():wave-reader.cc:304) Expected 149760 bytes of wave data, but read only 148608 bytes. Truncated file?
VLOG[2] (compute-mfcc-feats[5.5.1182~1-e02e3]:main():compute-mfcc-feats.cc:182) Processed features for key common_voice_lt_40911225
WARNING (compute-mfcc-feats[5.5.1182~1-e02e3]:Read():wave-reader.cc:304) Expected 126720 bytes of wave data, but read only 125568 bytes. Truncated file?
VLOG[2] (compute-mfcc-feats[5.5.1182~1-e02e3]:main():compute-mfcc-feats.cc:182) Processed features for key common_voice_lt_40911227
WARNING (compute-mfcc-feats[5.5.1182~1-e02e3]:Read():wave-reader.cc:304) Expected 182016 bytes of wave data, but read only 180864 bytes. Truncated file?
VLOG[2] (compute-mfcc-feats[5.5.1182~1-e02e3]:main():compute-mfcc-feats.cc:182) Processed features for key common_voice_lt_40911229
WARNING (compute-mfcc-feats[5.5.1182~1-e02e3]:Read():wave-reader.cc:304) Expected 187776 bytes of wave data, but read only 186624 bytes. Truncated file?
VLOG[2] (compute-mfcc-feats[5.5.1182~1-e02e3]:main():compute-mfcc-feats.cc:182) Processed features for key common_voice_lt_40911230
WARNING (compute-mfcc-feats[5.5.1182~1-e02e3]:Read():wave-reader.cc:304) Expected 126720 bytes of wave data, but read only 125568 bytes. Truncated file?
VLOG[2] (compute-mfcc-feats[5.5.1182~1-e02e3]:main():compute-mfcc-feats.cc:182) Processed features for key common_voice_lt_40911231
WARNING (compute-mfcc-feats[5.5.1182~1-e02e3]:Read():wave-reader.cc:304) Expected 138240 bytes of wave data, but read only 137088 bytes. Truncated file?
VLOG[2] (compute-mfcc-feats[5.5.1182~1-e02e3]:main():compute-mfcc-feats.cc:182) Processed features for key common_voice_lt_40911232
WARNING (compute-mfcc-feats[5.5.1182~1-e02e3]:Read():wave-reader.cc:304) Expected 126720 bytes of wave data, but read only 125568 bytes. Truncated file?
VLOG[2] (compute-mfcc-feats[5.5.1182~1-e02e3]:main():compute-mfcc-feats.cc:182) Processed features for key common_voice_lt_40911233
WARNING (compute-mfcc-feats[5.5.1182~1-e02e3]:Read():wave-reader.cc:304) Expected 133632 bytes of wave data, but read only 132480 bytes. Truncated file?
VLOG[2] (compute-mfcc-feats[5.5.1182~1-e02e3]:main():compute-mfcc-feats.cc:182) Processed features for key common_voice_lt_40911235
WARNING (compute-mfcc-feats[5.5.1182~1-e02e3]:Read():wave-reader.cc:304) Expected 155520 bytes of wave data, but read only 154368 bytes. Truncated file?
VLOG[2] (compute-mfcc-feats[5.5.1182~1-e02e3]:main():compute-mfcc-feats.cc:182) Processed features for key common_voice_lt_40911236
WARNING (compute-mfcc-feats[5.5.1182~1-e02e3]:Read():wave-reader.cc:304) Expected 133632 bytes of wave data, but read only 132480 bytes. Truncated file?
LOG (compute-mfcc-feats[5.5.1182~1-e02e3]:main():compute-mfcc-feats.cc:181) Processed 60 utterances
VLOG[2] (compute-mfcc-feats[5.5.1182~1-e02e3]:main():compute-mfcc-feats.cc:182) Processed features for key common_voice_lt_40911237
WARNING (compute-mfcc-feats[5.5.1182~1-e02e3]:Read():wave-reader.cc:304) Expected 132480 bytes of wave data, but read only 131328 bytes. Truncated file?
VLOG[2] (compute-mfcc-feats[5.5.1182~1-e02e3]:main():compute-mfcc-feats.cc:182) Processed features for key common_voice_lt_40911238
WARNING (compute-mfcc-feats[5.5.1182~1-e02e3]:Read():wave-reader.cc:304) Expected 184320 bytes of wave data, but read only 183168 bytes. Truncated file?
VLOG[2] (compute-mfcc-feats[5.5.1182~1-e02e3]:main():compute-mfcc-feats.cc:182) Processed features for key common_voice_lt_40911239
WARNING (compute-mfcc-feats[5.5.1182~1-e02e3]:Read():wave-reader.cc:304) Expected 216576 bytes of wave data, but read only 215424 bytes. Truncated file?
VLOG[2] (compute-mfcc-feats[5.5.1182~1-e02e3]:main():compute-mfcc-feats.cc:182) Processed features for key common_voice_lt_40911240
WARNING (compute-mfcc-feats[5.5.1182~1-e02e3]:Read():wave-reader.cc:304) Expected 127872 bytes of wave data, but read only 126720 bytes. Truncated file?
VLOG[2] (compute-mfcc-feats[5.5.1182~1-e02e3]:main():compute-mfcc-feats.cc:182) Processed features for key common_voice_lt_40911241
WARNING (compute-mfcc-feats[5.5.1182~1-e02e3]:Read():wave-reader.cc:304) Expected 150912 bytes of wave data, but read only 149760 bytes. Truncated file?
VLOG[2] (compute-mfcc-feats[5.5.1182~1-e02e3]:main():compute-mfcc-feats.cc:182) Processed features for key common_voice_lt_40911243
WARNING (compute-mfcc-feats[5.5.1182~1-e02e3]:Read():wave-reader.cc:304) Expected 172800 bytes of wave data, but read only 171648 bytes. Truncated file?
VLOG[2] (compute-mfcc-feats[5.5.1182~1-e02e3]:main():compute-mfcc-feats.cc:182) Processed features for key common_voice_lt_40911244
WARNING (compute-mfcc-feats[5.5.1182~1-e02e3]:Read():wave-reader.cc:304) Expected 184320 bytes of wave data, but read only 183168 bytes. Truncated file?
VLOG[2] (compute-mfcc-feats[5.5.1182~1-e02e3]:main():compute-mfcc-feats.cc:182) Processed features for key common_voice_lt_40911245
WARNING (compute-mfcc-feats[5.5.1182~1-e02e3]:Read():wave-reader.cc:304) Expected 139392 bytes of wave data, but read only 138240 bytes. Truncated file?
VLOG[2] (compute-mfcc-feats[5.5.1182~1-e02e3]:main():compute-mfcc-feats.cc:182) Processed features for key common_voice_lt_40911248
WARNING (compute-mfcc-feats[5.5.1182~1-e02e3]:Read():wave-reader.cc:304) Expected 158976 bytes of wave data, but read only 157824 bytes. Truncated file?
VLOG[2] (compute-mfcc-feats[5.5.1182~1-e02e3]:main():compute-mfcc-feats.cc:182) Processed features for key common_voice_lt_40911249
WARNING (compute-mfcc-feats[5.5.1182~1-e02e3]:Read():wave-reader.cc:304) Expected 161280 bytes of wave data, but read only 160128 bytes. Truncated file?
LOG (compute-mfcc-feats[5.5.1182~1-e02e3]:main():compute-mfcc-feats.cc:181) Processed 70 utterances
VLOG[2] (compute-mfcc-feats[5.5.1182~1-e02e3]:main():compute-mfcc-feats.cc:182) Processed features for key common_voice_lt_40911250
WARNING (compute-mfcc-feats[5.5.1182~1-e02e3]:Read():wave-reader.cc:304) Expected 145152 bytes of wave data, but read only 144000 bytes. Truncated file?
VLOG[2] (compute-mfcc-feats[5.5.1182~1-e02e3]:main():compute-mfcc-feats.cc:182) Processed features for key common_voice_lt_40911252
WARNING (compute-mfcc-feats[5.5.1182~1-e02e3]:Read():wave-reader.cc:304) Expected 259200 bytes of wave data, but read only 258048 bytes. Truncated file?
VLOG[2] (compute-mfcc-feats[5.5.1182~1-e02e3]:main():compute-mfcc-feats.cc:182) Processed features for key common_voice_lt_40911253
WARNING (compute-mfcc-feats[5.5.1182~1-e02e3]:Read():wave-reader.cc:304) Expected 191232 bytes of wave data, but read only 190080 bytes. Truncated file?
VLOG[2] (compute-mfcc-feats[5.5.1182~1-e02e3]:main():compute-mfcc-feats.cc:182) Processed features for key common_voice_lt_40911254
WARNING (compute-mfcc-feats[5.5.1182~1-e02e3]:Read():wave-reader.cc:304) Expected 191232 bytes of wave data, but read only 190080 bytes. Truncated file?
VLOG[2] (compute-mfcc-feats[5.5.1182~1-e02e3]:main():compute-mfcc-feats.cc:182) Processed features for key common_voice_lt_40911260
WARNING (compute-mfcc-feats[5.5.1182~1-e02e3]:Read():wave-reader.cc:304) Expected 182016 bytes of wave data, but read only 180864 bytes. Truncated file?
VLOG[2] (compute-mfcc-feats[5.5.1182~1-e02e3]:main():compute-mfcc-feats.cc:182) Processed features for key common_voice_lt_40911261
WARNING (compute-mfcc-feats[5.5.1182~1-e02e3]:Read():wave-reader.cc:304) Expected 124416 bytes of wave data, but read only 123264 bytes. Truncated file?
VLOG[2] (compute-mfcc-feats[5.5.1182~1-e02e3]:main():compute-mfcc-feats.cc:182) Processed features for key common_voice_lt_40911263
WARNING (compute-mfcc-feats[5.5.1182~1-e02e3]:Read():wave-reader.cc:304) Expected 185472 bytes of wave data, but read only 184320 bytes. Truncated file?
VLOG[2] (compute-mfcc-feats[5.5.1182~1-e02e3]:main():compute-mfcc-feats.cc:182) Processed features for key common_voice_lt_40911264
WARNING (compute-mfcc-feats[5.5.1182~1-e02e3]:Read():wave-reader.cc:304) Expected 155520 bytes of wave data, but read only 154368 bytes. Truncated file?
VLOG[2] (compute-mfcc-feats[5.5.1182~1-e02e3]:main():compute-mfcc-feats.cc:182) Processed features for key common_voice_lt_40911266
WARNING (compute-mfcc-feats[5.5.1182~1-e02e3]:Read():wave-reader.cc:304) Expected 116352 bytes of wave data, but read only 115200 bytes. Truncated file?
VLOG[2] (compute-mfcc-feats[5.5.1182~1-e02e3]:main():compute-mfcc-feats.cc:182) Processed features for key common_voice_lt_40911268
WARNING (compute-mfcc-feats[5.5.1182~1-e02e3]:Read():wave-reader.cc:304) Expected 141696 bytes of wave data, but read only 140544 bytes. Truncated file?
LOG (compute-mfcc-feats[5.5.1182~1-e02e3]:main():compute-mfcc-feats.cc:181) Processed 80 utterances
VLOG[2] (compute-mfcc-feats[5.5.1182~1-e02e3]:main():compute-mfcc-feats.cc:182) Processed features for key common_voice_lt_40911269
WARNING (compute-mfcc-feats[5.5.1182~1-e02e3]:Read():wave-reader.cc:304) Expected 191232 bytes of wave data, but read only 190080 bytes. Truncated file?
VLOG[2] (compute-mfcc-feats[5.5.1182~1-e02e3]:main():compute-mfcc-feats.cc:182) Processed features for key common_voice_lt_40911271
WARNING (compute-mfcc-feats[5.5.1182~1-e02e3]:Read():wave-reader.cc:304) Expected 147456 bytes of wave data, but read only 146304 bytes. Truncated file?
VLOG[2] (compute-mfcc-feats[5.5.1182~1-e02e3]:main():compute-mfcc-feats.cc:182) Processed features for key common_voice_lt_40911273
WARNING (compute-mfcc-feats[5.5.1182~1-e02e3]:Read():wave-reader.cc:304) Expected 179712 bytes of wave data, but read only 178560 bytes. Truncated file?
VLOG[2] (compute-mfcc-feats[5.5.1182~1-e02e3]:main():compute-mfcc-feats.cc:182) Processed features for key common_voice_lt_40911274
WARNING (compute-mfcc-feats[5.5.1182~1-e02e3]:Read():wave-reader.cc:304) Expected 104832 bytes of wave data, but read only 103680 bytes. Truncated file?
VLOG[2] (compute-mfcc-feats[5.5.1182~1-e02e3]:main():compute-mfcc-feats.cc:182) Processed features for key common_voice_lt_40911275
WARNING (compute-mfcc-feats[5.5.1182~1-e02e3]:Read():wave-reader.cc:304) Expected 124416 bytes of wave data, but read only 123264 bytes. Truncated file?
VLOG[2] (compute-mfcc-feats[5.5.1182~1-e02e3]:main():compute-mfcc-feats.cc:182) Processed features for key common_voice_lt_40911277
WARNING (compute-mfcc-feats[5.5.1182~1-e02e3]:Read():wave-reader.cc:304) Expected 104832 bytes of wave data, but read only 103680 bytes. Truncated file?
VLOG[2] (compute-mfcc-feats[5.5.1182~1-e02e3]:main():compute-mfcc-feats.cc:182) Processed features for key common_voice_lt_40911279
WARNING (compute-mfcc-feats[5.5.1182~1-e02e3]:Read():wave-reader.cc:304) Expected 210816 bytes of wave data, but read only 209664 bytes. Truncated file?
VLOG[2] (compute-mfcc-feats[5.5.1182~1-e02e3]:main():compute-mfcc-feats.cc:182) Processed features for key common_voice_lt_40911281
WARNING (compute-mfcc-feats[5.5.1182~1-e02e3]:Read():wave-reader.cc:304) Expected 135936 bytes of wave data, but read only 134784 bytes. Truncated file?
VLOG[2] (compute-mfcc-feats[5.5.1182~1-e02e3]:main():compute-mfcc-feats.cc:182) Processed features for key common_voice_lt_40911282
WARNING (compute-mfcc-feats[5.5.1182~1-e02e3]:Read():wave-reader.cc:304) Expected 141696 bytes of wave data, but read only 140544 bytes. Truncated file?
VLOG[2] (compute-mfcc-feats[5.5.1182~1-e02e3]:main():compute-mfcc-feats.cc:182) Processed features for key common_voice_lt_40911284
WARNING (compute-mfcc-feats[5.5.1182~1-e02e3]:Read():wave-reader.cc:304) Expected 187776 bytes of wave data, but read only 186624 bytes. Truncated file?
LOG (compute-mfcc-feats[5.5.1182~1-e02e3]:main():compute-mfcc-feats.cc:181) Processed 90 utterances
VLOG[2] (compute-mfcc-feats[5.5.1182~1-e02e3]:main():compute-mfcc-feats.cc:182) Processed features for key common_voice_lt_40911285
WARNING (compute-mfcc-feats[5.5.1182~1-e02e3]:Read():wave-reader.cc:304) Expected 149760 bytes of wave data, but read only 148608 bytes. Truncated file?
VLOG[2] (compute-mfcc-feats[5.5.1182~1-e02e3]:main():compute-mfcc-feats.cc:182) Processed features for key common_voice_lt_40911286
WARNING (compute-mfcc-feats[5.5.1182~1-e02e3]:Read():wave-reader.cc:304) Expected 191232 bytes of wave data, but read only 190080 bytes. Truncated file?
VLOG[2] (compute-mfcc-feats[5.5.1182~1-e02e3]:main():compute-mfcc-feats.cc:182) Processed features for key common_voice_lt_40911290
WARNING (compute-mfcc-feats[5.5.1182~1-e02e3]:Read():wave-reader.cc:304) Expected 150912 bytes of wave data, but read only 149760 bytes. Truncated file?
VLOG[2] (compute-mfcc-feats[5.5.1182~1-e02e3]:main():compute-mfcc-feats.cc:182) Processed features for key common_voice_lt_40911304
WARNING (compute-mfcc-feats[5.5.1182~1-e02e3]:Read():wave-reader.cc:304) Expected 116352 bytes of wave data, but read only 115200 bytes. Truncated file?
VLOG[2] (compute-mfcc-feats[5.5.1182~1-e02e3]:main():compute-mfcc-feats.cc:182) Processed features for key common_voice_lt_40911310
WARNING (compute-mfcc-feats[5.5.1182~1-e02e3]:Read():wave-reader.cc:304) Expected 164736 bytes of wave data, but read only 163584 bytes. Truncated file?
VLOG[2] (compute-mfcc-feats[5.5.1182~1-e02e3]:main():compute-mfcc-feats.cc:182) Processed features for key common_voice_lt_40911312
WARNING (compute-mfcc-feats[5.5.1182~1-e02e3]:Read():wave-reader.cc:304) Expected 190080 bytes of wave data, but read only 188928 bytes. Truncated file?
VLOG[2] (compute-mfcc-feats[5.5.1182~1-e02e3]:main():compute-mfcc-feats.cc:182) Processed features for key common_voice_lt_40911313
WARNING (compute-mfcc-feats[5.5.1182~1-e02e3]:Read():wave-reader.cc:304) Expected 158976 bytes of wave data, but read only 157824 bytes. Truncated file?
VLOG[2] (compute-mfcc-feats[5.5.1182~1-e02e3]:main():compute-mfcc-feats.cc:182) Processed features for key common_voice_lt_40911315
WARNING (compute-mfcc-feats[5.5.1182~1-e02e3]:Read():wave-reader.cc:304) Expected 168192 bytes of wave data, but read only 167040 bytes. Truncated file?
VLOG[2] (compute-mfcc-feats[5.5.1182~1-e02e3]:main():compute-mfcc-feats.cc:182) Processed features for key common_voice_lt_40911316
WARNING (compute-mfcc-feats[5.5.1182~1-e02e3]:Read():wave-reader.cc:304) Expected 199296 bytes of wave data, but read only 198144 bytes. Truncated file?
VLOG[2] (compute-mfcc-feats[5.5.1182~1-e02e3]:main():compute-mfcc-feats.cc:182) Processed features for key common_voice_lt_40911320
WARNING (compute-mfcc-feats[5.5.1182~1-e02e3]:Read():wave-reader.cc:304) Expected 185472 bytes of wave data, but read only 184320 bytes. Truncated file?
LOG (compute-mfcc-feats[5.5.1182~1-e02e3]:main():compute-mfcc-feats.cc:181) Processed 100 utterances
VLOG[2] (compute-mfcc-feats[5.5.1182~1-e02e3]:main():compute-mfcc-feats.cc:182) Processed features for key common_voice_lt_40911327
WARNING (compute-mfcc-feats[5.5.1182~1-e02e3]:Read():wave-reader.cc:304) Expected 282240 bytes of wave data, but read only 281088 bytes. Truncated file?
VLOG[2] (compute-mfcc-feats[5.5.1182~1-e02e3]:main():compute-mfcc-feats.cc:182) Processed features for key common_voice_lt_40911329
WARNING (compute-mfcc-feats[5.5.1182~1-e02e3]:Read():wave-reader.cc:304) Expected 208512 bytes of wave data, but read only 207360 bytes. Truncated file?
VLOG[2] (compute-mfcc-feats[5.5.1182~1-e02e3]:main():compute-mfcc-feats.cc:182) Processed features for key common_voice_lt_40911330
WARNING (compute-mfcc-feats[5.5.1182~1-e02e3]:Read():wave-reader.cc:304) Expected 191232 bytes of wave data, but read only 190080 bytes. Truncated file?
VLOG[2] (compute-mfcc-feats[5.5.1182~1-e02e3]:main():compute-mfcc-feats.cc:182) Processed features for key common_voice_lt_40911331
WARNING (compute-mfcc-feats[5.5.1182~1-e02e3]:Read():wave-reader.cc:304) Expected 264960 bytes of wave data, but read only 263808 bytes. Truncated file?
VLOG[2] (compute-mfcc-feats[5.5.1182~1-e02e3]:main():compute-mfcc-feats.cc:182) Processed features for key common_voice_lt_40911332
WARNING (compute-mfcc-feats[5.5.1182~1-e02e3]:Read():wave-reader.cc:304) Expected 164736 bytes of wave data, but read only 163584 bytes. Truncated file?
VLOG[2] (compute-mfcc-feats[5.5.1182~1-e02e3]:main():compute-mfcc-feats.cc:182) Processed features for key common_voice_lt_40911333
WARNING (compute-mfcc-feats[5.5.1182~1-e02e3]:Read():wave-reader.cc:304) Expected 124416 bytes of wave data, but read only 123264 bytes. Truncated file?
VLOG[2] (compute-mfcc-feats[5.5.1182~1-e02e3]:main():compute-mfcc-feats.cc:182) Processed features for key common_voice_lt_40911335
WARNING (compute-mfcc-feats[5.5.1182~1-e02e3]:Read():wave-reader.cc:304) Expected 126720 bytes of wave data, but read only 125568 bytes. Truncated file?
VLOG[2] (compute-mfcc-feats[5.5.1182~1-e02e3]:main():compute-mfcc-feats.cc:182) Processed features for key common_voice_lt_40911336
WARNING (compute-mfcc-feats[5.5.1182~1-e02e3]:Read():wave-reader.cc:304) Expected 173952 bytes of wave data, but read only 172800 bytes. Truncated file?
VLOG[2] (compute-mfcc-feats[5.5.1182~1-e02e3]:main():compute-mfcc-feats.cc:182) Processed features for key common_voice_lt_40911337
WARNING (compute-mfcc-feats[5.5.1182~1-e02e3]:Read():wave-reader.cc:304) Expected 205056 bytes of wave data, but read only 203904 bytes. Truncated file?
VLOG[2] (compute-mfcc-feats[5.5.1182~1-e02e3]:main():compute-mfcc-feats.cc:182) Processed features for key common_voice_lt_40911338
WARNING (compute-mfcc-feats[5.5.1182~1-e02e3]:Read():wave-reader.cc:304) Expected 153216 bytes of wave data, but read only 152064 bytes. Truncated file?
LOG (compute-mfcc-feats[5.5.1182~1-e02e3]:main():compute-mfcc-feats.cc:181) Processed 110 utterances
VLOG[2] (compute-mfcc-feats[5.5.1182~1-e02e3]:main():compute-mfcc-feats.cc:182) Processed features for key common_voice_lt_40911342
WARNING (compute-mfcc-feats[5.5.1182~1-e02e3]:Read():wave-reader.cc:304) Expected 161280 bytes of wave data, but read only 160128 bytes. Truncated file?
VLOG[2] (compute-mfcc-feats[5.5.1182~1-e02e3]:main():compute-mfcc-feats.cc:182) Processed features for key common_voice_lt_40911345
WARNING (compute-mfcc-feats[5.5.1182~1-e02e3]:Read():wave-reader.cc:304) Expected 124416 bytes of wave data, but read only 123264 bytes. Truncated file?
VLOG[2] (compute-mfcc-feats[5.5.1182~1-e02e3]:main():compute-mfcc-feats.cc:182) Processed features for key common_voice_lt_40911346
WARNING (compute-mfcc-feats[5.5.1182~1-e02e3]:Read():wave-reader.cc:304) Expected 191232 bytes of wave data, but read only 190080 bytes. Truncated file?
VLOG[2] (compute-mfcc-feats[5.5.1182~1-e02e3]:main():compute-mfcc-feats.cc:182) Processed features for key common_voice_lt_40911347
WARNING (compute-mfcc-feats[5.5.1182~1-e02e3]:Read():wave-reader.cc:304) Expected 168192 bytes of wave data, but read only 167040 bytes. Truncated file?
VLOG[2] (compute-mfcc-feats[5.5.1182~1-e02e3]:main():compute-mfcc-feats.cc:182) Processed features for key common_voice_lt_40911348
WARNING (compute-mfcc-feats[5.5.1182~1-e02e3]:Read():wave-reader.cc:304) Expected 149760 bytes of wave data, but read only 148608 bytes. Truncated file?
VLOG[2] (compute-mfcc-feats[5.5.1182~1-e02e3]:main():compute-mfcc-feats.cc:182) Processed features for key common_voice_lt_40911349
WARNING (compute-mfcc-feats[5.5.1182~1-e02e3]:Read():wave-reader.cc:304) Expected 190080 bytes of wave data, but read only 188928 bytes. Truncated file?
VLOG[2] (compute-mfcc-feats[5.5.1182~1-e02e3]:main():compute-mfcc-feats.cc:182) Processed features for key common_voice_lt_40911351
WARNING (compute-mfcc-feats[5.5.1182~1-e02e3]:Read():wave-reader.cc:304) Expected 190080 bytes of wave data, but read only 188928 bytes. Truncated file?
VLOG[2] (compute-mfcc-feats[5.5.1182~1-e02e3]:main():compute-mfcc-feats.cc:182) Processed features for key common_voice_lt_40911352
WARNING (compute-mfcc-feats[5.5.1182~1-e02e3]:Read():wave-reader.cc:304) Expected 168192 bytes of wave data, but read only 167040 bytes. Truncated file?
VLOG[2] (compute-mfcc-feats[5.5.1182~1-e02e3]:main():compute-mfcc-feats.cc:182) Processed features for key common_voice_lt_40911353
WARNING (compute-mfcc-feats[5.5.1182~1-e02e3]:Read():wave-reader.cc:304) Expected 184320 bytes of wave data, but read only 183168 bytes. Truncated file?
VLOG[2] (compute-mfcc-feats[5.5.1182~1-e02e3]:main():compute-mfcc-feats.cc:182) Processed features for key common_voice_lt_40911354
WARNING (compute-mfcc-feats[5.5.1182~1-e02e3]:Read():wave-reader.cc:304) Expected 264960 bytes of wave data, but read only 263808 bytes. Truncated file?
LOG (compute-mfcc-feats[5.5.1182~1-e02e3]:main():compute-mfcc-feats.cc:181) Processed 120 utterances
VLOG[2] (compute-mfcc-feats[5.5.1182~1-e02e3]:main():compute-mfcc-feats.cc:182) Processed features for key common_voice_lt_40911355
WARNING (compute-mfcc-feats[5.5.1182~1-e02e3]:Read():wave-reader.cc:304) Expected 185472 bytes of wave data, but read only 184320 bytes. Truncated file?
VLOG[2] (compute-mfcc-feats[5.5.1182~1-e02e3]:main():compute-mfcc-feats.cc:182) Processed features for key common_voice_lt_40911356
WARNING (compute-mfcc-feats[5.5.1182~1-e02e3]:Read():wave-reader.cc:304) Expected 138240 bytes of wave data, but read only 137088 bytes. Truncated file?
VLOG[2] (compute-mfcc-feats[5.5.1182~1-e02e3]:main():compute-mfcc-feats.cc:182) Processed features for key common_voice_lt_40911357
WARNING (compute-mfcc-feats[5.5.1182~1-e02e3]:Read():wave-reader.cc:304) Expected 179712 bytes of wave data, but read only 178560 bytes. Truncated file?
VLOG[2] (compute-mfcc-feats[5.5.1182~1-e02e3]:main():compute-mfcc-feats.cc:182) Processed features for key common_voice_lt_40911361
WARNING (compute-mfcc-feats[5.5.1182~1-e02e3]:Read():wave-reader.cc:304) Expected 150912 bytes of wave data, but read only 149760 bytes. Truncated file?
VLOG[2] (compute-mfcc-feats[5.5.1182~1-e02e3]:main():compute-mfcc-feats.cc:182) Processed features for key common_voice_lt_40911363
WARNING (compute-mfcc-feats[5.5.1182~1-e02e3]:Read():wave-reader.cc:304) Expected 248832 bytes of wave data, but read only 247680 bytes. Truncated file?
VLOG[2] (compute-mfcc-feats[5.5.1182~1-e02e3]:main():compute-mfcc-feats.cc:182) Processed features for key common_voice_lt_40911364
WARNING (compute-mfcc-feats[5.5.1182~1-e02e3]:Read():wave-reader.cc:304) Expected 115200 bytes of wave data, but read only 114048 bytes. Truncated file?
VLOG[2] (compute-mfcc-feats[5.5.1182~1-e02e3]:main():compute-mfcc-feats.cc:182) Processed features for key common_voice_lt_40911366
WARNING (compute-mfcc-feats[5.5.1182~1-e02e3]:Read():wave-reader.cc:304) Expected 164736 bytes of wave data, but read only 163584 bytes. Truncated file?
VLOG[2] (compute-mfcc-feats[5.5.1182~1-e02e3]:main():compute-mfcc-feats.cc:182) Processed features for key common_voice_lt_40911369
WARNING (compute-mfcc-feats[5.5.1182~1-e02e3]:Read():wave-reader.cc:304) Expected 259200 bytes of wave data, but read only 258048 bytes. Truncated file?
VLOG[2] (compute-mfcc-feats[5.5.1182~1-e02e3]:main():compute-mfcc-feats.cc:182) Processed features for key common_voice_lt_40911370
WARNING (compute-mfcc-feats[5.5.1182~1-e02e3]:Read():wave-reader.cc:304) Expected 141696 bytes of wave data, but read only 140544 bytes. Truncated file?
VLOG[2] (compute-mfcc-feats[5.5.1182~1-e02e3]:main():compute-mfcc-feats.cc:182) Processed features for key common_voice_lt_40911372
WARNING (compute-mfcc-feats[5.5.1182~1-e02e3]:Read():wave-reader.cc:304) Expected 110592 bytes of wave data, but read only 109440 bytes. Truncated file?
LOG (compute-mfcc-feats[5.5.1182~1-e02e3]:main():compute-mfcc-feats.cc:181) Processed 130 utterances
VLOG[2] (compute-mfcc-feats[5.5.1182~1-e02e3]:main():compute-mfcc-feats.cc:182) Processed features for key common_voice_lt_40911377
WARNING (compute-mfcc-feats[5.5.1182~1-e02e3]:Read():wave-reader.cc:304) Expected 153216 bytes of wave data, but read only 152064 bytes. Truncated file?
VLOG[2] (compute-mfcc-feats[5.5.1182~1-e02e3]:main():compute-mfcc-feats.cc:182) Processed features for key common_voice_lt_40911381
WARNING (compute-mfcc-feats[5.5.1182~1-e02e3]:Read():wave-reader.cc:304) Expected 141696 bytes of wave data, but read only 140544 bytes. Truncated file?
VLOG[2] (compute-mfcc-feats[5.5.1182~1-e02e3]:main():compute-mfcc-feats.cc:182) Processed features for key common_voice_lt_40911383
WARNING (compute-mfcc-feats[5.5.1182~1-e02e3]:Read():wave-reader.cc:304) Expected 167040 bytes of wave data, but read only 165888 bytes. Truncated file?
VLOG[2] (compute-mfcc-feats[5.5.1182~1-e02e3]:main():compute-mfcc-feats.cc:182) Processed features for key common_voice_lt_40911384
WARNING (compute-mfcc-feats[5.5.1182~1-e02e3]:Read():wave-reader.cc:304) Expected 155520 bytes of wave data, but read only 154368 bytes. Truncated file?
VLOG[2] (compute-mfcc-feats[5.5.1182~1-e02e3]:main():compute-mfcc-feats.cc:182) Processed features for key common_voice_lt_40911390
WARNING (compute-mfcc-feats[5.5.1182~1-e02e3]:Read():wave-reader.cc:304) Expected 168192 bytes of wave data, but read only 167040 bytes. Truncated file?
VLOG[2] (compute-mfcc-feats[5.5.1182~1-e02e3]:main():compute-mfcc-feats.cc:182) Processed features for key common_voice_lt_40911392
WARNING (compute-mfcc-feats[5.5.1182~1-e02e3]:Read():wave-reader.cc:304) Expected 126720 bytes of wave data, but read only 125568 bytes. Truncated file?
VLOG[2] (compute-mfcc-feats[5.5.1182~1-e02e3]:main():compute-mfcc-feats.cc:182) Processed features for key common_voice_lt_40911393
WARNING (compute-mfcc-feats[5.5.1182~1-e02e3]:Read():wave-reader.cc:304) Expected 213120 bytes of wave data, but read only 211968 bytes. Truncated file?
VLOG[2] (compute-mfcc-feats[5.5.1182~1-e02e3]:main():compute-mfcc-feats.cc:182) Processed features for key common_voice_lt_40911394
WARNING (compute-mfcc-feats[5.5.1182~1-e02e3]:Read():wave-reader.cc:304) Expected 173952 bytes of wave data, but read only 172800 bytes. Truncated file?
VLOG[2] (compute-mfcc-feats[5.5.1182~1-e02e3]:main():compute-mfcc-feats.cc:182) Processed features for key common_voice_lt_40911396
WARNING (compute-mfcc-feats[5.5.1182~1-e02e3]:Read():wave-reader.cc:304) Expected 133632 bytes of wave data, but read only 132480 bytes. Truncated file?
VLOG[2] (compute-mfcc-feats[5.5.1182~1-e02e3]:main():compute-mfcc-feats.cc:182) Processed features for key common_voice_lt_40911397
WARNING (compute-mfcc-feats[5.5.1182~1-e02e3]:Read():wave-reader.cc:304) Expected 187776 bytes of wave data, but read only 186624 bytes. Truncated file?
LOG (compute-mfcc-feats[5.5.1182~1-e02e3]:main():compute-mfcc-feats.cc:181) Processed 140 utterances
VLOG[2] (compute-mfcc-feats[5.5.1182~1-e02e3]:main():compute-mfcc-feats.cc:182) Processed features for key common_voice_lt_40911400
WARNING (compute-mfcc-feats[5.5.1182~1-e02e3]:Read():wave-reader.cc:304) Expected 139392 bytes of wave data, but read only 138240 bytes. Truncated file?
VLOG[2] (compute-mfcc-feats[5.5.1182~1-e02e3]:main():compute-mfcc-feats.cc:182) Processed features for key common_voice_lt_40911401
WARNING (compute-mfcc-feats[5.5.1182~1-e02e3]:Read():wave-reader.cc:304) Expected 202752 bytes of wave data, but read only 201600 bytes. Truncated file?
VLOG[2] (compute-mfcc-feats[5.5.1182~1-e02e3]:main():compute-mfcc-feats.cc:182) Processed features for key common_voice_lt_40911402
WARNING (compute-mfcc-feats[5.5.1182~1-e02e3]:Read():wave-reader.cc:304) Expected 139392 bytes of wave data, but read only 138240 bytes. Truncated file?
VLOG[2] (compute-mfcc-feats[5.5.1182~1-e02e3]:main():compute-mfcc-feats.cc:182) Processed features for key common_voice_lt_40911404
WARNING (compute-mfcc-feats[5.5.1182~1-e02e3]:Read():wave-reader.cc:304) Expected 190080 bytes of wave data, but read only 188928 bytes. Truncated file?
VLOG[2] (compute-mfcc-feats[5.5.1182~1-e02e3]:main():compute-mfcc-feats.cc:182) Processed features for key common_voice_lt_40911414
WARNING (compute-mfcc-feats[5.5.1182~1-e02e3]:Read():wave-reader.cc:304) Expected 118656 bytes of wave data, but read only 117504 bytes. Truncated file?
VLOG[2] (compute-mfcc-feats[5.5.1182~1-e02e3]:main():compute-mfcc-feats.cc:182) Processed features for key common_voice_lt_40911416
WARNING (compute-mfcc-feats[5.5.1182~1-e02e3]:Read():wave-reader.cc:304) Expected 236160 bytes of wave data, but read only 235008 bytes. Truncated file?
VLOG[2] (compute-mfcc-feats[5.5.1182~1-e02e3]:main():compute-mfcc-feats.cc:182) Processed features for key common_voice_lt_40911419
WARNING (compute-mfcc-feats[5.5.1182~1-e02e3]:Read():wave-reader.cc:304) Expected 182016 bytes of wave data, but read only 180864 bytes. Truncated file?
VLOG[2] (compute-mfcc-feats[5.5.1182~1-e02e3]:main():compute-mfcc-feats.cc:182) Processed features for key common_voice_lt_40911420
WARNING (compute-mfcc-feats[5.5.1182~1-e02e3]:Read():wave-reader.cc:304) Expected 141696 bytes of wave data, but read only 140544 bytes. Truncated file?
VLOG[2] (compute-mfcc-feats[5.5.1182~1-e02e3]:main():compute-mfcc-feats.cc:182) Processed features for key common_voice_lt_40911423
WARNING (compute-mfcc-feats[5.5.1182~1-e02e3]:Read():wave-reader.cc:304) Expected 164736 bytes of wave data, but read only 163584 bytes. Truncated file?
VLOG[2] (compute-mfcc-feats[5.5.1182~1-e02e3]:main():compute-mfcc-feats.cc:182) Processed features for key common_voice_lt_40911424
WARNING (compute-mfcc-feats[5.5.1182~1-e02e3]:Read():wave-reader.cc:304) Expected 179712 bytes of wave data, but read only 178560 bytes. Truncated file?
LOG (compute-mfcc-feats[5.5.1182~1-e02e3]:main():compute-mfcc-feats.cc:181) Processed 150 utterances
VLOG[2] (compute-mfcc-feats[5.5.1182~1-e02e3]:main():compute-mfcc-feats.cc:182) Processed features for key common_voice_lt_40911427
WARNING (compute-mfcc-feats[5.5.1182~1-e02e3]:Read():wave-reader.cc:304) Expected 187776 bytes of wave data, but read only 186624 bytes. Truncated file?
VLOG[2] (compute-mfcc-feats[5.5.1182~1-e02e3]:main():compute-mfcc-feats.cc:182) Processed features for key common_voice_lt_40911429
WARNING (compute-mfcc-feats[5.5.1182~1-e02e3]:Read():wave-reader.cc:304) Expected 162432 bytes of wave data, but read only 161280 bytes. Truncated file?
VLOG[2] (compute-mfcc-feats[5.5.1182~1-e02e3]:main():compute-mfcc-feats.cc:182) Processed features for key common_voice_lt_40911432
WARNING (compute-mfcc-feats[5.5.1182~1-e02e3]:Read():wave-reader.cc:304) Expected 109440 bytes of wave data, but read only 108288 bytes. Truncated file?
VLOG[2] (compute-mfcc-feats[5.5.1182~1-e02e3]:main():compute-mfcc-feats.cc:182) Processed features for key common_voice_lt_40911436
WARNING (compute-mfcc-feats[5.5.1182~1-e02e3]:Read():wave-reader.cc:304) Expected 155520 bytes of wave data, but read only 154368 bytes. Truncated file?
VLOG[2] (compute-mfcc-feats[5.5.1182~1-e02e3]:main():compute-mfcc-feats.cc:182) Processed features for key common_voice_lt_40911437
WARNING (compute-mfcc-feats[5.5.1182~1-e02e3]:Read():wave-reader.cc:304) Expected 89856 bytes of wave data, but read only 88704 bytes. Truncated file?
VLOG[2] (compute-mfcc-feats[5.5.1182~1-e02e3]:main():compute-mfcc-feats.cc:182) Processed features for key common_voice_lt_40911440
WARNING (compute-mfcc-feats[5.5.1182~1-e02e3]:Read():wave-reader.cc:304) Expected 178560 bytes of wave data, but read only 177408 bytes. Truncated file?
VLOG[2] (compute-mfcc-feats[5.5.1182~1-e02e3]:main():compute-mfcc-feats.cc:182) Processed features for key common_voice_lt_40911445
WARNING (compute-mfcc-feats[5.5.1182~1-e02e3]:Read():wave-reader.cc:304) Expected 162432 bytes of wave data, but read only 161280 bytes. Truncated file?
VLOG[2] (compute-mfcc-feats[5.5.1182~1-e02e3]:main():compute-mfcc-feats.cc:182) Processed features for key common_voice_lt_40911452
WARNING (compute-mfcc-feats[5.5.1182~1-e02e3]:Read():wave-reader.cc:304) Expected 164736 bytes of wave data, but read only 163584 bytes. Truncated file?
VLOG[2] (compute-mfcc-feats[5.5.1182~1-e02e3]:main():compute-mfcc-feats.cc:182) Processed features for key common_voice_lt_40911454
WARNING (compute-mfcc-feats[5.5.1182~1-e02e3]:Read():wave-reader.cc:304) Expected 135936 bytes of wave data, but read only 134784 bytes. Truncated file?
VLOG[2] (compute-mfcc-feats[5.5.1182~1-e02e3]:main():compute-mfcc-feats.cc:182) Processed features for key common_voice_lt_40911455
WARNING (compute-mfcc-feats[5.5.1182~1-e02e3]:Read():wave-reader.cc:304) Expected 178560 bytes of wave data, but read only 177408 bytes. Truncated file?
LOG (compute-mfcc-feats[5.5.1182~1-e02e3]:main():compute-mfcc-feats.cc:181) Processed 160 utterances
VLOG[2] (compute-mfcc-feats[5.5.1182~1-e02e3]:main():compute-mfcc-feats.cc:182) Processed features for key common_voice_lt_40911457
WARNING (compute-mfcc-feats[5.5.1182~1-e02e3]:Read():wave-reader.cc:304) Expected 201600 bytes of wave data, but read only 200448 bytes. Truncated file?
VLOG[2] (compute-mfcc-feats[5.5.1182~1-e02e3]:main():compute-mfcc-feats.cc:182) Processed features for key common_voice_lt_40911458
WARNING (compute-mfcc-feats[5.5.1182~1-e02e3]:Read():wave-reader.cc:304) Expected 193536 bytes of wave data, but read only 192384 bytes. Truncated file?
VLOG[2] (compute-mfcc-feats[5.5.1182~1-e02e3]:main():compute-mfcc-feats.cc:182) Processed features for key common_voice_lt_40911460
WARNING (compute-mfcc-feats[5.5.1182~1-e02e3]:Read():wave-reader.cc:304) Expected 116352 bytes of wave data, but read only 115200 bytes. Truncated file?
VLOG[2] (compute-mfcc-feats[5.5.1182~1-e02e3]:main():compute-mfcc-feats.cc:182) Processed features for key common_voice_lt_40911461
WARNING (compute-mfcc-feats[5.5.1182~1-e02e3]:Read():wave-reader.cc:304) Expected 254592 bytes of wave data, but read only 253440 bytes. Truncated file?
VLOG[2] (compute-mfcc-feats[5.5.1182~1-e02e3]:main():compute-mfcc-feats.cc:182) Processed features for key common_voice_lt_40911463
WARNING (compute-mfcc-feats[5.5.1182~1-e02e3]:Read():wave-reader.cc:304) Expected 161280 bytes of wave data, but read only 160128 bytes. Truncated file?
VLOG[2] (compute-mfcc-feats[5.5.1182~1-e02e3]:main():compute-mfcc-feats.cc:182) Processed features for key common_voice_lt_40913762
WARNING (compute-mfcc-feats[5.5.1182~1-e02e3]:Read():wave-reader.cc:304) Expected 167040 bytes of wave data, but read only 165888 bytes. Truncated file?
VLOG[2] (compute-mfcc-feats[5.5.1182~1-e02e3]:main():compute-mfcc-feats.cc:182) Processed features for key common_voice_lt_40913765
WARNING (compute-mfcc-feats[5.5.1182~1-e02e3]:Read():wave-reader.cc:304) Expected 185472 bytes of wave data, but read only 184320 bytes. Truncated file?
VLOG[2] (compute-mfcc-feats[5.5.1182~1-e02e3]:main():compute-mfcc-feats.cc:182) Processed features for key common_voice_lt_40913766
WARNING (compute-mfcc-feats[5.5.1182~1-e02e3]:Read():wave-reader.cc:304) Expected 173952 bytes of wave data, but read only 172800 bytes. Truncated file?
VLOG[2] (compute-mfcc-feats[5.5.1182~1-e02e3]:main():compute-mfcc-feats.cc:182) Processed features for key common_voice_lt_40913768
WARNING (compute-mfcc-feats[5.5.1182~1-e02e3]:Read():wave-reader.cc:304) Expected 115200 bytes of wave data, but read only 114048 bytes. Truncated file?
VLOG[2] (compute-mfcc-feats[5.5.1182~1-e02e3]:main():compute-mfcc-feats.cc:182) Processed features for key common_voice_lt_40913769
WARNING (compute-mfcc-feats[5.5.1182~1-e02e3]:Read():wave-reader.cc:304) Expected 139392 bytes of wave data, but read only 138240 bytes. Truncated file?
LOG (compute-mfcc-feats[5.5.1182~1-e02e3]:main():compute-mfcc-feats.cc:181) Processed 170 utterances
VLOG[2] (compute-mfcc-feats[5.5.1182~1-e02e3]:main():compute-mfcc-feats.cc:182) Processed features for key common_voice_lt_40913770
WARNING (compute-mfcc-feats[5.5.1182~1-e02e3]:Read():wave-reader.cc:304) Expected 150912 bytes of wave data, but read only 149760 bytes. Truncated file?
VLOG[2] (compute-mfcc-feats[5.5.1182~1-e02e3]:main():compute-mfcc-feats.cc:182) Processed features for key common_voice_lt_40913772
WARNING (compute-mfcc-feats[5.5.1182~1-e02e3]:Read():wave-reader.cc:304) Expected 207360 bytes of wave data, but read only 206208 bytes. Truncated file?
VLOG[2] (compute-mfcc-feats[5.5.1182~1-e02e3]:main():compute-mfcc-feats.cc:182) Processed features for key common_voice_lt_40913774
WARNING (compute-mfcc-feats[5.5.1182~1-e02e3]:Read():wave-reader.cc:304) Expected 107136 bytes of wave data, but read only 105984 bytes. Truncated file?
VLOG[2] (compute-mfcc-feats[5.5.1182~1-e02e3]:main():compute-mfcc-feats.cc:182) Processed features for key common_voice_lt_40913776
WARNING (compute-mfcc-feats[5.5.1182~1-e02e3]:Read():wave-reader.cc:304) Expected 149760 bytes of wave data, but read only 148608 bytes. Truncated file?
VLOG[2] (compute-mfcc-feats[5.5.1182~1-e02e3]:main():compute-mfcc-feats.cc:182) Processed features for key common_voice_lt_40913778
WARNING (compute-mfcc-feats[5.5.1182~1-e02e3]:Read():wave-reader.cc:304) Expected 122112 bytes of wave data, but read only 120960 bytes. Truncated file?
VLOG[2] (compute-mfcc-feats[5.5.1182~1-e02e3]:main():compute-mfcc-feats.cc:182) Processed features for key common_voice_lt_40913779
WARNING (compute-mfcc-feats[5.5.1182~1-e02e3]:Read():wave-reader.cc:304) Expected 184320 bytes of wave data, but read only 183168 bytes. Truncated file?
VLOG[2] (compute-mfcc-feats[5.5.1182~1-e02e3]:main():compute-mfcc-feats.cc:182) Processed features for key common_voice_lt_40913781
WARNING (compute-mfcc-feats[5.5.1182~1-e02e3]:Read():wave-reader.cc:304) Expected 156672 bytes of wave data, but read only 155520 bytes. Truncated file?
VLOG[2] (compute-mfcc-feats[5.5.1182~1-e02e3]:main():compute-mfcc-feats.cc:182) Processed features for key common_voice_lt_40913782
WARNING (compute-mfcc-feats[5.5.1182~1-e02e3]:Read():wave-reader.cc:304) Expected 168192 bytes of wave data, but read only 167040 bytes. Truncated file?
VLOG[2] (compute-mfcc-feats[5.5.1182~1-e02e3]:main():compute-mfcc-feats.cc:182) Processed features for key common_voice_lt_40913783
WARNING (compute-mfcc-feats[5.5.1182~1-e02e3]:Read():wave-reader.cc:304) Expected 118656 bytes of wave data, but read only 117504 bytes. Truncated file?
VLOG[2] (compute-mfcc-feats[5.5.1182~1-e02e3]:main():compute-mfcc-feats.cc:182) Processed features for key common_voice_lt_40913784
WARNING (compute-mfcc-feats[5.5.1182~1-e02e3]:Read():wave-reader.cc:304) Expected 207360 bytes of wave data, but read only 206208 bytes. Truncated file?
LOG (compute-mfcc-feats[5.5.1182~1-e02e3]:main():compute-mfcc-feats.cc:181) Processed 180 utterances
VLOG[2] (compute-mfcc-feats[5.5.1182~1-e02e3]:main():compute-mfcc-feats.cc:182) Processed features for key common_voice_lt_40913786
WARNING (compute-mfcc-feats[5.5.1182~1-e02e3]:Read():wave-reader.cc:304) Expected 120960 bytes of wave data, but read only 119808 bytes. Truncated file?
VLOG[2] (compute-mfcc-feats[5.5.1182~1-e02e3]:main():compute-mfcc-feats.cc:182) Processed features for key common_voice_lt_40913787
WARNING (compute-mfcc-feats[5.5.1182~1-e02e3]:Read():wave-reader.cc:304) Expected 168192 bytes of wave data, but read only 167040 bytes. Truncated file?
VLOG[2] (compute-mfcc-feats[5.5.1182~1-e02e3]:main():compute-mfcc-feats.cc:182) Processed features for key common_voice_lt_40913788
WARNING (compute-mfcc-feats[5.5.1182~1-e02e3]:Read():wave-reader.cc:304) Expected 264960 bytes of wave data, but read only 263808 bytes. Truncated file?
VLOG[2] (compute-mfcc-feats[5.5.1182~1-e02e3]:main():compute-mfcc-feats.cc:182) Processed features for key common_voice_lt_40913790
WARNING (compute-mfcc-feats[5.5.1182~1-e02e3]:Read():wave-reader.cc:304) Expected 193536 bytes of wave data, but read only 192384 bytes. Truncated file?
VLOG[2] (compute-mfcc-feats[5.5.1182~1-e02e3]:main():compute-mfcc-feats.cc:182) Processed features for key common_voice_lt_40913791
WARNING (compute-mfcc-feats[5.5.1182~1-e02e3]:Read():wave-reader.cc:304) Expected 173952 bytes of wave data, but read only 172800 bytes. Truncated file?
VLOG[2] (compute-mfcc-feats[5.5.1182~1-e02e3]:main():compute-mfcc-feats.cc:182) Processed features for key common_voice_lt_40913792
WARNING (compute-mfcc-feats[5.5.1182~1-e02e3]:Read():wave-reader.cc:304) Expected 138240 bytes of wave data, but read only 137088 bytes. Truncated file?
VLOG[2] (compute-mfcc-feats[5.5.1182~1-e02e3]:main():compute-mfcc-feats.cc:182) Processed features for key common_voice_lt_40913794
WARNING (compute-mfcc-feats[5.5.1182~1-e02e3]:Read():wave-reader.cc:304) Expected 135936 bytes of wave data, but read only 134784 bytes. Truncated file?
VLOG[2] (compute-mfcc-feats[5.5.1182~1-e02e3]:main():compute-mfcc-feats.cc:182) Processed features for key common_voice_lt_40913795
WARNING (compute-mfcc-feats[5.5.1182~1-e02e3]:Read():wave-reader.cc:304) Expected 167040 bytes of wave data, but read only 165888 bytes. Truncated file?
VLOG[2] (compute-mfcc-feats[5.5.1182~1-e02e3]:main():compute-mfcc-feats.cc:182) Processed features for key common_voice_lt_40913796
WARNING (compute-mfcc-feats[5.5.1182~1-e02e3]:Read():wave-reader.cc:304) Expected 150912 bytes of wave data, but read only 149760 bytes. Truncated file?
VLOG[2] (compute-mfcc-feats[5.5.1182~1-e02e3]:main():compute-mfcc-feats.cc:182) Processed features for key common_voice_lt_40913798
WARNING (compute-mfcc-feats[5.5.1182~1-e02e3]:Read():wave-reader.cc:304) Expected 150912 bytes of wave data, but read only 149760 bytes. Truncated file?
LOG (compute-mfcc-feats[5.5.1182~1-e02e3]:main():compute-mfcc-feats.cc:181) Processed 190 utterances
VLOG[2] (compute-mfcc-feats[5.5.1182~1-e02e3]:main():compute-mfcc-feats.cc:182) Processed features for key common_voice_lt_40913799
WARNING (compute-mfcc-feats[5.5.1182~1-e02e3]:Read():wave-reader.cc:304) Expected 231552 bytes of wave data, but read only 230400 bytes. Truncated file?
VLOG[2] (compute-mfcc-feats[5.5.1182~1-e02e3]:main():compute-mfcc-feats.cc:182) Processed features for key common_voice_lt_40913801
WARNING (compute-mfcc-feats[5.5.1182~1-e02e3]:Read():wave-reader.cc:304) Expected 162432 bytes of wave data, but read only 161280 bytes. Truncated file?
VLOG[2] (compute-mfcc-feats[5.5.1182~1-e02e3]:main():compute-mfcc-feats.cc:182) Processed features for key common_voice_lt_40913804
WARNING (compute-mfcc-feats[5.5.1182~1-e02e3]:Read():wave-reader.cc:304) Expected 218880 bytes of wave data, but read only 217728 bytes. Truncated file?
VLOG[2] (compute-mfcc-feats[5.5.1182~1-e02e3]:main():compute-mfcc-feats.cc:182) Processed features for key common_voice_lt_40913805
WARNING (compute-mfcc-feats[5.5.1182~1-e02e3]:Read():wave-reader.cc:304) Expected 112896 bytes of wave data, but read only 111744 bytes. Truncated file?
VLOG[2] (compute-mfcc-feats[5.5.1182~1-e02e3]:main():compute-mfcc-feats.cc:182) Processed features for key common_voice_lt_40913807
WARNING (compute-mfcc-feats[5.5.1182~1-e02e3]:Read():wave-reader.cc:304) Expected 178560 bytes of wave data, but read only 177408 bytes. Truncated file?
VLOG[2] (compute-mfcc-feats[5.5.1182~1-e02e3]:main():compute-mfcc-feats.cc:182) Processed features for key common_voice_lt_40940965
WARNING (compute-mfcc-feats[5.5.1182~1-e02e3]:Read():wave-reader.cc:304) Expected 139392 bytes of wave data, but read only 138240 bytes. Truncated file?
VLOG[2] (compute-mfcc-feats[5.5.1182~1-e02e3]:main():compute-mfcc-feats.cc:182) Processed features for key common_voice_lt_40940969
WARNING (compute-mfcc-feats[5.5.1182~1-e02e3]:Read():wave-reader.cc:304) Expected 260352 bytes of wave data, but read only 259200 bytes. Truncated file?
VLOG[2] (compute-mfcc-feats[5.5.1182~1-e02e3]:main():compute-mfcc-feats.cc:182) Processed features for key common_voice_lt_40940989
WARNING (compute-mfcc-feats[5.5.1182~1-e02e3]:Read():wave-reader.cc:304) Expected 138240 bytes of wave data, but read only 137088 bytes. Truncated file?
VLOG[2] (compute-mfcc-feats[5.5.1182~1-e02e3]:main():compute-mfcc-feats.cc:182) Processed features for key common_voice_lt_40940990
WARNING (compute-mfcc-feats[5.5.1182~1-e02e3]:Read():wave-reader.cc:304) Expected 155520 bytes of wave data, but read only 154368 bytes. Truncated file?
VLOG[2] (compute-mfcc-feats[5.5.1182~1-e02e3]:main():compute-mfcc-feats.cc:182) Processed features for key common_voice_lt_40940991
WARNING (compute-mfcc-feats[5.5.1182~1-e02e3]:Read():wave-reader.cc:304) Expected 153216 bytes of wave data, but read only 152064 bytes. Truncated file?
LOG (compute-mfcc-feats[5.5.1182~1-e02e3]:main():compute-mfcc-feats.cc:181) Processed 200 utterances
VLOG[2] (compute-mfcc-feats[5.5.1182~1-e02e3]:main():compute-mfcc-feats.cc:182) Processed features for key common_voice_lt_40940992
WARNING (compute-mfcc-feats[5.5.1182~1-e02e3]:Read():wave-reader.cc:304) Expected 173952 bytes of wave data, but read only 172800 bytes. Truncated file?
VLOG[2] (compute-mfcc-feats[5.5.1182~1-e02e3]:main():compute-mfcc-feats.cc:182) Processed features for key common_voice_lt_40941015
WARNING (compute-mfcc-feats[5.5.1182~1-e02e3]:Read():wave-reader.cc:304) Expected 139392 bytes of wave data, but read only 138240 bytes. Truncated file?
VLOG[2] (compute-mfcc-feats[5.5.1182~1-e02e3]:main():compute-mfcc-feats.cc:182) Processed features for key common_voice_lt_40941016
WARNING (compute-mfcc-feats[5.5.1182~1-e02e3]:Read():wave-reader.cc:304) Expected 224640 bytes of wave data, but read only 223488 bytes. Truncated file?
VLOG[2] (compute-mfcc-feats[5.5.1182~1-e02e3]:main():compute-mfcc-feats.cc:182) Processed features for key common_voice_lt_40941017
WARNING (compute-mfcc-feats[5.5.1182~1-e02e3]:Read():wave-reader.cc:304) Expected 126720 bytes of wave data, but read only 125568 bytes. Truncated file?
VLOG[2] (compute-mfcc-feats[5.5.1182~1-e02e3]:main():compute-mfcc-feats.cc:182) Processed features for key common_voice_lt_40941109
WARNING (compute-mfcc-feats[5.5.1182~1-e02e3]:Read():wave-reader.cc:304) Expected 214272 bytes of wave data, but read only 213120 bytes. Truncated file?
VLOG[2] (compute-mfcc-feats[5.5.1182~1-e02e3]:main():compute-mfcc-feats.cc:182) Processed features for key common_voice_lt_40941112
WARNING (compute-mfcc-feats[5.5.1182~1-e02e3]:Read():wave-reader.cc:304) Expected 162432 bytes of wave data, but read only 161280 bytes. Truncated file?
VLOG[2] (compute-mfcc-feats[5.5.1182~1-e02e3]:main():compute-mfcc-feats.cc:182) Processed features for key common_voice_lt_40941130
WARNING (compute-mfcc-feats[5.5.1182~1-e02e3]:Read():wave-reader.cc:304) Expected 107136 bytes of wave data, but read only 105984 bytes. Truncated file?
VLOG[2] (compute-mfcc-feats[5.5.1182~1-e02e3]:main():compute-mfcc-feats.cc:182) Processed features for key common_voice_lt_40941150
WARNING (compute-mfcc-feats[5.5.1182~1-e02e3]:Read():wave-reader.cc:304) Expected 228096 bytes of wave data, but read only 226944 bytes. Truncated file?
VLOG[2] (compute-mfcc-feats[5.5.1182~1-e02e3]:main():compute-mfcc-feats.cc:182) Processed features for key common_voice_lt_40941152
WARNING (compute-mfcc-feats[5.5.1182~1-e02e3]:Read():wave-reader.cc:304) Expected 120960 bytes of wave data, but read only 119808 bytes. Truncated file?
VLOG[2] (compute-mfcc-feats[5.5.1182~1-e02e3]:main():compute-mfcc-feats.cc:182) Processed features for key common_voice_lt_40941153
WARNING (compute-mfcc-feats[5.5.1182~1-e02e3]:Read():wave-reader.cc:304) Expected 145152 bytes of wave data, but read only 144000 bytes. Truncated file?
LOG (compute-mfcc-feats[5.5.1182~1-e02e3]:main():compute-mfcc-feats.cc:181) Processed 210 utterances
VLOG[2] (compute-mfcc-feats[5.5.1182~1-e02e3]:main():compute-mfcc-feats.cc:182) Processed features for key common_voice_lt_40941154
WARNING (compute-mfcc-feats[5.5.1182~1-e02e3]:Read():wave-reader.cc:304) Expected 237312 bytes of wave data, but read only 236160 bytes. Truncated file?
VLOG[2] (compute-mfcc-feats[5.5.1182~1-e02e3]:main():compute-mfcc-feats.cc:182) Processed features for key common_voice_lt_40941169
WARNING (compute-mfcc-feats[5.5.1182~1-e02e3]:Read():wave-reader.cc:304) Expected 237312 bytes of wave data, but read only 236160 bytes. Truncated file?
VLOG[2] (compute-mfcc-feats[5.5.1182~1-e02e3]:main():compute-mfcc-feats.cc:182) Processed features for key common_voice_lt_40941172
WARNING (compute-mfcc-feats[5.5.1182~1-e02e3]:Read():wave-reader.cc:304) Expected 213120 bytes of wave data, but read only 211968 bytes. Truncated file?
VLOG[2] (compute-mfcc-feats[5.5.1182~1-e02e3]:main():compute-mfcc-feats.cc:182) Processed features for key common_voice_lt_40941173
WARNING (compute-mfcc-feats[5.5.1182~1-e02e3]:Read():wave-reader.cc:304) Expected 153216 bytes of wave data, but read only 152064 bytes. Truncated file?
VLOG[2] (compute-mfcc-feats[5.5.1182~1-e02e3]:main():compute-mfcc-feats.cc:182) Processed features for key common_voice_lt_40941174
WARNING (compute-mfcc-feats[5.5.1182~1-e02e3]:Read():wave-reader.cc:304) Expected 127872 bytes of wave data, but read only 126720 bytes. Truncated file?
VLOG[2] (compute-mfcc-feats[5.5.1182~1-e02e3]:main():compute-mfcc-feats.cc:182) Processed features for key common_voice_lt_40941189
WARNING (compute-mfcc-feats[5.5.1182~1-e02e3]:Read():wave-reader.cc:304) Expected 184320 bytes of wave data, but read only 183168 bytes. Truncated file?
VLOG[2] (compute-mfcc-feats[5.5.1182~1-e02e3]:main():compute-mfcc-feats.cc:182) Processed features for key common_voice_lt_40941191
WARNING (compute-mfcc-feats[5.5.1182~1-e02e3]:Read():wave-reader.cc:304) Expected 109440 bytes of wave data, but read only 108288 bytes. Truncated file?
VLOG[2] (compute-mfcc-feats[5.5.1182~1-e02e3]:main():compute-mfcc-feats.cc:182) Processed features for key common_voice_lt_40941194
WARNING (compute-mfcc-feats[5.5.1182~1-e02e3]:Read():wave-reader.cc:304) Expected 220032 bytes of wave data, but read only 218880 bytes. Truncated file?
VLOG[2] (compute-mfcc-feats[5.5.1182~1-e02e3]:main():compute-mfcc-feats.cc:182) Processed features for key common_voice_lt_40941213
WARNING (compute-mfcc-feats[5.5.1182~1-e02e3]:Read():wave-reader.cc:304) Expected 224640 bytes of wave data, but read only 223488 bytes. Truncated file?
VLOG[2] (compute-mfcc-feats[5.5.1182~1-e02e3]:main():compute-mfcc-feats.cc:182) Processed features for key common_voice_lt_40941214
WARNING (compute-mfcc-feats[5.5.1182~1-e02e3]:Read():wave-reader.cc:304) Expected 170496 bytes of wave data, but read only 169344 bytes. Truncated file?
LOG (compute-mfcc-feats[5.5.1182~1-e02e3]:main():compute-mfcc-feats.cc:181) Processed 220 utterances
VLOG[2] (compute-mfcc-feats[5.5.1182~1-e02e3]:main():compute-mfcc-feats.cc:182) Processed features for key common_voice_lt_40941215
WARNING (compute-mfcc-feats[5.5.1182~1-e02e3]:Read():wave-reader.cc:304) Expected 266112 bytes of wave data, but read only 264960 bytes. Truncated file?
VLOG[2] (compute-mfcc-feats[5.5.1182~1-e02e3]:main():compute-mfcc-feats.cc:182) Processed features for key common_voice_lt_40941216
WARNING (compute-mfcc-feats[5.5.1182~1-e02e3]:Read():wave-reader.cc:304) Expected 193536 bytes of wave data, but read only 192384 bytes. Truncated file?
VLOG[2] (compute-mfcc-feats[5.5.1182~1-e02e3]:main():compute-mfcc-feats.cc:182) Processed features for key common_voice_lt_40941238
WARNING (compute-mfcc-feats[5.5.1182~1-e02e3]:Read():wave-reader.cc:304) Expected 245376 bytes of wave data, but read only 244224 bytes. Truncated file?
VLOG[2] (compute-mfcc-feats[5.5.1182~1-e02e3]:main():compute-mfcc-feats.cc:182) Processed features for key common_voice_lt_40941241
WARNING (compute-mfcc-feats[5.5.1182~1-e02e3]:Read():wave-reader.cc:304) Expected 132480 bytes of wave data, but read only 131328 bytes. Truncated file?
VLOG[2] (compute-mfcc-feats[5.5.1182~1-e02e3]:main():compute-mfcc-feats.cc:182) Processed features for key common_voice_lt_40941243
WARNING (compute-mfcc-feats[5.5.1182~1-e02e3]:Read():wave-reader.cc:304) Expected 196992 bytes of wave data, but read only 195840 bytes. Truncated file?
VLOG[2] (compute-mfcc-feats[5.5.1182~1-e02e3]:main():compute-mfcc-feats.cc:182) Processed features for key common_voice_lt_40941266
WARNING (compute-mfcc-feats[5.5.1182~1-e02e3]:Read():wave-reader.cc:304) Expected 224640 bytes of wave data, but read only 223488 bytes. Truncated file?
VLOG[2] (compute-mfcc-feats[5.5.1182~1-e02e3]:main():compute-mfcc-feats.cc:182) Processed features for key common_voice_lt_40941267
WARNING (compute-mfcc-feats[5.5.1182~1-e02e3]:Read():wave-reader.cc:304) Expected 138240 bytes of wave data, but read only 137088 bytes. Truncated file?
VLOG[2] (compute-mfcc-feats[5.5.1182~1-e02e3]:main():compute-mfcc-feats.cc:182) Processed features for key common_voice_lt_40941270
WARNING (compute-mfcc-feats[5.5.1182~1-e02e3]:Read():wave-reader.cc:304) Expected 158976 bytes of wave data, but read only 157824 bytes. Truncated file?
VLOG[2] (compute-mfcc-feats[5.5.1182~1-e02e3]:main():compute-mfcc-feats.cc:182) Processed features for key common_voice_lt_40941281
WARNING (compute-mfcc-feats[5.5.1182~1-e02e3]:Read():wave-reader.cc:304) Expected 141696 bytes of wave data, but read only 140544 bytes. Truncated file?
VLOG[2] (compute-mfcc-feats[5.5.1182~1-e02e3]:main():compute-mfcc-feats.cc:182) Processed features for key common_voice_lt_40941299
WARNING (compute-mfcc-feats[5.5.1182~1-e02e3]:Read():wave-reader.cc:304) Expected 155520 bytes of wave data, but read only 154368 bytes. Truncated file?
LOG (compute-mfcc-feats[5.5.1182~1-e02e3]:main():compute-mfcc-feats.cc:181) Processed 230 utterances
VLOG[2] (compute-mfcc-feats[5.5.1182~1-e02e3]:main():compute-mfcc-feats.cc:182) Processed features for key common_voice_lt_40941302
WARNING (compute-mfcc-feats[5.5.1182~1-e02e3]:Read():wave-reader.cc:304) Expected 118656 bytes of wave data, but read only 117504 bytes. Truncated file?
VLOG[2] (compute-mfcc-feats[5.5.1182~1-e02e3]:main():compute-mfcc-feats.cc:182) Processed features for key common_voice_lt_40941303
WARNING (compute-mfcc-feats[5.5.1182~1-e02e3]:Read():wave-reader.cc:304) Expected 110592 bytes of wave data, but read only 109440 bytes. Truncated file?
VLOG[2] (compute-mfcc-feats[5.5.1182~1-e02e3]:main():compute-mfcc-feats.cc:182) Processed features for key common_voice_lt_40941313
WARNING (compute-mfcc-feats[5.5.1182~1-e02e3]:Read():wave-reader.cc:304) Expected 122112 bytes of wave data, but read only 120960 bytes. Truncated file?
VLOG[2] (compute-mfcc-feats[5.5.1182~1-e02e3]:main():compute-mfcc-feats.cc:182) Processed features for key common_voice_lt_40941314
WARNING (compute-mfcc-feats[5.5.1182~1-e02e3]:Read():wave-reader.cc:304) Expected 205056 bytes of wave data, but read only 203904 bytes. Truncated file?
VLOG[2] (compute-mfcc-feats[5.5.1182~1-e02e3]:main():compute-mfcc-feats.cc:182) Processed features for key common_voice_lt_40941315
WARNING (compute-mfcc-feats[5.5.1182~1-e02e3]:Read():wave-reader.cc:304) Expected 139392 bytes of wave data, but read only 138240 bytes. Truncated file?
VLOG[2] (compute-mfcc-feats[5.5.1182~1-e02e3]:main():compute-mfcc-feats.cc:182) Processed features for key common_voice_lt_40941317
WARNING (compute-mfcc-feats[5.5.1182~1-e02e3]:Read():wave-reader.cc:304) Expected 130176 bytes of wave data, but read only 129024 bytes. Truncated file?
VLOG[2] (compute-mfcc-feats[5.5.1182~1-e02e3]:main():compute-mfcc-feats.cc:182) Processed features for key common_voice_lt_40941318
WARNING (compute-mfcc-feats[5.5.1182~1-e02e3]:Read():wave-reader.cc:304) Expected 153216 bytes of wave data, but read only 152064 bytes. Truncated file?
VLOG[2] (compute-mfcc-feats[5.5.1182~1-e02e3]:main():compute-mfcc-feats.cc:182) Processed features for key common_voice_lt_40941331
WARNING (compute-mfcc-feats[5.5.1182~1-e02e3]:Read():wave-reader.cc:304) Expected 239616 bytes of wave data, but read only 238464 bytes. Truncated file?
VLOG[2] (compute-mfcc-feats[5.5.1182~1-e02e3]:main():compute-mfcc-feats.cc:182) Processed features for key common_voice_lt_40941333
WARNING (compute-mfcc-feats[5.5.1182~1-e02e3]:Read():wave-reader.cc:304) Expected 155520 bytes of wave data, but read only 154368 bytes. Truncated file?
VLOG[2] (compute-mfcc-feats[5.5.1182~1-e02e3]:main():compute-mfcc-feats.cc:182) Processed features for key common_voice_lt_40941347
WARNING (compute-mfcc-feats[5.5.1182~1-e02e3]:Read():wave-reader.cc:304) Expected 130176 bytes of wave data, but read only 129024 bytes. Truncated file?
LOG (compute-mfcc-feats[5.5.1182~1-e02e3]:main():compute-mfcc-feats.cc:181) Processed 240 utterances
VLOG[2] (compute-mfcc-feats[5.5.1182~1-e02e3]:main():compute-mfcc-feats.cc:182) Processed features for key common_voice_lt_40941350
WARNING (compute-mfcc-feats[5.5.1182~1-e02e3]:Read():wave-reader.cc:304) Expected 230400 bytes of wave data, but read only 229248 bytes. Truncated file?
VLOG[2] (compute-mfcc-feats[5.5.1182~1-e02e3]:main():compute-mfcc-feats.cc:182) Processed features for key common_voice_lt_40941360
WARNING (compute-mfcc-feats[5.5.1182~1-e02e3]:Read():wave-reader.cc:304) Expected 205056 bytes of wave data, but read only 203904 bytes. Truncated file?
VLOG[2] (compute-mfcc-feats[5.5.1182~1-e02e3]:main():compute-mfcc-feats.cc:182) Processed features for key common_voice_lt_40941361
WARNING (compute-mfcc-feats[5.5.1182~1-e02e3]:Read():wave-reader.cc:304) Expected 201600 bytes of wave data, but read only 200448 bytes. Truncated file?
VLOG[2] (compute-mfcc-feats[5.5.1182~1-e02e3]:main():compute-mfcc-feats.cc:182) Processed features for key common_voice_lt_40941362
WARNING (compute-mfcc-feats[5.5.1182~1-e02e3]:Read():wave-reader.cc:304) Expected 178560 bytes of wave data, but read only 177408 bytes. Truncated file?
VLOG[2] (compute-mfcc-feats[5.5.1182~1-e02e3]:main():compute-mfcc-feats.cc:182) Processed features for key common_voice_lt_40941363
WARNING (compute-mfcc-feats[5.5.1182~1-e02e3]:Read():wave-reader.cc:304) Expected 127872 bytes of wave data, but read only 126720 bytes. Truncated file?
VLOG[2] (compute-mfcc-feats[5.5.1182~1-e02e3]:main():compute-mfcc-feats.cc:182) Processed features for key common_voice_lt_40941376
WARNING (compute-mfcc-feats[5.5.1182~1-e02e3]:Read():wave-reader.cc:304) Expected 239616 bytes of wave data, but read only 238464 bytes. Truncated file?
VLOG[2] (compute-mfcc-feats[5.5.1182~1-e02e3]:main():compute-mfcc-feats.cc:182) Processed features for key common_voice_lt_40941378
WARNING (compute-mfcc-feats[5.5.1182~1-e02e3]:Read():wave-reader.cc:304) Expected 132480 bytes of wave data, but read only 131328 bytes. Truncated file?
VLOG[2] (compute-mfcc-feats[5.5.1182~1-e02e3]:main():compute-mfcc-feats.cc:182) Processed features for key common_voice_lt_40941379
WARNING (compute-mfcc-feats[5.5.1182~1-e02e3]:Read():wave-reader.cc:304) Expected 141696 bytes of wave data, but read only 140544 bytes. Truncated file?
VLOG[2] (compute-mfcc-feats[5.5.1182~1-e02e3]:main():compute-mfcc-feats.cc:182) Processed features for key common_voice_lt_40941385
WARNING (compute-mfcc-feats[5.5.1182~1-e02e3]:Read():wave-reader.cc:304) Expected 179712 bytes of wave data, but read only 178560 bytes. Truncated file?
VLOG[2] (compute-mfcc-feats[5.5.1182~1-e02e3]:main():compute-mfcc-feats.cc:182) Processed features for key common_voice_lt_40941386
WARNING (compute-mfcc-feats[5.5.1182~1-e02e3]:Read():wave-reader.cc:304) Expected 109440 bytes of wave data, but read only 108288 bytes. Truncated file?
LOG (compute-mfcc-feats[5.5.1182~1-e02e3]:main():compute-mfcc-feats.cc:181) Processed 250 utterances
VLOG[2] (compute-mfcc-feats[5.5.1182~1-e02e3]:main():compute-mfcc-feats.cc:182) Processed features for key common_voice_lt_40941388
WARNING (compute-mfcc-feats[5.5.1182~1-e02e3]:Read():wave-reader.cc:304) Expected 150912 bytes of wave data, but read only 149760 bytes. Truncated file?
VLOG[2] (compute-mfcc-feats[5.5.1182~1-e02e3]:main():compute-mfcc-feats.cc:182) Processed features for key common_voice_lt_40941389
WARNING (compute-mfcc-feats[5.5.1182~1-e02e3]:Read():wave-reader.cc:304) Expected 133632 bytes of wave data, but read only 132480 bytes. Truncated file?
VLOG[2] (compute-mfcc-feats[5.5.1182~1-e02e3]:main():compute-mfcc-feats.cc:182) Processed features for key common_voice_lt_40941396
WARNING (compute-mfcc-feats[5.5.1182~1-e02e3]:Read():wave-reader.cc:304) Expected 153216 bytes of wave data, but read only 152064 bytes. Truncated file?
VLOG[2] (compute-mfcc-feats[5.5.1182~1-e02e3]:main():compute-mfcc-feats.cc:182) Processed features for key common_voice_lt_40941398
WARNING (compute-mfcc-feats[5.5.1182~1-e02e3]:Read():wave-reader.cc:304) Expected 193536 bytes of wave data, but read only 192384 bytes. Truncated file?
VLOG[2] (compute-mfcc-feats[5.5.1182~1-e02e3]:main():compute-mfcc-feats.cc:182) Processed features for key common_voice_lt_40941399
WARNING (compute-mfcc-feats[5.5.1182~1-e02e3]:Read():wave-reader.cc:304) Expected 115200 bytes of wave data, but read only 114048 bytes. Truncated file?
VLOG[2] (compute-mfcc-feats[5.5.1182~1-e02e3]:main():compute-mfcc-feats.cc:182) Processed features for key common_voice_lt_40941405
WARNING (compute-mfcc-feats[5.5.1182~1-e02e3]:Read():wave-reader.cc:304) Expected 135936 bytes of wave data, but read only 134784 bytes. Truncated file?
VLOG[2] (compute-mfcc-feats[5.5.1182~1-e02e3]:main():compute-mfcc-feats.cc:182) Processed features for key common_voice_lt_40941406
WARNING (compute-mfcc-feats[5.5.1182~1-e02e3]:Read():wave-reader.cc:304) Expected 162432 bytes of wave data, but read only 161280 bytes. Truncated file?
VLOG[2] (compute-mfcc-feats[5.5.1182~1-e02e3]:main():compute-mfcc-feats.cc:182) Processed features for key common_voice_lt_40941409
WARNING (compute-mfcc-feats[5.5.1182~1-e02e3]:Read():wave-reader.cc:304) Expected 97920 bytes of wave data, but read only 96768 bytes. Truncated file?
VLOG[2] (compute-mfcc-feats[5.5.1182~1-e02e3]:main():compute-mfcc-feats.cc:182) Processed features for key common_voice_lt_40941418
WARNING (compute-mfcc-feats[5.5.1182~1-e02e3]:Read():wave-reader.cc:304) Expected 120960 bytes of wave data, but read only 119808 bytes. Truncated file?
VLOG[2] (compute-mfcc-feats[5.5.1182~1-e02e3]:main():compute-mfcc-feats.cc:182) Processed features for key common_voice_lt_40941419
WARNING (compute-mfcc-feats[5.5.1182~1-e02e3]:Read():wave-reader.cc:304) Expected 120960 bytes of wave data, but read only 119808 bytes. Truncated file?
LOG (compute-mfcc-feats[5.5.1182~1-e02e3]:main():compute-mfcc-feats.cc:181) Processed 260 utterances
VLOG[2] (compute-mfcc-feats[5.5.1182~1-e02e3]:main():compute-mfcc-feats.cc:182) Processed features for key common_voice_lt_40941426
WARNING (compute-mfcc-feats[5.5.1182~1-e02e3]:Read():wave-reader.cc:304) Expected 207360 bytes of wave data, but read only 206208 bytes. Truncated file?
VLOG[2] (compute-mfcc-feats[5.5.1182~1-e02e3]:main():compute-mfcc-feats.cc:182) Processed features for key common_voice_lt_40941427
WARNING (compute-mfcc-feats[5.5.1182~1-e02e3]:Read():wave-reader.cc:304) Expected 139392 bytes of wave data, but read only 138240 bytes. Truncated file?
VLOG[2] (compute-mfcc-feats[5.5.1182~1-e02e3]:main():compute-mfcc-feats.cc:182) Processed features for key common_voice_lt_40941428
WARNING (compute-mfcc-feats[5.5.1182~1-e02e3]:Read():wave-reader.cc:304) Expected 99072 bytes of wave data, but read only 97920 bytes. Truncated file?
VLOG[2] (compute-mfcc-feats[5.5.1182~1-e02e3]:main():compute-mfcc-feats.cc:182) Processed features for key common_voice_lt_40941429
WARNING (compute-mfcc-feats[5.5.1182~1-e02e3]:Read():wave-reader.cc:304) Expected 178560 bytes of wave data, but read only 177408 bytes. Truncated file?
VLOG[2] (compute-mfcc-feats[5.5.1182~1-e02e3]:main():compute-mfcc-feats.cc:182) Processed features for key common_voice_lt_40941430
WARNING (compute-mfcc-feats[5.5.1182~1-e02e3]:Read():wave-reader.cc:304) Expected 178560 bytes of wave data, but read only 177408 bytes. Truncated file?
VLOG[2] (compute-mfcc-feats[5.5.1182~1-e02e3]:main():compute-mfcc-feats.cc:182) Processed features for key common_voice_lt_40941431
WARNING (compute-mfcc-feats[5.5.1182~1-e02e3]:Read():wave-reader.cc:304) Expected 170496 bytes of wave data, but read only 169344 bytes. Truncated file?
VLOG[2] (compute-mfcc-feats[5.5.1182~1-e02e3]:main():compute-mfcc-feats.cc:182) Processed features for key common_voice_lt_40941432
WARNING (compute-mfcc-feats[5.5.1182~1-e02e3]:Read():wave-reader.cc:304) Expected 149760 bytes of wave data, but read only 148608 bytes. Truncated file?
VLOG[2] (compute-mfcc-feats[5.5.1182~1-e02e3]:main():compute-mfcc-feats.cc:182) Processed features for key common_voice_lt_40941435
WARNING (compute-mfcc-feats[5.5.1182~1-e02e3]:Read():wave-reader.cc:304) Expected 139392 bytes of wave data, but read only 138240 bytes. Truncated file?
VLOG[2] (compute-mfcc-feats[5.5.1182~1-e02e3]:main():compute-mfcc-feats.cc:182) Processed features for key common_voice_lt_40941436
WARNING (compute-mfcc-feats[5.5.1182~1-e02e3]:Read():wave-reader.cc:304) Expected 164736 bytes of wave data, but read only 163584 bytes. Truncated file?
VLOG[2] (compute-mfcc-feats[5.5.1182~1-e02e3]:main():compute-mfcc-feats.cc:182) Processed features for key common_voice_lt_40941437
WARNING (compute-mfcc-feats[5.5.1182~1-e02e3]:Read():wave-reader.cc:304) Expected 124416 bytes of wave data, but read only 123264 bytes. Truncated file?
LOG (compute-mfcc-feats[5.5.1182~1-e02e3]:main():compute-mfcc-feats.cc:181) Processed 270 utterances
VLOG[2] (compute-mfcc-feats[5.5.1182~1-e02e3]:main():compute-mfcc-feats.cc:182) Processed features for key common_voice_lt_40941438
WARNING (compute-mfcc-feats[5.5.1182~1-e02e3]:Read():wave-reader.cc:304) Expected 233856 bytes of wave data, but read only 232704 bytes. Truncated file?
VLOG[2] (compute-mfcc-feats[5.5.1182~1-e02e3]:main():compute-mfcc-feats.cc:182) Processed features for key common_voice_lt_40941439
WARNING (compute-mfcc-feats[5.5.1182~1-e02e3]:Read():wave-reader.cc:304) Expected 210816 bytes of wave data, but read only 209664 bytes. Truncated file?
VLOG[2] (compute-mfcc-feats[5.5.1182~1-e02e3]:main():compute-mfcc-feats.cc:182) Processed features for key common_voice_lt_40941440
WARNING (compute-mfcc-feats[5.5.1182~1-e02e3]:Read():wave-reader.cc:304) Expected 178560 bytes of wave data, but read only 177408 bytes. Truncated file?
VLOG[2] (compute-mfcc-feats[5.5.1182~1-e02e3]:main():compute-mfcc-feats.cc:182) Processed features for key common_voice_lt_40941442
WARNING (compute-mfcc-feats[5.5.1182~1-e02e3]:Read():wave-reader.cc:304) Expected 285696 bytes of wave data, but read only 284544 bytes. Truncated file?
VLOG[2] (compute-mfcc-feats[5.5.1182~1-e02e3]:main():compute-mfcc-feats.cc:182) Processed features for key common_voice_lt_40941443
WARNING (compute-mfcc-feats[5.5.1182~1-e02e3]:Read():wave-reader.cc:304) Expected 138240 bytes of wave data, but read only 137088 bytes. Truncated file?
VLOG[2] (compute-mfcc-feats[5.5.1182~1-e02e3]:main():compute-mfcc-feats.cc:182) Processed features for key common_voice_lt_40941445
WARNING (compute-mfcc-feats[5.5.1182~1-e02e3]:Read():wave-reader.cc:304) Expected 162432 bytes of wave data, but read only 161280 bytes. Truncated file?
VLOG[2] (compute-mfcc-feats[5.5.1182~1-e02e3]:main():compute-mfcc-feats.cc:182) Processed features for key common_voice_lt_40941446
WARNING (compute-mfcc-feats[5.5.1182~1-e02e3]:Read():wave-reader.cc:304) Expected 173952 bytes of wave data, but read only 172800 bytes. Truncated file?
VLOG[2] (compute-mfcc-feats[5.5.1182~1-e02e3]:main():compute-mfcc-feats.cc:182) Processed features for key common_voice_lt_40941450
WARNING (compute-mfcc-feats[5.5.1182~1-e02e3]:Read():wave-reader.cc:304) Expected 110592 bytes of wave data, but read only 109440 bytes. Truncated file?
VLOG[2] (compute-mfcc-feats[5.5.1182~1-e02e3]:main():compute-mfcc-feats.cc:182) Processed features for key common_voice_lt_40941451
WARNING (compute-mfcc-feats[5.5.1182~1-e02e3]:Read():wave-reader.cc:304) Expected 139392 bytes of wave data, but read only 138240 bytes. Truncated file?
VLOG[2] (compute-mfcc-feats[5.5.1182~1-e02e3]:main():compute-mfcc-feats.cc:182) Processed features for key common_voice_lt_40941453
WARNING (compute-mfcc-feats[5.5.1182~1-e02e3]:Read():wave-reader.cc:304) Expected 184320 bytes of wave data, but read only 183168 bytes. Truncated file?
LOG (compute-mfcc-feats[5.5.1182~1-e02e3]:main():compute-mfcc-feats.cc:181) Processed 280 utterances
VLOG[2] (compute-mfcc-feats[5.5.1182~1-e02e3]:main():compute-mfcc-feats.cc:182) Processed features for key common_voice_lt_40941455
WARNING (compute-mfcc-feats[5.5.1182~1-e02e3]:Read():wave-reader.cc:304) Expected 187776 bytes of wave data, but read only 186624 bytes. Truncated file?
VLOG[2] (compute-mfcc-feats[5.5.1182~1-e02e3]:main():compute-mfcc-feats.cc:182) Processed features for key common_voice_lt_40941457
WARNING (compute-mfcc-feats[5.5.1182~1-e02e3]:Read():wave-reader.cc:304) Expected 231552 bytes of wave data, but read only 230400 bytes. Truncated file?
VLOG[2] (compute-mfcc-feats[5.5.1182~1-e02e3]:main():compute-mfcc-feats.cc:182) Processed features for key common_voice_lt_40941459
WARNING (compute-mfcc-feats[5.5.1182~1-e02e3]:Read():wave-reader.cc:304) Expected 138240 bytes of wave data, but read only 137088 bytes. Truncated file?
VLOG[2] (compute-mfcc-feats[5.5.1182~1-e02e3]:main():compute-mfcc-feats.cc:182) Processed features for key common_voice_lt_40941460
WARNING (compute-mfcc-feats[5.5.1182~1-e02e3]:Read():wave-reader.cc:304) Expected 239616 bytes of wave data, but read only 238464 bytes. Truncated file?
VLOG[2] (compute-mfcc-feats[5.5.1182~1-e02e3]:main():compute-mfcc-feats.cc:182) Processed features for key common_voice_lt_40941464
WARNING (compute-mfcc-feats[5.5.1182~1-e02e3]:Read():wave-reader.cc:304) Expected 132480 bytes of wave data, but read only 131328 bytes. Truncated file?
VLOG[2] (compute-mfcc-feats[5.5.1182~1-e02e3]:main():compute-mfcc-feats.cc:182) Processed features for key common_voice_lt_40941465
WARNING (compute-mfcc-feats[5.5.1182~1-e02e3]:Read():wave-reader.cc:304) Expected 228096 bytes of wave data, but read only 226944 bytes. Truncated file?
VLOG[2] (compute-mfcc-feats[5.5.1182~1-e02e3]:main():compute-mfcc-feats.cc:182) Processed features for key common_voice_lt_40952319
WARNING (compute-mfcc-feats[5.5.1182~1-e02e3]:Read():wave-reader.cc:304) Expected 231552 bytes of wave data, but read only 230400 bytes. Truncated file?
VLOG[2] (compute-mfcc-feats[5.5.1182~1-e02e3]:main():compute-mfcc-feats.cc:182) Processed features for key common_voice_lt_40952322
WARNING (compute-mfcc-feats[5.5.1182~1-e02e3]:Read():wave-reader.cc:304) Expected 170496 bytes of wave data, but read only 169344 bytes. Truncated file?
VLOG[2] (compute-mfcc-feats[5.5.1182~1-e02e3]:main():compute-mfcc-feats.cc:182) Processed features for key common_voice_lt_40952329
WARNING (compute-mfcc-feats[5.5.1182~1-e02e3]:Read():wave-reader.cc:304) Expected 138240 bytes of wave data, but read only 137088 bytes. Truncated file?
VLOG[2] (compute-mfcc-feats[5.5.1182~1-e02e3]:main():compute-mfcc-feats.cc:182) Processed features for key common_voice_lt_40952331
WARNING (compute-mfcc-feats[5.5.1182~1-e02e3]:Read():wave-reader.cc:304) Expected 167040 bytes of wave data, but read only 165888 bytes. Truncated file?
LOG (compute-mfcc-feats[5.5.1182~1-e02e3]:main():compute-mfcc-feats.cc:181) Processed 290 utterances
VLOG[2] (compute-mfcc-feats[5.5.1182~1-e02e3]:main():compute-mfcc-feats.cc:182) Processed features for key common_voice_lt_40952332
WARNING (compute-mfcc-feats[5.5.1182~1-e02e3]:Read():wave-reader.cc:304) Expected 193536 bytes of wave data, but read only 192384 bytes. Truncated file?
VLOG[2] (compute-mfcc-feats[5.5.1182~1-e02e3]:main():compute-mfcc-feats.cc:182) Processed features for key common_voice_lt_40952339
WARNING (compute-mfcc-feats[5.5.1182~1-e02e3]:Read():wave-reader.cc:304) Expected 170496 bytes of wave data, but read only 169344 bytes. Truncated file?
VLOG[2] (compute-mfcc-feats[5.5.1182~1-e02e3]:main():compute-mfcc-feats.cc:182) Processed features for key common_voice_lt_40952340
WARNING (compute-mfcc-feats[5.5.1182~1-e02e3]:Read():wave-reader.cc:304) Expected 260352 bytes of wave data, but read only 259200 bytes. Truncated file?
VLOG[2] (compute-mfcc-feats[5.5.1182~1-e02e3]:main():compute-mfcc-feats.cc:182) Processed features for key common_voice_lt_40952341
WARNING (compute-mfcc-feats[5.5.1182~1-e02e3]:Read():wave-reader.cc:304) Expected 228096 bytes of wave data, but read only 226944 bytes. Truncated file?
VLOG[2] (compute-mfcc-feats[5.5.1182~1-e02e3]:main():compute-mfcc-feats.cc:182) Processed features for key common_voice_lt_40952342
WARNING (compute-mfcc-feats[5.5.1182~1-e02e3]:Read():wave-reader.cc:304) Expected 173952 bytes of wave data, but read only 172800 bytes. Truncated file?
VLOG[2] (compute-mfcc-feats[5.5.1182~1-e02e3]:main():compute-mfcc-feats.cc:182) Processed features for key common_voice_lt_40952343
WARNING (compute-mfcc-feats[5.5.1182~1-e02e3]:Read():wave-reader.cc:304) Expected 130176 bytes of wave data, but read only 129024 bytes. Truncated file?
VLOG[2] (compute-mfcc-feats[5.5.1182~1-e02e3]:main():compute-mfcc-feats.cc:182) Processed features for key common_voice_lt_40952344
WARNING (compute-mfcc-feats[5.5.1182~1-e02e3]:Read():wave-reader.cc:304) Expected 178560 bytes of wave data, but read only 177408 bytes. Truncated file?
VLOG[2] (compute-mfcc-feats[5.5.1182~1-e02e3]:main():compute-mfcc-feats.cc:182) Processed features for key common_voice_lt_40952345
WARNING (compute-mfcc-feats[5.5.1182~1-e02e3]:Read():wave-reader.cc:304) Expected 118656 bytes of wave data, but read only 117504 bytes. Truncated file?
VLOG[2] (compute-mfcc-feats[5.5.1182~1-e02e3]:main():compute-mfcc-feats.cc:182) Processed features for key common_voice_lt_40952346
WARNING (compute-mfcc-feats[5.5.1182~1-e02e3]:Read():wave-reader.cc:304) Expected 276480 bytes of wave data, but read only 275328 bytes. Truncated file?
VLOG[2] (compute-mfcc-feats[5.5.1182~1-e02e3]:main():compute-mfcc-feats.cc:182) Processed features for key common_voice_lt_40952353
WARNING (compute-mfcc-feats[5.5.1182~1-e02e3]:Read():wave-reader.cc:304) Expected 144000 bytes of wave data, but read only 142848 bytes. Truncated file?
LOG (compute-mfcc-feats[5.5.1182~1-e02e3]:main():compute-mfcc-feats.cc:181) Processed 300 utterances
VLOG[2] (compute-mfcc-feats[5.5.1182~1-e02e3]:main():compute-mfcc-feats.cc:182) Processed features for key common_voice_lt_40952355
WARNING (compute-mfcc-feats[5.5.1182~1-e02e3]:Read():wave-reader.cc:304) Expected 176256 bytes of wave data, but read only 175104 bytes. Truncated file?
VLOG[2] (compute-mfcc-feats[5.5.1182~1-e02e3]:main():compute-mfcc-feats.cc:182) Processed features for key common_voice_lt_40952359
WARNING (compute-mfcc-feats[5.5.1182~1-e02e3]:Read():wave-reader.cc:304) Expected 199296 bytes of wave data, but read only 198144 bytes. Truncated file?
VLOG[2] (compute-mfcc-feats[5.5.1182~1-e02e3]:main():compute-mfcc-feats.cc:182) Processed features for key common_voice_lt_40952361
WARNING (compute-mfcc-feats[5.5.1182~1-e02e3]:Read():wave-reader.cc:304) Expected 191232 bytes of wave data, but read only 190080 bytes. Truncated file?
VLOG[2] (compute-mfcc-feats[5.5.1182~1-e02e3]:main():compute-mfcc-feats.cc:182) Processed features for key common_voice_lt_40952362
WARNING (compute-mfcc-feats[5.5.1182~1-e02e3]:Read():wave-reader.cc:304) Expected 173952 bytes of wave data, but read only 172800 bytes. Truncated file?
VLOG[2] (compute-mfcc-feats[5.5.1182~1-e02e3]:main():compute-mfcc-feats.cc:182) Processed features for key common_voice_lt_40952364
WARNING (compute-mfcc-feats[5.5.1182~1-e02e3]:Read():wave-reader.cc:304) Expected 220032 bytes of wave data, but read only 218880 bytes. Truncated file?
VLOG[2] (compute-mfcc-feats[5.5.1182~1-e02e3]:main():compute-mfcc-feats.cc:182) Processed features for key common_voice_lt_40952367
WARNING (compute-mfcc-feats[5.5.1182~1-e02e3]:Read():wave-reader.cc:304) Expected 153216 bytes of wave data, but read only 152064 bytes. Truncated file?
VLOG[2] (compute-mfcc-feats[5.5.1182~1-e02e3]:main():compute-mfcc-feats.cc:182) Processed features for key common_voice_lt_40952369
WARNING (compute-mfcc-feats[5.5.1182~1-e02e3]:Read():wave-reader.cc:304) Expected 139392 bytes of wave data, but read only 138240 bytes. Truncated file?
VLOG[2] (compute-mfcc-feats[5.5.1182~1-e02e3]:main():compute-mfcc-feats.cc:182) Processed features for key common_voice_lt_40952372
WARNING (compute-mfcc-feats[5.5.1182~1-e02e3]:Read():wave-reader.cc:304) Expected 149760 bytes of wave data, but read only 148608 bytes. Truncated file?
VLOG[2] (compute-mfcc-feats[5.5.1182~1-e02e3]:main():compute-mfcc-feats.cc:182) Processed features for key common_voice_lt_40952373
WARNING (compute-mfcc-feats[5.5.1182~1-e02e3]:Read():wave-reader.cc:304) Expected 162432 bytes of wave data, but read only 161280 bytes. Truncated file?
VLOG[2] (compute-mfcc-feats[5.5.1182~1-e02e3]:main():compute-mfcc-feats.cc:182) Processed features for key common_voice_lt_40952375
WARNING (compute-mfcc-feats[5.5.1182~1-e02e3]:Read():wave-reader.cc:304) Expected 208512 bytes of wave data, but read only 207360 bytes. Truncated file?
LOG (compute-mfcc-feats[5.5.1182~1-e02e3]:main():compute-mfcc-feats.cc:181) Processed 310 utterances
VLOG[2] (compute-mfcc-feats[5.5.1182~1-e02e3]:main():compute-mfcc-feats.cc:182) Processed features for key common_voice_lt_40952393
WARNING (compute-mfcc-feats[5.5.1182~1-e02e3]:Read():wave-reader.cc:304) Expected 253440 bytes of wave data, but read only 252288 bytes. Truncated file?
VLOG[2] (compute-mfcc-feats[5.5.1182~1-e02e3]:main():compute-mfcc-feats.cc:182) Processed features for key common_voice_lt_40952402
WARNING (compute-mfcc-feats[5.5.1182~1-e02e3]:Read():wave-reader.cc:304) Expected 150912 bytes of wave data, but read only 149760 bytes. Truncated file?
VLOG[2] (compute-mfcc-feats[5.5.1182~1-e02e3]:main():compute-mfcc-feats.cc:182) Processed features for key common_voice_lt_40952403
WARNING (compute-mfcc-feats[5.5.1182~1-e02e3]:Read():wave-reader.cc:304) Expected 149760 bytes of wave data, but read only 148608 bytes. Truncated file?
VLOG[2] (compute-mfcc-feats[5.5.1182~1-e02e3]:main():compute-mfcc-feats.cc:182) Processed features for key common_voice_lt_40952404
WARNING (compute-mfcc-feats[5.5.1182~1-e02e3]:Read():wave-reader.cc:304) Expected 162432 bytes of wave data, but read only 161280 bytes. Truncated file?
VLOG[2] (compute-mfcc-feats[5.5.1182~1-e02e3]:main():compute-mfcc-feats.cc:182) Processed features for key common_voice_lt_40952406
WARNING (compute-mfcc-feats[5.5.1182~1-e02e3]:Read():wave-reader.cc:304) Expected 158976 bytes of wave data, but read only 157824 bytes. Truncated file?
VLOG[2] (compute-mfcc-feats[5.5.1182~1-e02e3]:main():compute-mfcc-feats.cc:182) Processed features for key common_voice_lt_40952409
WARNING (compute-mfcc-feats[5.5.1182~1-e02e3]:Read():wave-reader.cc:304) Expected 251136 bytes of wave data, but read only 249984 bytes. Truncated file?
VLOG[2] (compute-mfcc-feats[5.5.1182~1-e02e3]:main():compute-mfcc-feats.cc:182) Processed features for key common_voice_lt_40952410
WARNING (compute-mfcc-feats[5.5.1182~1-e02e3]:Read():wave-reader.cc:304) Expected 216576 bytes of wave data, but read only 215424 bytes. Truncated file?
VLOG[2] (compute-mfcc-feats[5.5.1182~1-e02e3]:main():compute-mfcc-feats.cc:182) Processed features for key common_voice_lt_40952411
WARNING (compute-mfcc-feats[5.5.1182~1-e02e3]:Read():wave-reader.cc:304) Expected 161280 bytes of wave data, but read only 160128 bytes. Truncated file?
VLOG[2] (compute-mfcc-feats[5.5.1182~1-e02e3]:main():compute-mfcc-feats.cc:182) Processed features for key common_voice_lt_40952413
WARNING (compute-mfcc-feats[5.5.1182~1-e02e3]:Read():wave-reader.cc:304) Expected 208512 bytes of wave data, but read only 207360 bytes. Truncated file?
VLOG[2] (compute-mfcc-feats[5.5.1182~1-e02e3]:main():compute-mfcc-feats.cc:182) Processed features for key common_voice_lt_40952414
WARNING (compute-mfcc-feats[5.5.1182~1-e02e3]:Read():wave-reader.cc:304) Expected 182016 bytes of wave data, but read only 180864 bytes. Truncated file?
LOG (compute-mfcc-feats[5.5.1182~1-e02e3]:main():compute-mfcc-feats.cc:181) Processed 320 utterances
VLOG[2] (compute-mfcc-feats[5.5.1182~1-e02e3]:main():compute-mfcc-feats.cc:182) Processed features for key common_voice_lt_40952416
WARNING (compute-mfcc-feats[5.5.1182~1-e02e3]:Read():wave-reader.cc:304) Expected 115200 bytes of wave data, but read only 114048 bytes. Truncated file?
VLOG[2] (compute-mfcc-feats[5.5.1182~1-e02e3]:main():compute-mfcc-feats.cc:182) Processed features for key common_voice_lt_40952417
WARNING (compute-mfcc-feats[5.5.1182~1-e02e3]:Read():wave-reader.cc:304) Expected 199296 bytes of wave data, but read only 198144 bytes. Truncated file?
VLOG[2] (compute-mfcc-feats[5.5.1182~1-e02e3]:main():compute-mfcc-feats.cc:182) Processed features for key common_voice_lt_40952418
WARNING (compute-mfcc-feats[5.5.1182~1-e02e3]:Read():wave-reader.cc:304) Expected 182016 bytes of wave data, but read only 180864 bytes. Truncated file?
VLOG[2] (compute-mfcc-feats[5.5.1182~1-e02e3]:main():compute-mfcc-feats.cc:182) Processed features for key common_voice_lt_40952423
WARNING (compute-mfcc-feats[5.5.1182~1-e02e3]:Read():wave-reader.cc:304) Expected 124416 bytes of wave data, but read only 123264 bytes. Truncated file?
VLOG[2] (compute-mfcc-feats[5.5.1182~1-e02e3]:main():compute-mfcc-feats.cc:182) Processed features for key common_voice_lt_40952426
WARNING (compute-mfcc-feats[5.5.1182~1-e02e3]:Read():wave-reader.cc:304) Expected 116352 bytes of wave data, but read only 115200 bytes. Truncated file?
VLOG[2] (compute-mfcc-feats[5.5.1182~1-e02e3]:main():compute-mfcc-feats.cc:182) Processed features for key common_voice_lt_40952427
WARNING (compute-mfcc-feats[5.5.1182~1-e02e3]:Read():wave-reader.cc:304) Expected 225792 bytes of wave data, but read only 224640 bytes. Truncated file?
VLOG[2] (compute-mfcc-feats[5.5.1182~1-e02e3]:main():compute-mfcc-feats.cc:182) Processed features for key common_voice_lt_40952429
WARNING (compute-mfcc-feats[5.5.1182~1-e02e3]:Read():wave-reader.cc:304) Expected 132480 bytes of wave data, but read only 131328 bytes. Truncated file?
VLOG[2] (compute-mfcc-feats[5.5.1182~1-e02e3]:main():compute-mfcc-feats.cc:182) Processed features for key common_voice_lt_40952430
WARNING (compute-mfcc-feats[5.5.1182~1-e02e3]:Read():wave-reader.cc:304) Expected 124416 bytes of wave data, but read only 123264 bytes. Truncated file?
VLOG[2] (compute-mfcc-feats[5.5.1182~1-e02e3]:main():compute-mfcc-feats.cc:182) Processed features for key common_voice_lt_40952436
WARNING (compute-mfcc-feats[5.5.1182~1-e02e3]:Read():wave-reader.cc:304) Expected 149760 bytes of wave data, but read only 148608 bytes. Truncated file?
VLOG[2] (compute-mfcc-feats[5.5.1182~1-e02e3]:main():compute-mfcc-feats.cc:182) Processed features for key common_voice_lt_40952442
WARNING (compute-mfcc-feats[5.5.1182~1-e02e3]:Read():wave-reader.cc:304) Expected 139392 bytes of wave data, but read only 138240 bytes. Truncated file?
LOG (compute-mfcc-feats[5.5.1182~1-e02e3]:main():compute-mfcc-feats.cc:181) Processed 330 utterances
VLOG[2] (compute-mfcc-feats[5.5.1182~1-e02e3]:main():compute-mfcc-feats.cc:182) Processed features for key common_voice_lt_40952443
WARNING (compute-mfcc-feats[5.5.1182~1-e02e3]:Read():wave-reader.cc:304) Expected 185472 bytes of wave data, but read only 184320 bytes. Truncated file?
VLOG[2] (compute-mfcc-feats[5.5.1182~1-e02e3]:main():compute-mfcc-feats.cc:182) Processed features for key common_voice_lt_40952444
WARNING (compute-mfcc-feats[5.5.1182~1-e02e3]:Read():wave-reader.cc:304) Expected 162432 bytes of wave data, but read only 161280 bytes. Truncated file?
VLOG[2] (compute-mfcc-feats[5.5.1182~1-e02e3]:main():compute-mfcc-feats.cc:182) Processed features for key common_voice_lt_40952445
WARNING (compute-mfcc-feats[5.5.1182~1-e02e3]:Read():wave-reader.cc:304) Expected 155520 bytes of wave data, but read only 154368 bytes. Truncated file?
VLOG[2] (compute-mfcc-feats[5.5.1182~1-e02e3]:main():compute-mfcc-feats.cc:182) Processed features for key common_voice_lt_40952451
WARNING (compute-mfcc-feats[5.5.1182~1-e02e3]:Read():wave-reader.cc:304) Expected 155520 bytes of wave data, but read only 154368 bytes. Truncated file?
VLOG[2] (compute-mfcc-feats[5.5.1182~1-e02e3]:main():compute-mfcc-feats.cc:182) Processed features for key common_voice_lt_40952455
WARNING (compute-mfcc-feats[5.5.1182~1-e02e3]:Read():wave-reader.cc:304) Expected 158976 bytes of wave data, but read only 157824 bytes. Truncated file?
VLOG[2] (compute-mfcc-feats[5.5.1182~1-e02e3]:main():compute-mfcc-feats.cc:182) Processed features for key common_voice_lt_40952457
WARNING (compute-mfcc-feats[5.5.1182~1-e02e3]:Read():wave-reader.cc:304) Expected 144000 bytes of wave data, but read only 142848 bytes. Truncated file?
VLOG[2] (compute-mfcc-feats[5.5.1182~1-e02e3]:main():compute-mfcc-feats.cc:182) Processed features for key common_voice_lt_40952459
WARNING (compute-mfcc-feats[5.5.1182~1-e02e3]:Read():wave-reader.cc:304) Expected 141696 bytes of wave data, but read only 140544 bytes. Truncated file?
VLOG[2] (compute-mfcc-feats[5.5.1182~1-e02e3]:main():compute-mfcc-feats.cc:182) Processed features for key common_voice_lt_40952460
WARNING (compute-mfcc-feats[5.5.1182~1-e02e3]:Read():wave-reader.cc:304) Expected 144000 bytes of wave data, but read only 142848 bytes. Truncated file?
VLOG[2] (compute-mfcc-feats[5.5.1182~1-e02e3]:main():compute-mfcc-feats.cc:182) Processed features for key common_voice_lt_40952467
WARNING (compute-mfcc-feats[5.5.1182~1-e02e3]:Read():wave-reader.cc:304) Expected 162432 bytes of wave data, but read only 161280 bytes. Truncated file?
VLOG[2] (compute-mfcc-feats[5.5.1182~1-e02e3]:main():compute-mfcc-feats.cc:182) Processed features for key common_voice_lt_40952470
WARNING (compute-mfcc-feats[5.5.1182~1-e02e3]:Read():wave-reader.cc:304) Expected 116352 bytes of wave data, but read only 115200 bytes. Truncated file?
LOG (compute-mfcc-feats[5.5.1182~1-e02e3]:main():compute-mfcc-feats.cc:181) Processed 340 utterances
VLOG[2] (compute-mfcc-feats[5.5.1182~1-e02e3]:main():compute-mfcc-feats.cc:182) Processed features for key common_voice_lt_40952472
WARNING (compute-mfcc-feats[5.5.1182~1-e02e3]:Read():wave-reader.cc:304) Expected 118656 bytes of wave data, but read only 117504 bytes. Truncated file?
VLOG[2] (compute-mfcc-feats[5.5.1182~1-e02e3]:main():compute-mfcc-feats.cc:182) Processed features for key common_voice_lt_40952474
WARNING (compute-mfcc-feats[5.5.1182~1-e02e3]:Read():wave-reader.cc:304) Expected 164736 bytes of wave data, but read only 163584 bytes. Truncated file?
VLOG[2] (compute-mfcc-feats[5.5.1182~1-e02e3]:main():compute-mfcc-feats.cc:182) Processed features for key common_voice_lt_40952492
WARNING (compute-mfcc-feats[5.5.1182~1-e02e3]:Read():wave-reader.cc:304) Expected 144000 bytes of wave data, but read only 142848 bytes. Truncated file?
VLOG[2] (compute-mfcc-feats[5.5.1182~1-e02e3]:main():compute-mfcc-feats.cc:182) Processed features for key common_voice_lt_40952494
WARNING (compute-mfcc-feats[5.5.1182~1-e02e3]:Read():wave-reader.cc:304) Expected 168192 bytes of wave data, but read only 167040 bytes. Truncated file?
VLOG[2] (compute-mfcc-feats[5.5.1182~1-e02e3]:main():compute-mfcc-feats.cc:182) Processed features for key common_voice_lt_40952495
WARNING (compute-mfcc-feats[5.5.1182~1-e02e3]:Read():wave-reader.cc:304) Expected 168192 bytes of wave data, but read only 167040 bytes. Truncated file?
VLOG[2] (compute-mfcc-feats[5.5.1182~1-e02e3]:main():compute-mfcc-feats.cc:182) Processed features for key common_voice_lt_40952498
WARNING (compute-mfcc-feats[5.5.1182~1-e02e3]:Read():wave-reader.cc:304) Expected 191232 bytes of wave data, but read only 190080 bytes. Truncated file?
VLOG[2] (compute-mfcc-feats[5.5.1182~1-e02e3]:main():compute-mfcc-feats.cc:182) Processed features for key common_voice_lt_40952499
WARNING (compute-mfcc-feats[5.5.1182~1-e02e3]:Read():wave-reader.cc:304) Expected 150912 bytes of wave data, but read only 149760 bytes. Truncated file?
VLOG[2] (compute-mfcc-feats[5.5.1182~1-e02e3]:main():compute-mfcc-feats.cc:182) Processed features for key common_voice_lt_40952509
WARNING (compute-mfcc-feats[5.5.1182~1-e02e3]:Read():wave-reader.cc:304) Expected 133632 bytes of wave data, but read only 132480 bytes. Truncated file?
VLOG[2] (compute-mfcc-feats[5.5.1182~1-e02e3]:main():compute-mfcc-feats.cc:182) Processed features for key common_voice_lt_40952511
WARNING (compute-mfcc-feats[5.5.1182~1-e02e3]:Read():wave-reader.cc:304) Expected 172800 bytes of wave data, but read only 171648 bytes. Truncated file?
VLOG[2] (compute-mfcc-feats[5.5.1182~1-e02e3]:main():compute-mfcc-feats.cc:182) Processed features for key common_voice_lt_40952512
WARNING (compute-mfcc-feats[5.5.1182~1-e02e3]:Read():wave-reader.cc:304) Expected 133632 bytes of wave data, but read only 132480 bytes. Truncated file?
LOG (compute-mfcc-feats[5.5.1182~1-e02e3]:main():compute-mfcc-feats.cc:181) Processed 350 utterances
VLOG[2] (compute-mfcc-feats[5.5.1182~1-e02e3]:main():compute-mfcc-feats.cc:182) Processed features for key common_voice_lt_40952534
WARNING (compute-mfcc-feats[5.5.1182~1-e02e3]:Read():wave-reader.cc:304) Expected 161280 bytes of wave data, but read only 160128 bytes. Truncated file?
VLOG[2] (compute-mfcc-feats[5.5.1182~1-e02e3]:main():compute-mfcc-feats.cc:182) Processed features for key common_voice_lt_40952535
WARNING (compute-mfcc-feats[5.5.1182~1-e02e3]:Read():wave-reader.cc:304) Expected 132480 bytes of wave data, but read only 131328 bytes. Truncated file?
VLOG[2] (compute-mfcc-feats[5.5.1182~1-e02e3]:main():compute-mfcc-feats.cc:182) Processed features for key common_voice_lt_40952542
WARNING (compute-mfcc-feats[5.5.1182~1-e02e3]:Read():wave-reader.cc:304) Expected 237312 bytes of wave data, but read only 236160 bytes. Truncated file?
VLOG[2] (compute-mfcc-feats[5.5.1182~1-e02e3]:main():compute-mfcc-feats.cc:182) Processed features for key common_voice_lt_40952545
WARNING (compute-mfcc-feats[5.5.1182~1-e02e3]:Read():wave-reader.cc:304) Expected 130176 bytes of wave data, but read only 129024 bytes. Truncated file?
VLOG[2] (compute-mfcc-feats[5.5.1182~1-e02e3]:main():compute-mfcc-feats.cc:182) Processed features for key common_voice_lt_40952546
WARNING (compute-mfcc-feats[5.5.1182~1-e02e3]:Read():wave-reader.cc:304) Expected 132480 bytes of wave data, but read only 131328 bytes. Truncated file?
VLOG[2] (compute-mfcc-feats[5.5.1182~1-e02e3]:main():compute-mfcc-feats.cc:182) Processed features for key common_voice_lt_40952548
WARNING (compute-mfcc-feats[5.5.1182~1-e02e3]:Read():wave-reader.cc:304) Expected 124416 bytes of wave data, but read only 123264 bytes. Truncated file?
VLOG[2] (compute-mfcc-feats[5.5.1182~1-e02e3]:main():compute-mfcc-feats.cc:182) Processed features for key common_voice_lt_40952550
WARNING (compute-mfcc-feats[5.5.1182~1-e02e3]:Read():wave-reader.cc:304) Expected 126720 bytes of wave data, but read only 125568 bytes. Truncated file?
VLOG[2] (compute-mfcc-feats[5.5.1182~1-e02e3]:main():compute-mfcc-feats.cc:182) Processed features for key common_voice_lt_40952551
WARNING (compute-mfcc-feats[5.5.1182~1-e02e3]:Read():wave-reader.cc:304) Expected 162432 bytes of wave data, but read only 161280 bytes. Truncated file?
VLOG[2] (compute-mfcc-feats[5.5.1182~1-e02e3]:main():compute-mfcc-feats.cc:182) Processed features for key common_voice_lt_40952552
WARNING (compute-mfcc-feats[5.5.1182~1-e02e3]:Read():wave-reader.cc:304) Expected 256896 bytes of wave data, but read only 255744 bytes. Truncated file?
VLOG[2] (compute-mfcc-feats[5.5.1182~1-e02e3]:main():compute-mfcc-feats.cc:182) Processed features for key common_voice_lt_40952553
WARNING (compute-mfcc-feats[5.5.1182~1-e02e3]:Read():wave-reader.cc:304) Expected 141696 bytes of wave data, but read only 140544 bytes. Truncated file?
LOG (compute-mfcc-feats[5.5.1182~1-e02e3]:main():compute-mfcc-feats.cc:181) Processed 360 utterances
VLOG[2] (compute-mfcc-feats[5.5.1182~1-e02e3]:main():compute-mfcc-feats.cc:182) Processed features for key common_voice_lt_40952554
WARNING (compute-mfcc-feats[5.5.1182~1-e02e3]:Read():wave-reader.cc:304) Expected 144000 bytes of wave data, but read only 142848 bytes. Truncated file?
VLOG[2] (compute-mfcc-feats[5.5.1182~1-e02e3]:main():compute-mfcc-feats.cc:182) Processed features for key common_voice_lt_40952555
WARNING (compute-mfcc-feats[5.5.1182~1-e02e3]:Read():wave-reader.cc:304) Expected 144000 bytes of wave data, but read only 142848 bytes. Truncated file?
VLOG[2] (compute-mfcc-feats[5.5.1182~1-e02e3]:main():compute-mfcc-feats.cc:182) Processed features for key common_voice_lt_40952556
WARNING (compute-mfcc-feats[5.5.1182~1-e02e3]:Read():wave-reader.cc:304) Expected 243072 bytes of wave data, but read only 241920 bytes. Truncated file?
VLOG[2] (compute-mfcc-feats[5.5.1182~1-e02e3]:main():compute-mfcc-feats.cc:182) Processed features for key common_voice_lt_40952558
WARNING (compute-mfcc-feats[5.5.1182~1-e02e3]:Read():wave-reader.cc:304) Expected 156672 bytes of wave data, but read only 155520 bytes. Truncated file?
VLOG[2] (compute-mfcc-feats[5.5.1182~1-e02e3]:main():compute-mfcc-feats.cc:182) Processed features for key common_voice_lt_40952559
WARNING (compute-mfcc-feats[5.5.1182~1-e02e3]:Read():wave-reader.cc:304) Expected 218880 bytes of wave data, but read only 217728 bytes. Truncated file?
VLOG[2] (compute-mfcc-feats[5.5.1182~1-e02e3]:main():compute-mfcc-feats.cc:182) Processed features for key common_voice_lt_40952561
WARNING (compute-mfcc-feats[5.5.1182~1-e02e3]:Read():wave-reader.cc:304) Expected 126720 bytes of wave data, but read only 125568 bytes. Truncated file?
VLOG[2] (compute-mfcc-feats[5.5.1182~1-e02e3]:main():compute-mfcc-feats.cc:182) Processed features for key common_voice_lt_40952562
WARNING (compute-mfcc-feats[5.5.1182~1-e02e3]:Read():wave-reader.cc:304) Expected 231552 bytes of wave data, but read only 230400 bytes. Truncated file?
VLOG[2] (compute-mfcc-feats[5.5.1182~1-e02e3]:main():compute-mfcc-feats.cc:182) Processed features for key common_voice_lt_40952568
WARNING (compute-mfcc-feats[5.5.1182~1-e02e3]:Read():wave-reader.cc:304) Expected 120960 bytes of wave data, but read only 119808 bytes. Truncated file?
VLOG[2] (compute-mfcc-feats[5.5.1182~1-e02e3]:main():compute-mfcc-feats.cc:182) Processed features for key common_voice_lt_40952573
WARNING (compute-mfcc-feats[5.5.1182~1-e02e3]:Read():wave-reader.cc:304) Expected 145152 bytes of wave data, but read only 144000 bytes. Truncated file?
VLOG[2] (compute-mfcc-feats[5.5.1182~1-e02e3]:main():compute-mfcc-feats.cc:182) Processed features for key common_voice_lt_40952575
WARNING (compute-mfcc-feats[5.5.1182~1-e02e3]:Read():wave-reader.cc:304) Expected 133632 bytes of wave data, but read only 132480 bytes. Truncated file?
LOG (compute-mfcc-feats[5.5.1182~1-e02e3]:main():compute-mfcc-feats.cc:181) Processed 370 utterances
VLOG[2] (compute-mfcc-feats[5.5.1182~1-e02e3]:main():compute-mfcc-feats.cc:182) Processed features for key common_voice_lt_40952576
WARNING (compute-mfcc-feats[5.5.1182~1-e02e3]:Read():wave-reader.cc:304) Expected 162432 bytes of wave data, but read only 161280 bytes. Truncated file?
VLOG[2] (compute-mfcc-feats[5.5.1182~1-e02e3]:main():compute-mfcc-feats.cc:182) Processed features for key common_voice_lt_40952579
WARNING (compute-mfcc-feats[5.5.1182~1-e02e3]:Read():wave-reader.cc:304) Expected 109440 bytes of wave data, but read only 108288 bytes. Truncated file?
VLOG[2] (compute-mfcc-feats[5.5.1182~1-e02e3]:main():compute-mfcc-feats.cc:182) Processed features for key common_voice_lt_40952580
WARNING (compute-mfcc-feats[5.5.1182~1-e02e3]:Read():wave-reader.cc:304) Expected 168192 bytes of wave data, but read only 167040 bytes. Truncated file?
VLOG[2] (compute-mfcc-feats[5.5.1182~1-e02e3]:main():compute-mfcc-feats.cc:182) Processed features for key common_voice_lt_40952581
WARNING (compute-mfcc-feats[5.5.1182~1-e02e3]:Read():wave-reader.cc:304) Expected 256896 bytes of wave data, but read only 255744 bytes. Truncated file?
VLOG[2] (compute-mfcc-feats[5.5.1182~1-e02e3]:main():compute-mfcc-feats.cc:182) Processed features for key common_voice_lt_40952582
WARNING (compute-mfcc-feats[5.5.1182~1-e02e3]:Read():wave-reader.cc:304) Expected 167040 bytes of wave data, but read only 165888 bytes. Truncated file?
VLOG[2] (compute-mfcc-feats[5.5.1182~1-e02e3]:main():compute-mfcc-feats.cc:182) Processed features for key common_voice_lt_40952583
WARNING (compute-mfcc-feats[5.5.1182~1-e02e3]:Read():wave-reader.cc:304) Expected 133632 bytes of wave data, but read only 132480 bytes. Truncated file?
VLOG[2] (compute-mfcc-feats[5.5.1182~1-e02e3]:main():compute-mfcc-feats.cc:182) Processed features for key common_voice_lt_40952584
WARNING (compute-mfcc-feats[5.5.1182~1-e02e3]:Read():wave-reader.cc:304) Expected 176256 bytes of wave data, but read only 175104 bytes. Truncated file?
VLOG[2] (compute-mfcc-feats[5.5.1182~1-e02e3]:main():compute-mfcc-feats.cc:182) Processed features for key common_voice_lt_40952586
WARNING (compute-mfcc-feats[5.5.1182~1-e02e3]:Read():wave-reader.cc:304) Expected 196992 bytes of wave data, but read only 195840 bytes. Truncated file?
VLOG[2] (compute-mfcc-feats[5.5.1182~1-e02e3]:main():compute-mfcc-feats.cc:182) Processed features for key common_voice_lt_41141730
WARNING (compute-mfcc-feats[5.5.1182~1-e02e3]:Read():wave-reader.cc:304) Expected 130176 bytes of wave data, but read only 129024 bytes. Truncated file?
VLOG[2] (compute-mfcc-feats[5.5.1182~1-e02e3]:main():compute-mfcc-feats.cc:182) Processed features for key common_voice_lt_41141732
WARNING (compute-mfcc-feats[5.5.1182~1-e02e3]:Read():wave-reader.cc:304) Expected 170496 bytes of wave data, but read only 169344 bytes. Truncated file?
LOG (compute-mfcc-feats[5.5.1182~1-e02e3]:main():compute-mfcc-feats.cc:181) Processed 380 utterances
VLOG[2] (compute-mfcc-feats[5.5.1182~1-e02e3]:main():compute-mfcc-feats.cc:182) Processed features for key common_voice_lt_41141733
WARNING (compute-mfcc-feats[5.5.1182~1-e02e3]:Read():wave-reader.cc:304) Expected 245376 bytes of wave data, but read only 244224 bytes. Truncated file?
VLOG[2] (compute-mfcc-feats[5.5.1182~1-e02e3]:main():compute-mfcc-feats.cc:182) Processed features for key common_voice_lt_41141744
WARNING (compute-mfcc-feats[5.5.1182~1-e02e3]:Read():wave-reader.cc:304) Expected 167040 bytes of wave data, but read only 165888 bytes. Truncated file?
VLOG[2] (compute-mfcc-feats[5.5.1182~1-e02e3]:main():compute-mfcc-feats.cc:182) Processed features for key common_voice_lt_41141745
WARNING (compute-mfcc-feats[5.5.1182~1-e02e3]:Read():wave-reader.cc:304) Expected 170496 bytes of wave data, but read only 169344 bytes. Truncated file?
VLOG[2] (compute-mfcc-feats[5.5.1182~1-e02e3]:main():compute-mfcc-feats.cc:182) Processed features for key common_voice_lt_41141747
WARNING (compute-mfcc-feats[5.5.1182~1-e02e3]:Read():wave-reader.cc:304) Expected 237312 bytes of wave data, but read only 236160 bytes. Truncated file?
VLOG[2] (compute-mfcc-feats[5.5.1182~1-e02e3]:main():compute-mfcc-feats.cc:182) Processed features for key common_voice_lt_41141750
WARNING (compute-mfcc-feats[5.5.1182~1-e02e3]:Read():wave-reader.cc:304) Expected 245376 bytes of wave data, but read only 244224 bytes. Truncated file?
VLOG[2] (compute-mfcc-feats[5.5.1182~1-e02e3]:main():compute-mfcc-feats.cc:182) Processed features for key common_voice_lt_41141751
WARNING (compute-mfcc-feats[5.5.1182~1-e02e3]:Read():wave-reader.cc:304) Expected 150912 bytes of wave data, but read only 149760 bytes. Truncated file?
VLOG[2] (compute-mfcc-feats[5.5.1182~1-e02e3]:main():compute-mfcc-feats.cc:182) Processed features for key common_voice_lt_41141752
WARNING (compute-mfcc-feats[5.5.1182~1-e02e3]:Read():wave-reader.cc:304) Expected 132480 bytes of wave data, but read only 131328 bytes. Truncated file?
VLOG[2] (compute-mfcc-feats[5.5.1182~1-e02e3]:main():compute-mfcc-feats.cc:182) Processed features for key common_voice_lt_41141756
WARNING (compute-mfcc-feats[5.5.1182~1-e02e3]:Read():wave-reader.cc:304) Expected 176256 bytes of wave data, but read only 175104 bytes. Truncated file?
VLOG[2] (compute-mfcc-feats[5.5.1182~1-e02e3]:main():compute-mfcc-feats.cc:182) Processed features for key common_voice_lt_41141757
WARNING (compute-mfcc-feats[5.5.1182~1-e02e3]:Read():wave-reader.cc:304) Expected 185472 bytes of wave data, but read only 184320 bytes. Truncated file?
VLOG[2] (compute-mfcc-feats[5.5.1182~1-e02e3]:main():compute-mfcc-feats.cc:182) Processed features for key common_voice_lt_41141758
WARNING (compute-mfcc-feats[5.5.1182~1-e02e3]:Read():wave-reader.cc:304) Expected 300672 bytes of wave data, but read only 299520 bytes. Truncated file?
LOG (compute-mfcc-feats[5.5.1182~1-e02e3]:main():compute-mfcc-feats.cc:181) Processed 390 utterances
VLOG[2] (compute-mfcc-feats[5.5.1182~1-e02e3]:main():compute-mfcc-feats.cc:182) Processed features for key common_voice_lt_41141764
WARNING (compute-mfcc-feats[5.5.1182~1-e02e3]:Read():wave-reader.cc:304) Expected 207360 bytes of wave data, but read only 206208 bytes. Truncated file?
VLOG[2] (compute-mfcc-feats[5.5.1182~1-e02e3]:main():compute-mfcc-feats.cc:182) Processed features for key common_voice_lt_41141765
WARNING (compute-mfcc-feats[5.5.1182~1-e02e3]:Read():wave-reader.cc:304) Expected 187776 bytes of wave data, but read only 186624 bytes. Truncated file?
VLOG[2] (compute-mfcc-feats[5.5.1182~1-e02e3]:main():compute-mfcc-feats.cc:182) Processed features for key common_voice_lt_41141769
WARNING (compute-mfcc-feats[5.5.1182~1-e02e3]:Read():wave-reader.cc:304) Expected 168192 bytes of wave data, but read only 167040 bytes. Truncated file?
VLOG[2] (compute-mfcc-feats[5.5.1182~1-e02e3]:main():compute-mfcc-feats.cc:182) Processed features for key common_voice_lt_41141771
WARNING (compute-mfcc-feats[5.5.1182~1-e02e3]:Read():wave-reader.cc:304) Expected 133632 bytes of wave data, but read only 132480 bytes. Truncated file?
VLOG[2] (compute-mfcc-feats[5.5.1182~1-e02e3]:main():compute-mfcc-feats.cc:182) Processed features for key common_voice_lt_41141782
WARNING (compute-mfcc-feats[5.5.1182~1-e02e3]:Read():wave-reader.cc:304) Expected 132480 bytes of wave data, but read only 131328 bytes. Truncated file?
VLOG[2] (compute-mfcc-feats[5.5.1182~1-e02e3]:main():compute-mfcc-feats.cc:182) Processed features for key common_voice_lt_41141794
WARNING (compute-mfcc-feats[5.5.1182~1-e02e3]:Read():wave-reader.cc:304) Expected 199296 bytes of wave data, but read only 198144 bytes. Truncated file?
VLOG[2] (compute-mfcc-feats[5.5.1182~1-e02e3]:main():compute-mfcc-feats.cc:182) Processed features for key common_voice_lt_41141797
WARNING (compute-mfcc-feats[5.5.1182~1-e02e3]:Read():wave-reader.cc:304) Expected 145152 bytes of wave data, but read only 144000 bytes. Truncated file?
VLOG[2] (compute-mfcc-feats[5.5.1182~1-e02e3]:main():compute-mfcc-feats.cc:182) Processed features for key common_voice_lt_41141800
WARNING (compute-mfcc-feats[5.5.1182~1-e02e3]:Read():wave-reader.cc:304) Expected 214272 bytes of wave data, but read only 213120 bytes. Truncated file?
VLOG[2] (compute-mfcc-feats[5.5.1182~1-e02e3]:main():compute-mfcc-feats.cc:182) Processed features for key common_voice_lt_41141803
WARNING (compute-mfcc-feats[5.5.1182~1-e02e3]:Read():wave-reader.cc:304) Expected 144000 bytes of wave data, but read only 142848 bytes. Truncated file?
VLOG[2] (compute-mfcc-feats[5.5.1182~1-e02e3]:main():compute-mfcc-feats.cc:182) Processed features for key common_voice_lt_41141815
WARNING (compute-mfcc-feats[5.5.1182~1-e02e3]:Read():wave-reader.cc:304) Expected 236160 bytes of wave data, but read only 235008 bytes. Truncated file?
LOG (compute-mfcc-feats[5.5.1182~1-e02e3]:main():compute-mfcc-feats.cc:181) Processed 400 utterances
VLOG[2] (compute-mfcc-feats[5.5.1182~1-e02e3]:main():compute-mfcc-feats.cc:182) Processed features for key common_voice_lt_41141819
WARNING (compute-mfcc-feats[5.5.1182~1-e02e3]:Read():wave-reader.cc:304) Expected 158976 bytes of wave data, but read only 157824 bytes. Truncated file?
VLOG[2] (compute-mfcc-feats[5.5.1182~1-e02e3]:main():compute-mfcc-feats.cc:182) Processed features for key common_voice_lt_41141820
WARNING (compute-mfcc-feats[5.5.1182~1-e02e3]:Read():wave-reader.cc:304) Expected 205056 bytes of wave data, but read only 203904 bytes. Truncated file?
VLOG[2] (compute-mfcc-feats[5.5.1182~1-e02e3]:main():compute-mfcc-feats.cc:182) Processed features for key common_voice_lt_41141822
WARNING (compute-mfcc-feats[5.5.1182~1-e02e3]:Read():wave-reader.cc:304) Expected 145152 bytes of wave data, but read only 144000 bytes. Truncated file?
VLOG[2] (compute-mfcc-feats[5.5.1182~1-e02e3]:main():compute-mfcc-feats.cc:182) Processed features for key common_voice_lt_41141825
WARNING (compute-mfcc-feats[5.5.1182~1-e02e3]:Read():wave-reader.cc:304) Expected 185472 bytes of wave data, but read only 184320 bytes. Truncated file?
VLOG[2] (compute-mfcc-feats[5.5.1182~1-e02e3]:main():compute-mfcc-feats.cc:182) Processed features for key common_voice_lt_41141830
WARNING (compute-mfcc-feats[5.5.1182~1-e02e3]:Read():wave-reader.cc:304) Expected 118656 bytes of wave data, but read only 117504 bytes. Truncated file?
VLOG[2] (compute-mfcc-feats[5.5.1182~1-e02e3]:main():compute-mfcc-feats.cc:182) Processed features for key common_voice_lt_41141835
WARNING (compute-mfcc-feats[5.5.1182~1-e02e3]:Read():wave-reader.cc:304) Expected 139392 bytes of wave data, but read only 138240 bytes. Truncated file?
VLOG[2] (compute-mfcc-feats[5.5.1182~1-e02e3]:main():compute-mfcc-feats.cc:182) Processed features for key common_voice_lt_41141836
WARNING (compute-mfcc-feats[5.5.1182~1-e02e3]:Read():wave-reader.cc:304) Expected 228096 bytes of wave data, but read only 226944 bytes. Truncated file?
VLOG[2] (compute-mfcc-feats[5.5.1182~1-e02e3]:main():compute-mfcc-feats.cc:182) Processed features for key common_voice_lt_41141850
WARNING (compute-mfcc-feats[5.5.1182~1-e02e3]:Read():wave-reader.cc:304) Expected 167040 bytes of wave data, but read only 165888 bytes. Truncated file?
VLOG[2] (compute-mfcc-feats[5.5.1182~1-e02e3]:main():compute-mfcc-feats.cc:182) Processed features for key common_voice_lt_41141851
WARNING (compute-mfcc-feats[5.5.1182~1-e02e3]:Read():wave-reader.cc:304) Expected 225792 bytes of wave data, but read only 224640 bytes. Truncated file?
VLOG[2] (compute-mfcc-feats[5.5.1182~1-e02e3]:main():compute-mfcc-feats.cc:182) Processed features for key common_voice_lt_41141854
WARNING (compute-mfcc-feats[5.5.1182~1-e02e3]:Read():wave-reader.cc:304) Expected 208512 bytes of wave data, but read only 207360 bytes. Truncated file?
LOG (compute-mfcc-feats[5.5.1182~1-e02e3]:main():compute-mfcc-feats.cc:181) Processed 410 utterances
VLOG[2] (compute-mfcc-feats[5.5.1182~1-e02e3]:main():compute-mfcc-feats.cc:182) Processed features for key common_voice_lt_41141855
WARNING (compute-mfcc-feats[5.5.1182~1-e02e3]:Read():wave-reader.cc:304) Expected 187776 bytes of wave data, but read only 186624 bytes. Truncated file?
VLOG[2] (compute-mfcc-feats[5.5.1182~1-e02e3]:main():compute-mfcc-feats.cc:182) Processed features for key common_voice_lt_41141856
WARNING (compute-mfcc-feats[5.5.1182~1-e02e3]:Read():wave-reader.cc:304) Expected 214272 bytes of wave data, but read only 213120 bytes. Truncated file?
VLOG[2] (compute-mfcc-feats[5.5.1182~1-e02e3]:main():compute-mfcc-feats.cc:182) Processed features for key common_voice_lt_42075467
WARNING (compute-mfcc-feats[5.5.1182~1-e02e3]:Read():wave-reader.cc:304) Expected 190080 bytes of wave data, but read only 188928 bytes. Truncated file?
VLOG[2] (compute-mfcc-feats[5.5.1182~1-e02e3]:main():compute-mfcc-feats.cc:182) Processed features for key common_voice_lt_42075468
WARNING (compute-mfcc-feats[5.5.1182~1-e02e3]:Read():wave-reader.cc:304) Expected 172800 bytes of wave data, but read only 171648 bytes. Truncated file?
VLOG[2] (compute-mfcc-feats[5.5.1182~1-e02e3]:main():compute-mfcc-feats.cc:182) Processed features for key common_voice_lt_42075469
WARNING (compute-mfcc-feats[5.5.1182~1-e02e3]:Read():wave-reader.cc:304) Expected 193536 bytes of wave data, but read only 192384 bytes. Truncated file?
VLOG[2] (compute-mfcc-feats[5.5.1182~1-e02e3]:main():compute-mfcc-feats.cc:182) Processed features for key common_voice_lt_42075470
WARNING (compute-mfcc-feats[5.5.1182~1-e02e3]:Read():wave-reader.cc:304) Expected 139392 bytes of wave data, but read only 138240 bytes. Truncated file?
VLOG[2] (compute-mfcc-feats[5.5.1182~1-e02e3]:main():compute-mfcc-feats.cc:182) Processed features for key common_voice_lt_42075471
WARNING (compute-mfcc-feats[5.5.1182~1-e02e3]:Read():wave-reader.cc:304) Expected 135936 bytes of wave data, but read only 134784 bytes. Truncated file?
VLOG[2] (compute-mfcc-feats[5.5.1182~1-e02e3]:main():compute-mfcc-feats.cc:182) Processed features for key common_voice_lt_42075473
WARNING (compute-mfcc-feats[5.5.1182~1-e02e3]:Read():wave-reader.cc:304) Expected 199296 bytes of wave data, but read only 198144 bytes. Truncated file?
VLOG[2] (compute-mfcc-feats[5.5.1182~1-e02e3]:main():compute-mfcc-feats.cc:182) Processed features for key common_voice_lt_42075481
WARNING (compute-mfcc-feats[5.5.1182~1-e02e3]:Read():wave-reader.cc:304) Expected 155520 bytes of wave data, but read only 154368 bytes. Truncated file?
VLOG[2] (compute-mfcc-feats[5.5.1182~1-e02e3]:main():compute-mfcc-feats.cc:182) Processed features for key common_voice_lt_42075483
WARNING (compute-mfcc-feats[5.5.1182~1-e02e3]:Read():wave-reader.cc:304) Expected 224640 bytes of wave data, but read only 223488 bytes. Truncated file?
LOG (compute-mfcc-feats[5.5.1182~1-e02e3]:main():compute-mfcc-feats.cc:181) Processed 420 utterances
VLOG[2] (compute-mfcc-feats[5.5.1182~1-e02e3]:main():compute-mfcc-feats.cc:182) Processed features for key common_voice_lt_42075485
WARNING (compute-mfcc-feats[5.5.1182~1-e02e3]:Read():wave-reader.cc:304) Expected 141696 bytes of wave data, but read only 140544 bytes. Truncated file?
VLOG[2] (compute-mfcc-feats[5.5.1182~1-e02e3]:main():compute-mfcc-feats.cc:182) Processed features for key common_voice_lt_42075486
WARNING (compute-mfcc-feats[5.5.1182~1-e02e3]:Read():wave-reader.cc:304) Expected 172800 bytes of wave data, but read only 171648 bytes. Truncated file?
VLOG[2] (compute-mfcc-feats[5.5.1182~1-e02e3]:main():compute-mfcc-feats.cc:182) Processed features for key common_voice_lt_42075487
WARNING (compute-mfcc-feats[5.5.1182~1-e02e3]:Read():wave-reader.cc:304) Expected 120960 bytes of wave data, but read only 119808 bytes. Truncated file?
VLOG[2] (compute-mfcc-feats[5.5.1182~1-e02e3]:main():compute-mfcc-feats.cc:182) Processed features for key common_voice_lt_42075489
WARNING (compute-mfcc-feats[5.5.1182~1-e02e3]:Read():wave-reader.cc:304) Expected 167040 bytes of wave data, but read only 165888 bytes. Truncated file?
VLOG[2] (compute-mfcc-feats[5.5.1182~1-e02e3]:main():compute-mfcc-feats.cc:182) Processed features for key common_voice_lt_42075503
WARNING (compute-mfcc-feats[5.5.1182~1-e02e3]:Read():wave-reader.cc:304) Expected 236160 bytes of wave data, but read only 235008 bytes. Truncated file?
VLOG[2] (compute-mfcc-feats[5.5.1182~1-e02e3]:main():compute-mfcc-feats.cc:182) Processed features for key common_voice_lt_42075505
WARNING (compute-mfcc-feats[5.5.1182~1-e02e3]:Read():wave-reader.cc:304) Expected 115200 bytes of wave data, but read only 114048 bytes. Truncated file?
VLOG[2] (compute-mfcc-feats[5.5.1182~1-e02e3]:main():compute-mfcc-feats.cc:182) Processed features for key common_voice_lt_42075508
WARNING (compute-mfcc-feats[5.5.1182~1-e02e3]:Read():wave-reader.cc:304) Expected 124416 bytes of wave data, but read only 123264 bytes. Truncated file?
VLOG[2] (compute-mfcc-feats[5.5.1182~1-e02e3]:main():compute-mfcc-feats.cc:182) Processed features for key common_voice_lt_42075512
WARNING (compute-mfcc-feats[5.5.1182~1-e02e3]:Read():wave-reader.cc:304) Expected 172800 bytes of wave data, but read only 171648 bytes. Truncated file?
VLOG[2] (compute-mfcc-feats[5.5.1182~1-e02e3]:main():compute-mfcc-feats.cc:182) Processed features for key common_voice_lt_42075517
WARNING (compute-mfcc-feats[5.5.1182~1-e02e3]:Read():wave-reader.cc:304) Expected 162432 bytes of wave data, but read only 161280 bytes. Truncated file?
VLOG[2] (compute-mfcc-feats[5.5.1182~1-e02e3]:main():compute-mfcc-feats.cc:182) Processed features for key common_voice_lt_42075526
WARNING (compute-mfcc-feats[5.5.1182~1-e02e3]:Read():wave-reader.cc:304) Expected 149760 bytes of wave data, but read only 148608 bytes. Truncated file?
LOG (compute-mfcc-feats[5.5.1182~1-e02e3]:main():compute-mfcc-feats.cc:181) Processed 430 utterances
VLOG[2] (compute-mfcc-feats[5.5.1182~1-e02e3]:main():compute-mfcc-feats.cc:182) Processed features for key common_voice_lt_42075527
WARNING (compute-mfcc-feats[5.5.1182~1-e02e3]:Read():wave-reader.cc:304) Expected 190080 bytes of wave data, but read only 188928 bytes. Truncated file?
VLOG[2] (compute-mfcc-feats[5.5.1182~1-e02e3]:main():compute-mfcc-feats.cc:182) Processed features for key common_voice_lt_42075530
WARNING (compute-mfcc-feats[5.5.1182~1-e02e3]:Read():wave-reader.cc:304) Expected 202752 bytes of wave data, but read only 201600 bytes. Truncated file?
VLOG[2] (compute-mfcc-feats[5.5.1182~1-e02e3]:main():compute-mfcc-feats.cc:182) Processed features for key common_voice_lt_42075535
WARNING (compute-mfcc-feats[5.5.1182~1-e02e3]:Read():wave-reader.cc:304) Expected 199296 bytes of wave data, but read only 198144 bytes. Truncated file?
VLOG[2] (compute-mfcc-feats[5.5.1182~1-e02e3]:main():compute-mfcc-feats.cc:182) Processed features for key common_voice_lt_42075536
WARNING (compute-mfcc-feats[5.5.1182~1-e02e3]:Read():wave-reader.cc:304) Expected 130176 bytes of wave data, but read only 129024 bytes. Truncated file?
VLOG[2] (compute-mfcc-feats[5.5.1182~1-e02e3]:main():compute-mfcc-feats.cc:182) Processed features for key common_voice_lt_42075537
WARNING (compute-mfcc-feats[5.5.1182~1-e02e3]:Read():wave-reader.cc:304) Expected 224640 bytes of wave data, but read only 223488 bytes. Truncated file?
VLOG[2] (compute-mfcc-feats[5.5.1182~1-e02e3]:main():compute-mfcc-feats.cc:182) Processed features for key common_voice_lt_42075549
WARNING (compute-mfcc-feats[5.5.1182~1-e02e3]:Read():wave-reader.cc:304) Expected 172800 bytes of wave data, but read only 171648 bytes. Truncated file?
VLOG[2] (compute-mfcc-feats[5.5.1182~1-e02e3]:main():compute-mfcc-feats.cc:182) Processed features for key common_voice_lt_42075551
WARNING (compute-mfcc-feats[5.5.1182~1-e02e3]:Read():wave-reader.cc:304) Expected 179712 bytes of wave data, but read only 178560 bytes. Truncated file?
VLOG[2] (compute-mfcc-feats[5.5.1182~1-e02e3]:main():compute-mfcc-feats.cc:182) Processed features for key common_voice_lt_42075552
WARNING (compute-mfcc-feats[5.5.1182~1-e02e3]:Read():wave-reader.cc:304) Expected 122112 bytes of wave data, but read only 120960 bytes. Truncated file?
VLOG[2] (compute-mfcc-feats[5.5.1182~1-e02e3]:main():compute-mfcc-feats.cc:182) Processed features for key common_voice_lt_42075555
WARNING (compute-mfcc-feats[5.5.1182~1-e02e3]:Read():wave-reader.cc:304) Expected 144000 bytes of wave data, but read only 142848 bytes. Truncated file?
VLOG[2] (compute-mfcc-feats[5.5.1182~1-e02e3]:main():compute-mfcc-feats.cc:182) Processed features for key common_voice_lt_42075556
WARNING (compute-mfcc-feats[5.5.1182~1-e02e3]:Read():wave-reader.cc:304) Expected 173952 bytes of wave data, but read only 172800 bytes. Truncated file?
LOG (compute-mfcc-feats[5.5.1182~1-e02e3]:main():compute-mfcc-feats.cc:181) Processed 440 utterances
VLOG[2] (compute-mfcc-feats[5.5.1182~1-e02e3]:main():compute-mfcc-feats.cc:182) Processed features for key common_voice_lt_42075559
WARNING (compute-mfcc-feats[5.5.1182~1-e02e3]:Read():wave-reader.cc:304) Expected 145152 bytes of wave data, but read only 144000 bytes. Truncated file?
VLOG[2] (compute-mfcc-feats[5.5.1182~1-e02e3]:main():compute-mfcc-feats.cc:182) Processed features for key common_voice_lt_42075580
WARNING (compute-mfcc-feats[5.5.1182~1-e02e3]:Read():wave-reader.cc:304) Expected 193536 bytes of wave data, but read only 192384 bytes. Truncated file?
VLOG[2] (compute-mfcc-feats[5.5.1182~1-e02e3]:main():compute-mfcc-feats.cc:182) Processed features for key common_voice_lt_42075581
WARNING (compute-mfcc-feats[5.5.1182~1-e02e3]:Read():wave-reader.cc:304) Expected 195840 bytes of wave data, but read only 194688 bytes. Truncated file?
VLOG[2] (compute-mfcc-feats[5.5.1182~1-e02e3]:main():compute-mfcc-feats.cc:182) Processed features for key common_voice_lt_42075582
WARNING (compute-mfcc-feats[5.5.1182~1-e02e3]:Read():wave-reader.cc:304) Expected 132480 bytes of wave data, but read only 131328 bytes. Truncated file?
VLOG[2] (compute-mfcc-feats[5.5.1182~1-e02e3]:main():compute-mfcc-feats.cc:182) Processed features for key common_voice_lt_42075584
WARNING (compute-mfcc-feats[5.5.1182~1-e02e3]:Read():wave-reader.cc:304) Expected 168192 bytes of wave data, but read only 167040 bytes. Truncated file?
VLOG[2] (compute-mfcc-feats[5.5.1182~1-e02e3]:main():compute-mfcc-feats.cc:182) Processed features for key common_voice_lt_42075593
WARNING (compute-mfcc-feats[5.5.1182~1-e02e3]:Read():wave-reader.cc:304) Expected 185472 bytes of wave data, but read only 184320 bytes. Truncated file?
VLOG[2] (compute-mfcc-feats[5.5.1182~1-e02e3]:main():compute-mfcc-feats.cc:182) Processed features for key common_voice_lt_42075595
WARNING (compute-mfcc-feats[5.5.1182~1-e02e3]:Read():wave-reader.cc:304) Expected 164736 bytes of wave data, but read only 163584 bytes. Truncated file?
VLOG[2] (compute-mfcc-feats[5.5.1182~1-e02e3]:main():compute-mfcc-feats.cc:182) Processed features for key common_voice_lt_42075602
WARNING (compute-mfcc-feats[5.5.1182~1-e02e3]:Read():wave-reader.cc:304) Expected 218880 bytes of wave data, but read only 217728 bytes. Truncated file?
VLOG[2] (compute-mfcc-feats[5.5.1182~1-e02e3]:main():compute-mfcc-feats.cc:182) Processed features for key common_voice_lt_42075613
WARNING (compute-mfcc-feats[5.5.1182~1-e02e3]:Read():wave-reader.cc:304) Expected 182016 bytes of wave data, but read only 180864 bytes. Truncated file?
VLOG[2] (compute-mfcc-feats[5.5.1182~1-e02e3]:main():compute-mfcc-feats.cc:182) Processed features for key common_voice_lt_42075615
WARNING (compute-mfcc-feats[5.5.1182~1-e02e3]:Read():wave-reader.cc:304) Expected 153216 bytes of wave data, but read only 152064 bytes. Truncated file?
LOG (compute-mfcc-feats[5.5.1182~1-e02e3]:main():compute-mfcc-feats.cc:181) Processed 450 utterances
VLOG[2] (compute-mfcc-feats[5.5.1182~1-e02e3]:main():compute-mfcc-feats.cc:182) Processed features for key common_voice_lt_42075625
WARNING (compute-mfcc-feats[5.5.1182~1-e02e3]:Read():wave-reader.cc:304) Expected 178560 bytes of wave data, but read only 177408 bytes. Truncated file?
VLOG[2] (compute-mfcc-feats[5.5.1182~1-e02e3]:main():compute-mfcc-feats.cc:182) Processed features for key common_voice_lt_42075627
WARNING (compute-mfcc-feats[5.5.1182~1-e02e3]:Read():wave-reader.cc:304) Expected 213120 bytes of wave data, but read only 211968 bytes. Truncated file?
VLOG[2] (compute-mfcc-feats[5.5.1182~1-e02e3]:main():compute-mfcc-feats.cc:182) Processed features for key common_voice_lt_42075628
WARNING (compute-mfcc-feats[5.5.1182~1-e02e3]:Read():wave-reader.cc:304) Expected 132480 bytes of wave data, but read only 131328 bytes. Truncated file?
VLOG[2] (compute-mfcc-feats[5.5.1182~1-e02e3]:main():compute-mfcc-feats.cc:182) Processed features for key common_voice_lt_42075629
WARNING (compute-mfcc-feats[5.5.1182~1-e02e3]:Read():wave-reader.cc:304) Expected 126720 bytes of wave data, but read only 125568 bytes. Truncated file?
VLOG[2] (compute-mfcc-feats[5.5.1182~1-e02e3]:main():compute-mfcc-feats.cc:182) Processed features for key common_voice_lt_42075631
WARNING (compute-mfcc-feats[5.5.1182~1-e02e3]:Read():wave-reader.cc:304) Expected 116352 bytes of wave data, but read only 115200 bytes. Truncated file?
VLOG[2] (compute-mfcc-feats[5.5.1182~1-e02e3]:main():compute-mfcc-feats.cc:182) Processed features for key common_voice_lt_42075632
WARNING (compute-mfcc-feats[5.5.1182~1-e02e3]:Read():wave-reader.cc:304) Expected 150912 bytes of wave data, but read only 149760 bytes. Truncated file?
VLOG[2] (compute-mfcc-feats[5.5.1182~1-e02e3]:main():compute-mfcc-feats.cc:182) Processed features for key common_voice_lt_42075634
WARNING (compute-mfcc-feats[5.5.1182~1-e02e3]:Read():wave-reader.cc:304) Expected 170496 bytes of wave data, but read only 169344 bytes. Truncated file?
VLOG[2] (compute-mfcc-feats[5.5.1182~1-e02e3]:main():compute-mfcc-feats.cc:182) Processed features for key common_voice_lt_42075645
WARNING (compute-mfcc-feats[5.5.1182~1-e02e3]:Read():wave-reader.cc:304) Expected 145152 bytes of wave data, but read only 144000 bytes. Truncated file?
VLOG[2] (compute-mfcc-feats[5.5.1182~1-e02e3]:main():compute-mfcc-feats.cc:182) Processed features for key common_voice_lt_42075647
WARNING (compute-mfcc-feats[5.5.1182~1-e02e3]:Read():wave-reader.cc:304) Expected 156672 bytes of wave data, but read only 155520 bytes. Truncated file?
VLOG[2] (compute-mfcc-feats[5.5.1182~1-e02e3]:main():compute-mfcc-feats.cc:182) Processed features for key common_voice_lt_42075656
WARNING (compute-mfcc-feats[5.5.1182~1-e02e3]:Read():wave-reader.cc:304) Expected 176256 bytes of wave data, but read only 175104 bytes. Truncated file?
LOG (compute-mfcc-feats[5.5.1182~1-e02e3]:main():compute-mfcc-feats.cc:181) Processed 460 utterances
VLOG[2] (compute-mfcc-feats[5.5.1182~1-e02e3]:main():compute-mfcc-feats.cc:182) Processed features for key common_voice_lt_42075657
WARNING (compute-mfcc-feats[5.5.1182~1-e02e3]:Read():wave-reader.cc:304) Expected 228096 bytes of wave data, but read only 226944 bytes. Truncated file?
VLOG[2] (compute-mfcc-feats[5.5.1182~1-e02e3]:main():compute-mfcc-feats.cc:182) Processed features for key common_voice_lt_42075660
WARNING (compute-mfcc-feats[5.5.1182~1-e02e3]:Read():wave-reader.cc:304) Expected 190080 bytes of wave data, but read only 188928 bytes. Truncated file?
VLOG[2] (compute-mfcc-feats[5.5.1182~1-e02e3]:main():compute-mfcc-feats.cc:182) Processed features for key common_voice_lt_42075670
WARNING (compute-mfcc-feats[5.5.1182~1-e02e3]:Read():wave-reader.cc:304) Expected 158976 bytes of wave data, but read only 157824 bytes. Truncated file?
VLOG[2] (compute-mfcc-feats[5.5.1182~1-e02e3]:main():compute-mfcc-feats.cc:182) Processed features for key common_voice_lt_42075671
WARNING (compute-mfcc-feats[5.5.1182~1-e02e3]:Read():wave-reader.cc:304) Expected 237312 bytes of wave data, but read only 236160 bytes. Truncated file?
VLOG[2] (compute-mfcc-feats[5.5.1182~1-e02e3]:main():compute-mfcc-feats.cc:182) Processed features for key common_voice_lt_42075672
WARNING (compute-mfcc-feats[5.5.1182~1-e02e3]:Read():wave-reader.cc:304) Expected 156672 bytes of wave data, but read only 155520 bytes. Truncated file?
VLOG[2] (compute-mfcc-feats[5.5.1182~1-e02e3]:main():compute-mfcc-feats.cc:182) Processed features for key common_voice_lt_42075673
WARNING (compute-mfcc-feats[5.5.1182~1-e02e3]:Read():wave-reader.cc:304) Expected 139392 bytes of wave data, but read only 138240 bytes. Truncated file?
VLOG[2] (compute-mfcc-feats[5.5.1182~1-e02e3]:main():compute-mfcc-feats.cc:182) Processed features for key common_voice_lt_42075674
WARNING (compute-mfcc-feats[5.5.1182~1-e02e3]:Read():wave-reader.cc:304) Expected 127872 bytes of wave data, but read only 126720 bytes. Truncated file?
VLOG[2] (compute-mfcc-feats[5.5.1182~1-e02e3]:main():compute-mfcc-feats.cc:182) Processed features for key common_voice_lt_42075676
WARNING (compute-mfcc-feats[5.5.1182~1-e02e3]:Read():wave-reader.cc:304) Expected 132480 bytes of wave data, but read only 131328 bytes. Truncated file?
VLOG[2] (compute-mfcc-feats[5.5.1182~1-e02e3]:main():compute-mfcc-feats.cc:182) Processed features for key common_voice_lt_42075677
WARNING (compute-mfcc-feats[5.5.1182~1-e02e3]:Read():wave-reader.cc:304) Expected 147456 bytes of wave data, but read only 146304 bytes. Truncated file?
VLOG[2] (compute-mfcc-feats[5.5.1182~1-e02e3]:main():compute-mfcc-feats.cc:182) Processed features for key common_voice_lt_42075678
WARNING (compute-mfcc-feats[5.5.1182~1-e02e3]:Read():wave-reader.cc:304) Expected 107136 bytes of wave data, but read only 105984 bytes. Truncated file?
LOG (compute-mfcc-feats[5.5.1182~1-e02e3]:main():compute-mfcc-feats.cc:181) Processed 470 utterances
VLOG[2] (compute-mfcc-feats[5.5.1182~1-e02e3]:main():compute-mfcc-feats.cc:182) Processed features for key common_voice_lt_42075685
WARNING (compute-mfcc-feats[5.5.1182~1-e02e3]:Read():wave-reader.cc:304) Expected 172800 bytes of wave data, but read only 171648 bytes. Truncated file?
VLOG[2] (compute-mfcc-feats[5.5.1182~1-e02e3]:main():compute-mfcc-feats.cc:182) Processed features for key common_voice_lt_42075687
WARNING (compute-mfcc-feats[5.5.1182~1-e02e3]:Read():wave-reader.cc:304) Expected 184320 bytes of wave data, but read only 183168 bytes. Truncated file?
VLOG[2] (compute-mfcc-feats[5.5.1182~1-e02e3]:main():compute-mfcc-feats.cc:182) Processed features for key common_voice_lt_42075689
WARNING (compute-mfcc-feats[5.5.1182~1-e02e3]:Read():wave-reader.cc:304) Expected 164736 bytes of wave data, but read only 163584 bytes. Truncated file?
VLOG[2] (compute-mfcc-feats[5.5.1182~1-e02e3]:main():compute-mfcc-feats.cc:182) Processed features for key common_voice_lt_42075690
WARNING (compute-mfcc-feats[5.5.1182~1-e02e3]:Read():wave-reader.cc:304) Expected 112896 bytes of wave data, but read only 111744 bytes. Truncated file?
VLOG[2] (compute-mfcc-feats[5.5.1182~1-e02e3]:main():compute-mfcc-feats.cc:182) Processed features for key common_voice_lt_42075691
WARNING (compute-mfcc-feats[5.5.1182~1-e02e3]:Read():wave-reader.cc:304) Expected 139392 bytes of wave data, but read only 138240 bytes. Truncated file?
VLOG[2] (compute-mfcc-feats[5.5.1182~1-e02e3]:main():compute-mfcc-feats.cc:182) Processed features for key common_voice_lt_42075692
WARNING (compute-mfcc-feats[5.5.1182~1-e02e3]:Read():wave-reader.cc:304) Expected 158976 bytes of wave data, but read only 157824 bytes. Truncated file?
VLOG[2] (compute-mfcc-feats[5.5.1182~1-e02e3]:main():compute-mfcc-feats.cc:182) Processed features for key common_voice_lt_42075694
WARNING (compute-mfcc-feats[5.5.1182~1-e02e3]:Read():wave-reader.cc:304) Expected 110592 bytes of wave data, but read only 109440 bytes. Truncated file?
VLOG[2] (compute-mfcc-feats[5.5.1182~1-e02e3]:main():compute-mfcc-feats.cc:182) Processed features for key common_voice_lt_42075700
WARNING (compute-mfcc-feats[5.5.1182~1-e02e3]:Read():wave-reader.cc:304) Expected 116352 bytes of wave data, but read only 115200 bytes. Truncated file?
VLOG[2] (compute-mfcc-feats[5.5.1182~1-e02e3]:main():compute-mfcc-feats.cc:182) Processed features for key common_voice_lt_42075703
WARNING (compute-mfcc-feats[5.5.1182~1-e02e3]:Read():wave-reader.cc:304) Expected 158976 bytes of wave data, but read only 157824 bytes. Truncated file?
VLOG[2] (compute-mfcc-feats[5.5.1182~1-e02e3]:main():compute-mfcc-feats.cc:182) Processed features for key common_voice_lt_42075706
WARNING (compute-mfcc-feats[5.5.1182~1-e02e3]:Read():wave-reader.cc:304) Expected 144000 bytes of wave data, but read only 142848 bytes. Truncated file?
LOG (compute-mfcc-feats[5.5.1182~1-e02e3]:main():compute-mfcc-feats.cc:181) Processed 480 utterances
VLOG[2] (compute-mfcc-feats[5.5.1182~1-e02e3]:main():compute-mfcc-feats.cc:182) Processed features for key common_voice_lt_42075707
WARNING (compute-mfcc-feats[5.5.1182~1-e02e3]:Read():wave-reader.cc:304) Expected 115200 bytes of wave data, but read only 114048 bytes. Truncated file?
VLOG[2] (compute-mfcc-feats[5.5.1182~1-e02e3]:main():compute-mfcc-feats.cc:182) Processed features for key common_voice_lt_42075718
WARNING (compute-mfcc-feats[5.5.1182~1-e02e3]:Read():wave-reader.cc:304) Expected 120960 bytes of wave data, but read only 119808 bytes. Truncated file?
VLOG[2] (compute-mfcc-feats[5.5.1182~1-e02e3]:main():compute-mfcc-feats.cc:182) Processed features for key common_voice_lt_42075719
WARNING (compute-mfcc-feats[5.5.1182~1-e02e3]:Read():wave-reader.cc:304) Expected 101376 bytes of wave data, but read only 100224 bytes. Truncated file?
VLOG[2] (compute-mfcc-feats[5.5.1182~1-e02e3]:main():compute-mfcc-feats.cc:182) Processed features for key common_voice_lt_42075727
WARNING (compute-mfcc-feats[5.5.1182~1-e02e3]:Read():wave-reader.cc:304) Expected 162432 bytes of wave data, but read only 161280 bytes. Truncated file?
VLOG[2] (compute-mfcc-feats[5.5.1182~1-e02e3]:main():compute-mfcc-feats.cc:182) Processed features for key common_voice_lt_42075728
WARNING (compute-mfcc-feats[5.5.1182~1-e02e3]:Read():wave-reader.cc:304) Expected 107136 bytes of wave data, but read only 105984 bytes. Truncated file?
VLOG[2] (compute-mfcc-feats[5.5.1182~1-e02e3]:main():compute-mfcc-feats.cc:182) Processed features for key common_voice_lt_42075729
WARNING (compute-mfcc-feats[5.5.1182~1-e02e3]:Read():wave-reader.cc:304) Expected 161280 bytes of wave data, but read only 160128 bytes. Truncated file?
VLOG[2] (compute-mfcc-feats[5.5.1182~1-e02e3]:main():compute-mfcc-feats.cc:182) Processed features for key common_voice_lt_42075730
WARNING (compute-mfcc-feats[5.5.1182~1-e02e3]:Read():wave-reader.cc:304) Expected 141696 bytes of wave data, but read only 140544 bytes. Truncated file?
VLOG[2] (compute-mfcc-feats[5.5.1182~1-e02e3]:main():compute-mfcc-feats.cc:182) Processed features for key common_voice_lt_42075731
WARNING (compute-mfcc-feats[5.5.1182~1-e02e3]:Read():wave-reader.cc:304) Expected 124416 bytes of wave data, but read only 123264 bytes. Truncated file?
VLOG[2] (compute-mfcc-feats[5.5.1182~1-e02e3]:main():compute-mfcc-feats.cc:182) Processed features for key common_voice_lt_42075740
WARNING (compute-mfcc-feats[5.5.1182~1-e02e3]:Read():wave-reader.cc:304) Expected 178560 bytes of wave data, but read only 177408 bytes. Truncated file?
VLOG[2] (compute-mfcc-feats[5.5.1182~1-e02e3]:main():compute-mfcc-feats.cc:182) Processed features for key common_voice_lt_42075742
WARNING (compute-mfcc-feats[5.5.1182~1-e02e3]:Read():wave-reader.cc:304) Expected 167040 bytes of wave data, but read only 165888 bytes. Truncated file?
LOG (compute-mfcc-feats[5.5.1182~1-e02e3]:main():compute-mfcc-feats.cc:181) Processed 490 utterances
VLOG[2] (compute-mfcc-feats[5.5.1182~1-e02e3]:main():compute-mfcc-feats.cc:182) Processed features for key common_voice_lt_42075743
WARNING (compute-mfcc-feats[5.5.1182~1-e02e3]:Read():wave-reader.cc:304) Expected 101376 bytes of wave data, but read only 100224 bytes. Truncated file?
VLOG[2] (compute-mfcc-feats[5.5.1182~1-e02e3]:main():compute-mfcc-feats.cc:182) Processed features for key common_voice_lt_42075746
WARNING (compute-mfcc-feats[5.5.1182~1-e02e3]:Read():wave-reader.cc:304) Expected 141696 bytes of wave data, but read only 140544 bytes. Truncated file?
VLOG[2] (compute-mfcc-feats[5.5.1182~1-e02e3]:main():compute-mfcc-feats.cc:182) Processed features for key common_voice_lt_42075747
WARNING (compute-mfcc-feats[5.5.1182~1-e02e3]:Read():wave-reader.cc:304) Expected 110592 bytes of wave data, but read only 109440 bytes. Truncated file?
VLOG[2] (compute-mfcc-feats[5.5.1182~1-e02e3]:main():compute-mfcc-feats.cc:182) Processed features for key common_voice_lt_42075753
WARNING (compute-mfcc-feats[5.5.1182~1-e02e3]:Read():wave-reader.cc:304) Expected 193536 bytes of wave data, but read only 192384 bytes. Truncated file?
VLOG[2] (compute-mfcc-feats[5.5.1182~1-e02e3]:main():compute-mfcc-feats.cc:182) Processed features for key common_voice_lt_42075754
WARNING (compute-mfcc-feats[5.5.1182~1-e02e3]:Read():wave-reader.cc:304) Expected 139392 bytes of wave data, but read only 138240 bytes. Truncated file?
VLOG[2] (compute-mfcc-feats[5.5.1182~1-e02e3]:main():compute-mfcc-feats.cc:182) Processed features for key common_voice_lt_42075757
WARNING (compute-mfcc-feats[5.5.1182~1-e02e3]:Read():wave-reader.cc:304) Expected 127872 bytes of wave data, but read only 126720 bytes. Truncated file?
VLOG[2] (compute-mfcc-feats[5.5.1182~1-e02e3]:main():compute-mfcc-feats.cc:182) Processed features for key common_voice_lt_42075767
WARNING (compute-mfcc-feats[5.5.1182~1-e02e3]:Read():wave-reader.cc:304) Expected 247680 bytes of wave data, but read only 246528 bytes. Truncated file?
VLOG[2] (compute-mfcc-feats[5.5.1182~1-e02e3]:main():compute-mfcc-feats.cc:182) Processed features for key common_voice_lt_42075769
WARNING (compute-mfcc-feats[5.5.1182~1-e02e3]:Read():wave-reader.cc:304) Expected 124416 bytes of wave data, but read only 123264 bytes. Truncated file?
VLOG[2] (compute-mfcc-feats[5.5.1182~1-e02e3]:main():compute-mfcc-feats.cc:182) Processed features for key common_voice_lt_42075772
WARNING (compute-mfcc-feats[5.5.1182~1-e02e3]:Read():wave-reader.cc:304) Expected 172800 bytes of wave data, but read only 171648 bytes. Truncated file?
VLOG[2] (compute-mfcc-feats[5.5.1182~1-e02e3]:main():compute-mfcc-feats.cc:182) Processed features for key common_voice_lt_42075896
WARNING (compute-mfcc-feats[5.5.1182~1-e02e3]:Read():wave-reader.cc:304) Expected 145152 bytes of wave data, but read only 144000 bytes. Truncated file?
LOG (compute-mfcc-feats[5.5.1182~1-e02e3]:main():compute-mfcc-feats.cc:181) Processed 500 utterances
VLOG[2] (compute-mfcc-feats[5.5.1182~1-e02e3]:main():compute-mfcc-feats.cc:182) Processed features for key common_voice_lt_42075897
WARNING (compute-mfcc-feats[5.5.1182~1-e02e3]:Read():wave-reader.cc:304) Expected 182016 bytes of wave data, but read only 180864 bytes. Truncated file?
VLOG[2] (compute-mfcc-feats[5.5.1182~1-e02e3]:main():compute-mfcc-feats.cc:182) Processed features for key common_voice_lt_42075898
WARNING (compute-mfcc-feats[5.5.1182~1-e02e3]:Read():wave-reader.cc:304) Expected 156672 bytes of wave data, but read only 155520 bytes. Truncated file?
VLOG[2] (compute-mfcc-feats[5.5.1182~1-e02e3]:main():compute-mfcc-feats.cc:182) Processed features for key common_voice_lt_42075900
WARNING (compute-mfcc-feats[5.5.1182~1-e02e3]:Read():wave-reader.cc:304) Expected 141696 bytes of wave data, but read only 140544 bytes. Truncated file?
VLOG[2] (compute-mfcc-feats[5.5.1182~1-e02e3]:main():compute-mfcc-feats.cc:182) Processed features for key common_voice_lt_42247610
WARNING (compute-mfcc-feats[5.5.1182~1-e02e3]:Read():wave-reader.cc:304) Expected 145152 bytes of wave data, but read only 144000 bytes. Truncated file?
VLOG[2] (compute-mfcc-feats[5.5.1182~1-e02e3]:main():compute-mfcc-feats.cc:182) Processed features for key common_voice_lt_42247611
WARNING (compute-mfcc-feats[5.5.1182~1-e02e3]:Read():wave-reader.cc:304) Expected 210816 bytes of wave data, but read only 209664 bytes. Truncated file?
VLOG[2] (compute-mfcc-feats[5.5.1182~1-e02e3]:main():compute-mfcc-feats.cc:182) Processed features for key common_voice_lt_42247623
WARNING (compute-mfcc-feats[5.5.1182~1-e02e3]:Read():wave-reader.cc:304) Expected 236160 bytes of wave data, but read only 235008 bytes. Truncated file?
VLOG[2] (compute-mfcc-feats[5.5.1182~1-e02e3]:main():compute-mfcc-feats.cc:182) Processed features for key common_voice_lt_42247625
WARNING (compute-mfcc-feats[5.5.1182~1-e02e3]:Read():wave-reader.cc:304) Expected 138240 bytes of wave data, but read only 137088 bytes. Truncated file?
VLOG[2] (compute-mfcc-feats[5.5.1182~1-e02e3]:main():compute-mfcc-feats.cc:182) Processed features for key common_voice_lt_42247626
WARNING (compute-mfcc-feats[5.5.1182~1-e02e3]:Read():wave-reader.cc:304) Expected 150912 bytes of wave data, but read only 149760 bytes. Truncated file?
VLOG[2] (compute-mfcc-feats[5.5.1182~1-e02e3]:main():compute-mfcc-feats.cc:182) Processed features for key common_voice_lt_42247628
WARNING (compute-mfcc-feats[5.5.1182~1-e02e3]:Read():wave-reader.cc:304) Expected 115200 bytes of wave data, but read only 114048 bytes. Truncated file?
VLOG[2] (compute-mfcc-feats[5.5.1182~1-e02e3]:main():compute-mfcc-feats.cc:182) Processed features for key common_voice_lt_42247632
WARNING (compute-mfcc-feats[5.5.1182~1-e02e3]:Read():wave-reader.cc:304) Expected 222336 bytes of wave data, but read only 221184 bytes. Truncated file?
LOG (compute-mfcc-feats[5.5.1182~1-e02e3]:main():compute-mfcc-feats.cc:181) Processed 510 utterances
VLOG[2] (compute-mfcc-feats[5.5.1182~1-e02e3]:main():compute-mfcc-feats.cc:182) Processed features for key common_voice_lt_42247637
WARNING (compute-mfcc-feats[5.5.1182~1-e02e3]:Read():wave-reader.cc:304) Expected 115200 bytes of wave data, but read only 114048 bytes. Truncated file?
VLOG[2] (compute-mfcc-feats[5.5.1182~1-e02e3]:main():compute-mfcc-feats.cc:182) Processed features for key common_voice_lt_42247648
WARNING (compute-mfcc-feats[5.5.1182~1-e02e3]:Read():wave-reader.cc:304) Expected 247680 bytes of wave data, but read only 246528 bytes. Truncated file?
VLOG[2] (compute-mfcc-feats[5.5.1182~1-e02e3]:main():compute-mfcc-feats.cc:182) Processed features for key common_voice_lt_42247649
WARNING (compute-mfcc-feats[5.5.1182~1-e02e3]:Read():wave-reader.cc:304) Expected 162432 bytes of wave data, but read only 161280 bytes. Truncated file?
VLOG[2] (compute-mfcc-feats[5.5.1182~1-e02e3]:main():compute-mfcc-feats.cc:182) Processed features for key common_voice_lt_42247650
WARNING (compute-mfcc-feats[5.5.1182~1-e02e3]:Read():wave-reader.cc:304) Expected 109440 bytes of wave data, but read only 108288 bytes. Truncated file?
VLOG[2] (compute-mfcc-feats[5.5.1182~1-e02e3]:main():compute-mfcc-feats.cc:182) Processed features for key common_voice_lt_42247651
sox WARN rate: rate clipped 1 samples; decrease volume?
sox WARN dither: dither clipped 1 samples; decrease volume?
WARNING (compute-mfcc-feats[5.5.1182~1-e02e3]:Read():wave-reader.cc:304) Expected 141696 bytes of wave data, but read only 140544 bytes. Truncated file?
VLOG[2] (compute-mfcc-feats[5.5.1182~1-e02e3]:main():compute-mfcc-feats.cc:182) Processed features for key common_voice_lt_42247690
WARNING (compute-mfcc-feats[5.5.1182~1-e02e3]:Read():wave-reader.cc:304) Expected 233856 bytes of wave data, but read only 232704 bytes. Truncated file?
VLOG[2] (compute-mfcc-feats[5.5.1182~1-e02e3]:main():compute-mfcc-feats.cc:182) Processed features for key common_voice_lt_42247692
WARNING (compute-mfcc-feats[5.5.1182~1-e02e3]:Read():wave-reader.cc:304) Expected 164736 bytes of wave data, but read only 163584 bytes. Truncated file?
VLOG[2] (compute-mfcc-feats[5.5.1182~1-e02e3]:main():compute-mfcc-feats.cc:182) Processed features for key common_voice_lt_42247698
WARNING (compute-mfcc-feats[5.5.1182~1-e02e3]:Read():wave-reader.cc:304) Expected 187776 bytes of wave data, but read only 186624 bytes. Truncated file?
VLOG[2] (compute-mfcc-feats[5.5.1182~1-e02e3]:main():compute-mfcc-feats.cc:182) Processed features for key common_voice_lt_42247704
WARNING (compute-mfcc-feats[5.5.1182~1-e02e3]:Read():wave-reader.cc:304) Expected 176256 bytes of wave data, but read only 175104 bytes. Truncated file?
VLOG[2] (compute-mfcc-feats[5.5.1182~1-e02e3]:main():compute-mfcc-feats.cc:182) Processed features for key common_voice_lt_42247710
WARNING (compute-mfcc-feats[5.5.1182~1-e02e3]:Read():wave-reader.cc:304) Expected 130176 bytes of wave data, but read only 129024 bytes. Truncated file?
LOG (compute-mfcc-feats[5.5.1182~1-e02e3]:main():compute-mfcc-feats.cc:181) Processed 520 utterances
VLOG[2] (compute-mfcc-feats[5.5.1182~1-e02e3]:main():compute-mfcc-feats.cc:182) Processed features for key common_voice_lt_42247711
WARNING (compute-mfcc-feats[5.5.1182~1-e02e3]:Read():wave-reader.cc:304) Expected 139392 bytes of wave data, but read only 138240 bytes. Truncated file?
VLOG[2] (compute-mfcc-feats[5.5.1182~1-e02e3]:main():compute-mfcc-feats.cc:182) Processed features for key common_voice_lt_42247712
WARNING (compute-mfcc-feats[5.5.1182~1-e02e3]:Read():wave-reader.cc:304) Expected 156672 bytes of wave data, but read only 155520 bytes. Truncated file?
VLOG[2] (compute-mfcc-feats[5.5.1182~1-e02e3]:main():compute-mfcc-feats.cc:182) Processed features for key common_voice_lt_42247715
WARNING (compute-mfcc-feats[5.5.1182~1-e02e3]:Read():wave-reader.cc:304) Expected 277632 bytes of wave data, but read only 276480 bytes. Truncated file?
VLOG[2] (compute-mfcc-feats[5.5.1182~1-e02e3]:main():compute-mfcc-feats.cc:182) Processed features for key common_voice_lt_42247718
WARNING (compute-mfcc-feats[5.5.1182~1-e02e3]:Read():wave-reader.cc:304) Expected 112896 bytes of wave data, but read only 111744 bytes. Truncated file?
VLOG[2] (compute-mfcc-feats[5.5.1182~1-e02e3]:main():compute-mfcc-feats.cc:182) Processed features for key common_voice_lt_42247730
WARNING (compute-mfcc-feats[5.5.1182~1-e02e3]:Read():wave-reader.cc:304) Expected 228096 bytes of wave data, but read only 226944 bytes. Truncated file?
VLOG[2] (compute-mfcc-feats[5.5.1182~1-e02e3]:main():compute-mfcc-feats.cc:182) Processed features for key common_voice_lt_42247731
WARNING (compute-mfcc-feats[5.5.1182~1-e02e3]:Read():wave-reader.cc:304) Expected 145152 bytes of wave data, but read only 144000 bytes. Truncated file?
VLOG[2] (compute-mfcc-feats[5.5.1182~1-e02e3]:main():compute-mfcc-feats.cc:182) Processed features for key common_voice_lt_42247732
WARNING (compute-mfcc-feats[5.5.1182~1-e02e3]:Read():wave-reader.cc:304) Expected 132480 bytes of wave data, but read only 131328 bytes. Truncated file?
VLOG[2] (compute-mfcc-feats[5.5.1182~1-e02e3]:main():compute-mfcc-feats.cc:182) Processed features for key common_voice_lt_42247734
WARNING (compute-mfcc-feats[5.5.1182~1-e02e3]:Read():wave-reader.cc:304) Expected 153216 bytes of wave data, but read only 152064 bytes. Truncated file?
VLOG[2] (compute-mfcc-feats[5.5.1182~1-e02e3]:main():compute-mfcc-feats.cc:182) Processed features for key common_voice_lt_42247735
WARNING (compute-mfcc-feats[5.5.1182~1-e02e3]:Read():wave-reader.cc:304) Expected 144000 bytes of wave data, but read only 142848 bytes. Truncated file?
VLOG[2] (compute-mfcc-feats[5.5.1182~1-e02e3]:main():compute-mfcc-feats.cc:182) Processed features for key common_voice_lt_42247738
WARNING (compute-mfcc-feats[5.5.1182~1-e02e3]:Read():wave-reader.cc:304) Expected 168192 bytes of wave data, but read only 167040 bytes. Truncated file?
LOG (compute-mfcc-feats[5.5.1182~1-e02e3]:main():compute-mfcc-feats.cc:181) Processed 530 utterances
VLOG[2] (compute-mfcc-feats[5.5.1182~1-e02e3]:main():compute-mfcc-feats.cc:182) Processed features for key common_voice_lt_42247741
WARNING (compute-mfcc-feats[5.5.1182~1-e02e3]:Read():wave-reader.cc:304) Expected 150912 bytes of wave data, but read only 149760 bytes. Truncated file?
VLOG[2] (compute-mfcc-feats[5.5.1182~1-e02e3]:main():compute-mfcc-feats.cc:182) Processed features for key common_voice_lt_42247743
WARNING (compute-mfcc-feats[5.5.1182~1-e02e3]:Read():wave-reader.cc:304) Expected 201600 bytes of wave data, but read only 200448 bytes. Truncated file?
VLOG[2] (compute-mfcc-feats[5.5.1182~1-e02e3]:main():compute-mfcc-feats.cc:182) Processed features for key common_voice_lt_42247881
WARNING (compute-mfcc-feats[5.5.1182~1-e02e3]:Read():wave-reader.cc:304) Expected 132480 bytes of wave data, but read only 131328 bytes. Truncated file?
VLOG[2] (compute-mfcc-feats[5.5.1182~1-e02e3]:main():compute-mfcc-feats.cc:182) Processed features for key common_voice_lt_42247884
WARNING (compute-mfcc-feats[5.5.1182~1-e02e3]:Read():wave-reader.cc:304) Expected 185472 bytes of wave data, but read only 184320 bytes. Truncated file?
VLOG[2] (compute-mfcc-feats[5.5.1182~1-e02e3]:main():compute-mfcc-feats.cc:182) Processed features for key common_voice_lt_42247886
WARNING (compute-mfcc-feats[5.5.1182~1-e02e3]:Read():wave-reader.cc:304) Expected 161280 bytes of wave data, but read only 160128 bytes. Truncated file?
VLOG[2] (compute-mfcc-feats[5.5.1182~1-e02e3]:main():compute-mfcc-feats.cc:182) Processed features for key common_voice_lt_42247889
WARNING (compute-mfcc-feats[5.5.1182~1-e02e3]:Read():wave-reader.cc:304) Expected 133632 bytes of wave data, but read only 132480 bytes. Truncated file?
VLOG[2] (compute-mfcc-feats[5.5.1182~1-e02e3]:main():compute-mfcc-feats.cc:182) Processed features for key common_voice_lt_42248028
WARNING (compute-mfcc-feats[5.5.1182~1-e02e3]:Read():wave-reader.cc:304) Expected 195840 bytes of wave data, but read only 194688 bytes. Truncated file?
VLOG[2] (compute-mfcc-feats[5.5.1182~1-e02e3]:main():compute-mfcc-feats.cc:182) Processed features for key common_voice_lt_42248029
WARNING (compute-mfcc-feats[5.5.1182~1-e02e3]:Read():wave-reader.cc:304) Expected 178560 bytes of wave data, but read only 177408 bytes. Truncated file?
VLOG[2] (compute-mfcc-feats[5.5.1182~1-e02e3]:main():compute-mfcc-feats.cc:182) Processed features for key common_voice_lt_42248030
WARNING (compute-mfcc-feats[5.5.1182~1-e02e3]:Read():wave-reader.cc:304) Expected 153216 bytes of wave data, but read only 152064 bytes. Truncated file?
VLOG[2] (compute-mfcc-feats[5.5.1182~1-e02e3]:main():compute-mfcc-feats.cc:182) Processed features for key common_voice_lt_42248039
WARNING (compute-mfcc-feats[5.5.1182~1-e02e3]:Read():wave-reader.cc:304) Expected 182016 bytes of wave data, but read only 180864 bytes. Truncated file?
LOG (compute-mfcc-feats[5.5.1182~1-e02e3]:main():compute-mfcc-feats.cc:181) Processed 540 utterances
VLOG[2] (compute-mfcc-feats[5.5.1182~1-e02e3]:main():compute-mfcc-feats.cc:182) Processed features for key common_voice_lt_42248047
WARNING (compute-mfcc-feats[5.5.1182~1-e02e3]:Read():wave-reader.cc:304) Expected 155520 bytes of wave data, but read only 154368 bytes. Truncated file?
VLOG[2] (compute-mfcc-feats[5.5.1182~1-e02e3]:main():compute-mfcc-feats.cc:182) Processed features for key common_voice_lt_42248048
WARNING (compute-mfcc-feats[5.5.1182~1-e02e3]:Read():wave-reader.cc:304) Expected 124416 bytes of wave data, but read only 123264 bytes. Truncated file?
VLOG[2] (compute-mfcc-feats[5.5.1182~1-e02e3]:main():compute-mfcc-feats.cc:182) Processed features for key common_voice_lt_42248066
WARNING (compute-mfcc-feats[5.5.1182~1-e02e3]:Read():wave-reader.cc:304) Expected 193536 bytes of wave data, but read only 192384 bytes. Truncated file?
VLOG[2] (compute-mfcc-feats[5.5.1182~1-e02e3]:main():compute-mfcc-feats.cc:182) Processed features for key common_voice_lt_42248067
WARNING (compute-mfcc-feats[5.5.1182~1-e02e3]:Read():wave-reader.cc:304) Expected 190080 bytes of wave data, but read only 188928 bytes. Truncated file?
VLOG[2] (compute-mfcc-feats[5.5.1182~1-e02e3]:main():compute-mfcc-feats.cc:182) Processed features for key common_voice_lt_42248070
WARNING (compute-mfcc-feats[5.5.1182~1-e02e3]:Read():wave-reader.cc:304) Expected 118656 bytes of wave data, but read only 117504 bytes. Truncated file?
VLOG[2] (compute-mfcc-feats[5.5.1182~1-e02e3]:main():compute-mfcc-feats.cc:182) Processed features for key common_voice_lt_42248076
WARNING (compute-mfcc-feats[5.5.1182~1-e02e3]:Read():wave-reader.cc:304) Expected 173952 bytes of wave data, but read only 172800 bytes. Truncated file?
VLOG[2] (compute-mfcc-feats[5.5.1182~1-e02e3]:main():compute-mfcc-feats.cc:182) Processed features for key common_voice_lt_42248077
WARNING (compute-mfcc-feats[5.5.1182~1-e02e3]:Read():wave-reader.cc:304) Expected 112896 bytes of wave data, but read only 111744 bytes. Truncated file?
VLOG[2] (compute-mfcc-feats[5.5.1182~1-e02e3]:main():compute-mfcc-feats.cc:182) Processed features for key common_voice_lt_42248501
WARNING (compute-mfcc-feats[5.5.1182~1-e02e3]:Read():wave-reader.cc:304) Expected 115200 bytes of wave data, but read only 114048 bytes. Truncated file?
VLOG[2] (compute-mfcc-feats[5.5.1182~1-e02e3]:main():compute-mfcc-feats.cc:182) Processed features for key common_voice_lt_42248504
WARNING (compute-mfcc-feats[5.5.1182~1-e02e3]:Read():wave-reader.cc:304) Expected 133632 bytes of wave data, but read only 132480 bytes. Truncated file?
VLOG[2] (compute-mfcc-feats[5.5.1182~1-e02e3]:main():compute-mfcc-feats.cc:182) Processed features for key common_voice_lt_42248505
WARNING (compute-mfcc-feats[5.5.1182~1-e02e3]:Read():wave-reader.cc:304) Expected 147456 bytes of wave data, but read only 146304 bytes. Truncated file?
LOG (compute-mfcc-feats[5.5.1182~1-e02e3]:main():compute-mfcc-feats.cc:181) Processed 550 utterances
VLOG[2] (compute-mfcc-feats[5.5.1182~1-e02e3]:main():compute-mfcc-feats.cc:182) Processed features for key common_voice_lt_42248512
WARNING (compute-mfcc-feats[5.5.1182~1-e02e3]:Read():wave-reader.cc:304) Expected 168192 bytes of wave data, but read only 167040 bytes. Truncated file?
VLOG[2] (compute-mfcc-feats[5.5.1182~1-e02e3]:main():compute-mfcc-feats.cc:182) Processed features for key common_voice_lt_42248513
WARNING (compute-mfcc-feats[5.5.1182~1-e02e3]:Read():wave-reader.cc:304) Expected 118656 bytes of wave data, but read only 117504 bytes. Truncated file?
VLOG[2] (compute-mfcc-feats[5.5.1182~1-e02e3]:main():compute-mfcc-feats.cc:182) Processed features for key common_voice_lt_42248514
WARNING (compute-mfcc-feats[5.5.1182~1-e02e3]:Read():wave-reader.cc:304) Expected 184320 bytes of wave data, but read only 183168 bytes. Truncated file?
VLOG[2] (compute-mfcc-feats[5.5.1182~1-e02e3]:main():compute-mfcc-feats.cc:182) Processed features for key common_voice_lt_42248516
WARNING (compute-mfcc-feats[5.5.1182~1-e02e3]:Read():wave-reader.cc:304) Expected 164736 bytes of wave data, but read only 163584 bytes. Truncated file?
VLOG[2] (compute-mfcc-feats[5.5.1182~1-e02e3]:main():compute-mfcc-feats.cc:182) Processed features for key common_voice_lt_42248534
WARNING (compute-mfcc-feats[5.5.1182~1-e02e3]:Read():wave-reader.cc:304) Expected 116352 bytes of wave data, but read only 115200 bytes. Truncated file?
VLOG[2] (compute-mfcc-feats[5.5.1182~1-e02e3]:main():compute-mfcc-feats.cc:182) Processed features for key common_voice_lt_42248539
WARNING (compute-mfcc-feats[5.5.1182~1-e02e3]:Read():wave-reader.cc:304) Expected 162432 bytes of wave data, but read only 161280 bytes. Truncated file?
VLOG[2] (compute-mfcc-feats[5.5.1182~1-e02e3]:main():compute-mfcc-feats.cc:182) Processed features for key common_voice_lt_42248552
WARNING (compute-mfcc-feats[5.5.1182~1-e02e3]:Read():wave-reader.cc:304) Expected 184320 bytes of wave data, but read only 183168 bytes. Truncated file?
VLOG[2] (compute-mfcc-feats[5.5.1182~1-e02e3]:main():compute-mfcc-feats.cc:182) Processed features for key common_voice_lt_42248553
WARNING (compute-mfcc-feats[5.5.1182~1-e02e3]:Read():wave-reader.cc:304) Expected 164736 bytes of wave data, but read only 163584 bytes. Truncated file?
VLOG[2] (compute-mfcc-feats[5.5.1182~1-e02e3]:main():compute-mfcc-feats.cc:182) Processed features for key common_voice_lt_42248555
WARNING (compute-mfcc-feats[5.5.1182~1-e02e3]:Read():wave-reader.cc:304) Expected 222336 bytes of wave data, but read only 221184 bytes. Truncated file?
VLOG[2] (compute-mfcc-feats[5.5.1182~1-e02e3]:main():compute-mfcc-feats.cc:182) Processed features for key common_voice_lt_42248563
WARNING (compute-mfcc-feats[5.5.1182~1-e02e3]:Read():wave-reader.cc:304) Expected 170496 bytes of wave data, but read only 169344 bytes. Truncated file?
LOG (compute-mfcc-feats[5.5.1182~1-e02e3]:main():compute-mfcc-feats.cc:181) Processed 560 utterances
VLOG[2] (compute-mfcc-feats[5.5.1182~1-e02e3]:main():compute-mfcc-feats.cc:182) Processed features for key common_voice_lt_42248565
WARNING (compute-mfcc-feats[5.5.1182~1-e02e3]:Read():wave-reader.cc:304) Expected 116352 bytes of wave data, but read only 115200 bytes. Truncated file?
VLOG[2] (compute-mfcc-feats[5.5.1182~1-e02e3]:main():compute-mfcc-feats.cc:182) Processed features for key common_voice_lt_42248578
WARNING (compute-mfcc-feats[5.5.1182~1-e02e3]:Read():wave-reader.cc:304) Expected 132480 bytes of wave data, but read only 131328 bytes. Truncated file?
VLOG[2] (compute-mfcc-feats[5.5.1182~1-e02e3]:main():compute-mfcc-feats.cc:182) Processed features for key common_voice_lt_42248585
WARNING (compute-mfcc-feats[5.5.1182~1-e02e3]:Read():wave-reader.cc:304) Expected 156672 bytes of wave data, but read only 155520 bytes. Truncated file?
VLOG[2] (compute-mfcc-feats[5.5.1182~1-e02e3]:main():compute-mfcc-feats.cc:182) Processed features for key common_voice_lt_42248587
WARNING (compute-mfcc-feats[5.5.1182~1-e02e3]:Read():wave-reader.cc:304) Expected 178560 bytes of wave data, but read only 177408 bytes. Truncated file?
VLOG[2] (compute-mfcc-feats[5.5.1182~1-e02e3]:main():compute-mfcc-feats.cc:182) Processed features for key common_voice_lt_42248605
WARNING (compute-mfcc-feats[5.5.1182~1-e02e3]:Read():wave-reader.cc:304) Expected 132480 bytes of wave data, but read only 131328 bytes. Truncated file?
VLOG[2] (compute-mfcc-feats[5.5.1182~1-e02e3]:main():compute-mfcc-feats.cc:182) Processed features for key common_voice_lt_42248606
WARNING (compute-mfcc-feats[5.5.1182~1-e02e3]:Read():wave-reader.cc:304) Expected 153216 bytes of wave data, but read only 152064 bytes. Truncated file?
VLOG[2] (compute-mfcc-feats[5.5.1182~1-e02e3]:main():compute-mfcc-feats.cc:182) Processed features for key common_voice_lt_42248607
WARNING (compute-mfcc-feats[5.5.1182~1-e02e3]:Read():wave-reader.cc:304) Expected 149760 bytes of wave data, but read only 148608 bytes. Truncated file?
VLOG[2] (compute-mfcc-feats[5.5.1182~1-e02e3]:main():compute-mfcc-feats.cc:182) Processed features for key common_voice_lt_42248631
WARNING (compute-mfcc-feats[5.5.1182~1-e02e3]:Read():wave-reader.cc:304) Expected 147456 bytes of wave data, but read only 146304 bytes. Truncated file?
VLOG[2] (compute-mfcc-feats[5.5.1182~1-e02e3]:main():compute-mfcc-feats.cc:182) Processed features for key common_voice_lt_42248633
WARNING (compute-mfcc-feats[5.5.1182~1-e02e3]:Read():wave-reader.cc:304) Expected 139392 bytes of wave data, but read only 138240 bytes. Truncated file?
VLOG[2] (compute-mfcc-feats[5.5.1182~1-e02e3]:main():compute-mfcc-feats.cc:182) Processed features for key common_voice_lt_42248648
WARNING (compute-mfcc-feats[5.5.1182~1-e02e3]:Read():wave-reader.cc:304) Expected 122112 bytes of wave data, but read only 120960 bytes. Truncated file?
LOG (compute-mfcc-feats[5.5.1182~1-e02e3]:main():compute-mfcc-feats.cc:181) Processed 570 utterances
VLOG[2] (compute-mfcc-feats[5.5.1182~1-e02e3]:main():compute-mfcc-feats.cc:182) Processed features for key common_voice_lt_42248649
WARNING (compute-mfcc-feats[5.5.1182~1-e02e3]:Read():wave-reader.cc:304) Expected 95616 bytes of wave data, but read only 94464 bytes. Truncated file?
VLOG[2] (compute-mfcc-feats[5.5.1182~1-e02e3]:main():compute-mfcc-feats.cc:182) Processed features for key common_voice_lt_42248667
WARNING (compute-mfcc-feats[5.5.1182~1-e02e3]:Read():wave-reader.cc:304) Expected 109440 bytes of wave data, but read only 108288 bytes. Truncated file?
VLOG[2] (compute-mfcc-feats[5.5.1182~1-e02e3]:main():compute-mfcc-feats.cc:182) Processed features for key common_voice_lt_42248668
WARNING (compute-mfcc-feats[5.5.1182~1-e02e3]:Read():wave-reader.cc:304) Expected 191232 bytes of wave data, but read only 190080 bytes. Truncated file?
VLOG[2] (compute-mfcc-feats[5.5.1182~1-e02e3]:main():compute-mfcc-feats.cc:182) Processed features for key common_voice_lt_42248669
WARNING (compute-mfcc-feats[5.5.1182~1-e02e3]:Read():wave-reader.cc:304) Expected 207360 bytes of wave data, but read only 206208 bytes. Truncated file?
VLOG[2] (compute-mfcc-feats[5.5.1182~1-e02e3]:main():compute-mfcc-feats.cc:182) Processed features for key common_voice_lt_42248690
WARNING (compute-mfcc-feats[5.5.1182~1-e02e3]:Read():wave-reader.cc:304) Expected 130176 bytes of wave data, but read only 129024 bytes. Truncated file?
VLOG[2] (compute-mfcc-feats[5.5.1182~1-e02e3]:main():compute-mfcc-feats.cc:182) Processed features for key common_voice_lt_42248692
WARNING (compute-mfcc-feats[5.5.1182~1-e02e3]:Read():wave-reader.cc:304) Expected 202752 bytes of wave data, but read only 201600 bytes. Truncated file?
VLOG[2] (compute-mfcc-feats[5.5.1182~1-e02e3]:main():compute-mfcc-feats.cc:182) Processed features for key common_voice_lt_42253333
WARNING (compute-mfcc-feats[5.5.1182~1-e02e3]:Read():wave-reader.cc:304) Expected 193536 bytes of wave data, but read only 192384 bytes. Truncated file?
VLOG[2] (compute-mfcc-feats[5.5.1182~1-e02e3]:main():compute-mfcc-feats.cc:182) Processed features for key common_voice_lt_42253334
WARNING (compute-mfcc-feats[5.5.1182~1-e02e3]:Read():wave-reader.cc:304) Expected 173952 bytes of wave data, but read only 172800 bytes. Truncated file?
VLOG[2] (compute-mfcc-feats[5.5.1182~1-e02e3]:main():compute-mfcc-feats.cc:182) Processed features for key common_voice_lt_42253335
WARNING (compute-mfcc-feats[5.5.1182~1-e02e3]:Read():wave-reader.cc:304) Expected 116352 bytes of wave data, but read only 115200 bytes. Truncated file?
VLOG[2] (compute-mfcc-feats[5.5.1182~1-e02e3]:main():compute-mfcc-feats.cc:182) Processed features for key common_voice_lt_42253337
WARNING (compute-mfcc-feats[5.5.1182~1-e02e3]:Read():wave-reader.cc:304) Expected 191232 bytes of wave data, but read only 190080 bytes. Truncated file?
LOG (compute-mfcc-feats[5.5.1182~1-e02e3]:main():compute-mfcc-feats.cc:181) Processed 580 utterances
VLOG[2] (compute-mfcc-feats[5.5.1182~1-e02e3]:main():compute-mfcc-feats.cc:182) Processed features for key common_voice_lt_42253345
WARNING (compute-mfcc-feats[5.5.1182~1-e02e3]:Read():wave-reader.cc:304) Expected 122112 bytes of wave data, but read only 120960 bytes. Truncated file?
VLOG[2] (compute-mfcc-feats[5.5.1182~1-e02e3]:main():compute-mfcc-feats.cc:182) Processed features for key common_voice_lt_42253347
WARNING (compute-mfcc-feats[5.5.1182~1-e02e3]:Read():wave-reader.cc:304) Expected 176256 bytes of wave data, but read only 175104 bytes. Truncated file?
VLOG[2] (compute-mfcc-feats[5.5.1182~1-e02e3]:main():compute-mfcc-feats.cc:182) Processed features for key common_voice_lt_42253368
WARNING (compute-mfcc-feats[5.5.1182~1-e02e3]:Read():wave-reader.cc:304) Expected 185472 bytes of wave data, but read only 184320 bytes. Truncated file?
VLOG[2] (compute-mfcc-feats[5.5.1182~1-e02e3]:main():compute-mfcc-feats.cc:182) Processed features for key common_voice_lt_42253370
WARNING (compute-mfcc-feats[5.5.1182~1-e02e3]:Read():wave-reader.cc:304) Expected 130176 bytes of wave data, but read only 129024 bytes. Truncated file?
VLOG[2] (compute-mfcc-feats[5.5.1182~1-e02e3]:main():compute-mfcc-feats.cc:182) Processed features for key common_voice_lt_42253384
WARNING (compute-mfcc-feats[5.5.1182~1-e02e3]:Read():wave-reader.cc:304) Expected 149760 bytes of wave data, but read only 148608 bytes. Truncated file?
VLOG[2] (compute-mfcc-feats[5.5.1182~1-e02e3]:main():compute-mfcc-feats.cc:182) Processed features for key common_voice_lt_42253387
WARNING (compute-mfcc-feats[5.5.1182~1-e02e3]:Read():wave-reader.cc:304) Expected 135936 bytes of wave data, but read only 134784 bytes. Truncated file?
VLOG[2] (compute-mfcc-feats[5.5.1182~1-e02e3]:main():compute-mfcc-feats.cc:182) Processed features for key common_voice_lt_42253392
WARNING (compute-mfcc-feats[5.5.1182~1-e02e3]:Read():wave-reader.cc:304) Expected 149760 bytes of wave data, but read only 148608 bytes. Truncated file?
VLOG[2] (compute-mfcc-feats[5.5.1182~1-e02e3]:main():compute-mfcc-feats.cc:182) Processed features for key common_voice_lt_42253395
WARNING (compute-mfcc-feats[5.5.1182~1-e02e3]:Read():wave-reader.cc:304) Expected 150912 bytes of wave data, but read only 149760 bytes. Truncated file?
VLOG[2] (compute-mfcc-feats[5.5.1182~1-e02e3]:main():compute-mfcc-feats.cc:182) Processed features for key common_voice_lt_42253407
WARNING (compute-mfcc-feats[5.5.1182~1-e02e3]:Read():wave-reader.cc:304) Expected 179712 bytes of wave data, but read only 178560 bytes. Truncated file?
VLOG[2] (compute-mfcc-feats[5.5.1182~1-e02e3]:main():compute-mfcc-feats.cc:182) Processed features for key common_voice_lt_42253408
WARNING (compute-mfcc-feats[5.5.1182~1-e02e3]:Read():wave-reader.cc:304) Expected 132480 bytes of wave data, but read only 131328 bytes. Truncated file?
LOG (compute-mfcc-feats[5.5.1182~1-e02e3]:main():compute-mfcc-feats.cc:181) Processed 590 utterances
VLOG[2] (compute-mfcc-feats[5.5.1182~1-e02e3]:main():compute-mfcc-feats.cc:182) Processed features for key common_voice_lt_42253409
WARNING (compute-mfcc-feats[5.5.1182~1-e02e3]:Read():wave-reader.cc:304) Expected 216576 bytes of wave data, but read only 215424 bytes. Truncated file?
VLOG[2] (compute-mfcc-feats[5.5.1182~1-e02e3]:main():compute-mfcc-feats.cc:182) Processed features for key common_voice_lt_42253410
WARNING (compute-mfcc-feats[5.5.1182~1-e02e3]:Read():wave-reader.cc:304) Expected 135936 bytes of wave data, but read only 134784 bytes. Truncated file?
VLOG[2] (compute-mfcc-feats[5.5.1182~1-e02e3]:main():compute-mfcc-feats.cc:182) Processed features for key common_voice_lt_42253416
WARNING (compute-mfcc-feats[5.5.1182~1-e02e3]:Read():wave-reader.cc:304) Expected 288000 bytes of wave data, but read only 286848 bytes. Truncated file?
VLOG[2] (compute-mfcc-feats[5.5.1182~1-e02e3]:main():compute-mfcc-feats.cc:182) Processed features for key common_voice_lt_42253418
WARNING (compute-mfcc-feats[5.5.1182~1-e02e3]:Read():wave-reader.cc:304) Expected 144000 bytes of wave data, but read only 142848 bytes. Truncated file?
VLOG[2] (compute-mfcc-feats[5.5.1182~1-e02e3]:main():compute-mfcc-feats.cc:182) Processed features for key common_voice_lt_42253430
WARNING (compute-mfcc-feats[5.5.1182~1-e02e3]:Read():wave-reader.cc:304) Expected 145152 bytes of wave data, but read only 144000 bytes. Truncated file?
VLOG[2] (compute-mfcc-feats[5.5.1182~1-e02e3]:main():compute-mfcc-feats.cc:182) Processed features for key common_voice_lt_42253437
WARNING (compute-mfcc-feats[5.5.1182~1-e02e3]:Read():wave-reader.cc:304) Expected 172800 bytes of wave data, but read only 171648 bytes. Truncated file?
VLOG[2] (compute-mfcc-feats[5.5.1182~1-e02e3]:main():compute-mfcc-feats.cc:182) Processed features for key common_voice_lt_42253446
WARNING (compute-mfcc-feats[5.5.1182~1-e02e3]:Read():wave-reader.cc:304) Expected 245376 bytes of wave data, but read only 244224 bytes. Truncated file?
VLOG[2] (compute-mfcc-feats[5.5.1182~1-e02e3]:main():compute-mfcc-feats.cc:182) Processed features for key common_voice_lt_42253452
WARNING (compute-mfcc-feats[5.5.1182~1-e02e3]:Read():wave-reader.cc:304) Expected 247680 bytes of wave data, but read only 246528 bytes. Truncated file?
VLOG[2] (compute-mfcc-feats[5.5.1182~1-e02e3]:main():compute-mfcc-feats.cc:182) Processed features for key common_voice_lt_42253474
WARNING (compute-mfcc-feats[5.5.1182~1-e02e3]:Read():wave-reader.cc:304) Expected 150912 bytes of wave data, but read only 149760 bytes. Truncated file?
VLOG[2] (compute-mfcc-feats[5.5.1182~1-e02e3]:main():compute-mfcc-feats.cc:182) Processed features for key common_voice_lt_42253497
WARNING (compute-mfcc-feats[5.5.1182~1-e02e3]:Read():wave-reader.cc:304) Expected 150912 bytes of wave data, but read only 149760 bytes. Truncated file?
LOG (compute-mfcc-feats[5.5.1182~1-e02e3]:main():compute-mfcc-feats.cc:181) Processed 600 utterances
VLOG[2] (compute-mfcc-feats[5.5.1182~1-e02e3]:main():compute-mfcc-feats.cc:182) Processed features for key common_voice_lt_42253500
WARNING (compute-mfcc-feats[5.5.1182~1-e02e3]:Read():wave-reader.cc:304) Expected 213120 bytes of wave data, but read only 211968 bytes. Truncated file?
VLOG[2] (compute-mfcc-feats[5.5.1182~1-e02e3]:main():compute-mfcc-feats.cc:182) Processed features for key common_voice_lt_43485560
WARNING (compute-mfcc-feats[5.5.1182~1-e02e3]:Read():wave-reader.cc:304) Expected 144000 bytes of wave data, but read only 142848 bytes. Truncated file?
VLOG[2] (compute-mfcc-feats[5.5.1182~1-e02e3]:main():compute-mfcc-feats.cc:182) Processed features for key common_voice_lt_43485572
WARNING (compute-mfcc-feats[5.5.1182~1-e02e3]:Read():wave-reader.cc:304) Expected 207360 bytes of wave data, but read only 206208 bytes. Truncated file?
VLOG[2] (compute-mfcc-feats[5.5.1182~1-e02e3]:main():compute-mfcc-feats.cc:182) Processed features for key common_voice_lt_43485573
WARNING (compute-mfcc-feats[5.5.1182~1-e02e3]:Read():wave-reader.cc:304) Expected 199296 bytes of wave data, but read only 198144 bytes. Truncated file?
VLOG[2] (compute-mfcc-feats[5.5.1182~1-e02e3]:main():compute-mfcc-feats.cc:182) Processed features for key common_voice_lt_43485574
WARNING (compute-mfcc-feats[5.5.1182~1-e02e3]:Read():wave-reader.cc:304) Expected 191232 bytes of wave data, but read only 190080 bytes. Truncated file?
VLOG[2] (compute-mfcc-feats[5.5.1182~1-e02e3]:main():compute-mfcc-feats.cc:182) Processed features for key common_voice_lt_43485576
WARNING (compute-mfcc-feats[5.5.1182~1-e02e3]:Read():wave-reader.cc:304) Expected 218880 bytes of wave data, but read only 217728 bytes. Truncated file?
VLOG[2] (compute-mfcc-feats[5.5.1182~1-e02e3]:main():compute-mfcc-feats.cc:182) Processed features for key common_voice_lt_43485578
WARNING (compute-mfcc-feats[5.5.1182~1-e02e3]:Read():wave-reader.cc:304) Expected 202752 bytes of wave data, but read only 201600 bytes. Truncated file?
VLOG[2] (compute-mfcc-feats[5.5.1182~1-e02e3]:main():compute-mfcc-feats.cc:182) Processed features for key common_voice_lt_43485586
WARNING (compute-mfcc-feats[5.5.1182~1-e02e3]:Read():wave-reader.cc:304) Expected 145152 bytes of wave data, but read only 144000 bytes. Truncated file?
VLOG[2] (compute-mfcc-feats[5.5.1182~1-e02e3]:main():compute-mfcc-feats.cc:182) Processed features for key common_voice_lt_43485591
WARNING (compute-mfcc-feats[5.5.1182~1-e02e3]:Read():wave-reader.cc:304) Expected 266112 bytes of wave data, but read only 264960 bytes. Truncated file?
VLOG[2] (compute-mfcc-feats[5.5.1182~1-e02e3]:main():compute-mfcc-feats.cc:182) Processed features for key common_voice_lt_43485594
WARNING (compute-mfcc-feats[5.5.1182~1-e02e3]:Read():wave-reader.cc:304) Expected 195840 bytes of wave data, but read only 194688 bytes. Truncated file?
LOG (compute-mfcc-feats[5.5.1182~1-e02e3]:main():compute-mfcc-feats.cc:181) Processed 610 utterances
VLOG[2] (compute-mfcc-feats[5.5.1182~1-e02e3]:main():compute-mfcc-feats.cc:182) Processed features for key common_voice_lt_43485613
WARNING (compute-mfcc-feats[5.5.1182~1-e02e3]:Read():wave-reader.cc:304) Expected 130176 bytes of wave data, but read only 129024 bytes. Truncated file?
VLOG[2] (compute-mfcc-feats[5.5.1182~1-e02e3]:main():compute-mfcc-feats.cc:182) Processed features for key common_voice_lt_43485625
WARNING (compute-mfcc-feats[5.5.1182~1-e02e3]:Read():wave-reader.cc:304) Expected 149760 bytes of wave data, but read only 148608 bytes. Truncated file?
VLOG[2] (compute-mfcc-feats[5.5.1182~1-e02e3]:main():compute-mfcc-feats.cc:182) Processed features for key common_voice_lt_43485628
WARNING (compute-mfcc-feats[5.5.1182~1-e02e3]:Read():wave-reader.cc:304) Expected 124416 bytes of wave data, but read only 123264 bytes. Truncated file?
VLOG[2] (compute-mfcc-feats[5.5.1182~1-e02e3]:main():compute-mfcc-feats.cc:182) Processed features for key common_voice_lt_43485639
WARNING (compute-mfcc-feats[5.5.1182~1-e02e3]:Read():wave-reader.cc:304) Expected 141696 bytes of wave data, but read only 140544 bytes. Truncated file?
VLOG[2] (compute-mfcc-feats[5.5.1182~1-e02e3]:main():compute-mfcc-feats.cc:182) Processed features for key common_voice_lt_43485642
WARNING (compute-mfcc-feats[5.5.1182~1-e02e3]:Read():wave-reader.cc:304) Expected 133632 bytes of wave data, but read only 132480 bytes. Truncated file?
VLOG[2] (compute-mfcc-feats[5.5.1182~1-e02e3]:main():compute-mfcc-feats.cc:182) Processed features for key common_voice_lt_43485650
WARNING (compute-mfcc-feats[5.5.1182~1-e02e3]:Read():wave-reader.cc:304) Expected 130176 bytes of wave data, but read only 129024 bytes. Truncated file?
VLOG[2] (compute-mfcc-feats[5.5.1182~1-e02e3]:main():compute-mfcc-feats.cc:182) Processed features for key common_voice_lt_43485651
WARNING (compute-mfcc-feats[5.5.1182~1-e02e3]:Read():wave-reader.cc:304) Expected 187776 bytes of wave data, but read only 186624 bytes. Truncated file?
VLOG[2] (compute-mfcc-feats[5.5.1182~1-e02e3]:main():compute-mfcc-feats.cc:182) Processed features for key common_voice_lt_43485665
WARNING (compute-mfcc-feats[5.5.1182~1-e02e3]:Read():wave-reader.cc:304) Expected 139392 bytes of wave data, but read only 138240 bytes. Truncated file?
VLOG[2] (compute-mfcc-feats[5.5.1182~1-e02e3]:main():compute-mfcc-feats.cc:182) Processed features for key common_voice_lt_43485670
WARNING (compute-mfcc-feats[5.5.1182~1-e02e3]:Read():wave-reader.cc:304) Expected 127872 bytes of wave data, but read only 126720 bytes. Truncated file?
VLOG[2] (compute-mfcc-feats[5.5.1182~1-e02e3]:main():compute-mfcc-feats.cc:182) Processed features for key common_voice_lt_43485674
WARNING (compute-mfcc-feats[5.5.1182~1-e02e3]:Read():wave-reader.cc:304) Expected 126720 bytes of wave data, but read only 125568 bytes. Truncated file?
LOG (compute-mfcc-feats[5.5.1182~1-e02e3]:main():compute-mfcc-feats.cc:181) Processed 620 utterances
VLOG[2] (compute-mfcc-feats[5.5.1182~1-e02e3]:main():compute-mfcc-feats.cc:182) Processed features for key common_voice_lt_43485677
WARNING (compute-mfcc-feats[5.5.1182~1-e02e3]:Read():wave-reader.cc:304) Expected 195840 bytes of wave data, but read only 194688 bytes. Truncated file?
VLOG[2] (compute-mfcc-feats[5.5.1182~1-e02e3]:main():compute-mfcc-feats.cc:182) Processed features for key common_voice_lt_43485679
WARNING (compute-mfcc-feats[5.5.1182~1-e02e3]:Read():wave-reader.cc:304) Expected 141696 bytes of wave data, but read only 140544 bytes. Truncated file?
VLOG[2] (compute-mfcc-feats[5.5.1182~1-e02e3]:main():compute-mfcc-feats.cc:182) Processed features for key common_voice_lt_43485690
WARNING (compute-mfcc-feats[5.5.1182~1-e02e3]:Read():wave-reader.cc:304) Expected 161280 bytes of wave data, but read only 160128 bytes. Truncated file?
VLOG[2] (compute-mfcc-feats[5.5.1182~1-e02e3]:main():compute-mfcc-feats.cc:182) Processed features for key common_voice_lt_43487003
WARNING (compute-mfcc-feats[5.5.1182~1-e02e3]:Read():wave-reader.cc:304) Expected 247680 bytes of wave data, but read only 246528 bytes. Truncated file?
VLOG[2] (compute-mfcc-feats[5.5.1182~1-e02e3]:main():compute-mfcc-feats.cc:182) Processed features for key common_voice_lt_43487007
WARNING (compute-mfcc-feats[5.5.1182~1-e02e3]:Read():wave-reader.cc:304) Expected 167040 bytes of wave data, but read only 165888 bytes. Truncated file?
VLOG[2] (compute-mfcc-feats[5.5.1182~1-e02e3]:main():compute-mfcc-feats.cc:182) Processed features for key common_voice_lt_43487041
WARNING (compute-mfcc-feats[5.5.1182~1-e02e3]:Read():wave-reader.cc:304) Expected 144000 bytes of wave data, but read only 142848 bytes. Truncated file?
VLOG[2] (compute-mfcc-feats[5.5.1182~1-e02e3]:main():compute-mfcc-feats.cc:182) Processed features for key common_voice_lt_43487044
WARNING (compute-mfcc-feats[5.5.1182~1-e02e3]:Read():wave-reader.cc:304) Expected 115200 bytes of wave data, but read only 114048 bytes. Truncated file?
VLOG[2] (compute-mfcc-feats[5.5.1182~1-e02e3]:main():compute-mfcc-feats.cc:182) Processed features for key common_voice_lt_43487049
WARNING (compute-mfcc-feats[5.5.1182~1-e02e3]:Read():wave-reader.cc:304) Expected 155520 bytes of wave data, but read only 154368 bytes. Truncated file?
VLOG[2] (compute-mfcc-feats[5.5.1182~1-e02e3]:main():compute-mfcc-feats.cc:182) Processed features for key common_voice_lt_43487051
WARNING (compute-mfcc-feats[5.5.1182~1-e02e3]:Read():wave-reader.cc:304) Expected 155520 bytes of wave data, but read only 154368 bytes. Truncated file?
VLOG[2] (compute-mfcc-feats[5.5.1182~1-e02e3]:main():compute-mfcc-feats.cc:182) Processed features for key common_voice_lt_43487052
WARNING (compute-mfcc-feats[5.5.1182~1-e02e3]:Read():wave-reader.cc:304) Expected 320256 bytes of wave data, but read only 319104 bytes. Truncated file?
LOG (compute-mfcc-feats[5.5.1182~1-e02e3]:main():compute-mfcc-feats.cc:181) Processed 630 utterances
VLOG[2] (compute-mfcc-feats[5.5.1182~1-e02e3]:main():compute-mfcc-feats.cc:182) Processed features for key common_voice_lt_43487059
WARNING (compute-mfcc-feats[5.5.1182~1-e02e3]:Read():wave-reader.cc:304) Expected 208512 bytes of wave data, but read only 207360 bytes. Truncated file?
VLOG[2] (compute-mfcc-feats[5.5.1182~1-e02e3]:main():compute-mfcc-feats.cc:182) Processed features for key common_voice_lt_43487060
WARNING (compute-mfcc-feats[5.5.1182~1-e02e3]:Read():wave-reader.cc:304) Expected 156672 bytes of wave data, but read only 155520 bytes. Truncated file?
VLOG[2] (compute-mfcc-feats[5.5.1182~1-e02e3]:main():compute-mfcc-feats.cc:182) Processed features for key common_voice_lt_43487062
WARNING (compute-mfcc-feats[5.5.1182~1-e02e3]:Read():wave-reader.cc:304) Expected 245376 bytes of wave data, but read only 244224 bytes. Truncated file?
VLOG[2] (compute-mfcc-feats[5.5.1182~1-e02e3]:main():compute-mfcc-feats.cc:182) Processed features for key common_voice_lt_43487066
WARNING (compute-mfcc-feats[5.5.1182~1-e02e3]:Read():wave-reader.cc:304) Expected 156672 bytes of wave data, but read only 155520 bytes. Truncated file?
VLOG[2] (compute-mfcc-feats[5.5.1182~1-e02e3]:main():compute-mfcc-feats.cc:182) Processed features for key common_voice_lt_43487067
WARNING (compute-mfcc-feats[5.5.1182~1-e02e3]:Read():wave-reader.cc:304) Expected 132480 bytes of wave data, but read only 131328 bytes. Truncated file?
VLOG[2] (compute-mfcc-feats[5.5.1182~1-e02e3]:main():compute-mfcc-feats.cc:182) Processed features for key common_voice_lt_43487079
WARNING (compute-mfcc-feats[5.5.1182~1-e02e3]:Read():wave-reader.cc:304) Expected 139392 bytes of wave data, but read only 138240 bytes. Truncated file?
VLOG[2] (compute-mfcc-feats[5.5.1182~1-e02e3]:main():compute-mfcc-feats.cc:182) Processed features for key common_voice_lt_43487082
WARNING (compute-mfcc-feats[5.5.1182~1-e02e3]:Read():wave-reader.cc:304) Expected 176256 bytes of wave data, but read only 175104 bytes. Truncated file?
VLOG[2] (compute-mfcc-feats[5.5.1182~1-e02e3]:main():compute-mfcc-feats.cc:182) Processed features for key common_voice_lt_43487102
WARNING (compute-mfcc-feats[5.5.1182~1-e02e3]:Read():wave-reader.cc:304) Expected 124416 bytes of wave data, but read only 123264 bytes. Truncated file?
VLOG[2] (compute-mfcc-feats[5.5.1182~1-e02e3]:main():compute-mfcc-feats.cc:182) Processed features for key common_voice_lt_43487106
WARNING (compute-mfcc-feats[5.5.1182~1-e02e3]:Read():wave-reader.cc:304) Expected 127872 bytes of wave data, but read only 126720 bytes. Truncated file?
VLOG[2] (compute-mfcc-feats[5.5.1182~1-e02e3]:main():compute-mfcc-feats.cc:182) Processed features for key common_voice_lt_43487109
WARNING (compute-mfcc-feats[5.5.1182~1-e02e3]:Read():wave-reader.cc:304) Expected 176256 bytes of wave data, but read only 175104 bytes. Truncated file?
LOG (compute-mfcc-feats[5.5.1182~1-e02e3]:main():compute-mfcc-feats.cc:181) Processed 640 utterances
VLOG[2] (compute-mfcc-feats[5.5.1182~1-e02e3]:main():compute-mfcc-feats.cc:182) Processed features for key common_voice_lt_43487156
WARNING (compute-mfcc-feats[5.5.1182~1-e02e3]:Read():wave-reader.cc:304) Expected 228096 bytes of wave data, but read only 226944 bytes. Truncated file?
VLOG[2] (compute-mfcc-feats[5.5.1182~1-e02e3]:main():compute-mfcc-feats.cc:182) Processed features for key common_voice_lt_43487159
WARNING (compute-mfcc-feats[5.5.1182~1-e02e3]:Read():wave-reader.cc:304) Expected 153216 bytes of wave data, but read only 152064 bytes. Truncated file?
VLOG[2] (compute-mfcc-feats[5.5.1182~1-e02e3]:main():compute-mfcc-feats.cc:182) Processed features for key common_voice_lt_43487169
WARNING (compute-mfcc-feats[5.5.1182~1-e02e3]:Read():wave-reader.cc:304) Expected 208512 bytes of wave data, but read only 207360 bytes. Truncated file?
VLOG[2] (compute-mfcc-feats[5.5.1182~1-e02e3]:main():compute-mfcc-feats.cc:182) Processed features for key common_voice_lt_43487208
WARNING (compute-mfcc-feats[5.5.1182~1-e02e3]:Read():wave-reader.cc:304) Expected 118656 bytes of wave data, but read only 117504 bytes. Truncated file?
VLOG[2] (compute-mfcc-feats[5.5.1182~1-e02e3]:main():compute-mfcc-feats.cc:182) Processed features for key common_voice_lt_43487220
WARNING (compute-mfcc-feats[5.5.1182~1-e02e3]:Read():wave-reader.cc:304) Expected 132480 bytes of wave data, but read only 131328 bytes. Truncated file?
VLOG[2] (compute-mfcc-feats[5.5.1182~1-e02e3]:main():compute-mfcc-feats.cc:182) Processed features for key common_voice_lt_43487222
WARNING (compute-mfcc-feats[5.5.1182~1-e02e3]:Read():wave-reader.cc:304) Expected 150912 bytes of wave data, but read only 149760 bytes. Truncated file?
VLOG[2] (compute-mfcc-feats[5.5.1182~1-e02e3]:main():compute-mfcc-feats.cc:182) Processed features for key common_voice_lt_43487223
WARNING (compute-mfcc-feats[5.5.1182~1-e02e3]:Read():wave-reader.cc:304) Expected 155520 bytes of wave data, but read only 154368 bytes. Truncated file?
VLOG[2] (compute-mfcc-feats[5.5.1182~1-e02e3]:main():compute-mfcc-feats.cc:182) Processed features for key common_voice_lt_43487228
WARNING (compute-mfcc-feats[5.5.1182~1-e02e3]:Read():wave-reader.cc:304) Expected 191232 bytes of wave data, but read only 190080 bytes. Truncated file?
VLOG[2] (compute-mfcc-feats[5.5.1182~1-e02e3]:main():compute-mfcc-feats.cc:182) Processed features for key common_voice_lt_43492877
WARNING (compute-mfcc-feats[5.5.1182~1-e02e3]:Read():wave-reader.cc:304) Expected 191232 bytes of wave data, but read only 190080 bytes. Truncated file?
VLOG[2] (compute-mfcc-feats[5.5.1182~1-e02e3]:main():compute-mfcc-feats.cc:182) Processed features for key common_voice_lt_43492884
WARNING (compute-mfcc-feats[5.5.1182~1-e02e3]:Read():wave-reader.cc:304) Expected 179712 bytes of wave data, but read only 178560 bytes. Truncated file?
LOG (compute-mfcc-feats[5.5.1182~1-e02e3]:main():compute-mfcc-feats.cc:181) Processed 650 utterances
VLOG[2] (compute-mfcc-feats[5.5.1182~1-e02e3]:main():compute-mfcc-feats.cc:182) Processed features for key common_voice_lt_43492894
WARNING (compute-mfcc-feats[5.5.1182~1-e02e3]:Read():wave-reader.cc:304) Expected 130176 bytes of wave data, but read only 129024 bytes. Truncated file?
VLOG[2] (compute-mfcc-feats[5.5.1182~1-e02e3]:main():compute-mfcc-feats.cc:182) Processed features for key common_voice_lt_43492897
WARNING (compute-mfcc-feats[5.5.1182~1-e02e3]:Read():wave-reader.cc:304) Expected 207360 bytes of wave data, but read only 206208 bytes. Truncated file?
VLOG[2] (compute-mfcc-feats[5.5.1182~1-e02e3]:main():compute-mfcc-feats.cc:182) Processed features for key common_voice_lt_43492901
WARNING (compute-mfcc-feats[5.5.1182~1-e02e3]:Read():wave-reader.cc:304) Expected 130176 bytes of wave data, but read only 129024 bytes. Truncated file?
VLOG[2] (compute-mfcc-feats[5.5.1182~1-e02e3]:main():compute-mfcc-feats.cc:182) Processed features for key common_voice_lt_43492904
WARNING (compute-mfcc-feats[5.5.1182~1-e02e3]:Read():wave-reader.cc:304) Expected 115200 bytes of wave data, but read only 114048 bytes. Truncated file?
VLOG[2] (compute-mfcc-feats[5.5.1182~1-e02e3]:main():compute-mfcc-feats.cc:182) Processed features for key common_voice_lt_43492905
WARNING (compute-mfcc-feats[5.5.1182~1-e02e3]:Read():wave-reader.cc:304) Expected 132480 bytes of wave data, but read only 131328 bytes. Truncated file?
VLOG[2] (compute-mfcc-feats[5.5.1182~1-e02e3]:main():compute-mfcc-feats.cc:182) Processed features for key common_voice_lt_43492906
WARNING (compute-mfcc-feats[5.5.1182~1-e02e3]:Read():wave-reader.cc:304) Expected 127872 bytes of wave data, but read only 126720 bytes. Truncated file?
VLOG[2] (compute-mfcc-feats[5.5.1182~1-e02e3]:main():compute-mfcc-feats.cc:182) Processed features for key common_voice_lt_43492910
WARNING (compute-mfcc-feats[5.5.1182~1-e02e3]:Read():wave-reader.cc:304) Expected 179712 bytes of wave data, but read only 178560 bytes. Truncated file?
VLOG[2] (compute-mfcc-feats[5.5.1182~1-e02e3]:main():compute-mfcc-feats.cc:182) Processed features for key common_voice_lt_43492919
WARNING (compute-mfcc-feats[5.5.1182~1-e02e3]:Read():wave-reader.cc:304) Expected 161280 bytes of wave data, but read only 160128 bytes. Truncated file?
VLOG[2] (compute-mfcc-feats[5.5.1182~1-e02e3]:main():compute-mfcc-feats.cc:182) Processed features for key common_voice_lt_43492984
WARNING (compute-mfcc-feats[5.5.1182~1-e02e3]:Read():wave-reader.cc:304) Expected 210816 bytes of wave data, but read only 209664 bytes. Truncated file?
VLOG[2] (compute-mfcc-feats[5.5.1182~1-e02e3]:main():compute-mfcc-feats.cc:182) Processed features for key common_voice_lt_43492986
WARNING (compute-mfcc-feats[5.5.1182~1-e02e3]:Read():wave-reader.cc:304) Expected 288000 bytes of wave data, but read only 286848 bytes. Truncated file?
LOG (compute-mfcc-feats[5.5.1182~1-e02e3]:main():compute-mfcc-feats.cc:181) Processed 660 utterances
VLOG[2] (compute-mfcc-feats[5.5.1182~1-e02e3]:main():compute-mfcc-feats.cc:182) Processed features for key common_voice_lt_43492987
WARNING (compute-mfcc-feats[5.5.1182~1-e02e3]:Read():wave-reader.cc:304) Expected 176256 bytes of wave data, but read only 175104 bytes. Truncated file?
VLOG[2] (compute-mfcc-feats[5.5.1182~1-e02e3]:main():compute-mfcc-feats.cc:182) Processed features for key common_voice_lt_43492992
WARNING (compute-mfcc-feats[5.5.1182~1-e02e3]:Read():wave-reader.cc:304) Expected 178560 bytes of wave data, but read only 177408 bytes. Truncated file?
VLOG[2] (compute-mfcc-feats[5.5.1182~1-e02e3]:main():compute-mfcc-feats.cc:182) Processed features for key common_voice_lt_43492994
WARNING (compute-mfcc-feats[5.5.1182~1-e02e3]:Read():wave-reader.cc:304) Expected 147456 bytes of wave data, but read only 146304 bytes. Truncated file?
VLOG[2] (compute-mfcc-feats[5.5.1182~1-e02e3]:main():compute-mfcc-feats.cc:182) Processed features for key common_voice_lt_43493000
WARNING (compute-mfcc-feats[5.5.1182~1-e02e3]:Read():wave-reader.cc:304) Expected 205056 bytes of wave data, but read only 203904 bytes. Truncated file?
VLOG[2] (compute-mfcc-feats[5.5.1182~1-e02e3]:main():compute-mfcc-feats.cc:182) Processed features for key common_voice_lt_43493001
WARNING (compute-mfcc-feats[5.5.1182~1-e02e3]:Read():wave-reader.cc:304) Expected 133632 bytes of wave data, but read only 132480 bytes. Truncated file?
VLOG[2] (compute-mfcc-feats[5.5.1182~1-e02e3]:main():compute-mfcc-feats.cc:182) Processed features for key common_voice_lt_43493008
WARNING (compute-mfcc-feats[5.5.1182~1-e02e3]:Read():wave-reader.cc:304) Expected 139392 bytes of wave data, but read only 138240 bytes. Truncated file?
VLOG[2] (compute-mfcc-feats[5.5.1182~1-e02e3]:main():compute-mfcc-feats.cc:182) Processed features for key common_voice_lt_43493009
WARNING (compute-mfcc-feats[5.5.1182~1-e02e3]:Read():wave-reader.cc:304) Expected 164736 bytes of wave data, but read only 163584 bytes. Truncated file?
VLOG[2] (compute-mfcc-feats[5.5.1182~1-e02e3]:main():compute-mfcc-feats.cc:182) Processed features for key common_voice_lt_43493022
WARNING (compute-mfcc-feats[5.5.1182~1-e02e3]:Read():wave-reader.cc:304) Expected 190080 bytes of wave data, but read only 188928 bytes. Truncated file?
VLOG[2] (compute-mfcc-feats[5.5.1182~1-e02e3]:main():compute-mfcc-feats.cc:182) Processed features for key common_voice_lt_43493024
WARNING (compute-mfcc-feats[5.5.1182~1-e02e3]:Read():wave-reader.cc:304) Expected 170496 bytes of wave data, but read only 169344 bytes. Truncated file?
VLOG[2] (compute-mfcc-feats[5.5.1182~1-e02e3]:main():compute-mfcc-feats.cc:182) Processed features for key common_voice_lt_43493036
WARNING (compute-mfcc-feats[5.5.1182~1-e02e3]:Read():wave-reader.cc:304) Expected 162432 bytes of wave data, but read only 161280 bytes. Truncated file?
LOG (compute-mfcc-feats[5.5.1182~1-e02e3]:main():compute-mfcc-feats.cc:181) Processed 670 utterances
VLOG[2] (compute-mfcc-feats[5.5.1182~1-e02e3]:main():compute-mfcc-feats.cc:182) Processed features for key common_voice_lt_43493038
WARNING (compute-mfcc-feats[5.5.1182~1-e02e3]:Read():wave-reader.cc:304) Expected 247680 bytes of wave data, but read only 246528 bytes. Truncated file?
VLOG[2] (compute-mfcc-feats[5.5.1182~1-e02e3]:main():compute-mfcc-feats.cc:182) Processed features for key common_voice_lt_43493051
WARNING (compute-mfcc-feats[5.5.1182~1-e02e3]:Read():wave-reader.cc:304) Expected 115200 bytes of wave data, but read only 114048 bytes. Truncated file?
VLOG[2] (compute-mfcc-feats[5.5.1182~1-e02e3]:main():compute-mfcc-feats.cc:182) Processed features for key common_voice_lt_43500392
WARNING (compute-mfcc-feats[5.5.1182~1-e02e3]:Read():wave-reader.cc:304) Expected 230400 bytes of wave data, but read only 229248 bytes. Truncated file?
VLOG[2] (compute-mfcc-feats[5.5.1182~1-e02e3]:main():compute-mfcc-feats.cc:182) Processed features for key common_voice_lt_43500415
WARNING (compute-mfcc-feats[5.5.1182~1-e02e3]:Read():wave-reader.cc:304) Expected 133632 bytes of wave data, but read only 132480 bytes. Truncated file?
VLOG[2] (compute-mfcc-feats[5.5.1182~1-e02e3]:main():compute-mfcc-feats.cc:182) Processed features for key common_voice_lt_43500419
WARNING (compute-mfcc-feats[5.5.1182~1-e02e3]:Read():wave-reader.cc:304) Expected 141696 bytes of wave data, but read only 140544 bytes. Truncated file?
VLOG[2] (compute-mfcc-feats[5.5.1182~1-e02e3]:main():compute-mfcc-feats.cc:182) Processed features for key common_voice_lt_43500461
WARNING (compute-mfcc-feats[5.5.1182~1-e02e3]:Read():wave-reader.cc:304) Expected 138240 bytes of wave data, but read only 137088 bytes. Truncated file?
VLOG[2] (compute-mfcc-feats[5.5.1182~1-e02e3]:main():compute-mfcc-feats.cc:182) Processed features for key common_voice_lt_43500464
WARNING (compute-mfcc-feats[5.5.1182~1-e02e3]:Read():wave-reader.cc:304) Expected 153216 bytes of wave data, but read only 152064 bytes. Truncated file?
VLOG[2] (compute-mfcc-feats[5.5.1182~1-e02e3]:main():compute-mfcc-feats.cc:182) Processed features for key common_voice_lt_43500465
WARNING (compute-mfcc-feats[5.5.1182~1-e02e3]:Read():wave-reader.cc:304) Expected 115200 bytes of wave data, but read only 114048 bytes. Truncated file?
VLOG[2] (compute-mfcc-feats[5.5.1182~1-e02e3]:main():compute-mfcc-feats.cc:182) Processed features for key common_voice_lt_43500467
WARNING (compute-mfcc-feats[5.5.1182~1-e02e3]:Read():wave-reader.cc:304) Expected 230400 bytes of wave data, but read only 229248 bytes. Truncated file?
VLOG[2] (compute-mfcc-feats[5.5.1182~1-e02e3]:main():compute-mfcc-feats.cc:182) Processed features for key common_voice_lt_43500471
WARNING (compute-mfcc-feats[5.5.1182~1-e02e3]:Read():wave-reader.cc:304) Expected 277632 bytes of wave data, but read only 276480 bytes. Truncated file?
LOG (compute-mfcc-feats[5.5.1182~1-e02e3]:main():compute-mfcc-feats.cc:181) Processed 680 utterances
VLOG[2] (compute-mfcc-feats[5.5.1182~1-e02e3]:main():compute-mfcc-feats.cc:182) Processed features for key common_voice_lt_43500474
WARNING (compute-mfcc-feats[5.5.1182~1-e02e3]:Read():wave-reader.cc:304) Expected 133632 bytes of wave data, but read only 132480 bytes. Truncated file?
VLOG[2] (compute-mfcc-feats[5.5.1182~1-e02e3]:main():compute-mfcc-feats.cc:182) Processed features for key common_voice_lt_43500475
WARNING (compute-mfcc-feats[5.5.1182~1-e02e3]:Read():wave-reader.cc:304) Expected 176256 bytes of wave data, but read only 175104 bytes. Truncated file?
VLOG[2] (compute-mfcc-feats[5.5.1182~1-e02e3]:main():compute-mfcc-feats.cc:182) Processed features for key common_voice_lt_43500476
WARNING (compute-mfcc-feats[5.5.1182~1-e02e3]:Read():wave-reader.cc:304) Expected 147456 bytes of wave data, but read only 146304 bytes. Truncated file?
VLOG[2] (compute-mfcc-feats[5.5.1182~1-e02e3]:main():compute-mfcc-feats.cc:182) Processed features for key common_voice_lt_43500493
WARNING (compute-mfcc-feats[5.5.1182~1-e02e3]:Read():wave-reader.cc:304) Expected 195840 bytes of wave data, but read only 194688 bytes. Truncated file?
VLOG[2] (compute-mfcc-feats[5.5.1182~1-e02e3]:main():compute-mfcc-feats.cc:182) Processed features for key common_voice_lt_43500503
WARNING (compute-mfcc-feats[5.5.1182~1-e02e3]:Read():wave-reader.cc:304) Expected 133632 bytes of wave data, but read only 132480 bytes. Truncated file?
VLOG[2] (compute-mfcc-feats[5.5.1182~1-e02e3]:main():compute-mfcc-feats.cc:182) Processed features for key common_voice_lt_43500505
WARNING (compute-mfcc-feats[5.5.1182~1-e02e3]:Read():wave-reader.cc:304) Expected 141696 bytes of wave data, but read only 140544 bytes. Truncated file?
VLOG[2] (compute-mfcc-feats[5.5.1182~1-e02e3]:main():compute-mfcc-feats.cc:182) Processed features for key common_voice_lt_43500524
WARNING (compute-mfcc-feats[5.5.1182~1-e02e3]:Read():wave-reader.cc:304) Expected 207360 bytes of wave data, but read only 206208 bytes. Truncated file?
VLOG[2] (compute-mfcc-feats[5.5.1182~1-e02e3]:main():compute-mfcc-feats.cc:182) Processed features for key common_voice_lt_43500525
WARNING (compute-mfcc-feats[5.5.1182~1-e02e3]:Read():wave-reader.cc:304) Expected 259200 bytes of wave data, but read only 258048 bytes. Truncated file?
VLOG[2] (compute-mfcc-feats[5.5.1182~1-e02e3]:main():compute-mfcc-feats.cc:182) Processed features for key common_voice_lt_43500529
WARNING (compute-mfcc-feats[5.5.1182~1-e02e3]:Read():wave-reader.cc:304) Expected 193536 bytes of wave data, but read only 192384 bytes. Truncated file?
VLOG[2] (compute-mfcc-feats[5.5.1182~1-e02e3]:main():compute-mfcc-feats.cc:182) Processed features for key common_voice_lt_43500542
WARNING (compute-mfcc-feats[5.5.1182~1-e02e3]:Read():wave-reader.cc:304) Expected 155520 bytes of wave data, but read only 154368 bytes. Truncated file?
LOG (compute-mfcc-feats[5.5.1182~1-e02e3]:main():compute-mfcc-feats.cc:181) Processed 690 utterances
VLOG[2] (compute-mfcc-feats[5.5.1182~1-e02e3]:main():compute-mfcc-feats.cc:182) Processed features for key common_voice_lt_43500552
WARNING (compute-mfcc-feats[5.5.1182~1-e02e3]:Read():wave-reader.cc:304) Expected 162432 bytes of wave data, but read only 161280 bytes. Truncated file?
VLOG[2] (compute-mfcc-feats[5.5.1182~1-e02e3]:main():compute-mfcc-feats.cc:182) Processed features for key common_voice_lt_43500558
WARNING (compute-mfcc-feats[5.5.1182~1-e02e3]:Read():wave-reader.cc:304) Expected 248832 bytes of wave data, but read only 247680 bytes. Truncated file?
VLOG[2] (compute-mfcc-feats[5.5.1182~1-e02e3]:main():compute-mfcc-feats.cc:182) Processed features for key common_voice_lt_43500569
WARNING (compute-mfcc-feats[5.5.1182~1-e02e3]:Read():wave-reader.cc:304) Expected 112896 bytes of wave data, but read only 111744 bytes. Truncated file?
VLOG[2] (compute-mfcc-feats[5.5.1182~1-e02e3]:main():compute-mfcc-feats.cc:182) Processed features for key common_voice_lt_43500573
WARNING (compute-mfcc-feats[5.5.1182~1-e02e3]:Read():wave-reader.cc:304) Expected 103680 bytes of wave data, but read only 102528 bytes. Truncated file?
VLOG[2] (compute-mfcc-feats[5.5.1182~1-e02e3]:main():compute-mfcc-feats.cc:182) Processed features for key common_voice_lt_43500641
WARNING (compute-mfcc-feats[5.5.1182~1-e02e3]:Read():wave-reader.cc:304) Expected 172800 bytes of wave data, but read only 171648 bytes. Truncated file?
VLOG[2] (compute-mfcc-feats[5.5.1182~1-e02e3]:main():compute-mfcc-feats.cc:182) Processed features for key common_voice_lt_43500653
WARNING (compute-mfcc-feats[5.5.1182~1-e02e3]:Read():wave-reader.cc:304) Expected 299520 bytes of wave data, but read only 298368 bytes. Truncated file?
VLOG[2] (compute-mfcc-feats[5.5.1182~1-e02e3]:main():compute-mfcc-feats.cc:182) Processed features for key common_voice_lt_43500655
WARNING (compute-mfcc-feats[5.5.1182~1-e02e3]:Read():wave-reader.cc:304) Expected 156672 bytes of wave data, but read only 155520 bytes. Truncated file?
VLOG[2] (compute-mfcc-feats[5.5.1182~1-e02e3]:main():compute-mfcc-feats.cc:182) Processed features for key common_voice_lt_43500657
WARNING (compute-mfcc-feats[5.5.1182~1-e02e3]:Read():wave-reader.cc:304) Expected 182016 bytes of wave data, but read only 180864 bytes. Truncated file?
VLOG[2] (compute-mfcc-feats[5.5.1182~1-e02e3]:main():compute-mfcc-feats.cc:182) Processed features for key common_voice_lt_43500660
WARNING (compute-mfcc-feats[5.5.1182~1-e02e3]:Read():wave-reader.cc:304) Expected 179712 bytes of wave data, but read only 178560 bytes. Truncated file?
VLOG[2] (compute-mfcc-feats[5.5.1182~1-e02e3]:main():compute-mfcc-feats.cc:182) Processed features for key common_voice_lt_43503082
WARNING (compute-mfcc-feats[5.5.1182~1-e02e3]:Read():wave-reader.cc:304) Expected 167040 bytes of wave data, but read only 165888 bytes. Truncated file?
LOG (compute-mfcc-feats[5.5.1182~1-e02e3]:main():compute-mfcc-feats.cc:181) Processed 700 utterances
VLOG[2] (compute-mfcc-feats[5.5.1182~1-e02e3]:main():compute-mfcc-feats.cc:182) Processed features for key common_voice_lt_43503087
WARNING (compute-mfcc-feats[5.5.1182~1-e02e3]:Read():wave-reader.cc:304) Expected 116352 bytes of wave data, but read only 115200 bytes. Truncated file?
VLOG[2] (compute-mfcc-feats[5.5.1182~1-e02e3]:main():compute-mfcc-feats.cc:182) Processed features for key common_voice_lt_43503100
WARNING (compute-mfcc-feats[5.5.1182~1-e02e3]:Read():wave-reader.cc:304) Expected 156672 bytes of wave data, but read only 155520 bytes. Truncated file?
VLOG[2] (compute-mfcc-feats[5.5.1182~1-e02e3]:main():compute-mfcc-feats.cc:182) Processed features for key common_voice_lt_43503111
WARNING (compute-mfcc-feats[5.5.1182~1-e02e3]:Read():wave-reader.cc:304) Expected 138240 bytes of wave data, but read only 137088 bytes. Truncated file?
VLOG[2] (compute-mfcc-feats[5.5.1182~1-e02e3]:main():compute-mfcc-feats.cc:182) Processed features for key common_voice_lt_43503916
WARNING (compute-mfcc-feats[5.5.1182~1-e02e3]:Read():wave-reader.cc:304) Expected 124416 bytes of wave data, but read only 123264 bytes. Truncated file?
VLOG[2] (compute-mfcc-feats[5.5.1182~1-e02e3]:main():compute-mfcc-feats.cc:182) Processed features for key common_voice_lt_43504690
WARNING (compute-mfcc-feats[5.5.1182~1-e02e3]:Read():wave-reader.cc:304) Expected 107136 bytes of wave data, but read only 105984 bytes. Truncated file?
VLOG[2] (compute-mfcc-feats[5.5.1182~1-e02e3]:main():compute-mfcc-feats.cc:182) Processed features for key common_voice_lt_43504699
WARNING (compute-mfcc-feats[5.5.1182~1-e02e3]:Read():wave-reader.cc:304) Expected 115200 bytes of wave data, but read only 114048 bytes. Truncated file?
VLOG[2] (compute-mfcc-feats[5.5.1182~1-e02e3]:main():compute-mfcc-feats.cc:182) Processed features for key common_voice_lt_43504709
WARNING (compute-mfcc-feats[5.5.1182~1-e02e3]:Read():wave-reader.cc:304) Expected 133632 bytes of wave data, but read only 132480 bytes. Truncated file?
VLOG[2] (compute-mfcc-feats[5.5.1182~1-e02e3]:main():compute-mfcc-feats.cc:182) Processed features for key common_voice_lt_43504729
WARNING (compute-mfcc-feats[5.5.1182~1-e02e3]:Read():wave-reader.cc:304) Expected 124416 bytes of wave data, but read only 123264 bytes. Truncated file?
VLOG[2] (compute-mfcc-feats[5.5.1182~1-e02e3]:main():compute-mfcc-feats.cc:182) Processed features for key common_voice_lt_43504731
WARNING (compute-mfcc-feats[5.5.1182~1-e02e3]:Read():wave-reader.cc:304) Expected 239616 bytes of wave data, but read only 238464 bytes. Truncated file?
VLOG[2] (compute-mfcc-feats[5.5.1182~1-e02e3]:main():compute-mfcc-feats.cc:182) Processed features for key common_voice_lt_43504735
WARNING (compute-mfcc-feats[5.5.1182~1-e02e3]:Read():wave-reader.cc:304) Expected 161280 bytes of wave data, but read only 160128 bytes. Truncated file?
LOG (compute-mfcc-feats[5.5.1182~1-e02e3]:main():compute-mfcc-feats.cc:181) Processed 710 utterances
VLOG[2] (compute-mfcc-feats[5.5.1182~1-e02e3]:main():compute-mfcc-feats.cc:182) Processed features for key common_voice_lt_43504737
WARNING (compute-mfcc-feats[5.5.1182~1-e02e3]:Read():wave-reader.cc:304) Expected 133632 bytes of wave data, but read only 132480 bytes. Truncated file?
VLOG[2] (compute-mfcc-feats[5.5.1182~1-e02e3]:main():compute-mfcc-feats.cc:182) Processed features for key common_voice_lt_43504738
WARNING (compute-mfcc-feats[5.5.1182~1-e02e3]:Read():wave-reader.cc:304) Expected 222336 bytes of wave data, but read only 221184 bytes. Truncated file?
VLOG[2] (compute-mfcc-feats[5.5.1182~1-e02e3]:main():compute-mfcc-feats.cc:182) Processed features for key common_voice_lt_43504741
WARNING (compute-mfcc-feats[5.5.1182~1-e02e3]:Read():wave-reader.cc:304) Expected 126720 bytes of wave data, but read only 125568 bytes. Truncated file?
VLOG[2] (compute-mfcc-feats[5.5.1182~1-e02e3]:main():compute-mfcc-feats.cc:182) Processed features for key common_voice_lt_43504745
WARNING (compute-mfcc-feats[5.5.1182~1-e02e3]:Read():wave-reader.cc:304) Expected 199296 bytes of wave data, but read only 198144 bytes. Truncated file?
VLOG[2] (compute-mfcc-feats[5.5.1182~1-e02e3]:main():compute-mfcc-feats.cc:182) Processed features for key common_voice_lt_43506753
WARNING (compute-mfcc-feats[5.5.1182~1-e02e3]:Read():wave-reader.cc:304) Expected 95616 bytes of wave data, but read only 94464 bytes. Truncated file?
VLOG[2] (compute-mfcc-feats[5.5.1182~1-e02e3]:main():compute-mfcc-feats.cc:182) Processed features for key common_voice_lt_43506768
WARNING (compute-mfcc-feats[5.5.1182~1-e02e3]:Read():wave-reader.cc:304) Expected 144000 bytes of wave data, but read only 142848 bytes. Truncated file?
VLOG[2] (compute-mfcc-feats[5.5.1182~1-e02e3]:main():compute-mfcc-feats.cc:182) Processed features for key common_voice_lt_43506773
WARNING (compute-mfcc-feats[5.5.1182~1-e02e3]:Read():wave-reader.cc:304) Expected 179712 bytes of wave data, but read only 178560 bytes. Truncated file?
VLOG[2] (compute-mfcc-feats[5.5.1182~1-e02e3]:main():compute-mfcc-feats.cc:182) Processed features for key common_voice_lt_43506781
WARNING (compute-mfcc-feats[5.5.1182~1-e02e3]:Read():wave-reader.cc:304) Expected 139392 bytes of wave data, but read only 138240 bytes. Truncated file?
VLOG[2] (compute-mfcc-feats[5.5.1182~1-e02e3]:main():compute-mfcc-feats.cc:182) Processed features for key common_voice_lt_43506787
WARNING (compute-mfcc-feats[5.5.1182~1-e02e3]:Read():wave-reader.cc:304) Expected 101376 bytes of wave data, but read only 100224 bytes. Truncated file?
VLOG[2] (compute-mfcc-feats[5.5.1182~1-e02e3]:main():compute-mfcc-feats.cc:182) Processed features for key common_voice_lt_43506797
WARNING (compute-mfcc-feats[5.5.1182~1-e02e3]:Read():wave-reader.cc:304) Expected 145152 bytes of wave data, but read only 144000 bytes. Truncated file?
LOG (compute-mfcc-feats[5.5.1182~1-e02e3]:main():compute-mfcc-feats.cc:181) Processed 720 utterances
VLOG[2] (compute-mfcc-feats[5.5.1182~1-e02e3]:main():compute-mfcc-feats.cc:182) Processed features for key common_voice_lt_43506825
WARNING (compute-mfcc-feats[5.5.1182~1-e02e3]:Read():wave-reader.cc:304) Expected 158976 bytes of wave data, but read only 157824 bytes. Truncated file?
VLOG[2] (compute-mfcc-feats[5.5.1182~1-e02e3]:main():compute-mfcc-feats.cc:182) Processed features for key common_voice_lt_43506868
WARNING (compute-mfcc-feats[5.5.1182~1-e02e3]:Read():wave-reader.cc:304) Expected 139392 bytes of wave data, but read only 138240 bytes. Truncated file?
VLOG[2] (compute-mfcc-feats[5.5.1182~1-e02e3]:main():compute-mfcc-feats.cc:182) Processed features for key common_voice_lt_43506885
WARNING (compute-mfcc-feats[5.5.1182~1-e02e3]:Read():wave-reader.cc:304) Expected 176256 bytes of wave data, but read only 175104 bytes. Truncated file?
VLOG[2] (compute-mfcc-feats[5.5.1182~1-e02e3]:main():compute-mfcc-feats.cc:182) Processed features for key common_voice_lt_43506896
WARNING (compute-mfcc-feats[5.5.1182~1-e02e3]:Read():wave-reader.cc:304) Expected 103680 bytes of wave data, but read only 102528 bytes. Truncated file?
VLOG[2] (compute-mfcc-feats[5.5.1182~1-e02e3]:main():compute-mfcc-feats.cc:182) Processed features for key common_voice_lt_43506907
WARNING (compute-mfcc-feats[5.5.1182~1-e02e3]:Read():wave-reader.cc:304) Expected 251136 bytes of wave data, but read only 249984 bytes. Truncated file?
VLOG[2] (compute-mfcc-feats[5.5.1182~1-e02e3]:main():compute-mfcc-feats.cc:182) Processed features for key common_voice_lt_43507047
WARNING (compute-mfcc-feats[5.5.1182~1-e02e3]:Read():wave-reader.cc:304) Expected 122112 bytes of wave data, but read only 120960 bytes. Truncated file?
VLOG[2] (compute-mfcc-feats[5.5.1182~1-e02e3]:main():compute-mfcc-feats.cc:182) Processed features for key common_voice_lt_43507073
WARNING (compute-mfcc-feats[5.5.1182~1-e02e3]:Read():wave-reader.cc:304) Expected 139392 bytes of wave data, but read only 138240 bytes. Truncated file?
VLOG[2] (compute-mfcc-feats[5.5.1182~1-e02e3]:main():compute-mfcc-feats.cc:182) Processed features for key common_voice_lt_43507083
WARNING (compute-mfcc-feats[5.5.1182~1-e02e3]:Read():wave-reader.cc:304) Expected 155520 bytes of wave data, but read only 154368 bytes. Truncated file?
VLOG[2] (compute-mfcc-feats[5.5.1182~1-e02e3]:main():compute-mfcc-feats.cc:182) Processed features for key common_voice_lt_43507085
WARNING (compute-mfcc-feats[5.5.1182~1-e02e3]:Read():wave-reader.cc:304) Expected 168192 bytes of wave data, but read only 167040 bytes. Truncated file?
VLOG[2] (compute-mfcc-feats[5.5.1182~1-e02e3]:main():compute-mfcc-feats.cc:182) Processed features for key common_voice_lt_43507095
WARNING (compute-mfcc-feats[5.5.1182~1-e02e3]:Read():wave-reader.cc:304) Expected 170496 bytes of wave data, but read only 169344 bytes. Truncated file?
LOG (compute-mfcc-feats[5.5.1182~1-e02e3]:main():compute-mfcc-feats.cc:181) Processed 730 utterances
VLOG[2] (compute-mfcc-feats[5.5.1182~1-e02e3]:main():compute-mfcc-feats.cc:182) Processed features for key common_voice_lt_43507119
WARNING (compute-mfcc-feats[5.5.1182~1-e02e3]:Read():wave-reader.cc:304) Expected 147456 bytes of wave data, but read only 146304 bytes. Truncated file?
VLOG[2] (compute-mfcc-feats[5.5.1182~1-e02e3]:main():compute-mfcc-feats.cc:182) Processed features for key common_voice_lt_43507121
WARNING (compute-mfcc-feats[5.5.1182~1-e02e3]:Read():wave-reader.cc:304) Expected 120960 bytes of wave data, but read only 119808 bytes. Truncated file?
VLOG[2] (compute-mfcc-feats[5.5.1182~1-e02e3]:main():compute-mfcc-feats.cc:182) Processed features for key common_voice_lt_43507125
WARNING (compute-mfcc-feats[5.5.1182~1-e02e3]:Read():wave-reader.cc:304) Expected 153216 bytes of wave data, but read only 152064 bytes. Truncated file?
VLOG[2] (compute-mfcc-feats[5.5.1182~1-e02e3]:main():compute-mfcc-feats.cc:182) Processed features for key common_voice_lt_43507175
WARNING (compute-mfcc-feats[5.5.1182~1-e02e3]:Read():wave-reader.cc:304) Expected 126720 bytes of wave data, but read only 125568 bytes. Truncated file?
VLOG[2] (compute-mfcc-feats[5.5.1182~1-e02e3]:main():compute-mfcc-feats.cc:182) Processed features for key common_voice_lt_43507182
WARNING (compute-mfcc-feats[5.5.1182~1-e02e3]:Read():wave-reader.cc:304) Expected 158976 bytes of wave data, but read only 157824 bytes. Truncated file?
VLOG[2] (compute-mfcc-feats[5.5.1182~1-e02e3]:main():compute-mfcc-feats.cc:182) Processed features for key common_voice_lt_43507193
WARNING (compute-mfcc-feats[5.5.1182~1-e02e3]:Read():wave-reader.cc:304) Expected 135936 bytes of wave data, but read only 134784 bytes. Truncated file?
VLOG[2] (compute-mfcc-feats[5.5.1182~1-e02e3]:main():compute-mfcc-feats.cc:182) Processed features for key common_voice_lt_43507195
WARNING (compute-mfcc-feats[5.5.1182~1-e02e3]:Read():wave-reader.cc:304) Expected 112896 bytes of wave data, but read only 111744 bytes. Truncated file?
VLOG[2] (compute-mfcc-feats[5.5.1182~1-e02e3]:main():compute-mfcc-feats.cc:182) Processed features for key common_voice_lt_43507197
WARNING (compute-mfcc-feats[5.5.1182~1-e02e3]:Read():wave-reader.cc:304) Expected 107136 bytes of wave data, but read only 105984 bytes. Truncated file?
VLOG[2] (compute-mfcc-feats[5.5.1182~1-e02e3]:main():compute-mfcc-feats.cc:182) Processed features for key common_voice_lt_43507201
WARNING (compute-mfcc-feats[5.5.1182~1-e02e3]:Read():wave-reader.cc:304) Expected 118656 bytes of wave data, but read only 117504 bytes. Truncated file?
VLOG[2] (compute-mfcc-feats[5.5.1182~1-e02e3]:main():compute-mfcc-feats.cc:182) Processed features for key common_voice_lt_43507213
WARNING (compute-mfcc-feats[5.5.1182~1-e02e3]:Read():wave-reader.cc:304) Expected 104832 bytes of wave data, but read only 103680 bytes. Truncated file?
LOG (compute-mfcc-feats[5.5.1182~1-e02e3]:main():compute-mfcc-feats.cc:181) Processed 740 utterances
VLOG[2] (compute-mfcc-feats[5.5.1182~1-e02e3]:main():compute-mfcc-feats.cc:182) Processed features for key common_voice_lt_43507226
WARNING (compute-mfcc-feats[5.5.1182~1-e02e3]:Read():wave-reader.cc:304) Expected 133632 bytes of wave data, but read only 132480 bytes. Truncated file?
VLOG[2] (compute-mfcc-feats[5.5.1182~1-e02e3]:main():compute-mfcc-feats.cc:182) Processed features for key common_voice_lt_43507227
WARNING (compute-mfcc-feats[5.5.1182~1-e02e3]:Read():wave-reader.cc:304) Expected 78336 bytes of wave data, but read only 77184 bytes. Truncated file?
VLOG[2] (compute-mfcc-feats[5.5.1182~1-e02e3]:main():compute-mfcc-feats.cc:182) Processed features for key common_voice_lt_43507228
WARNING (compute-mfcc-feats[5.5.1182~1-e02e3]:Read():wave-reader.cc:304) Expected 187776 bytes of wave data, but read only 186624 bytes. Truncated file?
VLOG[2] (compute-mfcc-feats[5.5.1182~1-e02e3]:main():compute-mfcc-feats.cc:182) Processed features for key common_voice_lt_43507234
WARNING (compute-mfcc-feats[5.5.1182~1-e02e3]:Read():wave-reader.cc:304) Expected 95616 bytes of wave data, but read only 94464 bytes. Truncated file?
VLOG[2] (compute-mfcc-feats[5.5.1182~1-e02e3]:main():compute-mfcc-feats.cc:182) Processed features for key common_voice_lt_43507239
WARNING (compute-mfcc-feats[5.5.1182~1-e02e3]:Read():wave-reader.cc:304) Expected 122112 bytes of wave data, but read only 120960 bytes. Truncated file?
VLOG[2] (compute-mfcc-feats[5.5.1182~1-e02e3]:main():compute-mfcc-feats.cc:182) Processed features for key common_voice_lt_43507240
WARNING (compute-mfcc-feats[5.5.1182~1-e02e3]:Read():wave-reader.cc:304) Expected 109440 bytes of wave data, but read only 108288 bytes. Truncated file?
VLOG[2] (compute-mfcc-feats[5.5.1182~1-e02e3]:main():compute-mfcc-feats.cc:182) Processed features for key common_voice_lt_43507241
WARNING (compute-mfcc-feats[5.5.1182~1-e02e3]:Read():wave-reader.cc:304) Expected 118656 bytes of wave data, but read only 117504 bytes. Truncated file?
VLOG[2] (compute-mfcc-feats[5.5.1182~1-e02e3]:main():compute-mfcc-feats.cc:182) Processed features for key common_voice_lt_43507249
WARNING (compute-mfcc-feats[5.5.1182~1-e02e3]:Read():wave-reader.cc:304) Expected 199296 bytes of wave data, but read only 198144 bytes. Truncated file?
VLOG[2] (compute-mfcc-feats[5.5.1182~1-e02e3]:main():compute-mfcc-feats.cc:182) Processed features for key common_voice_lt_43507270
WARNING (compute-mfcc-feats[5.5.1182~1-e02e3]:Read():wave-reader.cc:304) Expected 109440 bytes of wave data, but read only 108288 bytes. Truncated file?
VLOG[2] (compute-mfcc-feats[5.5.1182~1-e02e3]:main():compute-mfcc-feats.cc:182) Processed features for key common_voice_lt_43507280
WARNING (compute-mfcc-feats[5.5.1182~1-e02e3]:Read():wave-reader.cc:304) Expected 118656 bytes of wave data, but read only 117504 bytes. Truncated file?
LOG (compute-mfcc-feats[5.5.1182~1-e02e3]:main():compute-mfcc-feats.cc:181) Processed 750 utterances
VLOG[2] (compute-mfcc-feats[5.5.1182~1-e02e3]:main():compute-mfcc-feats.cc:182) Processed features for key common_voice_lt_43507286
WARNING (compute-mfcc-feats[5.5.1182~1-e02e3]:Read():wave-reader.cc:304) Expected 182016 bytes of wave data, but read only 180864 bytes. Truncated file?
VLOG[2] (compute-mfcc-feats[5.5.1182~1-e02e3]:main():compute-mfcc-feats.cc:182) Processed features for key common_voice_lt_43507324
WARNING (compute-mfcc-feats[5.5.1182~1-e02e3]:Read():wave-reader.cc:304) Expected 185472 bytes of wave data, but read only 184320 bytes. Truncated file?
VLOG[2] (compute-mfcc-feats[5.5.1182~1-e02e3]:main():compute-mfcc-feats.cc:182) Processed features for key common_voice_lt_43507363
WARNING (compute-mfcc-feats[5.5.1182~1-e02e3]:Read():wave-reader.cc:304) Expected 124416 bytes of wave data, but read only 123264 bytes. Truncated file?
VLOG[2] (compute-mfcc-feats[5.5.1182~1-e02e3]:main():compute-mfcc-feats.cc:182) Processed features for key common_voice_lt_43507369
WARNING (compute-mfcc-feats[5.5.1182~1-e02e3]:Read():wave-reader.cc:304) Expected 104832 bytes of wave data, but read only 103680 bytes. Truncated file?
VLOG[2] (compute-mfcc-feats[5.5.1182~1-e02e3]:main():compute-mfcc-feats.cc:182) Processed features for key common_voice_lt_43507381
WARNING (compute-mfcc-feats[5.5.1182~1-e02e3]:Read():wave-reader.cc:304) Expected 130176 bytes of wave data, but read only 129024 bytes. Truncated file?
VLOG[2] (compute-mfcc-feats[5.5.1182~1-e02e3]:main():compute-mfcc-feats.cc:182) Processed features for key common_voice_lt_43507394
WARNING (compute-mfcc-feats[5.5.1182~1-e02e3]:Read():wave-reader.cc:304) Expected 176256 bytes of wave data, but read only 175104 bytes. Truncated file?
VLOG[2] (compute-mfcc-feats[5.5.1182~1-e02e3]:main():compute-mfcc-feats.cc:182) Processed features for key common_voice_lt_43507417
WARNING (compute-mfcc-feats[5.5.1182~1-e02e3]:Read():wave-reader.cc:304) Expected 133632 bytes of wave data, but read only 132480 bytes. Truncated file?
VLOG[2] (compute-mfcc-feats[5.5.1182~1-e02e3]:main():compute-mfcc-feats.cc:182) Processed features for key common_voice_lt_43507418
WARNING (compute-mfcc-feats[5.5.1182~1-e02e3]:Read():wave-reader.cc:304) Expected 120960 bytes of wave data, but read only 119808 bytes. Truncated file?
VLOG[2] (compute-mfcc-feats[5.5.1182~1-e02e3]:main():compute-mfcc-feats.cc:182) Processed features for key common_voice_lt_43507447
WARNING (compute-mfcc-feats[5.5.1182~1-e02e3]:Read():wave-reader.cc:304) Expected 150912 bytes of wave data, but read only 149760 bytes. Truncated file?
VLOG[2] (compute-mfcc-feats[5.5.1182~1-e02e3]:main():compute-mfcc-feats.cc:182) Processed features for key common_voice_lt_43507457
WARNING (compute-mfcc-feats[5.5.1182~1-e02e3]:Read():wave-reader.cc:304) Expected 107136 bytes of wave data, but read only 105984 bytes. Truncated file?
LOG (compute-mfcc-feats[5.5.1182~1-e02e3]:main():compute-mfcc-feats.cc:181) Processed 760 utterances
VLOG[2] (compute-mfcc-feats[5.5.1182~1-e02e3]:main():compute-mfcc-feats.cc:182) Processed features for key common_voice_lt_43507460
WARNING (compute-mfcc-feats[5.5.1182~1-e02e3]:Read():wave-reader.cc:304) Expected 185472 bytes of wave data, but read only 184320 bytes. Truncated file?
VLOG[2] (compute-mfcc-feats[5.5.1182~1-e02e3]:main():compute-mfcc-feats.cc:182) Processed features for key common_voice_lt_43507463
WARNING (compute-mfcc-feats[5.5.1182~1-e02e3]:Read():wave-reader.cc:304) Expected 167040 bytes of wave data, but read only 165888 bytes. Truncated file?
VLOG[2] (compute-mfcc-feats[5.5.1182~1-e02e3]:main():compute-mfcc-feats.cc:182) Processed features for key common_voice_lt_43507480
WARNING (compute-mfcc-feats[5.5.1182~1-e02e3]:Read():wave-reader.cc:304) Expected 245376 bytes of wave data, but read only 244224 bytes. Truncated file?
VLOG[2] (compute-mfcc-feats[5.5.1182~1-e02e3]:main():compute-mfcc-feats.cc:182) Processed features for key common_voice_lt_43507485
WARNING (compute-mfcc-feats[5.5.1182~1-e02e3]:Read():wave-reader.cc:304) Expected 195840 bytes of wave data, but read only 194688 bytes. Truncated file?
VLOG[2] (compute-mfcc-feats[5.5.1182~1-e02e3]:main():compute-mfcc-feats.cc:182) Processed features for key common_voice_lt_43507492
WARNING (compute-mfcc-feats[5.5.1182~1-e02e3]:Read():wave-reader.cc:304) Expected 168192 bytes of wave data, but read only 167040 bytes. Truncated file?
VLOG[2] (compute-mfcc-feats[5.5.1182~1-e02e3]:main():compute-mfcc-feats.cc:182) Processed features for key common_voice_lt_43507493
WARNING (compute-mfcc-feats[5.5.1182~1-e02e3]:Read():wave-reader.cc:304) Expected 161280 bytes of wave data, but read only 160128 bytes. Truncated file?
VLOG[2] (compute-mfcc-feats[5.5.1182~1-e02e3]:main():compute-mfcc-feats.cc:182) Processed features for key common_voice_lt_43507496
WARNING (compute-mfcc-feats[5.5.1182~1-e02e3]:Read():wave-reader.cc:304) Expected 155520 bytes of wave data, but read only 154368 bytes. Truncated file?
VLOG[2] (compute-mfcc-feats[5.5.1182~1-e02e3]:main():compute-mfcc-feats.cc:182) Processed features for key common_voice_lt_43507502
WARNING (compute-mfcc-feats[5.5.1182~1-e02e3]:Read():wave-reader.cc:304) Expected 145152 bytes of wave data, but read only 144000 bytes. Truncated file?
VLOG[2] (compute-mfcc-feats[5.5.1182~1-e02e3]:main():compute-mfcc-feats.cc:182) Processed features for key common_voice_lt_43507505
WARNING (compute-mfcc-feats[5.5.1182~1-e02e3]:Read():wave-reader.cc:304) Expected 110592 bytes of wave data, but read only 109440 bytes. Truncated file?
VLOG[2] (compute-mfcc-feats[5.5.1182~1-e02e3]:main():compute-mfcc-feats.cc:182) Processed features for key common_voice_lt_43507526
WARNING (compute-mfcc-feats[5.5.1182~1-e02e3]:Read():wave-reader.cc:304) Expected 162432 bytes of wave data, but read only 161280 bytes. Truncated file?
LOG (compute-mfcc-feats[5.5.1182~1-e02e3]:main():compute-mfcc-feats.cc:181) Processed 770 utterances
VLOG[2] (compute-mfcc-feats[5.5.1182~1-e02e3]:main():compute-mfcc-feats.cc:182) Processed features for key common_voice_lt_43507555
WARNING (compute-mfcc-feats[5.5.1182~1-e02e3]:Read():wave-reader.cc:304) Expected 147456 bytes of wave data, but read only 146304 bytes. Truncated file?
VLOG[2] (compute-mfcc-feats[5.5.1182~1-e02e3]:main():compute-mfcc-feats.cc:182) Processed features for key common_voice_lt_43507558
WARNING (compute-mfcc-feats[5.5.1182~1-e02e3]:Read():wave-reader.cc:304) Expected 147456 bytes of wave data, but read only 146304 bytes. Truncated file?
VLOG[2] (compute-mfcc-feats[5.5.1182~1-e02e3]:main():compute-mfcc-feats.cc:182) Processed features for key common_voice_lt_43507575
WARNING (compute-mfcc-feats[5.5.1182~1-e02e3]:Read():wave-reader.cc:304) Expected 133632 bytes of wave data, but read only 132480 bytes. Truncated file?
VLOG[2] (compute-mfcc-feats[5.5.1182~1-e02e3]:main():compute-mfcc-feats.cc:182) Processed features for key common_voice_lt_43507580
WARNING (compute-mfcc-feats[5.5.1182~1-e02e3]:Read():wave-reader.cc:304) Expected 179712 bytes of wave data, but read only 178560 bytes. Truncated file?
VLOG[2] (compute-mfcc-feats[5.5.1182~1-e02e3]:main():compute-mfcc-feats.cc:182) Processed features for key common_voice_lt_43509893
WARNING (compute-mfcc-feats[5.5.1182~1-e02e3]:Read():wave-reader.cc:304) Expected 230400 bytes of wave data, but read only 229248 bytes. Truncated file?
VLOG[2] (compute-mfcc-feats[5.5.1182~1-e02e3]:main():compute-mfcc-feats.cc:182) Processed features for key common_voice_lt_43509901
WARNING (compute-mfcc-feats[5.5.1182~1-e02e3]:Read():wave-reader.cc:304) Expected 150912 bytes of wave data, but read only 149760 bytes. Truncated file?
VLOG[2] (compute-mfcc-feats[5.5.1182~1-e02e3]:main():compute-mfcc-feats.cc:182) Processed features for key common_voice_lt_43512509
WARNING (compute-mfcc-feats[5.5.1182~1-e02e3]:Read():wave-reader.cc:304) Expected 254592 bytes of wave data, but read only 253440 bytes. Truncated file?
VLOG[2] (compute-mfcc-feats[5.5.1182~1-e02e3]:main():compute-mfcc-feats.cc:182) Processed features for key common_voice_lt_43512526
WARNING (compute-mfcc-feats[5.5.1182~1-e02e3]:Read():wave-reader.cc:304) Expected 196992 bytes of wave data, but read only 195840 bytes. Truncated file?
VLOG[2] (compute-mfcc-feats[5.5.1182~1-e02e3]:main():compute-mfcc-feats.cc:182) Processed features for key common_voice_lt_43512529
WARNING (compute-mfcc-feats[5.5.1182~1-e02e3]:Read():wave-reader.cc:304) Expected 150912 bytes of wave data, but read only 149760 bytes. Truncated file?
VLOG[2] (compute-mfcc-feats[5.5.1182~1-e02e3]:main():compute-mfcc-feats.cc:182) Processed features for key common_voice_lt_43512533
WARNING (compute-mfcc-feats[5.5.1182~1-e02e3]:Read():wave-reader.cc:304) Expected 135936 bytes of wave data, but read only 134784 bytes. Truncated file?
LOG (compute-mfcc-feats[5.5.1182~1-e02e3]:main():compute-mfcc-feats.cc:181) Processed 780 utterances
VLOG[2] (compute-mfcc-feats[5.5.1182~1-e02e3]:main():compute-mfcc-feats.cc:182) Processed features for key common_voice_lt_43512536
WARNING (compute-mfcc-feats[5.5.1182~1-e02e3]:Read():wave-reader.cc:304) Expected 161280 bytes of wave data, but read only 160128 bytes. Truncated file?
VLOG[2] (compute-mfcc-feats[5.5.1182~1-e02e3]:main():compute-mfcc-feats.cc:182) Processed features for key common_voice_lt_43512539
WARNING (compute-mfcc-feats[5.5.1182~1-e02e3]:Read():wave-reader.cc:304) Expected 237312 bytes of wave data, but read only 236160 bytes. Truncated file?
VLOG[2] (compute-mfcc-feats[5.5.1182~1-e02e3]:main():compute-mfcc-feats.cc:182) Processed features for key common_voice_lt_43512576
WARNING (compute-mfcc-feats[5.5.1182~1-e02e3]:Read():wave-reader.cc:304) Expected 300672 bytes of wave data, but read only 299520 bytes. Truncated file?
VLOG[2] (compute-mfcc-feats[5.5.1182~1-e02e3]:main():compute-mfcc-feats.cc:182) Processed features for key common_voice_lt_43512578
WARNING (compute-mfcc-feats[5.5.1182~1-e02e3]:Read():wave-reader.cc:304) Expected 145152 bytes of wave data, but read only 144000 bytes. Truncated file?
VLOG[2] (compute-mfcc-feats[5.5.1182~1-e02e3]:main():compute-mfcc-feats.cc:182) Processed features for key common_voice_lt_43512580
WARNING (compute-mfcc-feats[5.5.1182~1-e02e3]:Read():wave-reader.cc:304) Expected 118656 bytes of wave data, but read only 117504 bytes. Truncated file?
VLOG[2] (compute-mfcc-feats[5.5.1182~1-e02e3]:main():compute-mfcc-feats.cc:182) Processed features for key common_voice_lt_43512595
WARNING (compute-mfcc-feats[5.5.1182~1-e02e3]:Read():wave-reader.cc:304) Expected 153216 bytes of wave data, but read only 152064 bytes. Truncated file?
VLOG[2] (compute-mfcc-feats[5.5.1182~1-e02e3]:main():compute-mfcc-feats.cc:182) Processed features for key common_voice_lt_43512614
WARNING (compute-mfcc-feats[5.5.1182~1-e02e3]:Read():wave-reader.cc:304) Expected 104832 bytes of wave data, but read only 103680 bytes. Truncated file?
VLOG[2] (compute-mfcc-feats[5.5.1182~1-e02e3]:main():compute-mfcc-feats.cc:182) Processed features for key common_voice_lt_43512624
WARNING (compute-mfcc-feats[5.5.1182~1-e02e3]:Read():wave-reader.cc:304) Expected 109440 bytes of wave data, but read only 108288 bytes. Truncated file?
VLOG[2] (compute-mfcc-feats[5.5.1182~1-e02e3]:main():compute-mfcc-feats.cc:182) Processed features for key common_voice_lt_43512626
WARNING (compute-mfcc-feats[5.5.1182~1-e02e3]:Read():wave-reader.cc:304) Expected 141696 bytes of wave data, but read only 140544 bytes. Truncated file?
VLOG[2] (compute-mfcc-feats[5.5.1182~1-e02e3]:main():compute-mfcc-feats.cc:182) Processed features for key common_voice_lt_43512634
WARNING (compute-mfcc-feats[5.5.1182~1-e02e3]:Read():wave-reader.cc:304) Expected 191232 bytes of wave data, but read only 190080 bytes. Truncated file?
LOG (compute-mfcc-feats[5.5.1182~1-e02e3]:main():compute-mfcc-feats.cc:181) Processed 790 utterances
VLOG[2] (compute-mfcc-feats[5.5.1182~1-e02e3]:main():compute-mfcc-feats.cc:182) Processed features for key common_voice_lt_43512635
WARNING (compute-mfcc-feats[5.5.1182~1-e02e3]:Read():wave-reader.cc:304) Expected 155520 bytes of wave data, but read only 154368 bytes. Truncated file?
VLOG[2] (compute-mfcc-feats[5.5.1182~1-e02e3]:main():compute-mfcc-feats.cc:182) Processed features for key common_voice_lt_43512653
WARNING (compute-mfcc-feats[5.5.1182~1-e02e3]:Read():wave-reader.cc:304) Expected 179712 bytes of wave data, but read only 178560 bytes. Truncated file?
VLOG[2] (compute-mfcc-feats[5.5.1182~1-e02e3]:main():compute-mfcc-feats.cc:182) Processed features for key common_voice_lt_43512661
WARNING (compute-mfcc-feats[5.5.1182~1-e02e3]:Read():wave-reader.cc:304) Expected 147456 bytes of wave data, but read only 146304 bytes. Truncated file?
VLOG[2] (compute-mfcc-feats[5.5.1182~1-e02e3]:main():compute-mfcc-feats.cc:182) Processed features for key common_voice_lt_43512666
WARNING (compute-mfcc-feats[5.5.1182~1-e02e3]:Read():wave-reader.cc:304) Expected 141696 bytes of wave data, but read only 140544 bytes. Truncated file?
VLOG[2] (compute-mfcc-feats[5.5.1182~1-e02e3]:main():compute-mfcc-feats.cc:182) Processed features for key common_voice_lt_43512668
WARNING (compute-mfcc-feats[5.5.1182~1-e02e3]:Read():wave-reader.cc:304) Expected 164736 bytes of wave data, but read only 163584 bytes. Truncated file?
VLOG[2] (compute-mfcc-feats[5.5.1182~1-e02e3]:main():compute-mfcc-feats.cc:182) Processed features for key common_voice_lt_43512687
WARNING (compute-mfcc-feats[5.5.1182~1-e02e3]:Read():wave-reader.cc:304) Expected 161280 bytes of wave data, but read only 160128 bytes. Truncated file?
VLOG[2] (compute-mfcc-feats[5.5.1182~1-e02e3]:main():compute-mfcc-feats.cc:182) Processed features for key common_voice_lt_43516843
WARNING (compute-mfcc-feats[5.5.1182~1-e02e3]:Read():wave-reader.cc:304) Expected 213120 bytes of wave data, but read only 211968 bytes. Truncated file?
VLOG[2] (compute-mfcc-feats[5.5.1182~1-e02e3]:main():compute-mfcc-feats.cc:182) Processed features for key common_voice_lt_43516858
WARNING (compute-mfcc-feats[5.5.1182~1-e02e3]:Read():wave-reader.cc:304) Expected 279936 bytes of wave data, but read only 278784 bytes. Truncated file?
VLOG[2] (compute-mfcc-feats[5.5.1182~1-e02e3]:main():compute-mfcc-feats.cc:182) Processed features for key common_voice_lt_43516868
WARNING (compute-mfcc-feats[5.5.1182~1-e02e3]:Read():wave-reader.cc:304) Expected 141696 bytes of wave data, but read only 140544 bytes. Truncated file?
VLOG[2] (compute-mfcc-feats[5.5.1182~1-e02e3]:main():compute-mfcc-feats.cc:182) Processed features for key common_voice_lt_43516871
WARNING (compute-mfcc-feats[5.5.1182~1-e02e3]:Read():wave-reader.cc:304) Expected 122112 bytes of wave data, but read only 120960 bytes. Truncated file?
LOG (compute-mfcc-feats[5.5.1182~1-e02e3]:main():compute-mfcc-feats.cc:181) Processed 800 utterances
VLOG[2] (compute-mfcc-feats[5.5.1182~1-e02e3]:main():compute-mfcc-feats.cc:182) Processed features for key common_voice_lt_43516873
WARNING (compute-mfcc-feats[5.5.1182~1-e02e3]:Read():wave-reader.cc:304) Expected 191232 bytes of wave data, but read only 190080 bytes. Truncated file?
VLOG[2] (compute-mfcc-feats[5.5.1182~1-e02e3]:main():compute-mfcc-feats.cc:182) Processed features for key common_voice_lt_43516876
WARNING (compute-mfcc-feats[5.5.1182~1-e02e3]:Read():wave-reader.cc:304) Expected 172800 bytes of wave data, but read only 171648 bytes. Truncated file?
VLOG[2] (compute-mfcc-feats[5.5.1182~1-e02e3]:main():compute-mfcc-feats.cc:182) Processed features for key common_voice_lt_43516882
WARNING (compute-mfcc-feats[5.5.1182~1-e02e3]:Read():wave-reader.cc:304) Expected 116352 bytes of wave data, but read only 115200 bytes. Truncated file?
VLOG[2] (compute-mfcc-feats[5.5.1182~1-e02e3]:main():compute-mfcc-feats.cc:182) Processed features for key common_voice_lt_43516885
WARNING (compute-mfcc-feats[5.5.1182~1-e02e3]:Read():wave-reader.cc:304) Expected 99072 bytes of wave data, but read only 97920 bytes. Truncated file?
VLOG[2] (compute-mfcc-feats[5.5.1182~1-e02e3]:main():compute-mfcc-feats.cc:182) Processed features for key common_voice_lt_43516893
WARNING (compute-mfcc-feats[5.5.1182~1-e02e3]:Read():wave-reader.cc:304) Expected 172800 bytes of wave data, but read only 171648 bytes. Truncated file?
VLOG[2] (compute-mfcc-feats[5.5.1182~1-e02e3]:main():compute-mfcc-feats.cc:182) Processed features for key common_voice_lt_43516896
WARNING (compute-mfcc-feats[5.5.1182~1-e02e3]:Read():wave-reader.cc:304) Expected 225792 bytes of wave data, but read only 224640 bytes. Truncated file?
VLOG[2] (compute-mfcc-feats[5.5.1182~1-e02e3]:main():compute-mfcc-feats.cc:182) Processed features for key common_voice_lt_43516904
WARNING (compute-mfcc-feats[5.5.1182~1-e02e3]:Read():wave-reader.cc:304) Expected 115200 bytes of wave data, but read only 114048 bytes. Truncated file?
VLOG[2] (compute-mfcc-feats[5.5.1182~1-e02e3]:main():compute-mfcc-feats.cc:182) Processed features for key common_voice_lt_43516911
WARNING (compute-mfcc-feats[5.5.1182~1-e02e3]:Read():wave-reader.cc:304) Expected 213120 bytes of wave data, but read only 211968 bytes. Truncated file?
VLOG[2] (compute-mfcc-feats[5.5.1182~1-e02e3]:main():compute-mfcc-feats.cc:182) Processed features for key common_voice_lt_43516919
WARNING (compute-mfcc-feats[5.5.1182~1-e02e3]:Read():wave-reader.cc:304) Expected 144000 bytes of wave data, but read only 142848 bytes. Truncated file?
VLOG[2] (compute-mfcc-feats[5.5.1182~1-e02e3]:main():compute-mfcc-feats.cc:182) Processed features for key common_voice_lt_43516927
WARNING (compute-mfcc-feats[5.5.1182~1-e02e3]:Read():wave-reader.cc:304) Expected 112896 bytes of wave data, but read only 111744 bytes. Truncated file?
LOG (compute-mfcc-feats[5.5.1182~1-e02e3]:main():compute-mfcc-feats.cc:181) Processed 810 utterances
VLOG[2] (compute-mfcc-feats[5.5.1182~1-e02e3]:main():compute-mfcc-feats.cc:182) Processed features for key common_voice_lt_43516938
WARNING (compute-mfcc-feats[5.5.1182~1-e02e3]:Read():wave-reader.cc:304) Expected 158976 bytes of wave data, but read only 157824 bytes. Truncated file?
VLOG[2] (compute-mfcc-feats[5.5.1182~1-e02e3]:main():compute-mfcc-feats.cc:182) Processed features for key common_voice_lt_43516940
WARNING (compute-mfcc-feats[5.5.1182~1-e02e3]:Read():wave-reader.cc:304) Expected 150912 bytes of wave data, but read only 149760 bytes. Truncated file?
VLOG[2] (compute-mfcc-feats[5.5.1182~1-e02e3]:main():compute-mfcc-feats.cc:182) Processed features for key common_voice_lt_43516944
WARNING (compute-mfcc-feats[5.5.1182~1-e02e3]:Read():wave-reader.cc:304) Expected 104832 bytes of wave data, but read only 103680 bytes. Truncated file?
VLOG[2] (compute-mfcc-feats[5.5.1182~1-e02e3]:main():compute-mfcc-feats.cc:182) Processed features for key common_voice_lt_43516947
WARNING (compute-mfcc-feats[5.5.1182~1-e02e3]:Read():wave-reader.cc:304) Expected 130176 bytes of wave data, but read only 129024 bytes. Truncated file?
VLOG[2] (compute-mfcc-feats[5.5.1182~1-e02e3]:main():compute-mfcc-feats.cc:182) Processed features for key common_voice_lt_43516949
WARNING (compute-mfcc-feats[5.5.1182~1-e02e3]:Read():wave-reader.cc:304) Expected 173952 bytes of wave data, but read only 172800 bytes. Truncated file?
VLOG[2] (compute-mfcc-feats[5.5.1182~1-e02e3]:main():compute-mfcc-feats.cc:182) Processed features for key common_voice_lt_43520518
WARNING (compute-mfcc-feats[5.5.1182~1-e02e3]:Read():wave-reader.cc:304) Expected 120960 bytes of wave data, but read only 119808 bytes. Truncated file?
VLOG[2] (compute-mfcc-feats[5.5.1182~1-e02e3]:main():compute-mfcc-feats.cc:182) Processed features for key common_voice_lt_43520541
WARNING (compute-mfcc-feats[5.5.1182~1-e02e3]:Read():wave-reader.cc:304) Expected 112896 bytes of wave data, but read only 111744 bytes. Truncated file?
VLOG[2] (compute-mfcc-feats[5.5.1182~1-e02e3]:main():compute-mfcc-feats.cc:182) Processed features for key common_voice_lt_43520547
WARNING (compute-mfcc-feats[5.5.1182~1-e02e3]:Read():wave-reader.cc:304) Expected 120960 bytes of wave data, but read only 119808 bytes. Truncated file?
VLOG[2] (compute-mfcc-feats[5.5.1182~1-e02e3]:main():compute-mfcc-feats.cc:182) Processed features for key common_voice_lt_43520553
WARNING (compute-mfcc-feats[5.5.1182~1-e02e3]:Read():wave-reader.cc:304) Expected 107136 bytes of wave data, but read only 105984 bytes. Truncated file?
VLOG[2] (compute-mfcc-feats[5.5.1182~1-e02e3]:main():compute-mfcc-feats.cc:182) Processed features for key common_voice_lt_43520558
WARNING (compute-mfcc-feats[5.5.1182~1-e02e3]:Read():wave-reader.cc:304) Expected 112896 bytes of wave data, but read only 111744 bytes. Truncated file?
LOG (compute-mfcc-feats[5.5.1182~1-e02e3]:main():compute-mfcc-feats.cc:181) Processed 820 utterances
VLOG[2] (compute-mfcc-feats[5.5.1182~1-e02e3]:main():compute-mfcc-feats.cc:182) Processed features for key common_voice_lt_43520569
WARNING (compute-mfcc-feats[5.5.1182~1-e02e3]:Read():wave-reader.cc:304) Expected 122112 bytes of wave data, but read only 120960 bytes. Truncated file?
VLOG[2] (compute-mfcc-feats[5.5.1182~1-e02e3]:main():compute-mfcc-feats.cc:182) Processed features for key common_voice_lt_43520574
WARNING (compute-mfcc-feats[5.5.1182~1-e02e3]:Read():wave-reader.cc:304) Expected 164736 bytes of wave data, but read only 163584 bytes. Truncated file?
VLOG[2] (compute-mfcc-feats[5.5.1182~1-e02e3]:main():compute-mfcc-feats.cc:182) Processed features for key common_voice_lt_43520586
WARNING (compute-mfcc-feats[5.5.1182~1-e02e3]:Read():wave-reader.cc:304) Expected 122112 bytes of wave data, but read only 120960 bytes. Truncated file?
VLOG[2] (compute-mfcc-feats[5.5.1182~1-e02e3]:main():compute-mfcc-feats.cc:182) Processed features for key common_voice_lt_43520596
WARNING (compute-mfcc-feats[5.5.1182~1-e02e3]:Read():wave-reader.cc:304) Expected 155520 bytes of wave data, but read only 154368 bytes. Truncated file?
VLOG[2] (compute-mfcc-feats[5.5.1182~1-e02e3]:main():compute-mfcc-feats.cc:182) Processed features for key common_voice_lt_43520609
WARNING (compute-mfcc-feats[5.5.1182~1-e02e3]:Read():wave-reader.cc:304) Expected 190080 bytes of wave data, but read only 188928 bytes. Truncated file?
VLOG[2] (compute-mfcc-feats[5.5.1182~1-e02e3]:main():compute-mfcc-feats.cc:182) Processed features for key common_voice_lt_43520621
WARNING (compute-mfcc-feats[5.5.1182~1-e02e3]:Read():wave-reader.cc:304) Expected 241920 bytes of wave data, but read only 240768 bytes. Truncated file?
VLOG[2] (compute-mfcc-feats[5.5.1182~1-e02e3]:main():compute-mfcc-feats.cc:182) Processed features for key common_voice_lt_43520653
WARNING (compute-mfcc-feats[5.5.1182~1-e02e3]:Read():wave-reader.cc:304) Expected 247680 bytes of wave data, but read only 246528 bytes. Truncated file?
VLOG[2] (compute-mfcc-feats[5.5.1182~1-e02e3]:main():compute-mfcc-feats.cc:182) Processed features for key common_voice_lt_43520658
WARNING (compute-mfcc-feats[5.5.1182~1-e02e3]:Read():wave-reader.cc:304) Expected 144000 bytes of wave data, but read only 142848 bytes. Truncated file?
VLOG[2] (compute-mfcc-feats[5.5.1182~1-e02e3]:main():compute-mfcc-feats.cc:182) Processed features for key common_voice_lt_43520808
WARNING (compute-mfcc-feats[5.5.1182~1-e02e3]:Read():wave-reader.cc:304) Expected 132480 bytes of wave data, but read only 131328 bytes. Truncated file?
VLOG[2] (compute-mfcc-feats[5.5.1182~1-e02e3]:main():compute-mfcc-feats.cc:182) Processed features for key common_voice_lt_43520818
WARNING (compute-mfcc-feats[5.5.1182~1-e02e3]:Read():wave-reader.cc:304) Expected 147456 bytes of wave data, but read only 146304 bytes. Truncated file?
LOG (compute-mfcc-feats[5.5.1182~1-e02e3]:main():compute-mfcc-feats.cc:181) Processed 830 utterances
VLOG[2] (compute-mfcc-feats[5.5.1182~1-e02e3]:main():compute-mfcc-feats.cc:182) Processed features for key common_voice_lt_43530813
WARNING (compute-mfcc-feats[5.5.1182~1-e02e3]:Read():wave-reader.cc:304) Expected 132480 bytes of wave data, but read only 131328 bytes. Truncated file?
VLOG[2] (compute-mfcc-feats[5.5.1182~1-e02e3]:main():compute-mfcc-feats.cc:182) Processed features for key common_voice_lt_43530817
WARNING (compute-mfcc-feats[5.5.1182~1-e02e3]:Read():wave-reader.cc:304) Expected 187776 bytes of wave data, but read only 186624 bytes. Truncated file?
VLOG[2] (compute-mfcc-feats[5.5.1182~1-e02e3]:main():compute-mfcc-feats.cc:182) Processed features for key common_voice_lt_43530821
WARNING (compute-mfcc-feats[5.5.1182~1-e02e3]:Read():wave-reader.cc:304) Expected 145152 bytes of wave data, but read only 144000 bytes. Truncated file?
VLOG[2] (compute-mfcc-feats[5.5.1182~1-e02e3]:main():compute-mfcc-feats.cc:182) Processed features for key common_voice_lt_43530831
WARNING (compute-mfcc-feats[5.5.1182~1-e02e3]:Read():wave-reader.cc:304) Expected 99072 bytes of wave data, but read only 97920 bytes. Truncated file?
VLOG[2] (compute-mfcc-feats[5.5.1182~1-e02e3]:main():compute-mfcc-feats.cc:182) Processed features for key common_voice_lt_43530844
WARNING (compute-mfcc-feats[5.5.1182~1-e02e3]:Read():wave-reader.cc:304) Expected 147456 bytes of wave data, but read only 146304 bytes. Truncated file?
VLOG[2] (compute-mfcc-feats[5.5.1182~1-e02e3]:main():compute-mfcc-feats.cc:182) Processed features for key common_voice_lt_43530857
WARNING (compute-mfcc-feats[5.5.1182~1-e02e3]:Read():wave-reader.cc:304) Expected 167040 bytes of wave data, but read only 165888 bytes. Truncated file?
VLOG[2] (compute-mfcc-feats[5.5.1182~1-e02e3]:main():compute-mfcc-feats.cc:182) Processed features for key common_voice_lt_43530859
WARNING (compute-mfcc-feats[5.5.1182~1-e02e3]:Read():wave-reader.cc:304) Expected 176256 bytes of wave data, but read only 175104 bytes. Truncated file?
VLOG[2] (compute-mfcc-feats[5.5.1182~1-e02e3]:main():compute-mfcc-feats.cc:182) Processed features for key common_voice_lt_43530865
WARNING (compute-mfcc-feats[5.5.1182~1-e02e3]:Read():wave-reader.cc:304) Expected 107136 bytes of wave data, but read only 105984 bytes. Truncated file?
VLOG[2] (compute-mfcc-feats[5.5.1182~1-e02e3]:main():compute-mfcc-feats.cc:182) Processed features for key common_voice_lt_43530867
WARNING (compute-mfcc-feats[5.5.1182~1-e02e3]:Read():wave-reader.cc:304) Expected 170496 bytes of wave data, but read only 169344 bytes. Truncated file?
VLOG[2] (compute-mfcc-feats[5.5.1182~1-e02e3]:main():compute-mfcc-feats.cc:182) Processed features for key common_voice_lt_43530876
WARNING (compute-mfcc-feats[5.5.1182~1-e02e3]:Read():wave-reader.cc:304) Expected 132480 bytes of wave data, but read only 131328 bytes. Truncated file?
LOG (compute-mfcc-feats[5.5.1182~1-e02e3]:main():compute-mfcc-feats.cc:181) Processed 840 utterances
VLOG[2] (compute-mfcc-feats[5.5.1182~1-e02e3]:main():compute-mfcc-feats.cc:182) Processed features for key common_voice_lt_43530896
WARNING (compute-mfcc-feats[5.5.1182~1-e02e3]:Read():wave-reader.cc:304) Expected 141696 bytes of wave data, but read only 140544 bytes. Truncated file?
VLOG[2] (compute-mfcc-feats[5.5.1182~1-e02e3]:main():compute-mfcc-feats.cc:182) Processed features for key common_voice_lt_43530909
WARNING (compute-mfcc-feats[5.5.1182~1-e02e3]:Read():wave-reader.cc:304) Expected 120960 bytes of wave data, but read only 119808 bytes. Truncated file?
VLOG[2] (compute-mfcc-feats[5.5.1182~1-e02e3]:main():compute-mfcc-feats.cc:182) Processed features for key common_voice_lt_43530929
WARNING (compute-mfcc-feats[5.5.1182~1-e02e3]:Read():wave-reader.cc:304) Expected 176256 bytes of wave data, but read only 175104 bytes. Truncated file?
VLOG[2] (compute-mfcc-feats[5.5.1182~1-e02e3]:main():compute-mfcc-feats.cc:182) Processed features for key common_voice_lt_43530949
WARNING (compute-mfcc-feats[5.5.1182~1-e02e3]:Read():wave-reader.cc:304) Expected 147456 bytes of wave data, but read only 146304 bytes. Truncated file?
VLOG[2] (compute-mfcc-feats[5.5.1182~1-e02e3]:main():compute-mfcc-feats.cc:182) Processed features for key common_voice_lt_43530950
WARNING (compute-mfcc-feats[5.5.1182~1-e02e3]:Read():wave-reader.cc:304) Expected 161280 bytes of wave data, but read only 160128 bytes. Truncated file?
VLOG[2] (compute-mfcc-feats[5.5.1182~1-e02e3]:main():compute-mfcc-feats.cc:182) Processed features for key common_voice_lt_43530951
WARNING (compute-mfcc-feats[5.5.1182~1-e02e3]:Read():wave-reader.cc:304) Expected 130176 bytes of wave data, but read only 129024 bytes. Truncated file?
VLOG[2] (compute-mfcc-feats[5.5.1182~1-e02e3]:main():compute-mfcc-feats.cc:182) Processed features for key common_voice_lt_43530959
WARNING (compute-mfcc-feats[5.5.1182~1-e02e3]:Read():wave-reader.cc:304) Expected 225792 bytes of wave data, but read only 224640 bytes. Truncated file?
VLOG[2] (compute-mfcc-feats[5.5.1182~1-e02e3]:main():compute-mfcc-feats.cc:182) Processed features for key common_voice_lt_43530973
WARNING (compute-mfcc-feats[5.5.1182~1-e02e3]:Read():wave-reader.cc:304) Expected 191232 bytes of wave data, but read only 190080 bytes. Truncated file?
VLOG[2] (compute-mfcc-feats[5.5.1182~1-e02e3]:main():compute-mfcc-feats.cc:182) Processed features for key common_voice_lt_43530976
WARNING (compute-mfcc-feats[5.5.1182~1-e02e3]:Read():wave-reader.cc:304) Expected 133632 bytes of wave data, but read only 132480 bytes. Truncated file?
VLOG[2] (compute-mfcc-feats[5.5.1182~1-e02e3]:main():compute-mfcc-feats.cc:182) Processed features for key common_voice_lt_43530983
WARNING (compute-mfcc-feats[5.5.1182~1-e02e3]:Read():wave-reader.cc:304) Expected 170496 bytes of wave data, but read only 169344 bytes. Truncated file?
LOG (compute-mfcc-feats[5.5.1182~1-e02e3]:main():compute-mfcc-feats.cc:181) Processed 850 utterances
VLOG[2] (compute-mfcc-feats[5.5.1182~1-e02e3]:main():compute-mfcc-feats.cc:182) Processed features for key common_voice_lt_43530991
WARNING (compute-mfcc-feats[5.5.1182~1-e02e3]:Read():wave-reader.cc:304) Expected 138240 bytes of wave data, but read only 137088 bytes. Truncated file?
VLOG[2] (compute-mfcc-feats[5.5.1182~1-e02e3]:main():compute-mfcc-feats.cc:182) Processed features for key common_voice_lt_43531027
WARNING (compute-mfcc-feats[5.5.1182~1-e02e3]:Read():wave-reader.cc:304) Expected 147456 bytes of wave data, but read only 146304 bytes. Truncated file?
VLOG[2] (compute-mfcc-feats[5.5.1182~1-e02e3]:main():compute-mfcc-feats.cc:182) Processed features for key common_voice_lt_43531037
WARNING (compute-mfcc-feats[5.5.1182~1-e02e3]:Read():wave-reader.cc:304) Expected 167040 bytes of wave data, but read only 165888 bytes. Truncated file?
VLOG[2] (compute-mfcc-feats[5.5.1182~1-e02e3]:main():compute-mfcc-feats.cc:182) Processed features for key common_voice_lt_43531043
WARNING (compute-mfcc-feats[5.5.1182~1-e02e3]:Read():wave-reader.cc:304) Expected 155520 bytes of wave data, but read only 154368 bytes. Truncated file?
VLOG[2] (compute-mfcc-feats[5.5.1182~1-e02e3]:main():compute-mfcc-feats.cc:182) Processed features for key common_voice_lt_43531045
WARNING (compute-mfcc-feats[5.5.1182~1-e02e3]:Read():wave-reader.cc:304) Expected 176256 bytes of wave data, but read only 175104 bytes. Truncated file?
VLOG[2] (compute-mfcc-feats[5.5.1182~1-e02e3]:main():compute-mfcc-feats.cc:182) Processed features for key common_voice_lt_43531054
WARNING (compute-mfcc-feats[5.5.1182~1-e02e3]:Read():wave-reader.cc:304) Expected 107136 bytes of wave data, but read only 105984 bytes. Truncated file?
VLOG[2] (compute-mfcc-feats[5.5.1182~1-e02e3]:main():compute-mfcc-feats.cc:182) Processed features for key common_voice_lt_43531062
WARNING (compute-mfcc-feats[5.5.1182~1-e02e3]:Read():wave-reader.cc:304) Expected 164736 bytes of wave data, but read only 163584 bytes. Truncated file?
VLOG[2] (compute-mfcc-feats[5.5.1182~1-e02e3]:main():compute-mfcc-feats.cc:182) Processed features for key common_voice_lt_43531065
WARNING (compute-mfcc-feats[5.5.1182~1-e02e3]:Read():wave-reader.cc:304) Expected 164736 bytes of wave data, but read only 163584 bytes. Truncated file?
VLOG[2] (compute-mfcc-feats[5.5.1182~1-e02e3]:main():compute-mfcc-feats.cc:182) Processed features for key common_voice_lt_43531073
WARNING (compute-mfcc-feats[5.5.1182~1-e02e3]:Read():wave-reader.cc:304) Expected 251136 bytes of wave data, but read only 249984 bytes. Truncated file?
VLOG[2] (compute-mfcc-feats[5.5.1182~1-e02e3]:main():compute-mfcc-feats.cc:182) Processed features for key common_voice_lt_43531077
WARNING (compute-mfcc-feats[5.5.1182~1-e02e3]:Read():wave-reader.cc:304) Expected 115200 bytes of wave data, but read only 114048 bytes. Truncated file?
LOG (compute-mfcc-feats[5.5.1182~1-e02e3]:main():compute-mfcc-feats.cc:181) Processed 860 utterances
VLOG[2] (compute-mfcc-feats[5.5.1182~1-e02e3]:main():compute-mfcc-feats.cc:182) Processed features for key common_voice_lt_43531108
WARNING (compute-mfcc-feats[5.5.1182~1-e02e3]:Read():wave-reader.cc:304) Expected 179712 bytes of wave data, but read only 178560 bytes. Truncated file?
VLOG[2] (compute-mfcc-feats[5.5.1182~1-e02e3]:main():compute-mfcc-feats.cc:182) Processed features for key common_voice_lt_43531125
WARNING (compute-mfcc-feats[5.5.1182~1-e02e3]:Read():wave-reader.cc:304) Expected 149760 bytes of wave data, but read only 148608 bytes. Truncated file?
VLOG[2] (compute-mfcc-feats[5.5.1182~1-e02e3]:main():compute-mfcc-feats.cc:182) Processed features for key common_voice_lt_43531126
WARNING (compute-mfcc-feats[5.5.1182~1-e02e3]:Read():wave-reader.cc:304) Expected 191232 bytes of wave data, but read only 190080 bytes. Truncated file?
VLOG[2] (compute-mfcc-feats[5.5.1182~1-e02e3]:main():compute-mfcc-feats.cc:182) Processed features for key common_voice_lt_43531135
WARNING (compute-mfcc-feats[5.5.1182~1-e02e3]:Read():wave-reader.cc:304) Expected 150912 bytes of wave data, but read only 149760 bytes. Truncated file?
VLOG[2] (compute-mfcc-feats[5.5.1182~1-e02e3]:main():compute-mfcc-feats.cc:182) Processed features for key common_voice_lt_43531142
WARNING (compute-mfcc-feats[5.5.1182~1-e02e3]:Read():wave-reader.cc:304) Expected 187776 bytes of wave data, but read only 186624 bytes. Truncated file?
VLOG[2] (compute-mfcc-feats[5.5.1182~1-e02e3]:main():compute-mfcc-feats.cc:182) Processed features for key common_voice_lt_43531148
WARNING (compute-mfcc-feats[5.5.1182~1-e02e3]:Read():wave-reader.cc:304) Expected 118656 bytes of wave data, but read only 117504 bytes. Truncated file?
VLOG[2] (compute-mfcc-feats[5.5.1182~1-e02e3]:main():compute-mfcc-feats.cc:182) Processed features for key common_voice_lt_43531170
WARNING (compute-mfcc-feats[5.5.1182~1-e02e3]:Read():wave-reader.cc:304) Expected 110592 bytes of wave data, but read only 109440 bytes. Truncated file?
VLOG[2] (compute-mfcc-feats[5.5.1182~1-e02e3]:main():compute-mfcc-feats.cc:182) Processed features for key common_voice_lt_43531177
WARNING (compute-mfcc-feats[5.5.1182~1-e02e3]:Read():wave-reader.cc:304) Expected 156672 bytes of wave data, but read only 155520 bytes. Truncated file?
VLOG[2] (compute-mfcc-feats[5.5.1182~1-e02e3]:main():compute-mfcc-feats.cc:182) Processed features for key common_voice_lt_43531178
WARNING (compute-mfcc-feats[5.5.1182~1-e02e3]:Read():wave-reader.cc:304) Expected 285696 bytes of wave data, but read only 284544 bytes. Truncated file?
VLOG[2] (compute-mfcc-feats[5.5.1182~1-e02e3]:main():compute-mfcc-feats.cc:182) Processed features for key common_voice_lt_43531179
WARNING (compute-mfcc-feats[5.5.1182~1-e02e3]:Read():wave-reader.cc:304) Expected 130176 bytes of wave data, but read only 129024 bytes. Truncated file?
LOG (compute-mfcc-feats[5.5.1182~1-e02e3]:main():compute-mfcc-feats.cc:181) Processed 870 utterances
VLOG[2] (compute-mfcc-feats[5.5.1182~1-e02e3]:main():compute-mfcc-feats.cc:182) Processed features for key common_voice_lt_43531188
WARNING (compute-mfcc-feats[5.5.1182~1-e02e3]:Read():wave-reader.cc:304) Expected 153216 bytes of wave data, but read only 152064 bytes. Truncated file?
VLOG[2] (compute-mfcc-feats[5.5.1182~1-e02e3]:main():compute-mfcc-feats.cc:182) Processed features for key common_voice_lt_43531195
WARNING (compute-mfcc-feats[5.5.1182~1-e02e3]:Read():wave-reader.cc:304) Expected 135936 bytes of wave data, but read only 134784 bytes. Truncated file?
VLOG[2] (compute-mfcc-feats[5.5.1182~1-e02e3]:main():compute-mfcc-feats.cc:182) Processed features for key common_voice_lt_43531197
WARNING (compute-mfcc-feats[5.5.1182~1-e02e3]:Read():wave-reader.cc:304) Expected 233856 bytes of wave data, but read only 232704 bytes. Truncated file?
VLOG[2] (compute-mfcc-feats[5.5.1182~1-e02e3]:main():compute-mfcc-feats.cc:182) Processed features for key common_voice_lt_43531205
WARNING (compute-mfcc-feats[5.5.1182~1-e02e3]:Read():wave-reader.cc:304) Expected 112896 bytes of wave data, but read only 111744 bytes. Truncated file?
VLOG[2] (compute-mfcc-feats[5.5.1182~1-e02e3]:main():compute-mfcc-feats.cc:182) Processed features for key common_voice_lt_43531209
WARNING (compute-mfcc-feats[5.5.1182~1-e02e3]:Read():wave-reader.cc:304) Expected 149760 bytes of wave data, but read only 148608 bytes. Truncated file?
VLOG[2] (compute-mfcc-feats[5.5.1182~1-e02e3]:main():compute-mfcc-feats.cc:182) Processed features for key common_voice_lt_43531211
WARNING (compute-mfcc-feats[5.5.1182~1-e02e3]:Read():wave-reader.cc:304) Expected 222336 bytes of wave data, but read only 221184 bytes. Truncated file?
VLOG[2] (compute-mfcc-feats[5.5.1182~1-e02e3]:main():compute-mfcc-feats.cc:182) Processed features for key common_voice_lt_43531215
WARNING (compute-mfcc-feats[5.5.1182~1-e02e3]:Read():wave-reader.cc:304) Expected 150912 bytes of wave data, but read only 149760 bytes. Truncated file?
VLOG[2] (compute-mfcc-feats[5.5.1182~1-e02e3]:main():compute-mfcc-feats.cc:182) Processed features for key common_voice_lt_43541662
WARNING (compute-mfcc-feats[5.5.1182~1-e02e3]:Read():wave-reader.cc:304) Expected 107136 bytes of wave data, but read only 105984 bytes. Truncated file?
VLOG[2] (compute-mfcc-feats[5.5.1182~1-e02e3]:main():compute-mfcc-feats.cc:182) Processed features for key common_voice_lt_43541688
WARNING (compute-mfcc-feats[5.5.1182~1-e02e3]:Read():wave-reader.cc:304) Expected 122112 bytes of wave data, but read only 120960 bytes. Truncated file?
VLOG[2] (compute-mfcc-feats[5.5.1182~1-e02e3]:main():compute-mfcc-feats.cc:182) Processed features for key common_voice_lt_43541695
WARNING (compute-mfcc-feats[5.5.1182~1-e02e3]:Read():wave-reader.cc:304) Expected 120960 bytes of wave data, but read only 119808 bytes. Truncated file?
LOG (compute-mfcc-feats[5.5.1182~1-e02e3]:main():compute-mfcc-feats.cc:181) Processed 880 utterances
VLOG[2] (compute-mfcc-feats[5.5.1182~1-e02e3]:main():compute-mfcc-feats.cc:182) Processed features for key common_voice_lt_43542512
WARNING (compute-mfcc-feats[5.5.1182~1-e02e3]:Read():wave-reader.cc:304) Expected 126720 bytes of wave data, but read only 125568 bytes. Truncated file?
VLOG[2] (compute-mfcc-feats[5.5.1182~1-e02e3]:main():compute-mfcc-feats.cc:182) Processed features for key common_voice_lt_43542513
WARNING (compute-mfcc-feats[5.5.1182~1-e02e3]:Read():wave-reader.cc:304) Expected 193536 bytes of wave data, but read only 192384 bytes. Truncated file?
VLOG[2] (compute-mfcc-feats[5.5.1182~1-e02e3]:main():compute-mfcc-feats.cc:182) Processed features for key common_voice_lt_43542536
WARNING (compute-mfcc-feats[5.5.1182~1-e02e3]:Read():wave-reader.cc:304) Expected 101376 bytes of wave data, but read only 100224 bytes. Truncated file?
VLOG[2] (compute-mfcc-feats[5.5.1182~1-e02e3]:main():compute-mfcc-feats.cc:182) Processed features for key common_voice_lt_43542560
WARNING (compute-mfcc-feats[5.5.1182~1-e02e3]:Read():wave-reader.cc:304) Expected 170496 bytes of wave data, but read only 169344 bytes. Truncated file?
VLOG[2] (compute-mfcc-feats[5.5.1182~1-e02e3]:main():compute-mfcc-feats.cc:182) Processed features for key common_voice_lt_43542563
WARNING (compute-mfcc-feats[5.5.1182~1-e02e3]:Read():wave-reader.cc:304) Expected 149760 bytes of wave data, but read only 148608 bytes. Truncated file?
VLOG[2] (compute-mfcc-feats[5.5.1182~1-e02e3]:main():compute-mfcc-feats.cc:182) Processed features for key common_voice_lt_43542604
WARNING (compute-mfcc-feats[5.5.1182~1-e02e3]:Read():wave-reader.cc:304) Expected 132480 bytes of wave data, but read only 131328 bytes. Truncated file?
VLOG[2] (compute-mfcc-feats[5.5.1182~1-e02e3]:main():compute-mfcc-feats.cc:182) Processed features for key common_voice_lt_43542605
WARNING (compute-mfcc-feats[5.5.1182~1-e02e3]:Read():wave-reader.cc:304) Expected 144000 bytes of wave data, but read only 142848 bytes. Truncated file?
VLOG[2] (compute-mfcc-feats[5.5.1182~1-e02e3]:main():compute-mfcc-feats.cc:182) Processed features for key common_voice_lt_43542606
WARNING (compute-mfcc-feats[5.5.1182~1-e02e3]:Read():wave-reader.cc:304) Expected 97920 bytes of wave data, but read only 96768 bytes. Truncated file?
VLOG[2] (compute-mfcc-feats[5.5.1182~1-e02e3]:main():compute-mfcc-feats.cc:182) Processed features for key common_voice_lt_43542609
WARNING (compute-mfcc-feats[5.5.1182~1-e02e3]:Read():wave-reader.cc:304) Expected 205056 bytes of wave data, but read only 203904 bytes. Truncated file?
VLOG[2] (compute-mfcc-feats[5.5.1182~1-e02e3]:main():compute-mfcc-feats.cc:182) Processed features for key common_voice_lt_43572019
WARNING (compute-mfcc-feats[5.5.1182~1-e02e3]:Read():wave-reader.cc:304) Expected 141696 bytes of wave data, but read only 140544 bytes. Truncated file?
LOG (compute-mfcc-feats[5.5.1182~1-e02e3]:main():compute-mfcc-feats.cc:181) Processed 890 utterances
VLOG[2] (compute-mfcc-feats[5.5.1182~1-e02e3]:main():compute-mfcc-feats.cc:182) Processed features for key common_voice_lt_43572021
WARNING (compute-mfcc-feats[5.5.1182~1-e02e3]:Read():wave-reader.cc:304) Expected 116352 bytes of wave data, but read only 115200 bytes. Truncated file?
VLOG[2] (compute-mfcc-feats[5.5.1182~1-e02e3]:main():compute-mfcc-feats.cc:182) Processed features for key common_voice_lt_43572024
WARNING (compute-mfcc-feats[5.5.1182~1-e02e3]:Read():wave-reader.cc:304) Expected 149760 bytes of wave data, but read only 148608 bytes. Truncated file?
VLOG[2] (compute-mfcc-feats[5.5.1182~1-e02e3]:main():compute-mfcc-feats.cc:182) Processed features for key common_voice_lt_43572035
WARNING (compute-mfcc-feats[5.5.1182~1-e02e3]:Read():wave-reader.cc:304) Expected 153216 bytes of wave data, but read only 152064 bytes. Truncated file?
VLOG[2] (compute-mfcc-feats[5.5.1182~1-e02e3]:main():compute-mfcc-feats.cc:182) Processed features for key common_voice_lt_43572040
WARNING (compute-mfcc-feats[5.5.1182~1-e02e3]:Read():wave-reader.cc:304) Expected 109440 bytes of wave data, but read only 108288 bytes. Truncated file?
VLOG[2] (compute-mfcc-feats[5.5.1182~1-e02e3]:main():compute-mfcc-feats.cc:182) Processed features for key common_voice_lt_43572046
WARNING (compute-mfcc-feats[5.5.1182~1-e02e3]:Read():wave-reader.cc:304) Expected 202752 bytes of wave data, but read only 201600 bytes. Truncated file?
VLOG[2] (compute-mfcc-feats[5.5.1182~1-e02e3]:main():compute-mfcc-feats.cc:182) Processed features for key common_voice_lt_43572057
WARNING (compute-mfcc-feats[5.5.1182~1-e02e3]:Read():wave-reader.cc:304) Expected 167040 bytes of wave data, but read only 165888 bytes. Truncated file?
VLOG[2] (compute-mfcc-feats[5.5.1182~1-e02e3]:main():compute-mfcc-feats.cc:182) Processed features for key common_voice_lt_43572067
WARNING (compute-mfcc-feats[5.5.1182~1-e02e3]:Read():wave-reader.cc:304) Expected 196992 bytes of wave data, but read only 195840 bytes. Truncated file?
VLOG[2] (compute-mfcc-feats[5.5.1182~1-e02e3]:main():compute-mfcc-feats.cc:182) Processed features for key common_voice_lt_43572092
WARNING (compute-mfcc-feats[5.5.1182~1-e02e3]:Read():wave-reader.cc:304) Expected 202752 bytes of wave data, but read only 201600 bytes. Truncated file?
VLOG[2] (compute-mfcc-feats[5.5.1182~1-e02e3]:main():compute-mfcc-feats.cc:182) Processed features for key common_voice_lt_43572094
WARNING (compute-mfcc-feats[5.5.1182~1-e02e3]:Read():wave-reader.cc:304) Expected 138240 bytes of wave data, but read only 137088 bytes. Truncated file?
VLOG[2] (compute-mfcc-feats[5.5.1182~1-e02e3]:main():compute-mfcc-feats.cc:182) Processed features for key common_voice_lt_43572095
WARNING (compute-mfcc-feats[5.5.1182~1-e02e3]:Read():wave-reader.cc:304) Expected 172800 bytes of wave data, but read only 171648 bytes. Truncated file?
LOG (compute-mfcc-feats[5.5.1182~1-e02e3]:main():compute-mfcc-feats.cc:181) Processed 900 utterances
VLOG[2] (compute-mfcc-feats[5.5.1182~1-e02e3]:main():compute-mfcc-feats.cc:182) Processed features for key common_voice_lt_43572096
WARNING (compute-mfcc-feats[5.5.1182~1-e02e3]:Read():wave-reader.cc:304) Expected 185472 bytes of wave data, but read only 184320 bytes. Truncated file?
VLOG[2] (compute-mfcc-feats[5.5.1182~1-e02e3]:main():compute-mfcc-feats.cc:182) Processed features for key common_voice_lt_43572100
WARNING (compute-mfcc-feats[5.5.1182~1-e02e3]:Read():wave-reader.cc:304) Expected 168192 bytes of wave data, but read only 167040 bytes. Truncated file?
VLOG[2] (compute-mfcc-feats[5.5.1182~1-e02e3]:main():compute-mfcc-feats.cc:182) Processed features for key common_voice_lt_43592367
WARNING (compute-mfcc-feats[5.5.1182~1-e02e3]:Read():wave-reader.cc:304) Expected 138240 bytes of wave data, but read only 137088 bytes. Truncated file?
VLOG[2] (compute-mfcc-feats[5.5.1182~1-e02e3]:main():compute-mfcc-feats.cc:182) Processed features for key common_voice_lt_43592378
WARNING (compute-mfcc-feats[5.5.1182~1-e02e3]:Read():wave-reader.cc:304) Expected 172800 bytes of wave data, but read only 171648 bytes. Truncated file?
VLOG[2] (compute-mfcc-feats[5.5.1182~1-e02e3]:main():compute-mfcc-feats.cc:182) Processed features for key common_voice_lt_43592395
WARNING (compute-mfcc-feats[5.5.1182~1-e02e3]:Read():wave-reader.cc:304) Expected 132480 bytes of wave data, but read only 131328 bytes. Truncated file?
VLOG[2] (compute-mfcc-feats[5.5.1182~1-e02e3]:main():compute-mfcc-feats.cc:182) Processed features for key common_voice_lt_43592448
WARNING (compute-mfcc-feats[5.5.1182~1-e02e3]:Read():wave-reader.cc:304) Expected 116352 bytes of wave data, but read only 115200 bytes. Truncated file?
VLOG[2] (compute-mfcc-feats[5.5.1182~1-e02e3]:main():compute-mfcc-feats.cc:182) Processed features for key common_voice_lt_43592478
LOG (compute-mfcc-feats[5.5.1182~1-e02e3]:main():compute-mfcc-feats.cc:185)  Done 906 out of 906 utterances.
LOG (copy-feats[5.5.1182~1-e02e3]:main():copy-feats.cc:143) Copied 906 feature matrices.
# Accounting: time=17 threads=1
# Ended (code 0) at Wed Jan 14 11:21:59 EET 2026, elapsed time 17 seconds
